"../../../Engine/Plugins/2D/Paper2D/Content/PlaceholderTextures/DummySpriteTexture.ubulk" 0
"../../../Engine/Plugins/2D/Paper2D/Content/PlaceholderTextures/DummySpriteTexture.uasset" 1
"../../../Engine/Plugins/2D/Paper2D/Content/PlaceholderTextures/DummySpriteTexture.uexp" 2
"../../../Engine/Plugins/2D/Paper2D/Content/DummySprite.uasset" 3
"../../../Engine/Plugins/2D/Paper2D/Content/DummySprite.uexp" 4
"../../../Engine/Plugins/2D/Paper2D/Content/DefaultPaperTerrainMaterial.uasset" 5
"../../../Engine/Plugins/2D/Paper2D/Content/DefaultPaperTerrainMaterial.uexp" 6
"../../../Engine/Content/Animation/DefaultRecorderBoneCompression.uasset" 7
"../../../Engine/Content/Animation/DefaultRecorderBoneCompression.uexp" 8
"../../../Engine/Plugins/Animation/ControlRig/Content/Controls/DefaultGizmoLibraryNormalized.uasset" 9
"../../../Engine/Plugins/Animation/ControlRig/Content/Controls/DefaultGizmoLibraryNormalized.uexp" 10
"../../../Engine/Content/EngineSounds/Master.uasset" 11
"../../../Engine/Content/EngineSounds/Master.uexp" 12
"../../../Engine/Content/EngineMaterials/DefaultDestructiblePhysicalMaterial.uasset" 13
"../../../Engine/Content/EngineMaterials/DefaultDestructiblePhysicalMaterial.uexp" 14
"../../../Engine/Content/EngineFonts/Faces/DroidSansFallback.uexp" 15
"../../../Engine/Content/EngineFonts/Faces/DroidSansFallback.uasset" 16
"../../../Engine/Content/EngineFonts/Faces/DroidSansFallback.ufont" 17
"../../../Engine/Content/EngineFonts/Faces/RobotoRegular.uexp" 18
"../../../Engine/Content/EngineFonts/Faces/RobotoRegular.uasset" 19
"../../../Engine/Content/EngineFonts/Faces/RobotoRegular.ufont" 20
"../../../Engine/Content/EngineFonts/Faces/RobotoLight.uexp" 21
"../../../Engine/Content/EngineFonts/Faces/RobotoLight.uasset" 22
"../../../Engine/Content/EngineFonts/Faces/RobotoLight.ufont" 23
"../../../Engine/Content/EngineFonts/Faces/RobotoItalic.uexp" 24
"../../../Engine/Content/EngineFonts/Faces/RobotoItalic.uasset" 25
"../../../Engine/Content/EngineFonts/Faces/RobotoItalic.ufont" 26
"../../../Engine/Content/EngineFonts/Faces/RobotoBold.uexp" 27
"../../../Engine/Content/EngineFonts/Faces/RobotoBold.uasset" 28
"../../../Engine/Content/EngineFonts/Faces/RobotoBold.ufont" 29
"../../../Engine/Content/EngineFonts/Faces/RobotoBoldItalic.uexp" 30
"../../../Engine/Content/EngineFonts/Faces/RobotoBoldItalic.uasset" 31
"../../../Engine/Content/EngineFonts/Faces/RobotoBoldItalic.ufont" 32
"../../../Engine/Content/EngineFonts/Roboto.uasset" 33
"../../../Engine/Content/EngineFonts/Roboto.uexp" 34
"../../../Engine/Plugins/PCG/Content/ComputeSources/PCGCS_ShaderUtilsInternal.uasset" 35
"../../../Engine/Plugins/PCG/Content/ComputeSources/PCGCS_ShaderUtilsInternal.uexp" 36
"../../../Engine/Plugins/PCG/Content/ComputeSources/PCGCS_ShaderUtils.uasset" 37
"../../../Engine/Plugins/PCG/Content/ComputeSources/PCGCS_ShaderUtils.uexp" 38
"../../../Engine/Plugins/PCG/Content/ComputeSources/PCGCS_Quaternion.uasset" 39
"../../../Engine/Plugins/PCG/Content/ComputeSources/PCGCS_Quaternion.uexp" 40
"../../../Engine/Plugins/Interchange/Runtime/Content/Pipelines/DefaultTexturePipeline.uasset" 41
"../../../Engine/Plugins/Interchange/Runtime/Content/Pipelines/DefaultTexturePipeline.uexp" 42
"../../../Engine/Plugins/Interchange/Runtime/Content/Pipelines/DefaultSceneLevelPipeline.uasset" 43
"../../../Engine/Plugins/Interchange/Runtime/Content/Pipelines/DefaultSceneLevelPipeline.uexp" 44
"../../../Engine/Plugins/Interchange/Runtime/Content/Pipelines/DefaultSceneAssetsPipeline.uasset" 45
"../../../Engine/Plugins/Interchange/Runtime/Content/Pipelines/DefaultSceneAssetsPipeline.uexp" 46
"../../../Engine/Plugins/Interchange/Runtime/Content/Pipelines/DefaultMaterialXPipeline.uasset" 47
"../../../Engine/Plugins/Interchange/Runtime/Content/Pipelines/DefaultMaterialXPipeline.uexp" 48
"../../../Engine/Plugins/Interchange/Runtime/Content/Pipelines/DefaultMaterialPipeline.uasset" 49
"../../../Engine/Plugins/Interchange/Runtime/Content/Pipelines/DefaultMaterialPipeline.uexp" 50
"../../../Engine/Plugins/Interchange/Runtime/Content/Pipelines/DefaultGLTFSceneAssetsPipeline.uasset" 51
"../../../Engine/Plugins/Interchange/Runtime/Content/Pipelines/DefaultGLTFSceneAssetsPipeline.uexp" 52
"../../../Engine/Plugins/Interchange/Runtime/Content/Pipelines/DefaultGLTFPipeline.uasset" 53
"../../../Engine/Plugins/Interchange/Runtime/Content/Pipelines/DefaultGLTFPipeline.uexp" 54
"../../../Engine/Plugins/Interchange/Runtime/Content/Pipelines/DefaultGLTFAssetsPipeline.uasset" 55
"../../../Engine/Plugins/Interchange/Runtime/Content/Pipelines/DefaultGLTFAssetsPipeline.uexp" 56
"../../../Engine/Plugins/Interchange/Runtime/Content/Pipelines/DefaultAssetsPipeline.uasset" 57
"../../../Engine/Plugins/Interchange/Runtime/Content/Pipelines/DefaultAssetsPipeline.uexp" 58
"../../../Engine/Content/MobileResources/HUD/VirtualJoystick_Thumb.uasset" 59
"../../../Engine/Content/MobileResources/HUD/VirtualJoystick_Thumb.uexp" 60
"../../../Engine/Content/MobileResources/HUD/VirtualJoystick_Background.uasset" 61
"../../../Engine/Content/MobileResources/HUD/VirtualJoystick_Background.uexp" 62
"../../../Engine/Content/MobileResources/HUD/DefaultVirtualJoysticks.uasset" 63
"../../../Engine/Content/MobileResources/HUD/DefaultVirtualJoysticks.uexp" 64
"../../../Engine/Content/EngineResources/GradientTexture0.uasset" 65
"../../../Engine/Content/EngineResources/GradientTexture0.uexp" 66
"../../../Engine/Content/EngineResources/Black.uasset" 67
"../../../Engine/Content/EngineResources/Black.uexp" 68
"../../../Engine/Plugins/NNE/NNEDenoiser/Content/NNEDTOM_Output_Default.uasset" 69
"../../../Engine/Plugins/NNE/NNEDenoiser/Content/NNEDTOM_Output_Default.uexp" 70
"../../../Engine/Plugins/NNE/NNEDenoiser/Content/NNEDTOM_Output_Alpha.uasset" 71
"../../../Engine/Plugins/NNE/NNEDenoiser/Content/NNEDTOM_Output_Alpha.uexp" 72
"../../../Engine/Plugins/NNE/NNEDenoiser/Content/NNEDTIM_ColorAlbedoNormal_Default.uasset" 73
"../../../Engine/Plugins/NNE/NNEDenoiser/Content/NNEDTIM_ColorAlbedoNormal_Default.uexp" 74
"../../../Engine/Plugins/NNE/NNEDenoiser/Content/NNEDTIM_ColorAlbedoNormal_Alpha.uasset" 75
"../../../Engine/Plugins/NNE/NNEDenoiser/Content/NNEDTIM_ColorAlbedoNormal_Alpha.uexp" 76
"../../../Engine/Plugins/NNE/NNEDenoiser/Content/NNEDOM_Output_Default.uasset" 77
"../../../Engine/Plugins/NNE/NNEDenoiser/Content/NNEDOM_Output_Default.uexp" 78
"../../../Engine/Plugins/NNE/NNEDenoiser/Content/NNEDOM_Output_Alpha.uasset" 79
"../../../Engine/Plugins/NNE/NNEDenoiser/Content/NNEDOM_Output_Alpha.uexp" 80
"../../../Engine/Plugins/NNE/NNEDenoiser/Content/NNEDIM_HighQuality_Default.uasset" 81
"../../../Engine/Plugins/NNE/NNEDenoiser/Content/NNEDIM_HighQuality_Default.uexp" 82
"../../../Engine/Plugins/NNE/NNEDenoiser/Content/NNEDIM_HighQuality_Alpha.uasset" 83
"../../../Engine/Plugins/NNE/NNEDenoiser/Content/NNEDIM_HighQuality_Alpha.uexp" 84
"../../../Engine/Plugins/NNE/NNEDenoiser/Content/NNEDIM_ColorAlbedoNormal_Default.uasset" 85
"../../../Engine/Plugins/NNE/NNEDenoiser/Content/NNEDIM_ColorAlbedoNormal_Default.uexp" 86
"../../../Engine/Plugins/NNE/NNEDenoiser/Content/NNEDIM_ColorAlbedoNormal_Alpha.uasset" 87
"../../../Engine/Plugins/NNE/NNEDenoiser/Content/NNEDIM_ColorAlbedoNormal_Alpha.uexp" 88
"../../../Engine/Content/EngineMaterials/PreintegratedSkinBRDF.uasset" 89
"../../../Engine/Content/EngineMaterials/PreintegratedSkinBRDF.uexp" 90
"../../../Engine/Content/EngineMaterials/MiniFont.uasset" 91
"../../../Engine/Content/EngineMaterials/MiniFont.uexp" 92
"../../../Engine/Content/EngineMaterials/FastBlueNoise_vec2_128x128x64.uasset" 93
"../../../Engine/Content/EngineMaterials/FastBlueNoise_vec2_128x128x64.uexp" 94
"../../../Engine/Content/EngineMaterials/FastBlueNoise_scalar_128x128x8.uasset" 95
"../../../Engine/Content/EngineMaterials/FastBlueNoise_scalar_128x128x8.uexp" 96
"../../../Engine/Content/EngineMaterials/FastBlueNoise_scalar_128x128x64.uasset" 97
"../../../Engine/Content/EngineMaterials/FastBlueNoise_scalar_128x128x64.uexp" 98
"../../../Engine/Content/EngineMaterials/DefaultWhiteGrid.ubulk" 99
"../../../Engine/Content/EngineMaterials/DefaultWhiteGrid.uasset" 100
"../../../Engine/Content/EngineMaterials/DefaultWhiteGrid.uexp" 101
"../../../Engine/Content/EngineMaterials/DefaultBokeh.uasset" 102
"../../../Engine/Content/EngineMaterials/DefaultBokeh.uexp" 103
"../../../Engine/Content/EngineMaterials/DefaultBloomKernel.uasset" 104
"../../../Engine/Content/EngineMaterials/DefaultBloomKernel.uexp" 105
"../../../Engine/Content/EngineDamageTypes/DmgTypeBP_Environmental.uasset" 106
"../../../Engine/Content/EngineDamageTypes/DmgTypeBP_Environmental.uexp" 107
"../../../Engine/Content/EditorResources/S_TriggerSphere.uasset" 108
"../../../Engine/Content/EditorResources/S_TriggerSphere.uexp" 109
"../../../Engine/Content/EditorResources/S_TriggerCapsule.uasset" 110
"../../../Engine/Content/EditorResources/S_TriggerCapsule.uexp" 111
"../../../Engine/Content/EditorResources/S_TriggerBox.uasset" 112
"../../../Engine/Content/EditorResources/S_TriggerBox.uexp" 113
"../../../Engine/Content/EditorResources/S_Trigger.ubulk" 114
"../../../Engine/Content/EditorResources/S_Trigger.uasset" 115
"../../../Engine/Content/EditorResources/S_Trigger.uexp" 116
"../../../Engine/Content/EditorResources/S_Terrain.ubulk" 117
"../../../Engine/Content/EditorResources/S_Terrain.uasset" 118
"../../../Engine/Content/EditorResources/S_Terrain.uexp" 119
"../../../Engine/Content/EditorResources/S_Solver.ubulk" 120
"../../../Engine/Content/EditorResources/S_Solver.uasset" 121
"../../../Engine/Content/EditorResources/S_Solver.uexp" 122
"../../../Engine/Content/EditorResources/S_BoxReflectionCapture.uasset" 123
"../../../Engine/Content/EditorResources/S_BoxReflectionCapture.uexp" 124
"../../../Engine/Content/EditorResources/S_Actor.ubulk" 125
"../../../Engine/Content/EditorResources/S_Actor.uasset" 126
"../../../Engine/Content/EditorResources/S_Actor.uexp" 127
"../../../Engine/Content/EditorResources/BSPVertex.uasset" 128
"../../../Engine/Content/EditorResources/BSPVertex.uexp" 129
"../../../Engine/Plugins/Runtime/AudioWidgets/Content/Resources/ScrubHandleDown_Clamped.uasset" 130
"../../../Engine/Plugins/Runtime/AudioWidgets/Content/Resources/ScrubHandleDown_Clamped.uexp" 131
"../../../Engine/Content/EditorMaterials/ParticleSystems/PSysThumbnail_OOD.ubulk" 132
"../../../Engine/Content/EditorMaterials/ParticleSystems/PSysThumbnail_OOD.uasset" 133
"../../../Engine/Content/EditorMaterials/ParticleSystems/PSysThumbnail_OOD.uexp" 134
"../../../Engine/Content/EditorMaterials/ParticleSystems/PSysThumbnail_NoImage.ubulk" 135
"../../../Engine/Content/EditorMaterials/ParticleSystems/PSysThumbnail_NoImage.uasset" 136
"../../../Engine/Content/EditorMaterials/ParticleSystems/PSysThumbnail_NoImage.uexp" 137
"../../../Engine/Content/EngineResources/FilmGrains/Marcie_Grain_v3_128_M2_000.uasset" 138
"../../../Engine/Content/EngineResources/FilmGrains/Marcie_Grain_v3_128_M2_000.uexp" 139
"../../../Engine/Content/EngineResources/Development/ZenLogo_64.uasset" 140
"../../../Engine/Content/EngineResources/Development/ZenLogo_64.uexp" 141
"../../../Engine/Content/EngineMaterials/LTC/Sheen_LTC.uasset" 142
"../../../Engine/Content/EngineMaterials/LTC/Sheen_LTC.uexp" 143
"../../../Engine/Content/EngineMaterials/LTC/GGX_LTCMat.uasset" 144
"../../../Engine/Content/EngineMaterials/LTC/GGX_LTCMat.uexp" 145
"../../../Engine/Content/EngineMaterials/LTC/GGX_LTCAmp.uasset" 146
"../../../Engine/Content/EngineMaterials/LTC/GGX_LTCAmp.uexp" 147
"../../../Engine/Content/EngineMaterials/EnergyConservation/Sheen_Energy.uasset" 148
"../../../Engine/Content/EngineMaterials/EnergyConservation/Sheen_Energy.uexp" 149
"../../../Engine/Content/EngineMaterials/EnergyConservation/SheenLegacy_Energy.uasset" 150
"../../../Engine/Content/EngineMaterials/EnergyConservation/SheenLegacy_Energy.uexp" 151
"../../../Engine/Content/EngineMaterials/EnergyConservation/GGX_TransmissionEnergyArray.uasset" 152
"../../../Engine/Content/EngineMaterials/EnergyConservation/GGX_TransmissionEnergyArray.uexp" 153
"../../../Engine/Content/EngineMaterials/EnergyConservation/GGX_ReflectionEnergy.uasset" 154
"../../../Engine/Content/EngineMaterials/EnergyConservation/GGX_ReflectionEnergy.uexp" 155
"../../../Engine/Content/EngineMaterials/EnergyConservation/Diffuse_Energy.uasset" 156
"../../../Engine/Content/EngineMaterials/EnergyConservation/Diffuse_Energy.uexp" 157
"../../../Engine/Content/EditorResources/SequenceRecorder/RecordingIndicator.uasset" 158
"../../../Engine/Content/EditorResources/SequenceRecorder/RecordingIndicator.uexp" 159
"../../../Engine/Content/EditorResources/SequenceRecorder/Countdown.uasset" 160
"../../../Engine/Content/EditorResources/SequenceRecorder/Countdown.uexp" 161
"../../../Engine/Content/Functions/Engine_MaterialFunctions01/Shading/ConvertFromDiffSpec.uasset" 162
"../../../Engine/Content/Functions/Engine_MaterialFunctions01/Shading/ConvertFromDiffSpec.uexp" 163
"../../../Engine/Content/Functions/Engine_MaterialFunctions01/Shading/PowerToRoughness.uasset" 164
"../../../Engine/Content/Functions/Engine_MaterialFunctions01/Shading/PowerToRoughness.uexp" 165
"../../../Engine/Content/EditorMaterials/Dataflow/DataflowTwoSidedVertexMaterial.uasset" 166
"../../../Engine/Content/EditorMaterials/Dataflow/DataflowTwoSidedVertexMaterial.uexp" 167
"../../../Engine/Content/EditorMaterials/Dataflow/DataflowVertexMaterial.uasset" 168
"../../../Engine/Content/EditorMaterials/Dataflow/DataflowVertexMaterial.uexp" 169
"../../../Engine/Content/Functions/Engine_MaterialFunctions02/Utility/BreakOutFloat3Components.uasset" 170
"../../../Engine/Content/Functions/Engine_MaterialFunctions02/Utility/BreakOutFloat3Components.uexp" 171
"../../../Engine/Content/Functions/Engine_MaterialFunctions02/Utility/VectorLength.uasset" 172
"../../../Engine/Content/Functions/Engine_MaterialFunctions02/Utility/VectorLength.uexp" 173
"../../../Engine/Content/Functions/Engine_MaterialFunctions02/WorldPositionOffset/ObjectScale.uasset" 174
"../../../Engine/Content/Functions/Engine_MaterialFunctions02/WorldPositionOffset/ObjectScale.uexp" 175
"../../../Engine/Plugins/Editor/SpeedTreeImporter/Content/SpeedTree9/UnpackInteger3.uasset" 176
"../../../Engine/Plugins/Editor/SpeedTreeImporter/Content/SpeedTree9/UnpackInteger3.uexp" 177
"../../../Engine/Plugins/Editor/SpeedTreeImporter/Content/SpeedTree9/UnpackDirection.uasset" 178
"../../../Engine/Plugins/Editor/SpeedTreeImporter/Content/SpeedTree9/UnpackDirection.uexp" 179
"../../../Engine/Content/Functions/Engine_MaterialFunctions02/SafeNormalize.uasset" 180
"../../../Engine/Content/Functions/Engine_MaterialFunctions02/SafeNormalize.uexp" 181
"../../../Engine/Plugins/Editor/SpeedTreeImporter/Content/SpeedTree9/game_wind_noise.ubulk" 182
"../../../Engine/Plugins/Editor/SpeedTreeImporter/Content/SpeedTree9/game_wind_noise.uasset" 183
"../../../Engine/Plugins/Editor/SpeedTreeImporter/Content/SpeedTree9/game_wind_noise.uexp" 184
"../../../Engine/Plugins/Editor/SpeedTreeImporter/Content/SpeedTree9/SpeedTreeWindMotion.uasset" 185
"../../../Engine/Plugins/Editor/SpeedTreeImporter/Content/SpeedTree9/SpeedTreeWindMotion.uexp" 186
"../../../Engine/Plugins/Editor/SpeedTreeImporter/Content/SpeedTree9/SpeedTreeBranchMotion.uasset" 187
"../../../Engine/Plugins/Editor/SpeedTreeImporter/Content/SpeedTree9/SpeedTreeBranchMotion.uexp" 188
"../../../Engine/Content/Functions/Engine_MaterialFunctions02/ObjectLocalBounds.uasset" 189
"../../../Engine/Content/Functions/Engine_MaterialFunctions02/ObjectLocalBounds.uexp" 190
"../../../Engine/Content/Functions/Engine_MaterialFunctions02/UVs/BoundingBoxBased_0-1_UVW.uasset" 191
"../../../Engine/Content/Functions/Engine_MaterialFunctions02/UVs/BoundingBoxBased_0-1_UVW.uexp" 192
"../../../Engine/Plugins/Editor/SpeedTreeImporter/Content/SpeedTree9/SpeedTreeWind.uasset" 193
"../../../Engine/Plugins/Editor/SpeedTreeImporter/Content/SpeedTree9/SpeedTreeWind.uexp" 194
"../../../Engine/Plugins/Editor/SpeedTreeImporter/Content/SpeedTree9/EmptyNormal.uasset" 195
"../../../Engine/Plugins/Editor/SpeedTreeImporter/Content/SpeedTree9/EmptyNormal.uexp" 196
"../../../Engine/Plugins/Editor/SpeedTreeImporter/Content/SpeedTree9/Empty.uasset" 197
"../../../Engine/Plugins/Editor/SpeedTreeImporter/Content/SpeedTree9/Empty.uexp" 198
"../../../Engine/Plugins/Editor/SpeedTreeImporter/Content/SpeedTree9/SpeedTreeBillboard.uasset" 199
"../../../Engine/Plugins/Editor/SpeedTreeImporter/Content/SpeedTree9/SpeedTreeBillboard.uexp" 200
"../../../Engine/Plugins/Editor/SpeedTreeImporter/Content/SpeedTree9/SpeedTreeBillboardMaster.uasset" 201
"../../../Engine/Plugins/Editor/SpeedTreeImporter/Content/SpeedTree9/SpeedTreeBillboardMaster.uexp" 202
"../../../Engine/Plugins/Editor/SpeedTreeImporter/Content/SpeedTree9/SpeedTreeCameraFacing.uasset" 203
"../../../Engine/Plugins/Editor/SpeedTreeImporter/Content/SpeedTree9/SpeedTreeCameraFacing.uexp" 204
"../../../Engine/Plugins/Editor/SpeedTreeImporter/Content/SpeedTree9/SpeedTreeMaster.uasset" 205
"../../../Engine/Plugins/Editor/SpeedTreeImporter/Content/SpeedTree9/SpeedTreeMaster.uexp" 206
"../../../Engine/Plugins/Interchange/Assets/Content/Functions/MX_AbsorptionVDF.uasset" 207
"../../../Engine/Plugins/Interchange/Assets/Content/Functions/MX_AbsorptionVDF.uexp" 208
"../../../Engine/Plugins/Interchange/Assets/Content/Functions/MX_AnisotropicVDF.uasset" 209
"../../../Engine/Plugins/Interchange/Assets/Content/Functions/MX_AnisotropicVDF.uexp" 210
"../../../Engine/Plugins/Interchange/Assets/Content/Functions/MX_BurleyDiffuseBSDF.uasset" 211
"../../../Engine/Plugins/Interchange/Assets/Content/Functions/MX_BurleyDiffuseBSDF.uexp" 212
"../../../Engine/Plugins/Interchange/Assets/Content/Functions/MX_ConductorBSDF.uasset" 213
"../../../Engine/Plugins/Interchange/Assets/Content/Functions/MX_ConductorBSDF.uexp" 214
"../../../Engine/Plugins/Interchange/Assets/Content/Functions/MX_ConicalEDF.uasset" 215
"../../../Engine/Plugins/Interchange/Assets/Content/Functions/MX_ConicalEDF.uexp" 216
"../../../Engine/Plugins/Interchange/Assets/Content/Functions/MX_DielectricBSDF.uasset" 217
"../../../Engine/Plugins/Interchange/Assets/Content/Functions/MX_DielectricBSDF.uexp" 218
"../../../Engine/Plugins/Interchange/Assets/Content/Functions/MX_Displacement.uasset" 219
"../../../Engine/Plugins/Interchange/Assets/Content/Functions/MX_Displacement.uexp" 220
"../../../Engine/Plugins/Interchange/Assets/Content/Functions/MX_GeneralizedSchlickBSDF.uasset" 221
"../../../Engine/Plugins/Interchange/Assets/Content/Functions/MX_GeneralizedSchlickBSDF.uexp" 222
"../../../Engine/Plugins/Interchange/Assets/Content/Functions/MX_MeasuredEDF.uasset" 223
"../../../Engine/Plugins/Interchange/Assets/Content/Functions/MX_MeasuredEDF.uexp" 224
"../../../Engine/Plugins/Interchange/Assets/Content/Functions/MF_IridescenceNoLUT.uasset" 225
"../../../Engine/Plugins/Interchange/Assets/Content/Functions/MF_IridescenceNoLUT.uexp" 226
"../../../Engine/Plugins/Interchange/Assets/Content/Functions/MX_StandardSurface.uasset" 227
"../../../Engine/Plugins/Interchange/Assets/Content/Functions/MX_StandardSurface.uexp" 228
"../../../Engine/Plugins/Interchange/Assets/Content/Functions/MX_OpenPBR_Opaque.uasset" 229
"../../../Engine/Plugins/Interchange/Assets/Content/Functions/MX_OpenPBR_Opaque.uexp" 230
"../../../Engine/Plugins/Interchange/Assets/Content/Functions/MX_TransmissionSurface.uasset" 231
"../../../Engine/Plugins/Interchange/Assets/Content/Functions/MX_TransmissionSurface.uexp" 232
"../../../Engine/Plugins/Interchange/Assets/Content/Functions/MX_OpenPBR_Translucent.uasset" 233
"../../../Engine/Plugins/Interchange/Assets/Content/Functions/MX_OpenPBR_Translucent.uexp" 234
"../../../Engine/Plugins/Interchange/Assets/Content/Functions/MX_OrenNayarBSDF.uasset" 235
"../../../Engine/Plugins/Interchange/Assets/Content/Functions/MX_OrenNayarBSDF.uexp" 236
"../../../Engine/Plugins/Interchange/Assets/Content/Functions/MX_SheenBSDF.uasset" 237
"../../../Engine/Plugins/Interchange/Assets/Content/Functions/MX_SheenBSDF.uexp" 238
"../../../Engine/Plugins/Interchange/Assets/Content/Functions/MX_SubsurfaceBSDF.uasset" 239
"../../../Engine/Plugins/Interchange/Assets/Content/Functions/MX_SubsurfaceBSDF.uexp" 240
"../../../Engine/Plugins/Interchange/Assets/Content/Functions/MX_Surface.uasset" 241
"../../../Engine/Plugins/Interchange/Assets/Content/Functions/MX_Surface.uexp" 242
"../../../Engine/Plugins/Interchange/Assets/Content/Functions/MX_SurfaceUnlit.uasset" 243
"../../../Engine/Plugins/Interchange/Assets/Content/Functions/MX_SurfaceUnlit.uexp" 244
"../../../Engine/Plugins/Interchange/Assets/Content/Functions/MX_ThinFilmBSDF.uasset" 245
"../../../Engine/Plugins/Interchange/Assets/Content/Functions/MX_ThinFilmBSDF.uexp" 246
"../../../Engine/Plugins/Interchange/Assets/Content/Functions/MX_TranslucentBSDF.uasset" 247
"../../../Engine/Plugins/Interchange/Assets/Content/Functions/MX_TranslucentBSDF.uexp" 248
"../../../Engine/Plugins/Interchange/Assets/Content/Functions/MX_UniformEDF.uasset" 249
"../../../Engine/Plugins/Interchange/Assets/Content/Functions/MX_UniformEDF.uexp" 250
"../../../Engine/Plugins/Interchange/Assets/Content/Functions/MX_UsdPreviewSurface.uasset" 251
"../../../Engine/Plugins/Interchange/Assets/Content/Functions/MX_UsdPreviewSurface.uexp" 252
"../../../Engine/Plugins/MovieScene/MovieRenderPipeline/Content/Materials/MoviePipeline_StencilCutout.uasset" 253
"../../../Engine/Plugins/MovieScene/MovieRenderPipeline/Content/Materials/MoviePipeline_StencilCutout.uexp" 254
"../../../Engine/Content/Functions/Engine_MaterialFunctions02/Utility/MakeFloat3.uasset" 255
"../../../Engine/Content/Functions/Engine_MaterialFunctions02/Utility/MakeFloat3.uexp" 256
"../../../Engine/Content/Functions/Engine_MaterialFunctions02/Utility/BreakOutFloat2Components.uasset" 257
"../../../Engine/Content/Functions/Engine_MaterialFunctions02/Utility/BreakOutFloat2Components.uexp" 258
"../../../Engine/Plugins/MovieScene/MovieRenderPipeline/Content/Materials/MovieRenderQueue_MotionVectors.uasset" 259
"../../../Engine/Plugins/MovieScene/MovieRenderPipeline/Content/Materials/MovieRenderQueue_MotionVectors.uexp" 260
"../../../Engine/Content/Functions/Engine_MaterialFunctions02/Utility/CameraDirectionVector.uasset" 261
"../../../Engine/Content/Functions/Engine_MaterialFunctions02/Utility/CameraDirectionVector.uexp" 262
"../../../Engine/Content/Functions/Engine_MaterialFunctions02/Utility/BreakOutFloat4Components.uasset" 263
"../../../Engine/Content/Functions/Engine_MaterialFunctions02/Utility/BreakOutFloat4Components.uexp" 264
"../../../Engine/Content/Functions/Engine_MaterialFunctions02/Utility/MakeFloat4.uasset" 265
"../../../Engine/Content/Functions/Engine_MaterialFunctions02/Utility/MakeFloat4.uexp" 266
"../../../Engine/Plugins/MovieScene/MovieRenderPipeline/Content/Materials/MovieRenderQueue_WorldDepth.uasset" 267
"../../../Engine/Plugins/MovieScene/MovieRenderPipeline/Content/Materials/MovieRenderQueue_WorldDepth.uexp" 268
"../../../Engine/Plugins/Runtime/HairStrands/Content/Materials/HairCardsDefaultMaterial.uasset" 269
"../../../Engine/Plugins/Runtime/HairStrands/Content/Materials/HairCardsDefaultMaterial.uexp" 270
"../../../Engine/Content/Functions/Engine_MaterialFunctions02/Utility/MakeFloat2.uasset" 271
"../../../Engine/Content/Functions/Engine_MaterialFunctions02/Utility/MakeFloat2.uexp" 272
"../../../Engine/Content/EngineMaterials/HairDebugColor.uasset" 273
"../../../Engine/Content/EngineMaterials/HairDebugColor.uexp" 274
"../../../Engine/Content/EngineMaterials/HairColorMap.uasset" 275
"../../../Engine/Content/EngineMaterials/HairColorMap.uexp" 276
"../../../Engine/Plugins/Runtime/HairStrands/Content/Materials/HairGroupColors.uasset" 277
"../../../Engine/Plugins/Runtime/HairStrands/Content/Materials/HairGroupColors.uexp" 278
"../../../Engine/Plugins/Runtime/HairStrands/Content/Materials/HairDebugMaterial.uasset" 279
"../../../Engine/Plugins/Runtime/HairStrands/Content/Materials/HairDebugMaterial.uexp" 280
"../../../Engine/Plugins/Runtime/HairStrands/Content/Materials/HairDefaultMaterial.uasset" 281
"../../../Engine/Plugins/Runtime/HairStrands/Content/Materials/HairDefaultMaterial.uexp" 282
"../../../Engine/Plugins/Runtime/HairStrands/Content/Materials/HairMeshesDefaultMaterial.uasset" 283
"../../../Engine/Plugins/Runtime/HairStrands/Content/Materials/HairMeshesDefaultMaterial.uexp" 284
"../../../Engine/Plugins/VirtualProduction/CameraCalibrationCore/Content/Materials/M_DefaultEvenSquare.uasset" 285
"../../../Engine/Plugins/VirtualProduction/CameraCalibrationCore/Content/Materials/M_DefaultEvenSquare.uexp" 286
"../../../Engine/Plugins/VirtualProduction/CameraCalibrationCore/Content/Materials/M_DefaultOddSquare.uasset" 287
"../../../Engine/Plugins/VirtualProduction/CameraCalibrationCore/Content/Materials/M_DefaultOddSquare.uexp" 288
"../../../Engine/Content/EngineDebugMaterials/DebugEditorMaterial.uasset" 289
"../../../Engine/Content/EngineDebugMaterials/DebugEditorMaterial.uexp" 290
"../../../Engine/Content/EngineDebugMaterials/DebugMeshMaterial.uasset" 291
"../../../Engine/Content/EngineDebugMaterials/DebugMeshMaterial.uexp" 292
"../../../Engine/Content/EngineDebugMaterials/M_SimpleUnlitTranslucent.uasset" 293
"../../../Engine/Content/EngineDebugMaterials/M_SimpleUnlitTranslucent.uexp" 294
"../../../Engine/Content/EngineDebugMaterials/VolumeToRender.uasset" 295
"../../../Engine/Content/EngineDebugMaterials/VolumeToRender.uexp" 296
"../../../Engine/Content/EngineDebugMaterials/M_VolumeRenderSphereTracePP.uasset" 297
"../../../Engine/Content/EngineDebugMaterials/M_VolumeRenderSphereTracePP.uexp" 298
"../../../Engine/Content/EngineMaterials/DefaultDiffuse.ubulk" 299
"../../../Engine/Content/EngineMaterials/DefaultDiffuse.uasset" 300
"../../../Engine/Content/EngineMaterials/DefaultDiffuse.uexp" 301
"../../../Engine/Content/EngineMaterials/DefaultDeferredDecalMaterial.uasset" 302
"../../../Engine/Content/EngineMaterials/DefaultDeferredDecalMaterial.uexp" 303
"../../../Engine/Content/EngineMaterials/DefaultLightFunctionMaterial.uasset" 304
"../../../Engine/Content/EngineMaterials/DefaultLightFunctionMaterial.uexp" 305
"../../../Engine/Content/EngineMaterials/DefaultPostProcessMaterial.uasset" 306
"../../../Engine/Content/EngineMaterials/DefaultPostProcessMaterial.uexp" 307
"../../../Engine/Content/EngineFonts/RobotoDistanceField.uasset" 308
"../../../Engine/Content/EngineFonts/RobotoDistanceField.uexp" 309
"../../../Engine/Content/EngineMaterials/DefaultTextMaterialOpaque.uasset" 310
"../../../Engine/Content/EngineMaterials/DefaultTextMaterialOpaque.uexp" 311
"../../../Engine/Content/EngineMaterials/DefaultWhiteGrid_Low.uasset" 312
"../../../Engine/Content/EngineMaterials/DefaultWhiteGrid_Low.uexp" 313
"../../../Engine/Content/EngineMaterials/EmissiveMeshMaterial.uasset" 314
"../../../Engine/Content/EngineMaterials/EmissiveMeshMaterial.uexp" 315
"../../../Engine/Content/EngineMaterials/BaseFlattenNormalMap.uasset" 316
"../../../Engine/Content/EngineMaterials/BaseFlattenNormalMap.uexp" 317
"../../../Engine/Content/EngineMaterials/BaseFlattenDiffuseMap.uasset" 318
"../../../Engine/Content/EngineMaterials/BaseFlattenDiffuseMap.uexp" 319
"../../../Engine/Content/EngineMaterials/BaseFlattenEmissiveMap.uasset" 320
"../../../Engine/Content/EngineMaterials/BaseFlattenEmissiveMap.uexp" 321
"../../../Engine/Content/EngineMaterials/BaseFlattenGrayscaleMap.uasset" 322
"../../../Engine/Content/EngineMaterials/BaseFlattenGrayscaleMap.uexp" 323
"../../../Engine/Content/EngineMaterials/BaseFlattenLinearColor.uasset" 324
"../../../Engine/Content/EngineMaterials/BaseFlattenLinearColor.uexp" 325
"../../../Engine/Content/Functions/Engine_MaterialFunctions02/PivotPainter2/Black_1x1_EXR_Texture.uasset" 326
"../../../Engine/Content/Functions/Engine_MaterialFunctions02/PivotPainter2/Black_1x1_EXR_Texture.uexp" 327
"../../../Engine/Content/EngineMaterials/FlattenMaterial.uasset" 328
"../../../Engine/Content/EngineMaterials/FlattenMaterial.uexp" 329
"../../../Engine/Content/EngineMaterials/BaseFlattenDiffuseMap_VT.ubulk" 330
"../../../Engine/Content/EngineMaterials/BaseFlattenDiffuseMap_VT.uasset" 331
"../../../Engine/Content/EngineMaterials/BaseFlattenDiffuseMap_VT.uexp" 332
"../../../Engine/Content/EngineMaterials/BaseFlattenEmissiveMap_VT.ubulk" 333
"../../../Engine/Content/EngineMaterials/BaseFlattenEmissiveMap_VT.uasset" 334
"../../../Engine/Content/EngineMaterials/BaseFlattenEmissiveMap_VT.uexp" 335
"../../../Engine/Content/EngineMaterials/BaseFlattenGrayscaleMap_VT.ubulk" 336
"../../../Engine/Content/EngineMaterials/BaseFlattenGrayscaleMap_VT.uasset" 337
"../../../Engine/Content/EngineMaterials/BaseFlattenGrayscaleMap_VT.uexp" 338
"../../../Engine/Content/EngineMaterials/BaseFlattenLinearColor_VT.ubulk" 339
"../../../Engine/Content/EngineMaterials/BaseFlattenLinearColor_VT.uasset" 340
"../../../Engine/Content/EngineMaterials/BaseFlattenLinearColor_VT.uexp" 341
"../../../Engine/Content/EngineMaterials/BaseFlattenNormalMap_VT.ubulk" 342
"../../../Engine/Content/EngineMaterials/BaseFlattenNormalMap_VT.uasset" 343
"../../../Engine/Content/EngineMaterials/BaseFlattenNormalMap_VT.uexp" 344
"../../../Engine/Content/EngineMaterials/Black_1x1_EXR_Texture_VT.ubulk" 345
"../../../Engine/Content/EngineMaterials/Black_1x1_EXR_Texture_VT.uasset" 346
"../../../Engine/Content/EngineMaterials/Black_1x1_EXR_Texture_VT.uexp" 347
"../../../Engine/Content/EngineMaterials/FlattenMaterial_VT.uasset" 348
"../../../Engine/Content/EngineMaterials/FlattenMaterial_VT.uexp" 349
"../../../Engine/Content/EngineMaterials/FlattenMaterial_WS_Normal_VT.uasset" 350
"../../../Engine/Content/EngineMaterials/FlattenMaterial_WS_Normal_VT.uexp" 351
"../../../Engine/Content/EngineMaterials/GizmoMaterial.uasset" 352
"../../../Engine/Content/EngineMaterials/GizmoMaterial.uexp" 353
"../../../Engine/Content/EngineMaterials/InvalidLightmapSettings.ubulk" 354
"../../../Engine/Content/EngineMaterials/InvalidLightmapSettings.uasset" 355
"../../../Engine/Content/EngineMaterials/InvalidLightmapSettings.uexp" 356
"../../../Engine/Content/EngineMaterials/M_InvalidLightmapSettings.uasset" 357
"../../../Engine/Content/EngineMaterials/M_InvalidLightmapSettings.uexp" 358
"../../../Engine/Content/EngineMaterials/NaniteHiddenSectionMaterial.uasset" 359
"../../../Engine/Content/EngineMaterials/NaniteHiddenSectionMaterial.uexp" 360
"../../../Engine/Content/Functions/Engine_MaterialFunctions02/WorldPositionOffset/CameraOffset.uasset" 361
"../../../Engine/Content/Functions/Engine_MaterialFunctions02/WorldPositionOffset/CameraOffset.uexp" 362
"../../../Engine/Content/EngineMaterials/PhAT_JointLimitMaterial.uasset" 363
"../../../Engine/Content/EngineMaterials/PhAT_JointLimitMaterial.uexp" 364
"../../../Engine/Content/EngineMaterials/DefaultCalibrationColor.uasset" 365
"../../../Engine/Content/EngineMaterials/DefaultCalibrationColor.uexp" 366
"../../../Engine/Content/EngineMaterials/PPM_DefaultCalibrationColor.uasset" 367
"../../../Engine/Content/EngineMaterials/PPM_DefaultCalibrationColor.uexp" 368
"../../../Engine/Content/EngineMaterials/DefaultCalibrationGrayscale.uasset" 369
"../../../Engine/Content/EngineMaterials/DefaultCalibrationGrayscale.uexp" 370
"../../../Engine/Content/EngineMaterials/PPM_DefaultCalibrationGrayscale.uasset" 371
"../../../Engine/Content/EngineMaterials/PPM_DefaultCalibrationGrayscale.uexp" 372
"../../../Engine/Content/EngineMaterials/RemoveSurfaceMaterial.uasset" 373
"../../../Engine/Content/EngineMaterials/RemoveSurfaceMaterial.uexp" 374
"../../../Engine/Plugins/Animation/ControlRig/Content/Controls/ControlRigGizmoMaterial.uasset" 375
"../../../Engine/Plugins/Animation/ControlRig/Content/Controls/ControlRigGizmoMaterial.uexp" 376
"../../../Engine/Plugins/Animation/ControlRig/Content/Controls/ControlRigXRayMaterial.uasset" 377
"../../../Engine/Plugins/Animation/ControlRig/Content/Controls/ControlRigXRayMaterial.uexp" 378
"../../../Engine/Content/Functions/UserInterface/GetUserInterfaceUV.uasset" 379
"../../../Engine/Content/Functions/UserInterface/GetUserInterfaceUV.uexp" 380
"E:/Development/Projects/Squeak/Plugins/DarkerNo914d061a7b62V11/Content/Materials/Box.uasset" 381
"E:/Development/Projects/Squeak/Plugins/DarkerNo914d061a7b62V11/Content/Materials/Box.uexp" 382
"E:/Development/Projects/Squeak/Plugins/DarkerNo914d061a7b62V11/Content/Materials/HeaderBox.uasset" 383
"E:/Development/Projects/Squeak/Plugins/DarkerNo914d061a7b62V11/Content/Materials/HeaderBox.uexp" 384
"E:/Development/Projects/Squeak/Plugins/DarkerNo914d061a7b62V11/Content/Materials/Panel.uasset" 385
"E:/Development/Projects/Squeak/Plugins/DarkerNo914d061a7b62V11/Content/Materials/Panel.uexp" 386
"E:/Development/Projects/Squeak/Plugins/DarkerNo914d061a7b62V11/Content/Materials/SolidColor.uasset" 387
"E:/Development/Projects/Squeak/Plugins/DarkerNo914d061a7b62V11/Content/Materials/SolidColor.uexp" 388
"../../../Engine/Content/EditorLandscapeResources/DefaultAlphaTexture.uasset" 389
"../../../Engine/Content/EditorLandscapeResources/DefaultAlphaTexture.uexp" 390
"../../../Engine/Content/EditorLandscapeResources/LandscapeDirtyMaterial.uasset" 391
"../../../Engine/Content/EditorLandscapeResources/LandscapeDirtyMaterial.uexp" 392
"../../../Engine/Content/Functions/Engine_MaterialFunctions01/Texturing/ScaleUVsByCenter.uasset" 393
"../../../Engine/Content/Functions/Engine_MaterialFunctions01/Texturing/ScaleUVsByCenter.uexp" 394
"../../../Engine/Content/Functions/Engine_MaterialFunctions02/WorldPositionOffset/LocalPosition.uasset" 395
"../../../Engine/Content/Functions/Engine_MaterialFunctions02/WorldPositionOffset/LocalPosition.uexp" 396
"../../../Engine/Content/Functions/Engine_MaterialFunctions01/Texturing/TextureCropping.uasset" 397
"../../../Engine/Content/Functions/Engine_MaterialFunctions01/Texturing/TextureCropping.uexp" 398
"../../../Engine/Content/Functions/Engine_MaterialFunctions02/ExampleContent/DebugNumberStrip.uasset" 399
"../../../Engine/Content/Functions/Engine_MaterialFunctions02/ExampleContent/DebugNumberStrip.uexp" 400
"../../../Engine/Content/Functions/Engine_MaterialFunctions01/Debug/DebugIntValues.uasset" 401
"../../../Engine/Content/Functions/Engine_MaterialFunctions01/Debug/DebugIntValues.uexp" 402
"../../../Engine/Content/EditorLandscapeResources/LandscapeLayerUsageMaterial.uasset" 403
"../../../Engine/Content/EditorLandscapeResources/LandscapeLayerUsageMaterial.uexp" 404
"../../../Engine/Content/EditorLandscapeResources/WhiteSquareTexture.uasset" 405
"../../../Engine/Content/EditorLandscapeResources/WhiteSquareTexture.uexp" 406
"../../../Engine/Content/EditorLandscapeResources/LayerVisMaterial.uasset" 407
"../../../Engine/Content/EditorLandscapeResources/LayerVisMaterial.uexp" 408
"../../../Engine/Content/EditorMaterials/PhAT_NoCollisionMaterial.uasset" 409
"../../../Engine/Content/EditorMaterials/PhAT_NoCollisionMaterial.uexp" 410
"../../../Engine/Content/EditorMaterials/PhAT_UnselectedMaterial.uasset" 411
"../../../Engine/Content/EditorMaterials/PhAT_UnselectedMaterial.uexp" 412
"../../../Engine/Content/EditorMaterials/PreviewShadowIndicator.ubulk" 413
"../../../Engine/Content/EditorMaterials/PreviewShadowIndicator.uasset" 414
"../../../Engine/Content/EditorMaterials/PreviewShadowIndicator.uexp" 415
"../../../Engine/Content/EditorMaterials/PreviewShadowIndicatorMaterial.uasset" 416
"../../../Engine/Content/EditorMaterials/PreviewShadowIndicatorMaterial.uexp" 417
"../../../Engine/Plugins/Animation/ControlRig/Content/M_Manip.uasset" 418
"../../../Engine/Plugins/Animation/ControlRig/Content/M_Manip.uexp" 419
"../../../Engine/Content/EngineMeshes/Sphere.ubulk" 420
"../../../Engine/Content/EngineMeshes/Sphere.uasset" 421
"../../../Engine/Content/EngineMeshes/Sphere.uexp" 422
"../../../Engine/Content/EngineResources/DefaultTextureCube.uasset" 423
"../../../Engine/Content/EngineResources/DefaultTextureCube.uexp" 424
"../../../Engine/Content/Functions/Engine_MaterialFunctions01/Texturing/FlattenNormal.uasset" 425
"../../../Engine/Content/Functions/Engine_MaterialFunctions01/Texturing/FlattenNormal.uexp" 426
"E:/Development/Projects/Squeak/Content/content_2/SurvivalGirlLaraine/Textures/T_Backpack_OcclusionRoughnessMetallic.ubulk" 427
"E:/Development/Projects/Squeak/Content/content_2/SurvivalGirlLaraine/Textures/T_Backpack_OcclusionRoughnessMetallic.uasset" 428
"E:/Development/Projects/Squeak/Content/content_2/SurvivalGirlLaraine/Textures/T_Backpack_OcclusionRoughnessMetallic.uexp" 429
"E:/Development/Projects/Squeak/Content/content_2/SurvivalGirlLaraine/Textures/T_Backpack_NormalDirectX.ubulk" 430
"E:/Development/Projects/Squeak/Content/content_2/SurvivalGirlLaraine/Textures/T_Backpack_NormalDirectX.uasset" 431
"E:/Development/Projects/Squeak/Content/content_2/SurvivalGirlLaraine/Textures/T_Backpack_NormalDirectX.uexp" 432
"E:/Development/Projects/Squeak/Content/content_2/SurvivalGirlLaraine/Textures/T_Backpack_ID.ubulk" 433
"E:/Development/Projects/Squeak/Content/content_2/SurvivalGirlLaraine/Textures/T_Backpack_ID.uasset" 434
"E:/Development/Projects/Squeak/Content/content_2/SurvivalGirlLaraine/Textures/T_Backpack_ID.uexp" 435
"E:/Development/Projects/Squeak/Content/content_2/SurvivalGirlLaraine/Textures/T_Backpack_DirtSnowRain.ubulk" 436
"E:/Development/Projects/Squeak/Content/content_2/SurvivalGirlLaraine/Textures/T_Backpack_DirtSnowRain.uasset" 437
"E:/Development/Projects/Squeak/Content/content_2/SurvivalGirlLaraine/Textures/T_Backpack_DirtSnowRain.uexp" 438
"E:/Development/Projects/Squeak/Content/content_2/SurvivalGirlLaraine/Textures/T_Backpack_BaseColor.ubulk" 439
"E:/Development/Projects/Squeak/Content/content_2/SurvivalGirlLaraine/Textures/T_Backpack_BaseColor.uasset" 440
"E:/Development/Projects/Squeak/Content/content_2/SurvivalGirlLaraine/Textures/T_Backpack_BaseColor.uexp" 441
"E:/Development/Projects/Squeak/Content/content_2/SurvivalGirlLaraine/Materials/MF_SGL_DirtMaterialFunction.uasset" 442
"E:/Development/Projects/Squeak/Content/content_2/SurvivalGirlLaraine/Materials/MF_SGL_DirtMaterialFunction.uexp" 443
"E:/Development/Projects/Squeak/Content/content_2/SurvivalGirlLaraine/Materials/M_SGL_Backpack.uasset" 444
"E:/Development/Projects/Squeak/Content/content_2/SurvivalGirlLaraine/Materials/M_SGL_Backpack.uexp" 445
"E:/Development/Projects/Squeak/Content/content_2/SurvivalGirlLaraine/Textures/T_Body_SSS.ubulk" 446
"E:/Development/Projects/Squeak/Content/content_2/SurvivalGirlLaraine/Textures/T_Body_SSS.uasset" 447
"E:/Development/Projects/Squeak/Content/content_2/SurvivalGirlLaraine/Textures/T_Body_SSS.uexp" 448
"E:/Development/Projects/Squeak/Content/content_2/SurvivalGirlLaraine/Textures/T_Body_OcclusionRoughnessMetallic.ubulk" 449
"E:/Development/Projects/Squeak/Content/content_2/SurvivalGirlLaraine/Textures/T_Body_OcclusionRoughnessMetallic.uasset" 450
"E:/Development/Projects/Squeak/Content/content_2/SurvivalGirlLaraine/Textures/T_Body_OcclusionRoughnessMetallic.uexp" 451
"E:/Development/Projects/Squeak/Content/content_2/SurvivalGirlLaraine/Textures/T_Body_NormalDirectX.ubulk" 452
"E:/Development/Projects/Squeak/Content/content_2/SurvivalGirlLaraine/Textures/T_Body_NormalDirectX.uasset" 453
"E:/Development/Projects/Squeak/Content/content_2/SurvivalGirlLaraine/Textures/T_Body_NormalDirectX.uexp" 454
"E:/Development/Projects/Squeak/Content/content_2/SurvivalGirlLaraine/Textures/T_Body_ID.ubulk" 455
"E:/Development/Projects/Squeak/Content/content_2/SurvivalGirlLaraine/Textures/T_Body_ID.uasset" 456
"E:/Development/Projects/Squeak/Content/content_2/SurvivalGirlLaraine/Textures/T_Body_ID.uexp" 457
"E:/Development/Projects/Squeak/Content/content_2/SurvivalGirlLaraine/Textures/T_Body_DirtSnowRain.ubulk" 458
"E:/Development/Projects/Squeak/Content/content_2/SurvivalGirlLaraine/Textures/T_Body_DirtSnowRain.uasset" 459
"E:/Development/Projects/Squeak/Content/content_2/SurvivalGirlLaraine/Textures/T_Body_DirtSnowRain.uexp" 460
"E:/Development/Projects/Squeak/Content/content_2/SurvivalGirlLaraine/Textures/T_Body_BaseColor.ubulk" 461
"E:/Development/Projects/Squeak/Content/content_2/SurvivalGirlLaraine/Textures/T_Body_BaseColor.uasset" 462
"E:/Development/Projects/Squeak/Content/content_2/SurvivalGirlLaraine/Textures/T_Body_BaseColor.uexp" 463
"E:/Development/Projects/Squeak/Content/content_2/SurvivalGirlLaraine/Materials/SGL_SubsurfaceProfile.uasset" 464
"E:/Development/Projects/Squeak/Content/content_2/SurvivalGirlLaraine/Materials/SGL_SubsurfaceProfile.uexp" 465
"E:/Development/Projects/Squeak/Content/content_2/SurvivalGirlLaraine/Materials/M_SGL_Body.uasset" 466
"E:/Development/Projects/Squeak/Content/content_2/SurvivalGirlLaraine/Materials/M_SGL_Body.uexp" 467
"E:/Development/Projects/Squeak/Content/content_2/SurvivalGirlLaraine/Textures/T_Boots_OcclusionRoughnessMetallic.ubulk" 468
"E:/Development/Projects/Squeak/Content/content_2/SurvivalGirlLaraine/Textures/T_Boots_OcclusionRoughnessMetallic.uasset" 469
"E:/Development/Projects/Squeak/Content/content_2/SurvivalGirlLaraine/Textures/T_Boots_OcclusionRoughnessMetallic.uexp" 470
"E:/Development/Projects/Squeak/Content/content_2/SurvivalGirlLaraine/Textures/T_Boots_NormalDirectX.ubulk" 471
"E:/Development/Projects/Squeak/Content/content_2/SurvivalGirlLaraine/Textures/T_Boots_NormalDirectX.uasset" 472
"E:/Development/Projects/Squeak/Content/content_2/SurvivalGirlLaraine/Textures/T_Boots_NormalDirectX.uexp" 473
"E:/Development/Projects/Squeak/Content/content_2/SurvivalGirlLaraine/Textures/T_Boots_ID.ubulk" 474
"E:/Development/Projects/Squeak/Content/content_2/SurvivalGirlLaraine/Textures/T_Boots_ID.uasset" 475
"E:/Development/Projects/Squeak/Content/content_2/SurvivalGirlLaraine/Textures/T_Boots_ID.uexp" 476
"E:/Development/Projects/Squeak/Content/content_2/SurvivalGirlLaraine/Textures/T_Boots_DirtSnowRain.ubulk" 477
"E:/Development/Projects/Squeak/Content/content_2/SurvivalGirlLaraine/Textures/T_Boots_DirtSnowRain.uasset" 478
"E:/Development/Projects/Squeak/Content/content_2/SurvivalGirlLaraine/Textures/T_Boots_DirtSnowRain.uexp" 479
"E:/Development/Projects/Squeak/Content/content_2/SurvivalGirlLaraine/Textures/T_Boots_BaseColor.ubulk" 480
"E:/Development/Projects/Squeak/Content/content_2/SurvivalGirlLaraine/Textures/T_Boots_BaseColor.uasset" 481
"E:/Development/Projects/Squeak/Content/content_2/SurvivalGirlLaraine/Textures/T_Boots_BaseColor.uexp" 482
"E:/Development/Projects/Squeak/Content/content_2/SurvivalGirlLaraine/Materials/M_SGL_Boots.uasset" 483
"E:/Development/Projects/Squeak/Content/content_2/SurvivalGirlLaraine/Materials/M_SGL_Boots.uexp" 484
"E:/Development/Projects/Squeak/Content/content_2/SurvivalGirlLaraine/Textures/T_Eyes_OcclusionRoughnessMetallic.ubulk" 485
"E:/Development/Projects/Squeak/Content/content_2/SurvivalGirlLaraine/Textures/T_Eyes_OcclusionRoughnessMetallic.uasset" 486
"E:/Development/Projects/Squeak/Content/content_2/SurvivalGirlLaraine/Textures/T_Eyes_OcclusionRoughnessMetallic.uexp" 487
"E:/Development/Projects/Squeak/Content/content_2/SurvivalGirlLaraine/Textures/T_Eyes_NormalDirectX.ubulk" 488
"E:/Development/Projects/Squeak/Content/content_2/SurvivalGirlLaraine/Textures/T_Eyes_NormalDirectX.uasset" 489
"E:/Development/Projects/Squeak/Content/content_2/SurvivalGirlLaraine/Textures/T_Eyes_NormalDirectX.uexp" 490
"E:/Development/Projects/Squeak/Content/content_2/SurvivalGirlLaraine/Textures/T_Eyes_ID.ubulk" 491
"E:/Development/Projects/Squeak/Content/content_2/SurvivalGirlLaraine/Textures/T_Eyes_ID.uasset" 492
"E:/Development/Projects/Squeak/Content/content_2/SurvivalGirlLaraine/Textures/T_Eyes_ID.uexp" 493
"E:/Development/Projects/Squeak/Content/content_2/SurvivalGirlLaraine/Textures/T_Eyes_Emissive.ubulk" 494
"E:/Development/Projects/Squeak/Content/content_2/SurvivalGirlLaraine/Textures/T_Eyes_Emissive.uasset" 495
"E:/Development/Projects/Squeak/Content/content_2/SurvivalGirlLaraine/Textures/T_Eyes_Emissive.uexp" 496
"E:/Development/Projects/Squeak/Content/content_2/SurvivalGirlLaraine/Textures/T_Eyes_BaseColor.ubulk" 497
"E:/Development/Projects/Squeak/Content/content_2/SurvivalGirlLaraine/Textures/T_Eyes_BaseColor.uasset" 498
"E:/Development/Projects/Squeak/Content/content_2/SurvivalGirlLaraine/Textures/T_Eyes_BaseColor.uexp" 499
"E:/Development/Projects/Squeak/Content/content_2/SurvivalGirlLaraine/Materials/M_SGL_Eyes.uasset" 500
"E:/Development/Projects/Squeak/Content/content_2/SurvivalGirlLaraine/Materials/M_SGL_Eyes.uexp" 501
"E:/Development/Projects/Squeak/Content/content_2/SurvivalGirlLaraine/Materials/M_SGL_EyesGlass.uasset" 502
"E:/Development/Projects/Squeak/Content/content_2/SurvivalGirlLaraine/Materials/M_SGL_EyesGlass.uexp" 503
"E:/Development/Projects/Squeak/Content/content_2/SurvivalGirlLaraine/Textures/T_EyesShadow_BaseColor.ubulk" 504
"E:/Development/Projects/Squeak/Content/content_2/SurvivalGirlLaraine/Textures/T_EyesShadow_BaseColor.uasset" 505
"E:/Development/Projects/Squeak/Content/content_2/SurvivalGirlLaraine/Textures/T_EyesShadow_BaseColor.uexp" 506
"E:/Development/Projects/Squeak/Content/content_2/SurvivalGirlLaraine/Materials/M_SGL_EyesShadow.uasset" 507
"E:/Development/Projects/Squeak/Content/content_2/SurvivalGirlLaraine/Materials/M_SGL_EyesShadow.uexp" 508
"../../../Engine/Content/Functions/Engine_MaterialFunctions02/HueShift.uasset" 509
"../../../Engine/Content/Functions/Engine_MaterialFunctions02/HueShift.uexp" 510
"../../../Engine/Content/EngineMaterials/Good64x64TilingNoiseHighFreq.uasset" 511
"../../../Engine/Content/EngineMaterials/Good64x64TilingNoiseHighFreq.uexp" 512
"../../../Engine/Content/Functions/Engine_MaterialFunctions02/Texturing/ScreenAlignedPixelToPixelUVs.uasset" 513
"../../../Engine/Content/Functions/Engine_MaterialFunctions02/Texturing/ScreenAlignedPixelToPixelUVs.uexp" 514
"../../../Engine/Content/Functions/Engine_MaterialFunctions01/Gradient/LinearGradient.uasset" 515
"../../../Engine/Content/Functions/Engine_MaterialFunctions01/Gradient/LinearGradient.uexp" 516
"../../../Engine/Content/Functions/Engine_MaterialFunctions01/ImageAdjustment/CheapContrast.uasset" 517
"../../../Engine/Content/Functions/Engine_MaterialFunctions01/ImageAdjustment/CheapContrast.uexp" 518
"../../../Engine/Content/EditorMaterials/Cascade/CASC_Solo_On.uasset" 519
"../../../Engine/Content/EditorMaterials/Cascade/CASC_Solo_On.uexp" 520
"E:/Development/Projects/Squeak/Content/content_2/SurvivalGirlLaraine/Textures/T_Hair_Root.ubulk" 521
"E:/Development/Projects/Squeak/Content/content_2/SurvivalGirlLaraine/Textures/T_Hair_Root.uasset" 522
"E:/Development/Projects/Squeak/Content/content_2/SurvivalGirlLaraine/Textures/T_Hair_Root.uexp" 523
"E:/Development/Projects/Squeak/Content/content_2/SurvivalGirlLaraine/Textures/T_Hair_Opacity.ubulk" 524
"E:/Development/Projects/Squeak/Content/content_2/SurvivalGirlLaraine/Textures/T_Hair_Opacity.uasset" 525
"E:/Development/Projects/Squeak/Content/content_2/SurvivalGirlLaraine/Textures/T_Hair_Opacity.uexp" 526
"E:/Development/Projects/Squeak/Content/content_2/SurvivalGirlLaraine/Textures/T_Hair_ID.ubulk" 527
"E:/Development/Projects/Squeak/Content/content_2/SurvivalGirlLaraine/Textures/T_Hair_ID.uasset" 528
"E:/Development/Projects/Squeak/Content/content_2/SurvivalGirlLaraine/Textures/T_Hair_ID.uexp" 529
"E:/Development/Projects/Squeak/Content/content_2/SurvivalGirlLaraine/Textures/T_Hair_Flow.ubulk" 530
"E:/Development/Projects/Squeak/Content/content_2/SurvivalGirlLaraine/Textures/T_Hair_Flow.uasset" 531
"E:/Development/Projects/Squeak/Content/content_2/SurvivalGirlLaraine/Textures/T_Hair_Flow.uexp" 532
"E:/Development/Projects/Squeak/Content/content_2/SurvivalGirlLaraine/Textures/T_Hair_Depth.ubulk" 533
"E:/Development/Projects/Squeak/Content/content_2/SurvivalGirlLaraine/Textures/T_Hair_Depth.uasset" 534
"E:/Development/Projects/Squeak/Content/content_2/SurvivalGirlLaraine/Textures/T_Hair_Depth.uexp" 535
"E:/Development/Projects/Squeak/Content/content_2/SurvivalGirlLaraine/Textures/T_Hair_BaseColor.ubulk" 536
"E:/Development/Projects/Squeak/Content/content_2/SurvivalGirlLaraine/Textures/T_Hair_BaseColor.uasset" 537
"E:/Development/Projects/Squeak/Content/content_2/SurvivalGirlLaraine/Textures/T_Hair_BaseColor.uexp" 538
"../../../Engine/Content/Functions/Engine_MaterialFunctions02/Math/MultiplyAdd.uasset" 539
"../../../Engine/Content/Functions/Engine_MaterialFunctions02/Math/MultiplyAdd.uexp" 540
"E:/Development/Projects/Squeak/Content/content_2/SurvivalGirlLaraine/Materials/M_SGL_Hair.uasset" 541
"E:/Development/Projects/Squeak/Content/content_2/SurvivalGirlLaraine/Materials/M_SGL_Hair.uexp" 542
"E:/Development/Projects/Squeak/Content/content_2/SurvivalGirlLaraine/Textures/T_Head_SSS.ubulk" 543
"E:/Development/Projects/Squeak/Content/content_2/SurvivalGirlLaraine/Textures/T_Head_SSS.uasset" 544
"E:/Development/Projects/Squeak/Content/content_2/SurvivalGirlLaraine/Textures/T_Head_SSS.uexp" 545
"E:/Development/Projects/Squeak/Content/content_2/SurvivalGirlLaraine/Textures/T_Head_OcclusionRoughnessMetallic.ubulk" 546
"E:/Development/Projects/Squeak/Content/content_2/SurvivalGirlLaraine/Textures/T_Head_OcclusionRoughnessMetallic.uasset" 547
"E:/Development/Projects/Squeak/Content/content_2/SurvivalGirlLaraine/Textures/T_Head_OcclusionRoughnessMetallic.uexp" 548
"E:/Development/Projects/Squeak/Content/content_2/SurvivalGirlLaraine/Textures/T_Head_NormalDirectX.ubulk" 549
"E:/Development/Projects/Squeak/Content/content_2/SurvivalGirlLaraine/Textures/T_Head_NormalDirectX.uasset" 550
"E:/Development/Projects/Squeak/Content/content_2/SurvivalGirlLaraine/Textures/T_Head_NormalDirectX.uexp" 551
"E:/Development/Projects/Squeak/Content/content_2/SurvivalGirlLaraine/Textures/T_Head_ID.ubulk" 552
"E:/Development/Projects/Squeak/Content/content_2/SurvivalGirlLaraine/Textures/T_Head_ID.uasset" 553
"E:/Development/Projects/Squeak/Content/content_2/SurvivalGirlLaraine/Textures/T_Head_ID.uexp" 554
"E:/Development/Projects/Squeak/Content/content_2/SurvivalGirlLaraine/Textures/T_Head_DirtSnowRain.ubulk" 555
"E:/Development/Projects/Squeak/Content/content_2/SurvivalGirlLaraine/Textures/T_Head_DirtSnowRain.uasset" 556
"E:/Development/Projects/Squeak/Content/content_2/SurvivalGirlLaraine/Textures/T_Head_DirtSnowRain.uexp" 557
"E:/Development/Projects/Squeak/Content/content_2/SurvivalGirlLaraine/Textures/T_Head_BaseColor.ubulk" 558
"E:/Development/Projects/Squeak/Content/content_2/SurvivalGirlLaraine/Textures/T_Head_BaseColor.uasset" 559
"E:/Development/Projects/Squeak/Content/content_2/SurvivalGirlLaraine/Textures/T_Head_BaseColor.uexp" 560
"E:/Development/Projects/Squeak/Content/content_2/SurvivalGirlLaraine/Materials/M_SGL_Head.uasset" 561
"E:/Development/Projects/Squeak/Content/content_2/SurvivalGirlLaraine/Materials/M_SGL_Head.uexp" 562
"E:/Development/Projects/Squeak/Content/content_2/SurvivalGirlLaraine/Textures/T_Jacket_OcclusionRoughnessMetallic.ubulk" 563
"E:/Development/Projects/Squeak/Content/content_2/SurvivalGirlLaraine/Textures/T_Jacket_OcclusionRoughnessMetallic.uasset" 564
"E:/Development/Projects/Squeak/Content/content_2/SurvivalGirlLaraine/Textures/T_Jacket_OcclusionRoughnessMetallic.uexp" 565
"E:/Development/Projects/Squeak/Content/content_2/SurvivalGirlLaraine/Textures/T_Jacket_NormalDirectX.ubulk" 566
"E:/Development/Projects/Squeak/Content/content_2/SurvivalGirlLaraine/Textures/T_Jacket_NormalDirectX.uasset" 567
"E:/Development/Projects/Squeak/Content/content_2/SurvivalGirlLaraine/Textures/T_Jacket_NormalDirectX.uexp" 568
"E:/Development/Projects/Squeak/Content/content_2/SurvivalGirlLaraine/Textures/T_Jacket_ID.ubulk" 569
"E:/Development/Projects/Squeak/Content/content_2/SurvivalGirlLaraine/Textures/T_Jacket_ID.uasset" 570
"E:/Development/Projects/Squeak/Content/content_2/SurvivalGirlLaraine/Textures/T_Jacket_ID.uexp" 571
"E:/Development/Projects/Squeak/Content/content_2/SurvivalGirlLaraine/Textures/T_Jacket_DirtSnowRain.ubulk" 572
"E:/Development/Projects/Squeak/Content/content_2/SurvivalGirlLaraine/Textures/T_Jacket_DirtSnowRain.uasset" 573
"E:/Development/Projects/Squeak/Content/content_2/SurvivalGirlLaraine/Textures/T_Jacket_DirtSnowRain.uexp" 574
"E:/Development/Projects/Squeak/Content/content_2/SurvivalGirlLaraine/Textures/T_Jacket_BaseColor.ubulk" 575
"E:/Development/Projects/Squeak/Content/content_2/SurvivalGirlLaraine/Textures/T_Jacket_BaseColor.uasset" 576
"E:/Development/Projects/Squeak/Content/content_2/SurvivalGirlLaraine/Textures/T_Jacket_BaseColor.uexp" 577
"E:/Development/Projects/Squeak/Content/content_2/SurvivalGirlLaraine/Materials/M_SGL_Jacket.uasset" 578
"E:/Development/Projects/Squeak/Content/content_2/SurvivalGirlLaraine/Materials/M_SGL_Jacket.uexp" 579
"../../../Engine/Content/Functions/Engine_MaterialFunctions02/Utility/DitherTemporalAA.uasset" 580
"../../../Engine/Content/Functions/Engine_MaterialFunctions02/Utility/DitherTemporalAA.uexp" 581
"E:/Development/Projects/Squeak/Content/content_2/SurvivalGirlLaraine/Textures/T_Lashes_OcclusionRoughnessMetallic.ubulk" 582
"E:/Development/Projects/Squeak/Content/content_2/SurvivalGirlLaraine/Textures/T_Lashes_OcclusionRoughnessMetallic.uasset" 583
"E:/Development/Projects/Squeak/Content/content_2/SurvivalGirlLaraine/Textures/T_Lashes_OcclusionRoughnessMetallic.uexp" 584
"E:/Development/Projects/Squeak/Content/content_2/SurvivalGirlLaraine/Textures/T_Lashes_NormalDirectX.ubulk" 585
"E:/Development/Projects/Squeak/Content/content_2/SurvivalGirlLaraine/Textures/T_Lashes_NormalDirectX.uasset" 586
"E:/Development/Projects/Squeak/Content/content_2/SurvivalGirlLaraine/Textures/T_Lashes_NormalDirectX.uexp" 587
"E:/Development/Projects/Squeak/Content/content_2/SurvivalGirlLaraine/Textures/T_Lashes_ID.ubulk" 588
"E:/Development/Projects/Squeak/Content/content_2/SurvivalGirlLaraine/Textures/T_Lashes_ID.uasset" 589
"E:/Development/Projects/Squeak/Content/content_2/SurvivalGirlLaraine/Textures/T_Lashes_ID.uexp" 590
"E:/Development/Projects/Squeak/Content/content_2/SurvivalGirlLaraine/Textures/T_Lashes_BaseColor.ubulk" 591
"E:/Development/Projects/Squeak/Content/content_2/SurvivalGirlLaraine/Textures/T_Lashes_BaseColor.uasset" 592
"E:/Development/Projects/Squeak/Content/content_2/SurvivalGirlLaraine/Textures/T_Lashes_BaseColor.uexp" 593
"E:/Development/Projects/Squeak/Content/content_2/SurvivalGirlLaraine/Materials/M_SGL_Lashes.uasset" 594
"E:/Development/Projects/Squeak/Content/content_2/SurvivalGirlLaraine/Materials/M_SGL_Lashes.uexp" 595
"E:/Development/Projects/Squeak/Content/content_2/SurvivalGirlLaraine/Textures/T_Pants_OcclusionRoughnessMetallic.ubulk" 596
"E:/Development/Projects/Squeak/Content/content_2/SurvivalGirlLaraine/Textures/T_Pants_OcclusionRoughnessMetallic.uasset" 597
"E:/Development/Projects/Squeak/Content/content_2/SurvivalGirlLaraine/Textures/T_Pants_OcclusionRoughnessMetallic.uexp" 598
"E:/Development/Projects/Squeak/Content/content_2/SurvivalGirlLaraine/Textures/T_Pants_NormalDirectX.ubulk" 599
"E:/Development/Projects/Squeak/Content/content_2/SurvivalGirlLaraine/Textures/T_Pants_NormalDirectX.uasset" 600
"E:/Development/Projects/Squeak/Content/content_2/SurvivalGirlLaraine/Textures/T_Pants_NormalDirectX.uexp" 601
"E:/Development/Projects/Squeak/Content/content_2/SurvivalGirlLaraine/Textures/T_Pants_ID.ubulk" 602
"E:/Development/Projects/Squeak/Content/content_2/SurvivalGirlLaraine/Textures/T_Pants_ID.uasset" 603
"E:/Development/Projects/Squeak/Content/content_2/SurvivalGirlLaraine/Textures/T_Pants_ID.uexp" 604
"E:/Development/Projects/Squeak/Content/content_2/SurvivalGirlLaraine/Textures/T_Pants_DirtSnowRain.ubulk" 605
"E:/Development/Projects/Squeak/Content/content_2/SurvivalGirlLaraine/Textures/T_Pants_DirtSnowRain.uasset" 606
"E:/Development/Projects/Squeak/Content/content_2/SurvivalGirlLaraine/Textures/T_Pants_DirtSnowRain.uexp" 607
"E:/Development/Projects/Squeak/Content/content_2/SurvivalGirlLaraine/Textures/T_Pants_BaseColor.ubulk" 608
"E:/Development/Projects/Squeak/Content/content_2/SurvivalGirlLaraine/Textures/T_Pants_BaseColor.uasset" 609
"E:/Development/Projects/Squeak/Content/content_2/SurvivalGirlLaraine/Textures/T_Pants_BaseColor.uexp" 610
"E:/Development/Projects/Squeak/Content/content_2/SurvivalGirlLaraine/Materials/M_SGL_Pants.uasset" 611
"E:/Development/Projects/Squeak/Content/content_2/SurvivalGirlLaraine/Materials/M_SGL_Pants.uexp" 612
"E:/Development/Projects/Squeak/Content/content_2/SurvivalGirlLaraine/Textures/T_Respirator_OcclusionRoughnessMetallic.ubulk" 613
"E:/Development/Projects/Squeak/Content/content_2/SurvivalGirlLaraine/Textures/T_Respirator_OcclusionRoughnessMetallic.uasset" 614
"E:/Development/Projects/Squeak/Content/content_2/SurvivalGirlLaraine/Textures/T_Respirator_OcclusionRoughnessMetallic.uexp" 615
"E:/Development/Projects/Squeak/Content/content_2/SurvivalGirlLaraine/Textures/T_Respirator_NormalDirectX.ubulk" 616
"E:/Development/Projects/Squeak/Content/content_2/SurvivalGirlLaraine/Textures/T_Respirator_NormalDirectX.uasset" 617
"E:/Development/Projects/Squeak/Content/content_2/SurvivalGirlLaraine/Textures/T_Respirator_NormalDirectX.uexp" 618
"E:/Development/Projects/Squeak/Content/content_2/SurvivalGirlLaraine/Textures/T_Respirator_ID.ubulk" 619
"E:/Development/Projects/Squeak/Content/content_2/SurvivalGirlLaraine/Textures/T_Respirator_ID.uasset" 620
"E:/Development/Projects/Squeak/Content/content_2/SurvivalGirlLaraine/Textures/T_Respirator_ID.uexp" 621
"E:/Development/Projects/Squeak/Content/content_2/SurvivalGirlLaraine/Textures/T_Respirator_DirtSnowRain.ubulk" 622
"E:/Development/Projects/Squeak/Content/content_2/SurvivalGirlLaraine/Textures/T_Respirator_DirtSnowRain.uasset" 623
"E:/Development/Projects/Squeak/Content/content_2/SurvivalGirlLaraine/Textures/T_Respirator_DirtSnowRain.uexp" 624
"E:/Development/Projects/Squeak/Content/content_2/SurvivalGirlLaraine/Textures/T_Respirator_BaseColor.ubulk" 625
"E:/Development/Projects/Squeak/Content/content_2/SurvivalGirlLaraine/Textures/T_Respirator_BaseColor.uasset" 626
"E:/Development/Projects/Squeak/Content/content_2/SurvivalGirlLaraine/Textures/T_Respirator_BaseColor.uexp" 627
"E:/Development/Projects/Squeak/Content/content_2/SurvivalGirlLaraine/Materials/M_SGL_Respirator.uasset" 628
"E:/Development/Projects/Squeak/Content/content_2/SurvivalGirlLaraine/Materials/M_SGL_Respirator.uexp" 629
"E:/Development/Projects/Squeak/Content/content_2/SurvivalGirlLaraine/Textures/T_Teeth_OcclusionRoughnessMetallic.ubulk" 630
"E:/Development/Projects/Squeak/Content/content_2/SurvivalGirlLaraine/Textures/T_Teeth_OcclusionRoughnessMetallic.uasset" 631
"E:/Development/Projects/Squeak/Content/content_2/SurvivalGirlLaraine/Textures/T_Teeth_OcclusionRoughnessMetallic.uexp" 632
"E:/Development/Projects/Squeak/Content/content_2/SurvivalGirlLaraine/Textures/T_Teeth_NormalDirectX.ubulk" 633
"E:/Development/Projects/Squeak/Content/content_2/SurvivalGirlLaraine/Textures/T_Teeth_NormalDirectX.uasset" 634
"E:/Development/Projects/Squeak/Content/content_2/SurvivalGirlLaraine/Textures/T_Teeth_NormalDirectX.uexp" 635
"E:/Development/Projects/Squeak/Content/content_2/SurvivalGirlLaraine/Textures/T_Teeth_BaseColor.ubulk" 636
"E:/Development/Projects/Squeak/Content/content_2/SurvivalGirlLaraine/Textures/T_Teeth_BaseColor.uasset" 637
"E:/Development/Projects/Squeak/Content/content_2/SurvivalGirlLaraine/Textures/T_Teeth_BaseColor.uexp" 638
"E:/Development/Projects/Squeak/Content/content_2/SurvivalGirlLaraine/Materials/M_SGL_Teeth.uasset" 639
"E:/Development/Projects/Squeak/Content/content_2/SurvivalGirlLaraine/Materials/M_SGL_Teeth.uexp" 640
"E:/Development/Projects/Squeak/Content/content_2/SurvivalGirlLaraine/Mesh/SK_SurvivalGirlLaraine_Skeleton.uasset" 641
"E:/Development/Projects/Squeak/Content/content_2/SurvivalGirlLaraine/Mesh/SK_SurvivalGirlLaraine_Skeleton.uexp" 642
"E:/Development/Projects/Squeak/Content/content_2/SurvivalGirlLaraine/Mesh/SK_SurvivalGirlLaraine_PhysicsAsset.uasset" 643
"E:/Development/Projects/Squeak/Content/content_2/SurvivalGirlLaraine/Mesh/SK_SurvivalGirlLaraine_PhysicsAsset.uexp" 644
"E:/Development/Projects/Squeak/Content/content_2/SurvivalGirlLaraine/Mesh/SK_SurvivalGirlLaraine_Dressed.uasset" 645
"E:/Development/Projects/Squeak/Content/content_2/SurvivalGirlLaraine/Mesh/SK_SurvivalGirlLaraine_Dressed.uexp" 646
"../../../Engine/Content/Functions/Engine_MaterialFunctions01/Opacity/CameraDepthFade.uasset" 647
"../../../Engine/Content/Functions/Engine_MaterialFunctions01/Opacity/CameraDepthFade.uexp" 648
"../../../Engine/Content/EngineMaterials/T_Default_Material_Grid_M.ubulk" 649
"../../../Engine/Content/EngineMaterials/T_Default_Material_Grid_M.uasset" 650
"../../../Engine/Content/EngineMaterials/T_Default_Material_Grid_M.uexp" 651
"../../../Engine/Content/EngineMaterials/T_Default_Material_Grid_N.ubulk" 652
"../../../Engine/Content/EngineMaterials/T_Default_Material_Grid_N.uasset" 653
"../../../Engine/Content/EngineMaterials/T_Default_Material_Grid_N.uexp" 654
"../../../Engine/Content/EngineMaterials/WorldGridMaterial.uasset" 655
"../../../Engine/Content/EngineMaterials/WorldGridMaterial.uexp" 656
"../../../Engine/Content/ArtTools/RenderToTexture/Meshes/S_1_Unit_Plane.ubulk" 657
"../../../Engine/Content/ArtTools/RenderToTexture/Meshes/S_1_Unit_Plane.uasset" 658
"../../../Engine/Content/ArtTools/RenderToTexture/Meshes/S_1_Unit_Plane.uexp" 659
"../../../Engine/Content/EngineMaterials/Substrate/GLints/AGlintTex2dArray.uasset" 660
"../../../Engine/Content/EngineMaterials/Substrate/GLints/AGlintTex2dArray.uexp" 661
"../../../Engine/Content/EngineMaterials/Substrate/Glints2/AGlintTex2dArray2.uasset" 662
"../../../Engine/Content/EngineMaterials/Substrate/Glints2/AGlintTex2dArray2.uexp" 663
"../../../Engine/Content/EngineMaterials/Substrate/Volume/SubstrateSimpleVolumeEnvLUT3D.uasset" 664
"../../../Engine/Content/EngineMaterials/Substrate/Volume/SubstrateSimpleVolumeEnvLUT3D.uexp" 665
"../../../Engine/Content/EngineMaterials/Substrate/Volume/SubstrateSimpleVolumeLUT3D.uasset" 666
"../../../Engine/Content/EngineMaterials/Substrate/Volume/SubstrateSimpleVolumeLUT3D.uexp" 667
"../../../Engine/Content/EditorMaterials/Camera/CineMat.uasset" 668
"../../../Engine/Content/EditorMaterials/Camera/CineMat.uexp" 669
"../../../Engine/Content/EditorMaterials/Camera/MI_CineMat_Rig.uasset" 670
"../../../Engine/Content/EditorMaterials/Camera/MI_CineMat_Rig.uexp" 671
"../../../Engine/Content/EditorMeshes/Camera/SM_CraneRig_Arm.ubulk" 672
"../../../Engine/Content/EditorMeshes/Camera/SM_CraneRig_Arm.uasset" 673
"../../../Engine/Content/EditorMeshes/Camera/SM_CraneRig_Arm.uexp" 674
"../../../Engine/Content/EditorMeshes/Camera/SM_CraneRig_Base.ubulk" 675
"../../../Engine/Content/EditorMeshes/Camera/SM_CraneRig_Base.uasset" 676
"../../../Engine/Content/EditorMeshes/Camera/SM_CraneRig_Base.uexp" 677
"../../../Engine/Content/EditorMeshes/Camera/SM_CraneRig_Body.ubulk" 678
"../../../Engine/Content/EditorMeshes/Camera/SM_CraneRig_Body.uasset" 679
"../../../Engine/Content/EditorMeshes/Camera/SM_CraneRig_Body.uexp" 680
"../../../Engine/Content/EditorMeshes/Camera/SM_CraneRig_Mount.ubulk" 681
"../../../Engine/Content/EditorMeshes/Camera/SM_CraneRig_Mount.uasset" 682
"../../../Engine/Content/EditorMeshes/Camera/SM_CraneRig_Mount.uexp" 683
"../../../Engine/Content/EditorMeshes/Camera/SM_RailRig_Mount.ubulk" 684
"../../../Engine/Content/EditorMeshes/Camera/SM_RailRig_Mount.uasset" 685
"../../../Engine/Content/EditorMeshes/Camera/SM_RailRig_Mount.uexp" 686
"../../../Engine/Content/EditorMeshes/Camera/SM_RailRig_Track.ubulk" 687
"../../../Engine/Content/EditorMeshes/Camera/SM_RailRig_Track.uasset" 688
"../../../Engine/Content/EditorMeshes/Camera/SM_RailRig_Track.uexp" 689
"../../../Engine/Content/VREditor/TransformGizmo/TranslucentTransformGizmoMaterial.uasset" 690
"../../../Engine/Content/VREditor/TransformGizmo/TranslucentTransformGizmoMaterial.uexp" 691
"../../../Engine/Content/VREditor/LaserPointer/VR_LaserPower_01.ubulk" 692
"../../../Engine/Content/VREditor/LaserPointer/VR_LaserPower_01.uasset" 693
"../../../Engine/Content/VREditor/LaserPointer/VR_LaserPower_01.uexp" 694
"../../../Engine/Content/VREditor/TransformGizmo/TransformGizmoMaterial.uasset" 695
"../../../Engine/Content/VREditor/TransformGizmo/TransformGizmoMaterial.uexp" 696
"../../../Engine/Content/VREditor/TransformGizmo/BoundingBoxCorner.ubulk" 697
"../../../Engine/Content/VREditor/TransformGizmo/BoundingBoxCorner.uasset" 698
"../../../Engine/Content/VREditor/TransformGizmo/BoundingBoxCorner.uexp" 699
"../../../Engine/Content/VREditor/TransformGizmo/BoundingBoxEdge.ubulk" 700
"../../../Engine/Content/VREditor/TransformGizmo/BoundingBoxEdge.uasset" 701
"../../../Engine/Content/VREditor/TransformGizmo/BoundingBoxEdge.uexp" 702
"../../../Engine/Content/VREditor/TransformGizmo/Xray.uasset" 703
"../../../Engine/Content/VREditor/TransformGizmo/Xray.uexp" 704
"../../../Engine/Content/VREditor/TransformGizmo/Main.uasset" 705
"../../../Engine/Content/VREditor/TransformGizmo/Main.uexp" 706
"../../../Engine/Content/VREditor/TransformGizmo/SM_Sequencer_Node.ubulk" 707
"../../../Engine/Content/VREditor/TransformGizmo/SM_Sequencer_Node.uasset" 708
"../../../Engine/Content/VREditor/TransformGizmo/SM_Sequencer_Node.uexp" 709
"../../../Engine/Content/Functions/Engine_MaterialFunctions02/Math/Transform3x3Matrix.uasset" 710
"../../../Engine/Content/Functions/Engine_MaterialFunctions02/Math/Transform3x3Matrix.uexp" 711
"../../../Engine/Plugins/Interchange/Assets/Content/Utilities/New_LUT.uasset" 712
"../../../Engine/Plugins/Interchange/Assets/Content/Utilities/New_LUT.uexp" 713
"../../../Engine/Content/Functions/Engine_MaterialFunctions03/Math/RemapValueRange.uasset" 714
"../../../Engine/Content/Functions/Engine_MaterialFunctions03/Math/RemapValueRange.uexp" 715
"../../../Engine/Plugins/Interchange/Assets/Content/Functions/MF_Iridescence.uasset" 716
"../../../Engine/Plugins/Interchange/Assets/Content/Functions/MF_Iridescence.uexp" 717
"../../../Engine/Plugins/Interchange/Assets/Content/gltf/Textures/T_White_srgb.uasset" 718
"../../../Engine/Plugins/Interchange/Assets/Content/gltf/Textures/T_White_srgb.uexp" 719
"../../../Engine/Plugins/Interchange/Assets/Content/gltf/MaterialFunctions/MF_BaseColor.uasset" 720
"../../../Engine/Plugins/Interchange/Assets/Content/gltf/MaterialFunctions/MF_BaseColor.uexp" 721
"../../../Engine/Plugins/Interchange/Assets/Content/gltf/MaterialFunctions/MF_RotateV2.uasset" 722
"../../../Engine/Plugins/Interchange/Assets/Content/gltf/MaterialFunctions/MF_RotateV2.uexp" 723
"../../../Engine/Plugins/Interchange/Assets/Content/gltf/MaterialFunctions/MF_TransformUVs.uasset" 724
"../../../Engine/Plugins/Interchange/Assets/Content/gltf/MaterialFunctions/MF_TransformUVs.uexp" 725
"../../../Engine/Plugins/Interchange/Assets/Content/gltf/MaterialFunctions/MF_IOR.uasset" 726
"../../../Engine/Plugins/Interchange/Assets/Content/gltf/MaterialFunctions/MF_IOR.uexp" 727
"../../../Engine/Plugins/Interchange/Assets/Content/gltf/MaterialFunctions/MF_Iridescence.uasset" 728
"../../../Engine/Plugins/Interchange/Assets/Content/gltf/MaterialFunctions/MF_Iridescence.uexp" 729
"../../../Engine/Plugins/Interchange/Assets/Content/gltf/Textures/T_White_Linear.uasset" 730
"../../../Engine/Plugins/Interchange/Assets/Content/gltf/Textures/T_White_Linear.uexp" 731
"../../../Engine/Plugins/Interchange/Assets/Content/gltf/MaterialFunctions/MF_MetallicRoughness.uasset" 732
"../../../Engine/Plugins/Interchange/Assets/Content/gltf/MaterialFunctions/MF_MetallicRoughness.uexp" 733
"../../../Engine/Plugins/Interchange/Assets/Content/gltf/MaterialFunctions/MF_RotateNormals_TS.uasset" 734
"../../../Engine/Plugins/Interchange/Assets/Content/gltf/MaterialFunctions/MF_RotateNormals_TS.uexp" 735
"../../../Engine/Plugins/Interchange/Assets/Content/gltf/MaterialFunctions/MF_ScaleNormal.uasset" 736
"../../../Engine/Plugins/Interchange/Assets/Content/gltf/MaterialFunctions/MF_ScaleNormal.uexp" 737
"../../../Engine/Plugins/Interchange/Assets/Content/gltf/Textures/T_Generic_N.uasset" 738
"../../../Engine/Plugins/Interchange/Assets/Content/gltf/Textures/T_Generic_N.uexp" 739
"../../../Engine/Plugins/Interchange/Assets/Content/gltf/MaterialFunctions/MF_Normals.uasset" 740
"../../../Engine/Plugins/Interchange/Assets/Content/gltf/MaterialFunctions/MF_Normals.uexp" 741
"../../../Engine/Plugins/Interchange/Assets/Content/gltf/MaterialFunctions/MF_Occlusion.uasset" 742
"../../../Engine/Plugins/Interchange/Assets/Content/gltf/MaterialFunctions/MF_Occlusion.uexp" 743
"../../../Engine/Plugins/Interchange/Assets/Content/gltf/MaterialFunctions/MF_Specular.uasset" 744
"../../../Engine/Plugins/Interchange/Assets/Content/gltf/MaterialFunctions/MF_Specular.uexp" 745
"../../../Engine/Plugins/Interchange/Assets/Content/gltf/Textures/T_Anisotropy_Direction_Linear.uasset" 746
"../../../Engine/Plugins/Interchange/Assets/Content/gltf/Textures/T_Anisotropy_Direction_Linear.uexp" 747
"../../../Engine/Plugins/Interchange/Assets/Content/gltf/MaterialFunctions/MF_SpecularAnisotropy.uasset" 748
"../../../Engine/Plugins/Interchange/Assets/Content/gltf/MaterialFunctions/MF_SpecularAnisotropy.uexp" 749
"../../../Engine/Plugins/Interchange/Assets/Content/gltf/MaterialFunctions/MF_Emissive.uasset" 750
"../../../Engine/Plugins/Interchange/Assets/Content/gltf/MaterialFunctions/MF_Emissive.uexp" 751
"../../../Engine/Plugins/Interchange/Assets/Content/gltf/MaterialFunctions/MF_Clearcoat.uasset" 752
"../../../Engine/Plugins/Interchange/Assets/Content/gltf/MaterialFunctions/MF_Clearcoat.uexp" 753
"../../../Engine/Plugins/Interchange/Assets/Content/gltf/MaterialBodies/MF_ClearCoat_Body.uasset" 754
"../../../Engine/Plugins/Interchange/Assets/Content/gltf/MaterialBodies/MF_ClearCoat_Body.uexp" 755
"../../../Engine/Plugins/Interchange/Assets/Content/gltf/M_ClearCoat.uasset" 756
"../../../Engine/Plugins/Interchange/Assets/Content/gltf/M_ClearCoat.uexp" 757
"../../../Engine/Plugins/Interchange/Assets/Content/gltf/MaterialInstances/MI_ClearCoat_Blend_DS.uasset" 758
"../../../Engine/Plugins/Interchange/Assets/Content/gltf/MaterialInstances/MI_ClearCoat_Blend_DS.uexp" 759
"../../../Engine/Plugins/Interchange/Assets/Content/gltf/MaterialInstances/MI_ClearCoat_Mask.uasset" 760
"../../../Engine/Plugins/Interchange/Assets/Content/gltf/MaterialInstances/MI_ClearCoat_Mask.uexp" 761
"../../../Engine/Plugins/Interchange/Assets/Content/gltf/MaterialInstances/MI_ClearCoat_Mask_DS.uasset" 762
"../../../Engine/Plugins/Interchange/Assets/Content/gltf/MaterialInstances/MI_ClearCoat_Mask_DS.uexp" 763
"../../../Engine/Plugins/Interchange/Assets/Content/gltf/MaterialInstances/MI_ClearCoat_Opaque.uasset" 764
"../../../Engine/Plugins/Interchange/Assets/Content/gltf/MaterialInstances/MI_ClearCoat_Opaque.uexp" 765
"../../../Engine/Plugins/Interchange/Assets/Content/gltf/MaterialInstances/MI_ClearCoat_Opaque_DS.uasset" 766
"../../../Engine/Plugins/Interchange/Assets/Content/gltf/MaterialInstances/MI_ClearCoat_Opaque_DS.uexp" 767
"../../../Engine/Plugins/Interchange/Assets/Content/gltf/MaterialBodies/MF_Default_Body.uasset" 768
"../../../Engine/Plugins/Interchange/Assets/Content/gltf/MaterialBodies/MF_Default_Body.uexp" 769
"../../../Engine/Plugins/Interchange/Assets/Content/gltf/M_Default.uasset" 770
"../../../Engine/Plugins/Interchange/Assets/Content/gltf/M_Default.uexp" 771
"../../../Engine/Plugins/Interchange/Assets/Content/gltf/MaterialInstances/MI_Default_Blend.uasset" 772
"../../../Engine/Plugins/Interchange/Assets/Content/gltf/MaterialInstances/MI_Default_Blend.uexp" 773
"../../../Engine/Plugins/Interchange/Assets/Content/gltf/MaterialInstances/MI_Default_Mask.uasset" 774
"../../../Engine/Plugins/Interchange/Assets/Content/gltf/MaterialInstances/MI_Default_Mask.uexp" 775
"../../../Engine/Plugins/Interchange/Assets/Content/gltf/MaterialInstances/MI_Default_Mask_DS.uasset" 776
"../../../Engine/Plugins/Interchange/Assets/Content/gltf/MaterialInstances/MI_Default_Mask_DS.uexp" 777
"../../../Engine/Plugins/Interchange/Assets/Content/gltf/MaterialInstances/MI_Default_Opaque.uasset" 778
"../../../Engine/Plugins/Interchange/Assets/Content/gltf/MaterialInstances/MI_Default_Opaque.uexp" 779
"../../../Engine/Plugins/Interchange/Assets/Content/gltf/MaterialFunctions/MF_Sheen.uasset" 780
"../../../Engine/Plugins/Interchange/Assets/Content/gltf/MaterialFunctions/MF_Sheen.uexp" 781
"../../../Engine/Plugins/Interchange/Assets/Content/gltf/MaterialBodies/MF_Sheen_Body.uasset" 782
"../../../Engine/Plugins/Interchange/Assets/Content/gltf/MaterialBodies/MF_Sheen_Body.uexp" 783
"../../../Engine/Plugins/Interchange/Assets/Content/gltf/M_Sheen.uasset" 784
"../../../Engine/Plugins/Interchange/Assets/Content/gltf/M_Sheen.uexp" 785
"../../../Engine/Plugins/Interchange/Assets/Content/gltf/MaterialInstances/MI_Sheen_Blend.uasset" 786
"../../../Engine/Plugins/Interchange/Assets/Content/gltf/MaterialInstances/MI_Sheen_Blend.uexp" 787
"../../../Engine/Plugins/Interchange/Assets/Content/gltf/MaterialInstances/MI_Sheen_Blend_DS.uasset" 788
"../../../Engine/Plugins/Interchange/Assets/Content/gltf/MaterialInstances/MI_Sheen_Blend_DS.uexp" 789
"../../../Engine/Plugins/Interchange/Assets/Content/gltf/MaterialInstances/MI_Sheen_Mask.uasset" 790
"../../../Engine/Plugins/Interchange/Assets/Content/gltf/MaterialInstances/MI_Sheen_Mask.uexp" 791
"../../../Engine/Plugins/Interchange/Assets/Content/gltf/MaterialInstances/MI_Sheen_Mask_DS.uasset" 792
"../../../Engine/Plugins/Interchange/Assets/Content/gltf/MaterialInstances/MI_Sheen_Mask_DS.uexp" 793
"../../../Engine/Plugins/Interchange/Assets/Content/gltf/MaterialInstances/MI_Sheen_Opaque.uasset" 794
"../../../Engine/Plugins/Interchange/Assets/Content/gltf/MaterialInstances/MI_Sheen_Opaque.uexp" 795
"../../../Engine/Plugins/Interchange/Assets/Content/gltf/MaterialInstances/MI_Sheen_Opaque_DS.uasset" 796
"../../../Engine/Plugins/Interchange/Assets/Content/gltf/MaterialInstances/MI_Sheen_Opaque_DS.uexp" 797
"../../../Engine/Content/Functions/Engine_MaterialFunctions02/Math/AddComponents.uasset" 798
"../../../Engine/Content/Functions/Engine_MaterialFunctions02/Math/AddComponents.uexp" 799
"../../../Engine/Plugins/Interchange/Assets/Content/gltf/MaterialFunctions/MF_DiffuseSpecGloss.uasset" 800
"../../../Engine/Plugins/Interchange/Assets/Content/gltf/MaterialFunctions/MF_DiffuseSpecGloss.uexp" 801
"../../../Engine/Plugins/Interchange/Assets/Content/gltf/MaterialFunctions/MF_MaxComponentValue.uasset" 802
"../../../Engine/Plugins/Interchange/Assets/Content/gltf/MaterialFunctions/MF_MaxComponentValue.uexp" 803
"../../../Engine/Plugins/Interchange/Assets/Content/gltf/MaterialFunctions/MF_PerceivedBrightness.uasset" 804
"../../../Engine/Plugins/Interchange/Assets/Content/gltf/MaterialFunctions/MF_PerceivedBrightness.uexp" 805
"../../../Engine/Plugins/Interchange/Assets/Content/gltf/MaterialFunctions/MF_SpecGlossToMetalRoughness.uasset" 806
"../../../Engine/Plugins/Interchange/Assets/Content/gltf/MaterialFunctions/MF_SpecGlossToMetalRoughness.uexp" 807
"../../../Engine/Plugins/Interchange/Assets/Content/gltf/MaterialBodies/MF_SpecularGlossiness_Body.uasset" 808
"../../../Engine/Plugins/Interchange/Assets/Content/gltf/MaterialBodies/MF_SpecularGlossiness_Body.uexp" 809
"../../../Engine/Plugins/Interchange/Assets/Content/gltf/M_SpecularGlossiness.uasset" 810
"../../../Engine/Plugins/Interchange/Assets/Content/gltf/M_SpecularGlossiness.uexp" 811
"../../../Engine/Plugins/Interchange/Assets/Content/gltf/MaterialInstances/MI_SpecularGlossiness_Blend.uasset" 812
"../../../Engine/Plugins/Interchange/Assets/Content/gltf/MaterialInstances/MI_SpecularGlossiness_Blend.uexp" 813
"../../../Engine/Plugins/Interchange/Assets/Content/gltf/MaterialInstances/MI_SpecularGlossiness_Blend_DS.uasset" 814
"../../../Engine/Plugins/Interchange/Assets/Content/gltf/MaterialInstances/MI_SpecularGlossiness_Blend_DS.uexp" 815
"../../../Engine/Plugins/Interchange/Assets/Content/gltf/MaterialInstances/MI_SpecularGlossiness_Mask.uasset" 816
"../../../Engine/Plugins/Interchange/Assets/Content/gltf/MaterialInstances/MI_SpecularGlossiness_Mask.uexp" 817
"../../../Engine/Plugins/Interchange/Assets/Content/gltf/MaterialInstances/MI_SpecularGlossiness_Mask_DS.uasset" 818
"../../../Engine/Plugins/Interchange/Assets/Content/gltf/MaterialInstances/MI_SpecularGlossiness_Mask_DS.uexp" 819
"../../../Engine/Plugins/Interchange/Assets/Content/gltf/MaterialInstances/MI_SpecularGlossiness_Opaque.uasset" 820
"../../../Engine/Plugins/Interchange/Assets/Content/gltf/MaterialInstances/MI_SpecularGlossiness_Opaque.uexp" 821
"../../../Engine/Plugins/Interchange/Assets/Content/gltf/MaterialInstances/MI_SpecularGlossiness_Opaque_DS.uasset" 822
"../../../Engine/Plugins/Interchange/Assets/Content/gltf/MaterialInstances/MI_SpecularGlossiness_Opaque_DS.uexp" 823
"../../../Engine/Plugins/Interchange/Assets/Content/gltf/MaterialFunctions/MF_Fresnel_DS.uasset" 824
"../../../Engine/Plugins/Interchange/Assets/Content/gltf/MaterialFunctions/MF_Fresnel_DS.uexp" 825
"../../../Engine/Plugins/Interchange/Assets/Content/gltf/MaterialFunctions/MF_Temporal_Blur.uasset" 826
"../../../Engine/Plugins/Interchange/Assets/Content/gltf/MaterialFunctions/MF_Temporal_Blur.uexp" 827
"../../../Engine/Plugins/Interchange/Assets/Content/gltf/MaterialFunctions/MF_Transmission.uasset" 828
"../../../Engine/Plugins/Interchange/Assets/Content/gltf/MaterialFunctions/MF_Transmission.uexp" 829
"../../../Engine/Plugins/Interchange/Assets/Content/gltf/MaterialBodies/MF_Transmission_Body.uasset" 830
"../../../Engine/Plugins/Interchange/Assets/Content/gltf/MaterialBodies/MF_Transmission_Body.uexp" 831
"../../../Engine/Plugins/Interchange/Assets/Content/gltf/M_Transmission.uasset" 832
"../../../Engine/Plugins/Interchange/Assets/Content/gltf/M_Transmission.uexp" 833
"../../../Engine/Plugins/Interchange/Assets/Content/gltf/MaterialInstances/MI_Transmission.uasset" 834
"../../../Engine/Plugins/Interchange/Assets/Content/gltf/MaterialInstances/MI_Transmission.uexp" 835
"../../../Engine/Plugins/Interchange/Assets/Content/gltf/MaterialInstances/MI_Transmission_DS.uasset" 836
"../../../Engine/Plugins/Interchange/Assets/Content/gltf/MaterialInstances/MI_Transmission_DS.uexp" 837
"../../../Engine/Plugins/Interchange/Assets/Content/gltf/MaterialBodies/MF_Unlit_Body.uasset" 838
"../../../Engine/Plugins/Interchange/Assets/Content/gltf/MaterialBodies/MF_Unlit_Body.uexp" 839
"../../../Engine/Plugins/Interchange/Assets/Content/gltf/M_Unlit.uasset" 840
"../../../Engine/Plugins/Interchange/Assets/Content/gltf/M_Unlit.uexp" 841
"../../../Engine/Plugins/Interchange/Assets/Content/gltf/MaterialInstances/MI_Unlit_Blend.uasset" 842
"../../../Engine/Plugins/Interchange/Assets/Content/gltf/MaterialInstances/MI_Unlit_Blend.uexp" 843
"../../../Engine/Plugins/Interchange/Assets/Content/gltf/MaterialInstances/MI_Unlit_Blend_DS.uasset" 844
"../../../Engine/Plugins/Interchange/Assets/Content/gltf/MaterialInstances/MI_Unlit_Blend_DS.uexp" 845
"../../../Engine/Plugins/Interchange/Assets/Content/gltf/MaterialInstances/MI_Unlit_Mask.uasset" 846
"../../../Engine/Plugins/Interchange/Assets/Content/gltf/MaterialInstances/MI_Unlit_Mask.uexp" 847
"../../../Engine/Plugins/Interchange/Assets/Content/gltf/MaterialInstances/MI_Unlit_Mask_DS.uasset" 848
"../../../Engine/Plugins/Interchange/Assets/Content/gltf/MaterialInstances/MI_Unlit_Mask_DS.uexp" 849
"../../../Engine/Plugins/Interchange/Assets/Content/gltf/MaterialInstances/MI_Unlit_Opaque.uasset" 850
"../../../Engine/Plugins/Interchange/Assets/Content/gltf/MaterialInstances/MI_Unlit_Opaque.uexp" 851
"../../../Engine/Plugins/Interchange/Assets/Content/gltf/MaterialInstances/MI_Unlit_Opaque_DS.uasset" 852
"../../../Engine/Plugins/Interchange/Assets/Content/gltf/MaterialInstances/MI_Unlit_Opaque_DS.uexp" 853
"../../../Engine/Content/EngineMaterials/WeightMapPlaceholderTexture.uasset" 854
"../../../Engine/Content/EngineMaterials/WeightMapPlaceholderTexture.uexp" 855
"../../../Engine/Content/EngineMaterials/WeightMapArrayPlaceholderTexture.uasset" 856
"../../../Engine/Content/EngineMaterials/WeightMapArrayPlaceholderTexture.uexp" 857
"../../../Engine/Content/EngineResources/WhiteSquareTexture.uasset" 858
"../../../Engine/Content/EngineResources/WhiteSquareTexture.uexp" 859
"../../../Engine/Content/EngineMaterials/Widget3DPassThrough.uasset" 860
"../../../Engine/Content/EngineMaterials/Widget3DPassThrough.uexp" 861
"../../../Engine/Content/EngineMaterials/Widget3DPassThrough_Masked.uasset" 862
"../../../Engine/Content/EngineMaterials/Widget3DPassThrough_Masked.uexp" 863
"../../../Engine/Content/EngineMaterials/Widget3DPassThrough_Opaque.uasset" 864
"../../../Engine/Content/EngineMaterials/Widget3DPassThrough_Opaque.uexp" 865
"../../../Engine/Content/EngineMaterials/Widget3DPassThrough_Masked_OneSided.uasset" 866
"../../../Engine/Content/EngineMaterials/Widget3DPassThrough_Masked_OneSided.uexp" 867
"../../../Engine/Content/EngineMaterials/Widget3DPassThrough_Opaque_OneSided.uasset" 868
"../../../Engine/Content/EngineMaterials/Widget3DPassThrough_Opaque_OneSided.uexp" 869
"../../../Engine/Content/EngineMaterials/Widget3DPassThrough_Translucent.uasset" 870
"../../../Engine/Content/EngineMaterials/Widget3DPassThrough_Translucent.uexp" 871
"../../../Engine/Content/EngineMaterials/Widget3DPassThrough_Translucent_OneSided.uasset" 872
"../../../Engine/Content/EngineMaterials/Widget3DPassThrough_Translucent_OneSided.uexp" 873
"../../../Engine/Plugins/Animation/ControlRig/Content/Controls/ControlRig_Arrow2_1mm.ubulk" 874
"../../../Engine/Plugins/Animation/ControlRig/Content/Controls/ControlRig_Arrow2_1mm.uasset" 875
"../../../Engine/Plugins/Animation/ControlRig/Content/Controls/ControlRig_Arrow2_1mm.uexp" 876
"../../../Engine/Plugins/Animation/ControlRig/Content/Controls/ControlRig_Arrow2_3mm.ubulk" 877
"../../../Engine/Plugins/Animation/ControlRig/Content/Controls/ControlRig_Arrow2_3mm.uasset" 878
"../../../Engine/Plugins/Animation/ControlRig/Content/Controls/ControlRig_Arrow2_3mm.uexp" 879
"../../../Engine/Plugins/Animation/ControlRig/Content/Controls/ControlRig_Arrow2_solid.ubulk" 880
"../../../Engine/Plugins/Animation/ControlRig/Content/Controls/ControlRig_Arrow2_solid.uasset" 881
"../../../Engine/Plugins/Animation/ControlRig/Content/Controls/ControlRig_Arrow2_solid.uexp" 882
"../../../Engine/Plugins/Animation/ControlRig/Content/Controls/ControlRig_Arrow4_1mm.ubulk" 883
"../../../Engine/Plugins/Animation/ControlRig/Content/Controls/ControlRig_Arrow4_1mm.uasset" 884
"../../../Engine/Plugins/Animation/ControlRig/Content/Controls/ControlRig_Arrow4_1mm.uexp" 885
"../../../Engine/Plugins/Animation/ControlRig/Content/Controls/ControlRig_Arrow4_3mm.ubulk" 886
"../../../Engine/Plugins/Animation/ControlRig/Content/Controls/ControlRig_Arrow4_3mm.uasset" 887
"../../../Engine/Plugins/Animation/ControlRig/Content/Controls/ControlRig_Arrow4_3mm.uexp" 888
"../../../Engine/Plugins/Animation/ControlRig/Content/Controls/ControlRig_Arrow4_solid.ubulk" 889
"../../../Engine/Plugins/Animation/ControlRig/Content/Controls/ControlRig_Arrow4_solid.uasset" 890
"../../../Engine/Plugins/Animation/ControlRig/Content/Controls/ControlRig_Arrow4_solid.uexp" 891
"../../../Engine/Plugins/Animation/ControlRig/Content/Controls/ControlRig_Arrow_1mm.ubulk" 892
"../../../Engine/Plugins/Animation/ControlRig/Content/Controls/ControlRig_Arrow_1mm.uasset" 893
"../../../Engine/Plugins/Animation/ControlRig/Content/Controls/ControlRig_Arrow_1mm.uexp" 894
"../../../Engine/Plugins/Animation/ControlRig/Content/Controls/ControlRig_Arrow_3mm.ubulk" 895
"../../../Engine/Plugins/Animation/ControlRig/Content/Controls/ControlRig_Arrow_3mm.uasset" 896
"../../../Engine/Plugins/Animation/ControlRig/Content/Controls/ControlRig_Arrow_3mm.uexp" 897
"../../../Engine/Plugins/Animation/ControlRig/Content/Controls/ControlRig_Arrow_solid.ubulk" 898
"../../../Engine/Plugins/Animation/ControlRig/Content/Controls/ControlRig_Arrow_solid.uasset" 899
"../../../Engine/Plugins/Animation/ControlRig/Content/Controls/ControlRig_Arrow_solid.uexp" 900
"../../../Engine/Plugins/Animation/ControlRig/Content/Controls/ControlRig_Box_1mm.ubulk" 901
"../../../Engine/Plugins/Animation/ControlRig/Content/Controls/ControlRig_Box_1mm.uasset" 902
"../../../Engine/Plugins/Animation/ControlRig/Content/Controls/ControlRig_Box_1mm.uexp" 903
"../../../Engine/Plugins/Animation/ControlRig/Content/Controls/ControlRig_Box_3mm.ubulk" 904
"../../../Engine/Plugins/Animation/ControlRig/Content/Controls/ControlRig_Box_3mm.uasset" 905
"../../../Engine/Plugins/Animation/ControlRig/Content/Controls/ControlRig_Box_3mm.uexp" 906
"../../../Engine/Plugins/Animation/ControlRig/Content/Controls/ControlRig_Box_solid.ubulk" 907
"../../../Engine/Plugins/Animation/ControlRig/Content/Controls/ControlRig_Box_solid.uasset" 908
"../../../Engine/Plugins/Animation/ControlRig/Content/Controls/ControlRig_Box_solid.uexp" 909
"../../../Engine/Plugins/Animation/ControlRig/Content/Controls/ControlRig_Circle_1mm.ubulk" 910
"../../../Engine/Plugins/Animation/ControlRig/Content/Controls/ControlRig_Circle_1mm.uasset" 911
"../../../Engine/Plugins/Animation/ControlRig/Content/Controls/ControlRig_Circle_1mm.uexp" 912
"../../../Engine/Plugins/Animation/ControlRig/Content/Controls/ControlRig_Circle_3mm.ubulk" 913
"../../../Engine/Plugins/Animation/ControlRig/Content/Controls/ControlRig_Circle_3mm.uasset" 914
"../../../Engine/Plugins/Animation/ControlRig/Content/Controls/ControlRig_Circle_3mm.uexp" 915
"../../../Engine/Plugins/Animation/ControlRig/Content/Controls/ControlRig_Circle_solid.ubulk" 916
"../../../Engine/Plugins/Animation/ControlRig/Content/Controls/ControlRig_Circle_solid.uasset" 917
"../../../Engine/Plugins/Animation/ControlRig/Content/Controls/ControlRig_Circle_solid.uexp" 918
"../../../Engine/Plugins/Animation/ControlRig/Content/Controls/ControlRig_Diamond_1mm.ubulk" 919
"../../../Engine/Plugins/Animation/ControlRig/Content/Controls/ControlRig_Diamond_1mm.uasset" 920
"../../../Engine/Plugins/Animation/ControlRig/Content/Controls/ControlRig_Diamond_1mm.uexp" 921
"../../../Engine/Plugins/Animation/ControlRig/Content/Controls/ControlRig_Diamond_3mm.ubulk" 922
"../../../Engine/Plugins/Animation/ControlRig/Content/Controls/ControlRig_Diamond_3mm.uasset" 923
"../../../Engine/Plugins/Animation/ControlRig/Content/Controls/ControlRig_Diamond_3mm.uexp" 924
"../../../Engine/Plugins/Animation/ControlRig/Content/Controls/ControlRig_Diamond_solid.ubulk" 925
"../../../Engine/Plugins/Animation/ControlRig/Content/Controls/ControlRig_Diamond_solid.uasset" 926
"../../../Engine/Plugins/Animation/ControlRig/Content/Controls/ControlRig_Diamond_solid.uexp" 927
"../../../Engine/Plugins/Animation/ControlRig/Content/Controls/ControlRig_HalfCircle_1mm.ubulk" 928
"../../../Engine/Plugins/Animation/ControlRig/Content/Controls/ControlRig_HalfCircle_1mm.uasset" 929
"../../../Engine/Plugins/Animation/ControlRig/Content/Controls/ControlRig_HalfCircle_1mm.uexp" 930
"../../../Engine/Plugins/Animation/ControlRig/Content/Controls/ControlRig_HalfCircle_3mm.ubulk" 931
"../../../Engine/Plugins/Animation/ControlRig/Content/Controls/ControlRig_HalfCircle_3mm.uasset" 932
"../../../Engine/Plugins/Animation/ControlRig/Content/Controls/ControlRig_HalfCircle_3mm.uexp" 933
"../../../Engine/Plugins/Animation/ControlRig/Content/Controls/ControlRig_HalfCircle_solid.ubulk" 934
"../../../Engine/Plugins/Animation/ControlRig/Content/Controls/ControlRig_HalfCircle_solid.uasset" 935
"../../../Engine/Plugins/Animation/ControlRig/Content/Controls/ControlRig_HalfCircle_solid.uexp" 936
"../../../Engine/Plugins/Animation/ControlRig/Content/Controls/ControlRig_Hexagon_1mm.ubulk" 937
"../../../Engine/Plugins/Animation/ControlRig/Content/Controls/ControlRig_Hexagon_1mm.uasset" 938
"../../../Engine/Plugins/Animation/ControlRig/Content/Controls/ControlRig_Hexagon_1mm.uexp" 939
"../../../Engine/Plugins/Animation/ControlRig/Content/Controls/ControlRig_Hexagon_3mm.ubulk" 940
"../../../Engine/Plugins/Animation/ControlRig/Content/Controls/ControlRig_Hexagon_3mm.uasset" 941
"../../../Engine/Plugins/Animation/ControlRig/Content/Controls/ControlRig_Hexagon_3mm.uexp" 942
"../../../Engine/Plugins/Animation/ControlRig/Content/Controls/ControlRig_Hexagon_solid.ubulk" 943
"../../../Engine/Plugins/Animation/ControlRig/Content/Controls/ControlRig_Hexagon_solid.uasset" 944
"../../../Engine/Plugins/Animation/ControlRig/Content/Controls/ControlRig_Hexagon_solid.uexp" 945
"../../../Engine/Plugins/Animation/ControlRig/Content/Controls/ControlRig_Octagon_1mm.ubulk" 946
"../../../Engine/Plugins/Animation/ControlRig/Content/Controls/ControlRig_Octagon_1mm.uasset" 947
"../../../Engine/Plugins/Animation/ControlRig/Content/Controls/ControlRig_Octagon_1mm.uexp" 948
"../../../Engine/Plugins/Animation/ControlRig/Content/Controls/ControlRig_Octagon_3mm.ubulk" 949
"../../../Engine/Plugins/Animation/ControlRig/Content/Controls/ControlRig_Octagon_3mm.uasset" 950
"../../../Engine/Plugins/Animation/ControlRig/Content/Controls/ControlRig_Octagon_3mm.uexp" 951
"../../../Engine/Plugins/Animation/ControlRig/Content/Controls/ControlRig_Octagon_solid.ubulk" 952
"../../../Engine/Plugins/Animation/ControlRig/Content/Controls/ControlRig_Octagon_solid.uasset" 953
"../../../Engine/Plugins/Animation/ControlRig/Content/Controls/ControlRig_Octagon_solid.uexp" 954
"../../../Engine/Plugins/Animation/ControlRig/Content/Controls/ControlRig_Pyramid_1mm.ubulk" 955
"../../../Engine/Plugins/Animation/ControlRig/Content/Controls/ControlRig_Pyramid_1mm.uasset" 956
"../../../Engine/Plugins/Animation/ControlRig/Content/Controls/ControlRig_Pyramid_1mm.uexp" 957
"../../../Engine/Plugins/Animation/ControlRig/Content/Controls/ControlRig_Pyramid_3mm.ubulk" 958
"../../../Engine/Plugins/Animation/ControlRig/Content/Controls/ControlRig_Pyramid_3mm.uasset" 959
"../../../Engine/Plugins/Animation/ControlRig/Content/Controls/ControlRig_Pyramid_3mm.uexp" 960
"../../../Engine/Plugins/Animation/ControlRig/Content/Controls/ControlRig_Pyramid_solid.ubulk" 961
"../../../Engine/Plugins/Animation/ControlRig/Content/Controls/ControlRig_Pyramid_solid.uasset" 962
"../../../Engine/Plugins/Animation/ControlRig/Content/Controls/ControlRig_Pyramid_solid.uexp" 963
"../../../Engine/Plugins/Animation/ControlRig/Content/Controls/ControlRig_QuarterCircle_1mm.ubulk" 964
"../../../Engine/Plugins/Animation/ControlRig/Content/Controls/ControlRig_QuarterCircle_1mm.uasset" 965
"../../../Engine/Plugins/Animation/ControlRig/Content/Controls/ControlRig_QuarterCircle_1mm.uexp" 966
"../../../Engine/Plugins/Animation/ControlRig/Content/Controls/ControlRig_QuarterCircle_3mm.ubulk" 967
"../../../Engine/Plugins/Animation/ControlRig/Content/Controls/ControlRig_QuarterCircle_3mm.uasset" 968
"../../../Engine/Plugins/Animation/ControlRig/Content/Controls/ControlRig_QuarterCircle_3mm.uexp" 969
"../../../Engine/Plugins/Animation/ControlRig/Content/Controls/ControlRig_QuarterCircle_solid.ubulk" 970
"../../../Engine/Plugins/Animation/ControlRig/Content/Controls/ControlRig_QuarterCircle_solid.uasset" 971
"../../../Engine/Plugins/Animation/ControlRig/Content/Controls/ControlRig_QuarterCircle_solid.uexp" 972
"../../../Engine/Plugins/Animation/ControlRig/Content/Controls/ControlRig_RoundedSquare_1mm.ubulk" 973
"../../../Engine/Plugins/Animation/ControlRig/Content/Controls/ControlRig_RoundedSquare_1mm.uasset" 974
"../../../Engine/Plugins/Animation/ControlRig/Content/Controls/ControlRig_RoundedSquare_1mm.uexp" 975
"../../../Engine/Plugins/Animation/ControlRig/Content/Controls/ControlRig_RoundedSquare_3mm.ubulk" 976
"../../../Engine/Plugins/Animation/ControlRig/Content/Controls/ControlRig_RoundedSquare_3mm.uasset" 977
"../../../Engine/Plugins/Animation/ControlRig/Content/Controls/ControlRig_RoundedSquare_3mm.uexp" 978
"../../../Engine/Plugins/Animation/ControlRig/Content/Controls/ControlRig_RoundedSquare_solid.ubulk" 979
"../../../Engine/Plugins/Animation/ControlRig/Content/Controls/ControlRig_RoundedSquare_solid.uasset" 980
"../../../Engine/Plugins/Animation/ControlRig/Content/Controls/ControlRig_RoundedSquare_solid.uexp" 981
"../../../Engine/Plugins/Animation/ControlRig/Content/Controls/ControlRig_RoundedTriangle_1mm.ubulk" 982
"../../../Engine/Plugins/Animation/ControlRig/Content/Controls/ControlRig_RoundedTriangle_1mm.uasset" 983
"../../../Engine/Plugins/Animation/ControlRig/Content/Controls/ControlRig_RoundedTriangle_1mm.uexp" 984
"../../../Engine/Plugins/Animation/ControlRig/Content/Controls/ControlRig_RoundedTriangle_3mm.ubulk" 985
"../../../Engine/Plugins/Animation/ControlRig/Content/Controls/ControlRig_RoundedTriangle_3mm.uasset" 986
"../../../Engine/Plugins/Animation/ControlRig/Content/Controls/ControlRig_RoundedTriangle_3mm.uexp" 987
"../../../Engine/Plugins/Animation/ControlRig/Content/Controls/ControlRig_RoundedTriangle_solid.ubulk" 988
"../../../Engine/Plugins/Animation/ControlRig/Content/Controls/ControlRig_RoundedTriangle_solid.uasset" 989
"../../../Engine/Plugins/Animation/ControlRig/Content/Controls/ControlRig_RoundedTriangle_solid.uexp" 990
"../../../Engine/Plugins/Animation/ControlRig/Content/Controls/ControlRig_Sphere_1mm.ubulk" 991
"../../../Engine/Plugins/Animation/ControlRig/Content/Controls/ControlRig_Sphere_1mm.uasset" 992
"../../../Engine/Plugins/Animation/ControlRig/Content/Controls/ControlRig_Sphere_1mm.uexp" 993
"../../../Engine/Plugins/Animation/ControlRig/Content/Controls/ControlRig_Sphere_3mm.ubulk" 994
"../../../Engine/Plugins/Animation/ControlRig/Content/Controls/ControlRig_Sphere_3mm.uasset" 995
"../../../Engine/Plugins/Animation/ControlRig/Content/Controls/ControlRig_Sphere_3mm.uexp" 996
"../../../Engine/Plugins/Animation/ControlRig/Content/Controls/ControlRig_Sphere_solid.ubulk" 997
"../../../Engine/Plugins/Animation/ControlRig/Content/Controls/ControlRig_Sphere_solid.uasset" 998
"../../../Engine/Plugins/Animation/ControlRig/Content/Controls/ControlRig_Sphere_solid.uexp" 999
"../../../Engine/Plugins/Animation/ControlRig/Content/Controls/ControlRig_Square_1mm.ubulk" 1000
"../../../Engine/Plugins/Animation/ControlRig/Content/Controls/ControlRig_Square_1mm.uasset" 1001
"../../../Engine/Plugins/Animation/ControlRig/Content/Controls/ControlRig_Square_1mm.uexp" 1002
"../../../Engine/Plugins/Animation/ControlRig/Content/Controls/ControlRig_Square_3mm.ubulk" 1003
"../../../Engine/Plugins/Animation/ControlRig/Content/Controls/ControlRig_Square_3mm.uasset" 1004
"../../../Engine/Plugins/Animation/ControlRig/Content/Controls/ControlRig_Square_3mm.uexp" 1005
"../../../Engine/Plugins/Animation/ControlRig/Content/Controls/ControlRig_Square_solid.ubulk" 1006
"../../../Engine/Plugins/Animation/ControlRig/Content/Controls/ControlRig_Square_solid.uasset" 1007
"../../../Engine/Plugins/Animation/ControlRig/Content/Controls/ControlRig_Square_solid.uexp" 1008
"../../../Engine/Plugins/Animation/ControlRig/Content/Controls/ControlRig_Star4_1mm.ubulk" 1009
"../../../Engine/Plugins/Animation/ControlRig/Content/Controls/ControlRig_Star4_1mm.uasset" 1010
"../../../Engine/Plugins/Animation/ControlRig/Content/Controls/ControlRig_Star4_1mm.uexp" 1011
"../../../Engine/Plugins/Animation/ControlRig/Content/Controls/ControlRig_Star4_3mm.ubulk" 1012
"../../../Engine/Plugins/Animation/ControlRig/Content/Controls/ControlRig_Star4_3mm.uasset" 1013
"../../../Engine/Plugins/Animation/ControlRig/Content/Controls/ControlRig_Star4_3mm.uexp" 1014
"../../../Engine/Plugins/Animation/ControlRig/Content/Controls/ControlRig_Star4_solid.ubulk" 1015
"../../../Engine/Plugins/Animation/ControlRig/Content/Controls/ControlRig_Star4_solid.uasset" 1016
"../../../Engine/Plugins/Animation/ControlRig/Content/Controls/ControlRig_Star4_solid.uexp" 1017
"../../../Engine/Plugins/Animation/ControlRig/Content/Controls/ControlRig_Triangle_1mm.ubulk" 1018
"../../../Engine/Plugins/Animation/ControlRig/Content/Controls/ControlRig_Triangle_1mm.uasset" 1019
"../../../Engine/Plugins/Animation/ControlRig/Content/Controls/ControlRig_Triangle_1mm.uexp" 1020
"../../../Engine/Plugins/Animation/ControlRig/Content/Controls/ControlRig_Triangle_3mm.ubulk" 1021
"../../../Engine/Plugins/Animation/ControlRig/Content/Controls/ControlRig_Triangle_3mm.uasset" 1022
"../../../Engine/Plugins/Animation/ControlRig/Content/Controls/ControlRig_Triangle_3mm.uexp" 1023
"../../../Engine/Plugins/Animation/ControlRig/Content/Controls/ControlRig_Triangle_solid.ubulk" 1024
"../../../Engine/Plugins/Animation/ControlRig/Content/Controls/ControlRig_Triangle_solid.uasset" 1025
"../../../Engine/Plugins/Animation/ControlRig/Content/Controls/ControlRig_Triangle_solid.uexp" 1026
"../../../Engine/Plugins/Animation/ControlRig/Content/Controls/ControlRig_Wedge_1mm.ubulk" 1027
"../../../Engine/Plugins/Animation/ControlRig/Content/Controls/ControlRig_Wedge_1mm.uasset" 1028
"../../../Engine/Plugins/Animation/ControlRig/Content/Controls/ControlRig_Wedge_1mm.uexp" 1029
"../../../Engine/Plugins/Animation/ControlRig/Content/Controls/ControlRig_Wedge_3mm.ubulk" 1030
"../../../Engine/Plugins/Animation/ControlRig/Content/Controls/ControlRig_Wedge_3mm.uasset" 1031
"../../../Engine/Plugins/Animation/ControlRig/Content/Controls/ControlRig_Wedge_3mm.uexp" 1032
"../../../Engine/Plugins/Animation/ControlRig/Content/Controls/ControlRig_Wedge_solid.ubulk" 1033
"../../../Engine/Plugins/Animation/ControlRig/Content/Controls/ControlRig_Wedge_solid.uasset" 1034
"../../../Engine/Plugins/Animation/ControlRig/Content/Controls/ControlRig_Wedge_solid.uexp" 1035
"../../../Engine/Content/EngineMaterials/DefaultMaterial.uasset" 1036
"../../../Engine/Content/EngineMaterials/DefaultMaterial.uexp" 1037
"../../../Engine/Content/BasicShapes/Cone.ubulk" 1038
"../../../Engine/Content/BasicShapes/Cone.uasset" 1039
"../../../Engine/Content/BasicShapes/Cone.uexp" 1040
"../../../Engine/Content/BasicShapes/Cylinder.ubulk" 1041
"../../../Engine/Content/BasicShapes/Cylinder.uasset" 1042
"../../../Engine/Content/BasicShapes/Cylinder.uexp" 1043
"../../../Engine/Content/EditorLandscapeResources/ColorMaskBrushMaterial.uasset" 1044
"../../../Engine/Content/EditorLandscapeResources/ColorMaskBrushMaterial.uexp" 1045
"../../../Engine/Content/EditorLandscapeResources/ColorMaskBrushMaterial_MaskedRegion.uasset" 1046
"../../../Engine/Content/EditorLandscapeResources/ColorMaskBrushMaterial_MaskedRegion.uexp" 1047
"../../../Engine/Content/Functions/Engine_MaterialFunctions03/Math/WithinRangeFloat2.uasset" 1048
"../../../Engine/Content/Functions/Engine_MaterialFunctions03/Math/WithinRangeFloat2.uexp" 1049
"../../../Engine/Content/EditorLandscapeResources/MaskBrushMaterial.uasset" 1050
"../../../Engine/Content/EditorLandscapeResources/MaskBrushMaterial.uexp" 1051
"../../../Engine/Content/EditorLandscapeResources/MaskBrushMaterial_MaskedRegion.uasset" 1052
"../../../Engine/Content/EditorLandscapeResources/MaskBrushMaterial_MaskedRegion.uexp" 1053
"../../../Engine/Content/EditorLandscapeResources/SelectBrushMaterial.uasset" 1054
"../../../Engine/Content/EditorLandscapeResources/SelectBrushMaterial.uexp" 1055
"../../../Engine/Content/EditorLandscapeResources/SelectBrushMaterial_Selected.uasset" 1056
"../../../Engine/Content/EditorLandscapeResources/SelectBrushMaterial_Selected.uexp" 1057
"../../../Engine/Content/EditorLandscapeResources/SelectBrushMaterial_SelectedRegion.uasset" 1058
"../../../Engine/Content/EditorLandscapeResources/SelectBrushMaterial_SelectedRegion.uexp" 1059
"../../../Engine/Content/EditorLandscapeResources/SplineEditorMeshMat.uasset" 1060
"../../../Engine/Content/EditorLandscapeResources/SplineEditorMeshMat.uexp" 1061
"../../../Engine/Content/EditorLandscapeResources/SplineEditorMesh.ubulk" 1062
"../../../Engine/Content/EditorLandscapeResources/SplineEditorMesh.uasset" 1063
"../../../Engine/Content/EditorLandscapeResources/SplineEditorMesh.uexp" 1064
"../../../Engine/Plugins/Media/MediaPlate/Content/SM_MediaPlateScreen.ubulk" 1065
"../../../Engine/Plugins/Media/MediaPlate/Content/SM_MediaPlateScreen.uasset" 1066
"../../../Engine/Plugins/Media/MediaPlate/Content/SM_MediaPlateScreen.uexp" 1067
"../../../Engine/Plugins/NNE/NNEDenoiser/Content/NNE_oidn2-3-0_rt_hdr_alb_nrm_small__dyn__fp16_opset11_DenoiseAlpha.uasset" 1068
"../../../Engine/Plugins/NNE/NNEDenoiser/Content/NNE_oidn2-3-0_rt_hdr_alb_nrm_small__dyn__fp16_opset11_DenoiseAlpha.uexp" 1069
"../../../Engine/Plugins/NNE/NNEDenoiser/Content/NNE_oidn2-3-0_rt_hdr_alb_nrm_small__dyn__fp16_opset11_ForwardAlpha.uasset" 1070
"../../../Engine/Plugins/NNE/NNEDenoiser/Content/NNE_oidn2-3-0_rt_hdr_alb_nrm_small__dyn__fp16_opset11_ForwardAlpha.uexp" 1071
"../../../Engine/Plugins/NNE/NNEDenoiser/Content/NNE_oidn2-3-0_rt_hdr_alb_nrm__dyn__fp16_opset11_DenoiseAlpha.uasset" 1072
"../../../Engine/Plugins/NNE/NNEDenoiser/Content/NNE_oidn2-3-0_rt_hdr_alb_nrm__dyn__fp16_opset11_DenoiseAlpha.uexp" 1073
"../../../Engine/Plugins/NNE/NNEDenoiser/Content/NNE_oidn2-3-0_rt_hdr_alb_nrm__dyn__fp16_opset11_ForwardAlpha.uasset" 1074
"../../../Engine/Plugins/NNE/NNEDenoiser/Content/NNE_oidn2-3-0_rt_hdr_alb_nrm__dyn__fp16_opset11_ForwardAlpha.uexp" 1075
"../../../Engine/Plugins/NNE/NNEDenoiser/Content/NNE_oidn2-3-0_rt_hdr_calb_cnrm_large__dyn__fp16_opset11_DenoiseAlpha.uasset" 1076
"../../../Engine/Plugins/NNE/NNEDenoiser/Content/NNE_oidn2-3-0_rt_hdr_calb_cnrm_large__dyn__fp16_opset11_DenoiseAlpha.uexp" 1077
"../../../Engine/Plugins/NNE/NNEDenoiser/Content/NNE_oidn2-3-0_rt_hdr_calb_cnrm_large__dyn__fp16_opset11_ForwardAlpha.uasset" 1078
"../../../Engine/Plugins/NNE/NNEDenoiser/Content/NNE_oidn2-3-0_rt_hdr_calb_cnrm_large__dyn__fp16_opset11_ForwardAlpha.uexp" 1079
"../../../Engine/Plugins/2D/Paper2D/Content/DefaultSpriteMaterial.uasset" 1080
"../../../Engine/Plugins/2D/Paper2D/Content/DefaultSpriteMaterial.uexp" 1081
"../../../Engine/Plugins/2D/Paper2D/Content/MaskedUnlitSpriteMaterial.uasset" 1082
"../../../Engine/Plugins/2D/Paper2D/Content/MaskedUnlitSpriteMaterial.uexp" 1083
"../../../Engine/Plugins/2D/Paper2D/Content/OpaqueUnlitSpriteMaterial.uasset" 1084
"../../../Engine/Plugins/2D/Paper2D/Content/OpaqueUnlitSpriteMaterial.uexp" 1085
"../../../Engine/Content/EngineResources/LandscapeVisibilityLayerInfo.uasset" 1086
"../../../Engine/Content/EngineResources/LandscapeVisibilityLayerInfo.uexp" 1087
"../../../Engine/Plugins/NNE/NNEDenoiser/Content/NNED_Oidn2-3_HighQuality_Alpha.uasset" 1088
"../../../Engine/Plugins/NNE/NNEDenoiser/Content/NNED_Oidn2-3_HighQuality_Alpha.uexp" 1089
"../../../Engine/Plugins/NNE/NNEDenoiser/Content/NNED_Oidn2-3_HighQuality.uasset" 1090
"../../../Engine/Plugins/NNE/NNEDenoiser/Content/NNED_Oidn2-3_HighQuality.uexp" 1091
"../../../Engine/Plugins/NNE/NNEDenoiser/Content/NNED_Oidn2-3_Fast_Alpha.uasset" 1092
"../../../Engine/Plugins/NNE/NNEDenoiser/Content/NNED_Oidn2-3_Fast_Alpha.uexp" 1093
"../../../Engine/Plugins/NNE/NNEDenoiser/Content/NNED_Oidn2-3_Fast.uasset" 1094
"../../../Engine/Plugins/NNE/NNEDenoiser/Content/NNED_Oidn2-3_Fast.uexp" 1095
"../../../Engine/Plugins/NNE/NNEDenoiser/Content/NNED_Oidn2-3_Balanced_Alpha.uasset" 1096
"../../../Engine/Plugins/NNE/NNEDenoiser/Content/NNED_Oidn2-3_Balanced_Alpha.uexp" 1097
"../../../Engine/Plugins/NNE/NNEDenoiser/Content/NNED_Oidn2-3_Balanced.uasset" 1098
"../../../Engine/Plugins/NNE/NNEDenoiser/Content/NNED_Oidn2-3_Balanced.uexp" 1099
"../../../Engine/Plugins/NNE/NNEDenoiser/Content/NNEDT_Oidn2-3_Balanced_Alpha.uasset" 1100
"../../../Engine/Plugins/NNE/NNEDenoiser/Content/NNEDT_Oidn2-3_Balanced_Alpha.uexp" 1101
"../../../Engine/Plugins/NNE/NNEDenoiser/Content/NNEDT_Oidn2-3_Balanced.uasset" 1102
"../../../Engine/Plugins/NNE/NNEDenoiser/Content/NNEDT_Oidn2-3_Balanced.uexp" 1103
"../../../Engine/Content/VREditor/Sounds/UI/Drop_Item_From_ContentBrowser.ubulk" 1104
"../../../Engine/Content/VREditor/Sounds/UI/Drop_Item_From_ContentBrowser.uasset" 1105
"../../../Engine/Content/VREditor/Sounds/UI/Drop_Item_From_ContentBrowser.uexp" 1106
"../../../Engine/Content/VREditor/TransformGizmo/TransformGizmoMaterial_Inst.uasset" 1107
"../../../Engine/Content/VREditor/TransformGizmo/TransformGizmoMaterial_Inst.uexp" 1108
"../../../Engine/Content/VREditor/TransformGizmo/TranslucentTransformGizmoMaterial_Inst.uasset" 1109
"../../../Engine/Content/VREditor/TransformGizmo/TranslucentTransformGizmoMaterial_Inst.uexp" 1110
"../../../Engine/Content/Functions/Engine_MaterialFunctions02/SplitComponents.uasset" 1111
"../../../Engine/Content/Functions/Engine_MaterialFunctions02/SplitComponents.uexp" 1112
"../../../Engine/Content/VREditor/SnapGrid/SnapGridMaterial.uasset" 1113
"../../../Engine/Content/VREditor/SnapGrid/SnapGridMaterial.uexp" 1114
"../../../Engine/Content/VREditor/SnapGrid/SnapGridPlaneMesh.ubulk" 1115
"../../../Engine/Content/VREditor/SnapGrid/SnapGridPlaneMesh.uasset" 1116
"../../../Engine/Content/VREditor/SnapGrid/SnapGridPlaneMesh.uexp" 1117
"../../../Engine/Content/VREditor/Sounds/UI/Gizmo_Handle_Clicked.ubulk" 1118
"../../../Engine/Content/VREditor/Sounds/UI/Gizmo_Handle_Clicked.uasset" 1119
"../../../Engine/Content/VREditor/Sounds/UI/Gizmo_Handle_Clicked.uexp" 1120
"../../../Engine/Content/VREditor/Sounds/UI/Object_PickUp.ubulk" 1121
"../../../Engine/Content/VREditor/Sounds/UI/Object_PickUp.uasset" 1122
"../../../Engine/Content/VREditor/Sounds/UI/Object_PickUp.uexp" 1123
"../../../Engine/Content/VREditor/Sounds/UI/Object_Snaps_To_Another_Actor.ubulk" 1124
"../../../Engine/Content/VREditor/Sounds/UI/Object_Snaps_To_Another_Actor.uasset" 1125
"../../../Engine/Content/VREditor/Sounds/UI/Object_Snaps_To_Another_Actor.uexp" 1126
"../../../Engine/Content/VREditor/Sounds/UI/Object_Snaps_To_Grid.ubulk" 1127
"../../../Engine/Content/VREditor/Sounds/UI/Object_Snaps_To_Grid.uasset" 1128
"../../../Engine/Content/VREditor/Sounds/UI/Object_Snaps_To_Grid.uexp" 1129
"../../../Engine/Content/VREditor/Sounds/UI/Scaling_Down.ubulk" 1130
"../../../Engine/Content/VREditor/Sounds/UI/Scaling_Down.uasset" 1131
"../../../Engine/Content/VREditor/Sounds/UI/Scaling_Down.uexp" 1132
"../../../Engine/Content/VREditor/Sounds/UI/Scaling_Up.ubulk" 1133
"../../../Engine/Content/VREditor/Sounds/UI/Scaling_Up.uasset" 1134
"../../../Engine/Content/VREditor/Sounds/UI/Scaling_Up.uexp" 1135
"../../../Engine/Content/VREditor/Sounds/UI/Selection_Changes.ubulk" 1136
"../../../Engine/Content/VREditor/Sounds/UI/Selection_Changes.uasset" 1137
"../../../Engine/Content/VREditor/Sounds/UI/Selection_Changes.uexp" 1138
"../../../Engine/Content/VREditor/TransformGizmo/PlaneTranslationHandle.ubulk" 1139
"../../../Engine/Content/VREditor/TransformGizmo/PlaneTranslationHandle.uasset" 1140
"../../../Engine/Content/VREditor/TransformGizmo/PlaneTranslationHandle.uexp" 1141
"../../../Engine/Content/VREditor/TransformGizmo/RotationHandleFull.ubulk" 1142
"../../../Engine/Content/VREditor/TransformGizmo/RotationHandleFull.uasset" 1143
"../../../Engine/Content/VREditor/TransformGizmo/RotationHandleFull.uexp" 1144
"../../../Engine/Content/VREditor/TransformGizmo/RotationHandleIndicator.ubulk" 1145
"../../../Engine/Content/VREditor/TransformGizmo/RotationHandleIndicator.uasset" 1146
"../../../Engine/Content/VREditor/TransformGizmo/RotationHandleIndicator.uexp" 1147
"../../../Engine/Content/VREditor/TransformGizmo/RotationHandleQuarter.ubulk" 1148
"../../../Engine/Content/VREditor/TransformGizmo/RotationHandleQuarter.uasset" 1149
"../../../Engine/Content/VREditor/TransformGizmo/RotationHandleQuarter.uexp" 1150
"../../../Engine/Content/VREditor/TransformGizmo/StartRotationHandleIndicator.ubulk" 1151
"../../../Engine/Content/VREditor/TransformGizmo/StartRotationHandleIndicator.uasset" 1152
"../../../Engine/Content/VREditor/TransformGizmo/StartRotationHandleIndicator.uexp" 1153
"../../../Engine/Content/VREditor/TransformGizmo/TransformGizmoFreeRotation.ubulk" 1154
"../../../Engine/Content/VREditor/TransformGizmo/TransformGizmoFreeRotation.uasset" 1155
"../../../Engine/Content/VREditor/TransformGizmo/TransformGizmoFreeRotation.uexp" 1156
"../../../Engine/Content/VREditor/TransformGizmo/TranslateArrowHandle.ubulk" 1157
"../../../Engine/Content/VREditor/TransformGizmo/TranslateArrowHandle.uasset" 1158
"../../../Engine/Content/VREditor/TransformGizmo/TranslateArrowHandle.uexp" 1159
"../../../Engine/Content/VREditor/TransformGizmo/UniformScaleHandle.ubulk" 1160
"../../../Engine/Content/VREditor/TransformGizmo/UniformScaleHandle.uasset" 1161
"../../../Engine/Content/VREditor/TransformGizmo/UniformScaleHandle.uexp" 1162
"../../../Engine/Plugins/MovieScene/MovieRenderPipeline/Content/Blueprints/UI_MovieRenderPipelineInfoTableRow.uasset" 1163
"../../../Engine/Plugins/MovieScene/MovieRenderPipeline/Content/Blueprints/UI_MovieRenderPipelineInfoTableRow.uexp" 1164
"../../../Engine/Content/ArtTools/RenderToTexture/Textures/127grey.uasset" 1165
"../../../Engine/Content/ArtTools/RenderToTexture/Textures/127grey.uexp" 1166
"../../../Engine/Plugins/MovieScene/MovieRenderPipeline/Content/Blueprints/M_MoviePipelineRenderPreview.uasset" 1167
"../../../Engine/Plugins/MovieScene/MovieRenderPipeline/Content/Blueprints/M_MoviePipelineRenderPreview.uexp" 1168
"../../../Engine/Plugins/MovieScene/MovieRenderPipeline/Content/Blueprints/UI_MovieRenderPipelineScreenOverlay.uasset" 1169
"../../../Engine/Plugins/MovieScene/MovieRenderPipeline/Content/Blueprints/UI_MovieRenderPipelineScreenOverlay.uexp" 1170
"../../../Engine/Plugins/MovieScene/MovieRenderPipeline/Content/Blueprints/Graph/T_MovieGraph_TransparencyBG.uasset" 1171
"../../../Engine/Plugins/MovieScene/MovieRenderPipeline/Content/Blueprints/Graph/T_MovieGraph_TransparencyBG.uexp" 1172
"../../../Engine/Plugins/MovieScene/MovieRenderPipeline/Content/Blueprints/Graph/UI_MovieGraphImagePreview.uasset" 1173
"../../../Engine/Plugins/MovieScene/MovieRenderPipeline/Content/Blueprints/Graph/UI_MovieGraphImagePreview.uexp" 1174
"../../../Engine/Plugins/MovieScene/MovieRenderPipeline/Content/Blueprints/UI_MovieGraphPipelineScreenOverlay.uasset" 1175
"../../../Engine/Plugins/MovieScene/MovieRenderPipeline/Content/Blueprints/UI_MovieGraphPipelineScreenOverlay.uexp" 1176
"../../../Engine/Content/EngineFonts/Faces/DroidSansMono.uexp" 1177
"../../../Engine/Content/EngineFonts/Faces/DroidSansMono.uasset" 1178
"../../../Engine/Content/EngineFonts/Faces/DroidSansMono.ufont" 1179
"../../../Engine/Content/EngineFonts/DroidSansMono.uasset" 1180
"../../../Engine/Content/EngineFonts/DroidSansMono.uexp" 1181
"../../../Engine/Plugins/MovieScene/MovieRenderPipeline/Content/Blueprints/DefaultBurnIn.uasset" 1182
"../../../Engine/Plugins/MovieScene/MovieRenderPipeline/Content/Blueprints/DefaultBurnIn.uexp" 1183
"../../../Engine/Plugins/Animation/DeformerGraph/Content/DeformerFunctions/DG_Function_LinearBlendSkin_Morph_Cloth_PositionOnly.uasset" 1184
"../../../Engine/Plugins/Animation/DeformerGraph/Content/DeformerFunctions/DG_Function_LinearBlendSkin_Morph_Cloth_PositionOnly.uexp" 1185
"../../../Engine/Plugins/Animation/DeformerGraph/Content/DeformerFunctions/DG_Function_ComputeNormalsTangents.uasset" 1186
"../../../Engine/Plugins/Animation/DeformerGraph/Content/DeformerFunctions/DG_Function_ComputeNormalsTangents.uexp" 1187
"../../../Engine/Plugins/Animation/DeformerGraph/Content/Deformers/DG_LinearBlendSkin_Morph_Cloth_RecomputeNormals.uasset" 1188
"../../../Engine/Plugins/Animation/DeformerGraph/Content/Deformers/DG_LinearBlendSkin_Morph_Cloth_RecomputeNormals.uexp" 1189
"../../../Engine/Plugins/Animation/DeformerGraph/Content/DeformerFunctions/DG_Function_LinearBlendSkin_Morph_Cloth.uasset" 1190
"../../../Engine/Plugins/Animation/DeformerGraph/Content/DeformerFunctions/DG_Function_LinearBlendSkin_Morph_Cloth.uexp" 1191
"../../../Engine/Plugins/Animation/DeformerGraph/Content/Deformers/DG_LinearBlendSkin_Morph_Cloth.uasset" 1192
"../../../Engine/Plugins/Animation/DeformerGraph/Content/Deformers/DG_LinearBlendSkin_Morph_Cloth.uexp" 1193
"../../../Engine/Plugins/MovieScene/MovieRenderPipeline/Content/Blueprints/Graph/DefaultGraphBurnIn.uasset" 1194
"../../../Engine/Plugins/MovieScene/MovieRenderPipeline/Content/Blueprints/Graph/DefaultGraphBurnIn.uexp" 1195
"../../../Engine/Content/Maps/Entry_BuiltData.uasset" 1196
"../../../Engine/Content/Maps/Entry_BuiltData.uexp" 1197
"../../../Engine/Content/Maps/Entry.uexp" 1198
"../../../Engine/Content/Maps/Entry.umap" 1199
"../../../Engine/Content/EngineMaterials/DefaultPhysicalMaterial.uasset" 1200
"../../../Engine/Content/EngineMaterials/DefaultPhysicalMaterial.uexp" 1201
"../../../Engine/Content/EngineMaterials/PhysMat_Rubber.uasset" 1202
"../../../Engine/Content/EngineMaterials/PhysMat_Rubber.uexp" 1203
"E:/Development/Projects/Squeak/Content/content_0/base/status_effects/enum/E_ModifierOperation.uasset" 1204
"E:/Development/Projects/Squeak/Content/content_0/base/status_effects/enum/E_ModifierOperation.uexp" 1205
"E:/Development/Projects/Squeak/Content/content_0/base/status_effects/structure/F_Modifier.uasset" 1206
"E:/Development/Projects/Squeak/Content/content_0/base/status_effects/structure/F_Modifier.uexp" 1207
"E:/Development/Projects/Squeak/Content/content_0/base/status_effects/enum/E_SelfStackingRule.uasset" 1208
"E:/Development/Projects/Squeak/Content/content_0/base/status_effects/enum/E_SelfStackingRule.uexp" 1209
"E:/Development/Projects/Squeak/Content/content_0/base/status_effects/BP_StatusEffect.uasset" 1210
"E:/Development/Projects/Squeak/Content/content_0/base/status_effects/BP_StatusEffect.uexp" 1211
"E:/Development/Projects/Squeak/Content/content_0/base/status_effects/structure/F_ModifierHandle.uasset" 1212
"E:/Development/Projects/Squeak/Content/content_0/base/status_effects/structure/F_ModifierHandle.uexp" 1213
"E:/Development/Projects/Squeak/Content/content_0/base/status_effects/structure/F_StatusEffectHandle.uasset" 1214
"E:/Development/Projects/Squeak/Content/content_0/base/status_effects/structure/F_StatusEffectHandle.uexp" 1215
"E:/Development/Projects/Squeak/Content/content_0/base/status_effects/BP_ModifierManagerComponent.uasset" 1216
"E:/Development/Projects/Squeak/Content/content_0/base/status_effects/BP_ModifierManagerComponent.uexp" 1217
"E:/Development/Projects/Squeak/Content/content_1/scripts/ai/memory/struct_RoomMem.uasset" 1218
"E:/Development/Projects/Squeak/Content/content_1/scripts/ai/memory/struct_RoomMem.uexp" 1219
"E:/Development/Projects/Squeak/Content/content_1/scripts/ai/memory/struct_DoorMem.uasset" 1220
"E:/Development/Projects/Squeak/Content/content_1/scripts/ai/memory/struct_DoorMem.uexp" 1221
"E:/Development/Projects/Squeak/Content/content_1/scripts/ai/bb_base.uasset" 1222
"E:/Development/Projects/Squeak/Content/content_1/scripts/ai/bb_base.uexp" 1223
"E:/Development/Projects/Squeak/Content/content_1/scripts/ai/EQS/generator/EQGenerator_DoorsByRoom.uasset" 1224
"E:/Development/Projects/Squeak/Content/content_1/scripts/ai/EQS/generator/EQGenerator_DoorsByRoom.uexp" 1225
"E:/Development/Projects/Squeak/Content/content_1/scripts/systems/Curve_SmoothTransition_Linear.uasset" 1226
"E:/Development/Projects/Squeak/Content/content_1/scripts/systems/Curve_SmoothTransition_Linear.uexp" 1227
"E:/Development/Projects/Squeak/Content/content_1/scripts/systems/SmoothTransitionComponent.uasset" 1228
"E:/Development/Projects/Squeak/Content/content_1/scripts/systems/SmoothTransitionComponent.uexp" 1229
"E:/Development/Projects/Squeak/Content/content_1/scripts/ai/ai_controller_ward.uasset" 1230
"E:/Development/Projects/Squeak/Content/content_1/scripts/ai/ai_controller_ward.uexp" 1231
"E:/Development/Projects/Squeak/Content/content_0/base/stress_system/data_asset/DA_Calm.uasset" 1232
"E:/Development/Projects/Squeak/Content/content_0/base/stress_system/data_asset/DA_Calm.uexp" 1233
"E:/Development/Projects/Squeak/Content/content_0/base/stress_system/data_asset/DA_Mobilization.uasset" 1234
"E:/Development/Projects/Squeak/Content/content_0/base/stress_system/data_asset/DA_Mobilization.uexp" 1235
"E:/Development/Projects/Squeak/Content/content_0/base/stress_system/data_asset/DA_OnTheEdge.uasset" 1236
"E:/Development/Projects/Squeak/Content/content_0/base/stress_system/data_asset/DA_OnTheEdge.uexp" 1237
"E:/Development/Projects/Squeak/Content/content_0/base/stress_system/data_asset/DA_Panic.uasset" 1238
"E:/Development/Projects/Squeak/Content/content_0/base/stress_system/data_asset/DA_Panic.uexp" 1239
"E:/Development/Projects/Squeak/Content/content_0/base/stress_system/enum/StressSourceType.uasset" 1240
"E:/Development/Projects/Squeak/Content/content_0/base/stress_system/enum/StressSourceType.uexp" 1241
"E:/Development/Projects/Squeak/Content/content_0/base/ward/BP_Character_Ward.uasset" 1242
"E:/Development/Projects/Squeak/Content/content_0/base/ward/BP_Character_Ward.uexp" 1243
"../../../Engine/Content/BasicShapes/Cube.ubulk" 1244
"../../../Engine/Content/BasicShapes/Cube.uasset" 1245
"../../../Engine/Content/BasicShapes/Cube.uexp" 1246
"../../../Engine/Content/BasicShapes/Sphere.ubulk" 1247
"../../../Engine/Content/BasicShapes/Sphere.uasset" 1248
"../../../Engine/Content/BasicShapes/Sphere.uexp" 1249
"../../../Engine/Content/BasicShapes/BasicShapeMaterial.uasset" 1250
"../../../Engine/Content/BasicShapes/BasicShapeMaterial.uexp" 1251
"E:/Development/Projects/Squeak/Content/content_0/interfaces/BP_Interactive.uasset" 1252
"E:/Development/Projects/Squeak/Content/content_0/interfaces/BP_Interactive.uexp" 1253
"E:/Development/Projects/Squeak/Content/content_0/base/game_instance/E_ControlLayout.uasset" 1254
"E:/Development/Projects/Squeak/Content/content_0/base/game_instance/E_ControlLayout.uexp" 1255
"E:/Development/Projects/Squeak/Content/content_0/base/game_instance/MyGameInstance.uasset" 1256
"E:/Development/Projects/Squeak/Content/content_0/base/game_instance/MyGameInstance.uexp" 1257
"E:/Development/Projects/Squeak/Content/content_2/PlayerAuraEffect/Materials/Textures/T_LowResBlurredNoise.uasset" 1258
"E:/Development/Projects/Squeak/Content/content_2/PlayerAuraEffect/Materials/Textures/T_LowResBlurredNoise.uexp" 1259
"E:/Development/Projects/Squeak/Content/content_2/PlayerAuraEffect/Materials/Textures/T_TilingNoise05.ubulk" 1260
"E:/Development/Projects/Squeak/Content/content_2/PlayerAuraEffect/Materials/Textures/T_TilingNoise05.uasset" 1261
"E:/Development/Projects/Squeak/Content/content_2/PlayerAuraEffect/Materials/Textures/T_TilingNoise05.uexp" 1262
"../../../Engine/Content/EngineResources/DefaultTexture.ubulk" 1263
"../../../Engine/Content/EngineResources/DefaultTexture.uasset" 1264
"../../../Engine/Content/EngineResources/DefaultTexture.uexp" 1265
"../../../Engine/Content/Functions/Engine_MaterialFunctions03/ComplexMotion/Motion_4WayChaos.uasset" 1266
"../../../Engine/Content/Functions/Engine_MaterialFunctions03/ComplexMotion/Motion_4WayChaos.uexp" 1267
"E:/Development/Projects/Squeak/Content/content_2/PlayerAuraEffect/Materials/Textures/T_WidgetGridVertexColorMaterial.ubulk" 1268
"E:/Development/Projects/Squeak/Content/content_2/PlayerAuraEffect/Materials/Textures/T_WidgetGridVertexColorMaterial.uasset" 1269
"E:/Development/Projects/Squeak/Content/content_2/PlayerAuraEffect/Materials/Textures/T_WidgetGridVertexColorMaterial.uexp" 1270
"E:/Development/Projects/Squeak/Content/content_2/PlayerAuraEffect/Materials/M_MASTER_Aura_Masked.uasset" 1271
"E:/Development/Projects/Squeak/Content/content_2/PlayerAuraEffect/Materials/M_MASTER_Aura_Masked.uexp" 1272
"E:/Development/Projects/Squeak/Content/content_2/InteractiveObject/Effects/MI_Outline.uasset" 1273
"E:/Development/Projects/Squeak/Content/content_2/InteractiveObject/Effects/MI_Outline.uexp" 1274
"E:/Development/Projects/Squeak/Content/content_0/input/action/IA_Zoom.uasset" 1275
"E:/Development/Projects/Squeak/Content/content_0/input/action/IA_Zoom.uexp" 1276
"E:/Development/Projects/Squeak/Content/content_0/input/action/IA_Rotate_Modifier.uasset" 1277
"E:/Development/Projects/Squeak/Content/content_0/input/action/IA_Rotate_Modifier.uexp" 1278
"E:/Development/Projects/Squeak/Content/content_0/input/action/IA_RotateOnHoldAction.uasset" 1279
"E:/Development/Projects/Squeak/Content/content_0/input/action/IA_RotateOnHoldAction.uexp" 1280
"E:/Development/Projects/Squeak/Content/content_0/input/action/IA_Rotate.uasset" 1281
"E:/Development/Projects/Squeak/Content/content_0/input/action/IA_Rotate.uexp" 1282
"E:/Development/Projects/Squeak/Content/content_0/input/action/IA_Move_Qwerty.uasset" 1283
"E:/Development/Projects/Squeak/Content/content_0/input/action/IA_Move_Qwerty.uexp" 1284
"E:/Development/Projects/Squeak/Content/content_0/input/IMC_Movement.uasset" 1285
"E:/Development/Projects/Squeak/Content/content_0/input/IMC_Movement.uexp" 1286
"E:/Development/Projects/Squeak/Content/content_0/input/action/IA_Interaction_Second_Hold.uasset" 1287
"E:/Development/Projects/Squeak/Content/content_0/input/action/IA_Interaction_Second_Hold.uexp" 1288
"E:/Development/Projects/Squeak/Content/content_0/input/action/IA_Interaction_Second.uasset" 1289
"E:/Development/Projects/Squeak/Content/content_0/input/action/IA_Interaction_Second.uexp" 1290
"E:/Development/Projects/Squeak/Content/content_0/input/action/IA_Interaction_Main_Hold.uasset" 1291
"E:/Development/Projects/Squeak/Content/content_0/input/action/IA_Interaction_Main_Hold.uexp" 1292
"E:/Development/Projects/Squeak/Content/content_0/input/action/IA_Interaction_Main.uasset" 1293
"E:/Development/Projects/Squeak/Content/content_0/input/action/IA_Interaction_Main.uexp" 1294
"E:/Development/Projects/Squeak/Content/content_0/input/action/IA_Interaction_Focus.uasset" 1295
"E:/Development/Projects/Squeak/Content/content_0/input/action/IA_Interaction_Focus.uexp" 1296
"E:/Development/Projects/Squeak/Content/content_0/input/action/IA_Card_1.uasset" 1297
"E:/Development/Projects/Squeak/Content/content_0/input/action/IA_Card_1.uexp" 1298
"E:/Development/Projects/Squeak/Content/content_0/input/action/IA_Card_2.uasset" 1299
"E:/Development/Projects/Squeak/Content/content_0/input/action/IA_Card_2.uexp" 1300
"E:/Development/Projects/Squeak/Content/content_0/input/action/IA_Card_3.uasset" 1301
"E:/Development/Projects/Squeak/Content/content_0/input/action/IA_Card_3.uexp" 1302
"E:/Development/Projects/Squeak/Content/content_0/input/action/IA_Interaction_Additional.uasset" 1303
"E:/Development/Projects/Squeak/Content/content_0/input/action/IA_Interaction_Additional.uexp" 1304
"E:/Development/Projects/Squeak/Content/content_0/input/IMC_Actions.uasset" 1305
"E:/Development/Projects/Squeak/Content/content_0/input/IMC_Actions.uexp" 1306
"E:/Development/Projects/Squeak/Content/content_1/scripts/systems/minigameSystem/QTE/STRUCT_QTE_Slot.uasset" 1307
"E:/Development/Projects/Squeak/Content/content_1/scripts/systems/minigameSystem/QTE/STRUCT_QTE_Slot.uexp" 1308
"E:/Development/Projects/Squeak/Content/content_1/scripts/systems/minigameSystem/QTE/Curve_QTE_Base.uasset" 1309
"E:/Development/Projects/Squeak/Content/content_1/scripts/systems/minigameSystem/QTE/Curve_QTE_Base.uexp" 1310
"E:/Development/Projects/Squeak/Content/content_1/scripts/systems/minigameSystem/QTE/PDA_QTE_Preset.uasset" 1311
"E:/Development/Projects/Squeak/Content/content_1/scripts/systems/minigameSystem/QTE/PDA_QTE_Preset.uexp" 1312
"E:/Development/Projects/Squeak/Content/content_1/scripts/systems/minigameSystem/QTE/QTE_Base.uasset" 1313
"E:/Development/Projects/Squeak/Content/content_1/scripts/systems/minigameSystem/QTE/QTE_Base.uexp" 1314
"E:/Development/Projects/Squeak/Content/ControllerIconPack/Textures/Macro_Icons/PC_Controller/Light/T_PC_0_Light_128x128.uasset" 1315
"E:/Development/Projects/Squeak/Content/ControllerIconPack/Textures/Macro_Icons/PC_Controller/Light/T_PC_0_Light_128x128.uexp" 1316
"E:/Development/Projects/Squeak/Content/ControllerIconPack/Textures/Macro_Icons/PC_Controller/Light/T_PC_1_Light_128x128.uasset" 1317
"E:/Development/Projects/Squeak/Content/ControllerIconPack/Textures/Macro_Icons/PC_Controller/Light/T_PC_1_Light_128x128.uexp" 1318
"E:/Development/Projects/Squeak/Content/ControllerIconPack/Textures/Macro_Icons/PC_Controller/Light/T_PC_2_Light_128x128.uasset" 1319
"E:/Development/Projects/Squeak/Content/ControllerIconPack/Textures/Macro_Icons/PC_Controller/Light/T_PC_2_Light_128x128.uexp" 1320
"E:/Development/Projects/Squeak/Content/ControllerIconPack/Textures/Macro_Icons/PC_Controller/Light/T_PC_3_Light_128x128.uasset" 1321
"E:/Development/Projects/Squeak/Content/ControllerIconPack/Textures/Macro_Icons/PC_Controller/Light/T_PC_3_Light_128x128.uexp" 1322
"E:/Development/Projects/Squeak/Content/ControllerIconPack/Textures/Macro_Icons/PC_Controller/Light/T_PC_4_Light_128x128.uasset" 1323
"E:/Development/Projects/Squeak/Content/ControllerIconPack/Textures/Macro_Icons/PC_Controller/Light/T_PC_4_Light_128x128.uexp" 1324
"E:/Development/Projects/Squeak/Content/ControllerIconPack/Textures/Macro_Icons/PC_Controller/Light/T_PC_5_Light_128x128.uasset" 1325
"E:/Development/Projects/Squeak/Content/ControllerIconPack/Textures/Macro_Icons/PC_Controller/Light/T_PC_5_Light_128x128.uexp" 1326
"E:/Development/Projects/Squeak/Content/ControllerIconPack/Textures/Macro_Icons/PC_Controller/Light/T_PC_6_Light_128x128.uasset" 1327
"E:/Development/Projects/Squeak/Content/ControllerIconPack/Textures/Macro_Icons/PC_Controller/Light/T_PC_6_Light_128x128.uexp" 1328
"E:/Development/Projects/Squeak/Content/ControllerIconPack/Textures/Macro_Icons/PC_Controller/Light/T_PC_7_Light_128x128.uasset" 1329
"E:/Development/Projects/Squeak/Content/ControllerIconPack/Textures/Macro_Icons/PC_Controller/Light/T_PC_7_Light_128x128.uexp" 1330
"E:/Development/Projects/Squeak/Content/ControllerIconPack/Textures/Macro_Icons/PC_Controller/Light/T_PC_8_Light_128x128.uasset" 1331
"E:/Development/Projects/Squeak/Content/ControllerIconPack/Textures/Macro_Icons/PC_Controller/Light/T_PC_8_Light_128x128.uexp" 1332
"E:/Development/Projects/Squeak/Content/ControllerIconPack/Textures/Macro_Icons/PC_Controller/Light/T_PC_9_Light_128x128.uasset" 1333
"E:/Development/Projects/Squeak/Content/ControllerIconPack/Textures/Macro_Icons/PC_Controller/Light/T_PC_9_Light_128x128.uexp" 1334
"E:/Development/Projects/Squeak/Content/ControllerIconPack/Textures/Macro_Icons/PC_Controller/Light/T_PC_A_Light_128x128.uasset" 1335
"E:/Development/Projects/Squeak/Content/ControllerIconPack/Textures/Macro_Icons/PC_Controller/Light/T_PC_A_Light_128x128.uexp" 1336
"E:/Development/Projects/Squeak/Content/ControllerIconPack/Textures/Macro_Icons/PC_Controller/Light/T_PC_D_Light_128x128.uasset" 1337
"E:/Development/Projects/Squeak/Content/ControllerIconPack/Textures/Macro_Icons/PC_Controller/Light/T_PC_D_Light_128x128.uexp" 1338
"E:/Development/Projects/Squeak/Content/ControllerIconPack/Textures/Macro_Icons/PC_Controller/Light/T_PC_Q_Light_128x128.uasset" 1339
"E:/Development/Projects/Squeak/Content/ControllerIconPack/Textures/Macro_Icons/PC_Controller/Light/T_PC_Q_Light_128x128.uexp" 1340
"E:/Development/Projects/Squeak/Content/ControllerIconPack/Textures/Macro_Icons/PC_Controller/Light/T_PC_S_Light_128x128.uasset" 1341
"E:/Development/Projects/Squeak/Content/ControllerIconPack/Textures/Macro_Icons/PC_Controller/Light/T_PC_S_Light_128x128.uexp" 1342
"E:/Development/Projects/Squeak/Content/ControllerIconPack/Textures/Macro_Icons/PC_Controller/Light/T_PC_W_Light_128x128.uasset" 1343
"E:/Development/Projects/Squeak/Content/ControllerIconPack/Textures/Macro_Icons/PC_Controller/Light/T_PC_W_Light_128x128.uexp" 1344
"E:/Development/Projects/Squeak/Content/ControllerIconPack/Textures/Macro_Icons/PC_Controller/Light/T_PC_Z_Light_128x128.uasset" 1345
"E:/Development/Projects/Squeak/Content/ControllerIconPack/Textures/Macro_Icons/PC_Controller/Light/T_PC_Z_Light_128x128.uexp" 1346
"E:/Development/Projects/Squeak/Content/content_1/scripts/systems/minigameSystem/QTE/keyData_struct.uasset" 1347
"E:/Development/Projects/Squeak/Content/content_1/scripts/systems/minigameSystem/QTE/keyData_struct.uexp" 1348
"E:/Development/Projects/Squeak/Content/ControllerIconPack/Textures/Macro_Icons/XB_Controller/Light/T_XB_Base_A_Light_128x128.uasset" 1349
"E:/Development/Projects/Squeak/Content/ControllerIconPack/Textures/Macro_Icons/XB_Controller/Light/T_XB_Base_A_Light_128x128.uexp" 1350
"E:/Development/Projects/Squeak/Content/ControllerIconPack/Textures/Macro_Icons/XB_Controller/Light/T_XB_Base_B_Light_128x128.uasset" 1351
"E:/Development/Projects/Squeak/Content/ControllerIconPack/Textures/Macro_Icons/XB_Controller/Light/T_XB_Base_B_Light_128x128.uexp" 1352
"E:/Development/Projects/Squeak/Content/ControllerIconPack/Textures/Macro_Icons/XB_Controller/Light/T_XB_Base_X_Light_128x128.uasset" 1353
"E:/Development/Projects/Squeak/Content/ControllerIconPack/Textures/Macro_Icons/XB_Controller/Light/T_XB_Base_X_Light_128x128.uexp" 1354
"E:/Development/Projects/Squeak/Content/ControllerIconPack/Textures/Macro_Icons/XB_Controller/Light/T_XB_Base_Y_Light_128x128.uasset" 1355
"E:/Development/Projects/Squeak/Content/ControllerIconPack/Textures/Macro_Icons/XB_Controller/Light/T_XB_Base_Y_Light_128x128.uexp" 1356
"E:/Development/Projects/Squeak/Content/content_1/scripts/ui/QTE/DataTable_Keys.uasset" 1357
"E:/Development/Projects/Squeak/Content/content_1/scripts/ui/QTE/DataTable_Keys.uexp" 1358
"E:/Development/Projects/Squeak/Content/content_1/scripts/libs/lib_game.uasset" 1359
"E:/Development/Projects/Squeak/Content/content_1/scripts/libs/lib_game.uexp" 1360
"../../../Engine/Content/Functions/Engine_MaterialFunctions01/Density/ExponentialDensity.uasset" 1361
"../../../Engine/Content/Functions/Engine_MaterialFunctions01/Density/ExponentialDensity.uexp" 1362
"../../../Engine/Content/Functions/Engine_MaterialFunctions01/Gradient/RadialGradientExponential.uasset" 1363
"../../../Engine/Content/Functions/Engine_MaterialFunctions01/Gradient/RadialGradientExponential.uexp" 1364
"E:/Development/Projects/Squeak/Content/content_1/scripts/ui/QTE/m_qte_indicator.uasset" 1365
"E:/Development/Projects/Squeak/Content/content_1/scripts/ui/QTE/m_qte_indicator.uexp" 1366
"E:/Development/Projects/Squeak/Content/content_1/scripts/ui/QTE/m_qte_indicator_Inst.uasset" 1367
"E:/Development/Projects/Squeak/Content/content_1/scripts/ui/QTE/m_qte_indicator_Inst.uexp" 1368
"E:/Development/Projects/Squeak/Content/content_1/scripts/ui/QTE/uw_qte_slot.uasset" 1369
"E:/Development/Projects/Squeak/Content/content_1/scripts/ui/QTE/uw_qte_slot.uexp" 1370
"E:/Development/Projects/Squeak/Content/content_1/scripts/ui/QTE/uw_qte_base.uasset" 1371
"E:/Development/Projects/Squeak/Content/content_1/scripts/ui/QTE/uw_qte_base.uexp" 1372
"E:/Development/Projects/Squeak/Content/content_1/scripts/systems/minigameSystem/minigameManager.uasset" 1373
"E:/Development/Projects/Squeak/Content/content_1/scripts/systems/minigameSystem/minigameManager.uexp" 1374
"E:/Development/Projects/Squeak/Content/content_0/interfaces/BP_Movable.uasset" 1375
"E:/Development/Projects/Squeak/Content/content_0/interfaces/BP_Movable.uexp" 1376
"E:/Development/Projects/Squeak/Content/content_0/base/pawn/BP_Player_Pawn.uasset" 1377
"E:/Development/Projects/Squeak/Content/content_0/base/pawn/BP_Player_Pawn.uexp" 1378
"E:/Development/Projects/Squeak/Content/content_0/base/controllers/enum/E_InteractionActionType.uasset" 1379
"E:/Development/Projects/Squeak/Content/content_0/base/controllers/enum/E_InteractionActionType.uexp" 1380
"E:/Development/Projects/Squeak/Content/content_0/base/controllers/BP_Controller_Base.uasset" 1381
"E:/Development/Projects/Squeak/Content/content_0/base/controllers/BP_Controller_Base.uexp" 1382
"../../../Engine/Content/BasicShapes/Plane.ubulk" 1383
"../../../Engine/Content/BasicShapes/Plane.uasset" 1384
"../../../Engine/Content/BasicShapes/Plane.uexp" 1385
"E:/Development/Projects/Squeak/Content/content_0/base/throwable/BP_InteractiveBorder.uasset" 1386
"E:/Development/Projects/Squeak/Content/content_0/base/throwable/BP_InteractiveBorder.uexp" 1387
"E:/Development/Projects/Squeak/Content/content_2/AbandonedHospital/Textures/T_TextureSet_01.ubulk" 1388
"E:/Development/Projects/Squeak/Content/content_2/AbandonedHospital/Textures/T_TextureSet_01.uasset" 1389
"E:/Development/Projects/Squeak/Content/content_2/AbandonedHospital/Textures/T_TextureSet_01.uexp" 1390
"../../../Engine/Content/EngineDebugMaterials/HeatmapGradient.ubulk" 1391
"../../../Engine/Content/EngineDebugMaterials/HeatmapGradient.uasset" 1392
"../../../Engine/Content/EngineDebugMaterials/HeatmapGradient.uexp" 1393
"../../../Engine/Content/Functions/Engine_MaterialFunctions01/ImageAdjustment/CheapContrast_RGB.uasset" 1394
"../../../Engine/Content/Functions/Engine_MaterialFunctions01/ImageAdjustment/CheapContrast_RGB.uexp" 1395
"E:/Development/Projects/Squeak/Content/content_2/AbandonedHospital/Textures/T_Dirty_Concrete_03_Normal.ubulk" 1396
"E:/Development/Projects/Squeak/Content/content_2/AbandonedHospital/Textures/T_Dirty_Concrete_03_Normal.uasset" 1397
"E:/Development/Projects/Squeak/Content/content_2/AbandonedHospital/Textures/T_Dirty_Concrete_03_Normal.uexp" 1398
"E:/Development/Projects/Squeak/Content/content_2/AbandonedHospital/Textures/T_Aluminim_01_OcclusionRoughnessMetallic.ubulk" 1399
"E:/Development/Projects/Squeak/Content/content_2/AbandonedHospital/Textures/T_Aluminim_01_OcclusionRoughnessMetallic.uasset" 1400
"E:/Development/Projects/Squeak/Content/content_2/AbandonedHospital/Textures/T_Aluminim_01_OcclusionRoughnessMetallic.uexp" 1401
"E:/Development/Projects/Squeak/Content/content_2/AbandonedHospital/Materials/M_BaseMaterials.uasset" 1402
"E:/Development/Projects/Squeak/Content/content_2/AbandonedHospital/Materials/M_BaseMaterials.uexp" 1403
"E:/Development/Projects/Squeak/Content/content_2/AbandonedHospital/Textures/T_Dirty_Concrete_02_Normal.ubulk" 1404
"E:/Development/Projects/Squeak/Content/content_2/AbandonedHospital/Textures/T_Dirty_Concrete_02_Normal.uasset" 1405
"E:/Development/Projects/Squeak/Content/content_2/AbandonedHospital/Textures/T_Dirty_Concrete_02_Normal.uexp" 1406
"E:/Development/Projects/Squeak/Content/content_2/AbandonedHospital/Materials/MI_Window_Aluminum_01.uasset" 1407
"E:/Development/Projects/Squeak/Content/content_2/AbandonedHospital/Materials/MI_Window_Aluminum_01.uexp" 1408
"E:/Development/Projects/Squeak/Content/content_0/base/door/SM_Handle.ubulk" 1409
"E:/Development/Projects/Squeak/Content/content_0/base/door/SM_Handle.uasset" 1410
"E:/Development/Projects/Squeak/Content/content_0/base/door/SM_Handle.uexp" 1411
"E:/Development/Projects/Squeak/Content/content_0/base/door/HandleBase.ubulk" 1412
"E:/Development/Projects/Squeak/Content/content_0/base/door/HandleBase.uasset" 1413
"E:/Development/Projects/Squeak/Content/content_0/base/door/HandleBase.uexp" 1414
"../../../Engine/Content/Functions/Engine_MaterialFunctions02/WorldPositionOffset/V2/ObjectScale.uasset" 1415
"../../../Engine/Content/Functions/Engine_MaterialFunctions02/WorldPositionOffset/V2/ObjectScale.uexp" 1416
"E:/Development/Projects/Squeak/Content/content_2/AbandonedHospital/Textures/T_Plastic_Tile_BaseColor.ubulk" 1417
"E:/Development/Projects/Squeak/Content/content_2/AbandonedHospital/Textures/T_Plastic_Tile_BaseColor.uasset" 1418
"E:/Development/Projects/Squeak/Content/content_2/AbandonedHospital/Textures/T_Plastic_Tile_BaseColor.uexp" 1419
"E:/Development/Projects/Squeak/Content/content_2/RoomEditor/Material/New/M_AlignBase.uasset" 1420
"E:/Development/Projects/Squeak/Content/content_2/RoomEditor/Material/New/M_AlignBase.uexp" 1421
"E:/Development/Projects/Squeak/Content/content_2/RoomEditor/Material/New/M_Wall_Base.uasset" 1422
"E:/Development/Projects/Squeak/Content/content_2/RoomEditor/Material/New/M_Wall_Base.uexp" 1423
"E:/Development/Projects/Squeak/Content/content_2/RoomEditor/Material/New/M_Interier_Base.uasset" 1424
"E:/Development/Projects/Squeak/Content/content_2/RoomEditor/Material/New/M_Interier_Base.uexp" 1425
"E:/Development/Projects/Squeak/Content/content_2/RoomEditor/Material/BeadboardPanel01A/Textures/T_BeadboardPanel01A_V.ubulk" 1426
"E:/Development/Projects/Squeak/Content/content_2/RoomEditor/Material/BeadboardPanel01A/Textures/T_BeadboardPanel01A_V.uasset" 1427
"E:/Development/Projects/Squeak/Content/content_2/RoomEditor/Material/BeadboardPanel01A/Textures/T_BeadboardPanel01A_V.uexp" 1428
"E:/Development/Projects/Squeak/Content/content_2/RoomEditor/Material/BeadboardPanel01A/Textures/T_BeadboardPanel01A_N.ubulk" 1429
"E:/Development/Projects/Squeak/Content/content_2/RoomEditor/Material/BeadboardPanel01A/Textures/T_BeadboardPanel01A_N.uasset" 1430
"E:/Development/Projects/Squeak/Content/content_2/RoomEditor/Material/BeadboardPanel01A/Textures/T_BeadboardPanel01A_N.uexp" 1431
"E:/Development/Projects/Squeak/Content/content_2/RoomEditor/Material/BeadboardPanel01A/Textures/T_BeadboardPanel01A_C.ubulk" 1432
"E:/Development/Projects/Squeak/Content/content_2/RoomEditor/Material/BeadboardPanel01A/Textures/T_BeadboardPanel01A_C.uasset" 1433
"E:/Development/Projects/Squeak/Content/content_2/RoomEditor/Material/BeadboardPanel01A/Textures/T_BeadboardPanel01A_C.uexp" 1434
"../../../Engine/Content/EngineMaterials/DefaultNormal_Uncompressed.ubulk" 1435
"../../../Engine/Content/EngineMaterials/DefaultNormal_Uncompressed.uasset" 1436
"../../../Engine/Content/EngineMaterials/DefaultNormal_Uncompressed.uexp" 1437
"../../../Engine/Content/Functions/Engine_MaterialFunctions02/Math/CreateThirdOrthogonalVector.uasset" 1438
"../../../Engine/Content/Functions/Engine_MaterialFunctions02/Math/CreateThirdOrthogonalVector.uexp" 1439
"../../../Engine/Content/Functions/Engine_MaterialFunctions02/WorldAlignedNormals_HighQuality.uasset" 1440
"../../../Engine/Content/Functions/Engine_MaterialFunctions02/WorldAlignedNormals_HighQuality.uexp" 1441
"../../../Engine/Content/Functions/Engine_MaterialFunctions01/Texturing/WorldAlignedTexture.uasset" 1442
"../../../Engine/Content/Functions/Engine_MaterialFunctions01/Texturing/WorldAlignedTexture.uexp" 1443
"../../../Engine/Content/Functions/Engine_MaterialFunctions01/Texturing/WorldAlignedNormal.uasset" 1444
"../../../Engine/Content/Functions/Engine_MaterialFunctions01/Texturing/WorldAlignedNormal.uexp" 1445
"../../../Engine/Content/Functions/Engine_MaterialFunctions01/Texturing/WorldAlignedTexture_SeperateChannels.uasset" 1446
"../../../Engine/Content/Functions/Engine_MaterialFunctions01/Texturing/WorldAlignedTexture_SeperateChannels.uexp" 1447
"E:/Development/Projects/Squeak/Content/content_2/RoomEditor/Material/BeadboardPanel01A/Materials/MM_TileMaterial.uasset" 1448
"E:/Development/Projects/Squeak/Content/content_2/RoomEditor/Material/BeadboardPanel01A/Materials/MM_TileMaterial.uexp" 1449
"E:/Development/Projects/Squeak/Content/content_2/RoomEditor/Material/BeadboardPanel01A/Materials/MI_BeadboardPanel01A.uasset" 1450
"E:/Development/Projects/Squeak/Content/content_2/RoomEditor/Material/BeadboardPanel01A/Materials/MI_BeadboardPanel01A.uexp" 1451
"E:/Development/Projects/Squeak/Content/content_2/AbandonedHospital/Materials/MI_Window_Aluminum_02.uasset" 1452
"E:/Development/Projects/Squeak/Content/content_2/AbandonedHospital/Materials/MI_Window_Aluminum_02.uexp" 1453
"E:/Development/Projects/Squeak/Content/content_2/AbandonedHospital/Textures/T_WallLeak_02_Opacity.ubulk" 1454
"E:/Development/Projects/Squeak/Content/content_2/AbandonedHospital/Textures/T_WallLeak_02_Opacity.uasset" 1455
"E:/Development/Projects/Squeak/Content/content_2/AbandonedHospital/Textures/T_WallLeak_02_Opacity.uexp" 1456
"E:/Development/Projects/Squeak/Content/content_2/AbandonedHospital/Textures/T_WallLeak_01_BaseColor.ubulk" 1457
"E:/Development/Projects/Squeak/Content/content_2/AbandonedHospital/Textures/T_WallLeak_01_BaseColor.uasset" 1458
"E:/Development/Projects/Squeak/Content/content_2/AbandonedHospital/Textures/T_WallLeak_01_BaseColor.uexp" 1459
"E:/Development/Projects/Squeak/Content/content_2/AbandonedHospital/Textures/T_WallLeak_01_Opacity.ubulk" 1460
"E:/Development/Projects/Squeak/Content/content_2/AbandonedHospital/Textures/T_WallLeak_01_Opacity.uasset" 1461
"E:/Development/Projects/Squeak/Content/content_2/AbandonedHospital/Textures/T_WallLeak_01_Opacity.uexp" 1462
"E:/Development/Projects/Squeak/Content/content_2/AbandonedHospital/Materials/M_BaseDecal_01.uasset" 1463
"E:/Development/Projects/Squeak/Content/content_2/AbandonedHospital/Materials/M_BaseDecal_01.uexp" 1464
"E:/Development/Projects/Squeak/Content/content_2/AbandonedHospital/Materials/MI_DirtyDecal_02.uasset" 1465
"E:/Development/Projects/Squeak/Content/content_2/AbandonedHospital/Materials/MI_DirtyDecal_02.uexp" 1466
"E:/Development/Projects/Squeak/Content/content_2/AbandonedHospital/Materials/MI_DirtyDecal_03.uasset" 1467
"E:/Development/Projects/Squeak/Content/content_2/AbandonedHospital/Materials/MI_DirtyDecal_03.uexp" 1468
"../../../Engine/Content/Functions/Engine_MaterialFunctions02/Math/InverseTransformMatrix.uasset" 1469
"../../../Engine/Content/Functions/Engine_MaterialFunctions02/Math/InverseTransformMatrix.uexp" 1470
"../../../Engine/Content/EngineVolumetrics/Fogsheet/Materials/T_EV_BlankWhite_01.uasset" 1471
"../../../Engine/Content/EngineVolumetrics/Fogsheet/Materials/T_EV_BlankWhite_01.uexp" 1472
"../../../Engine/Content/Functions/Engine_MaterialFunctions02/Math/TransformToZVector.uasset" 1473
"../../../Engine/Content/Functions/Engine_MaterialFunctions02/Math/TransformToZVector.uexp" 1474
"../../../Engine/Content/Functions/Engine_MaterialFunctions01/Texturing/ParallaxOcclusionMapping.uasset" 1475
"../../../Engine/Content/Functions/Engine_MaterialFunctions01/Texturing/ParallaxOcclusionMapping.uexp" 1476
"E:/Development/Projects/Squeak/Content/content_2/AbandonedHospital/Textures/POM/T_POM_Opacity.ubulk" 1477
"E:/Development/Projects/Squeak/Content/content_2/AbandonedHospital/Textures/POM/T_POM_Opacity.uasset" 1478
"E:/Development/Projects/Squeak/Content/content_2/AbandonedHospital/Textures/POM/T_POM_Opacity.uexp" 1479
"E:/Development/Projects/Squeak/Content/content_2/AbandonedHospital/Textures/POM/T_POM_Normal.ubulk" 1480
"E:/Development/Projects/Squeak/Content/content_2/AbandonedHospital/Textures/POM/T_POM_Normal.uasset" 1481
"E:/Development/Projects/Squeak/Content/content_2/AbandonedHospital/Textures/POM/T_POM_Normal.uexp" 1482
"E:/Development/Projects/Squeak/Content/content_2/AbandonedHospital/Textures/POM/T_POM_Height.ubulk" 1483
"E:/Development/Projects/Squeak/Content/content_2/AbandonedHospital/Textures/POM/T_POM_Height.uasset" 1484
"E:/Development/Projects/Squeak/Content/content_2/AbandonedHospital/Textures/POM/T_POM_Height.uexp" 1485
"E:/Development/Projects/Squeak/Content/content_2/AbandonedHospital/Textures/POM/T_POM_AO.ubulk" 1486
"E:/Development/Projects/Squeak/Content/content_2/AbandonedHospital/Textures/POM/T_POM_AO.uasset" 1487
"E:/Development/Projects/Squeak/Content/content_2/AbandonedHospital/Textures/POM/T_POM_AO.uexp" 1488
"E:/Development/Projects/Squeak/Content/content_2/AbandonedHospital/Materials/POM/M_POM.uasset" 1489
"E:/Development/Projects/Squeak/Content/content_2/AbandonedHospital/Materials/POM/M_POM.uexp" 1490
"E:/Development/Projects/Squeak/Content/content_2/AbandonedHospital/Materials/POM/MI_POM_Color_Metal.uasset" 1491
"E:/Development/Projects/Squeak/Content/content_2/AbandonedHospital/Materials/POM/MI_POM_Color_Metal.uexp" 1492
"E:/Development/Projects/Squeak/Content/content_2/AbandonedHospital/Textures/T_BrokenGlass01_OcclusionRoughnessMetallic.ubulk" 1493
"E:/Development/Projects/Squeak/Content/content_2/AbandonedHospital/Textures/T_BrokenGlass01_OcclusionRoughnessMetallic.uasset" 1494
"E:/Development/Projects/Squeak/Content/content_2/AbandonedHospital/Textures/T_BrokenGlass01_OcclusionRoughnessMetallic.uexp" 1495
"E:/Development/Projects/Squeak/Content/content_2/AbandonedHospital/Textures/T_BrokenGlass01_BaseColor.ubulk" 1496
"E:/Development/Projects/Squeak/Content/content_2/AbandonedHospital/Textures/T_BrokenGlass01_BaseColor.uasset" 1497
"E:/Development/Projects/Squeak/Content/content_2/AbandonedHospital/Textures/T_BrokenGlass01_BaseColor.uexp" 1498
"E:/Development/Projects/Squeak/Content/content_2/AbandonedHospital/Materials/M_GlassBase.uasset" 1499
"E:/Development/Projects/Squeak/Content/content_2/AbandonedHospital/Materials/M_GlassBase.uexp" 1500
"E:/Development/Projects/Squeak/Content/content_2/AbandonedHospital/Materials/MI_BrokenGlass_01.uasset" 1501
"E:/Development/Projects/Squeak/Content/content_2/AbandonedHospital/Materials/MI_BrokenGlass_01.uexp" 1502
"E:/Development/Projects/Squeak/Content/content_2/RoomEditor/Material/New/M_Interier_Second.uasset" 1503
"E:/Development/Projects/Squeak/Content/content_2/RoomEditor/Material/New/M_Interier_Second.uexp" 1504
"E:/Development/Projects/Squeak/Content/content_0/base/door/Door_2.ubulk" 1505
"E:/Development/Projects/Squeak/Content/content_0/base/door/Door_2.uasset" 1506
"E:/Development/Projects/Squeak/Content/content_0/base/door/Door_2.uexp" 1507
"E:/Development/Projects/Squeak/Content/content_2/Doors_And_Drawers_SFX/Lock/WAV_Lock_15.ubulk" 1508
"E:/Development/Projects/Squeak/Content/content_2/Doors_And_Drawers_SFX/Lock/WAV_Lock_15.uasset" 1509
"E:/Development/Projects/Squeak/Content/content_2/Doors_And_Drawers_SFX/Lock/WAV_Lock_15.uexp" 1510
"E:/Development/Projects/Squeak/Content/content_2/Doors_And_Drawers_SFX/Wooden_Door/Wooden_Door_Close/WAV_Wooden_Door_Close_1.ubulk" 1511
"E:/Development/Projects/Squeak/Content/content_2/Doors_And_Drawers_SFX/Wooden_Door/Wooden_Door_Close/WAV_Wooden_Door_Close_1.uasset" 1512
"E:/Development/Projects/Squeak/Content/content_2/Doors_And_Drawers_SFX/Wooden_Door/Wooden_Door_Close/WAV_Wooden_Door_Close_1.uexp" 1513
"E:/Development/Projects/Squeak/Content/content_2/Doors_And_Drawers_SFX/Wooden_Door/Wooden_Door_Close/WAV_Wooden_Door_Close_4.ubulk" 1514
"E:/Development/Projects/Squeak/Content/content_2/Doors_And_Drawers_SFX/Wooden_Door/Wooden_Door_Close/WAV_Wooden_Door_Close_4.uasset" 1515
"E:/Development/Projects/Squeak/Content/content_2/Doors_And_Drawers_SFX/Wooden_Door/Wooden_Door_Close/WAV_Wooden_Door_Close_4.uexp" 1516
"E:/Development/Projects/Squeak/Content/content_2/Doors_And_Drawers_SFX/Closet_Door/Closet_Door_Close/WAV_Closet_Door_Close_1.ubulk" 1517
"E:/Development/Projects/Squeak/Content/content_2/Doors_And_Drawers_SFX/Closet_Door/Closet_Door_Close/WAV_Closet_Door_Close_1.uasset" 1518
"E:/Development/Projects/Squeak/Content/content_2/Doors_And_Drawers_SFX/Closet_Door/Closet_Door_Close/WAV_Closet_Door_Close_1.uexp" 1519
"E:/Development/Projects/Squeak/Content/content_2/Doors_And_Drawers_SFX/Closet_Door/Closet_Door_Close/WAV_Closet_Door_Close_2.ubulk" 1520
"E:/Development/Projects/Squeak/Content/content_2/Doors_And_Drawers_SFX/Closet_Door/Closet_Door_Close/WAV_Closet_Door_Close_2.uasset" 1521
"E:/Development/Projects/Squeak/Content/content_2/Doors_And_Drawers_SFX/Closet_Door/Closet_Door_Close/WAV_Closet_Door_Close_2.uexp" 1522
"E:/Development/Projects/Squeak/Content/content_0/base/door/BP_Door.uasset" 1523
"E:/Development/Projects/Squeak/Content/content_0/base/door/BP_Door.uexp" 1524
"E:/Development/Projects/Squeak/Content/content_1/scripts/animations/I_CharacterAnimations.uasset" 1525
"E:/Development/Projects/Squeak/Content/content_1/scripts/animations/I_CharacterAnimations.uexp" 1526
"E:/Development/Projects/Squeak/Content/content_1/scripts/ai/trees/tasks/nav/BTT_MoveAdvanced.uasset" 1527
"E:/Development/Projects/Squeak/Content/content_1/scripts/ai/trees/tasks/nav/BTT_MoveAdvanced.uexp" 1528
"E:/Development/Projects/Squeak/Content/content_1/scripts/navigation/RoomQueryActor.uasset" 1529
"E:/Development/Projects/Squeak/Content/content_1/scripts/navigation/RoomQueryActor.uexp" 1530
"E:/Development/Projects/Squeak/Content/content_1/scripts/ai/trees/tasks/nav/BTT_GetRoomByLocation.uasset" 1531
"E:/Development/Projects/Squeak/Content/content_1/scripts/ai/trees/tasks/nav/BTT_GetRoomByLocation.uexp" 1532
"E:/Development/Projects/Squeak/Content/content_1/scripts/ai/trees/tasks/nav/BTT_BuildAdvancedPath.uasset" 1533
"E:/Development/Projects/Squeak/Content/content_1/scripts/ai/trees/tasks/nav/BTT_BuildAdvancedPath.uexp" 1534
"E:/Development/Projects/Squeak/Content/content_1/scripts/ai/trees/tasks/behaviour/BTT_SetStatus.uasset" 1535
"E:/Development/Projects/Squeak/Content/content_1/scripts/ai/trees/tasks/behaviour/BTT_SetStatus.uexp" 1536
"E:/Development/Projects/Squeak/Content/content_1/scripts/ai/trees/decorators/BTDecorator_CharacterStatus.uasset" 1537
"E:/Development/Projects/Squeak/Content/content_1/scripts/ai/trees/decorators/BTDecorator_CharacterStatus.uexp" 1538
"E:/Development/Projects/Squeak/Content/content_2/AbandonedHospital/Textures/T_Plastic_Tile_OcclusionRoughnessMetallic.ubulk" 1539
"E:/Development/Projects/Squeak/Content/content_2/AbandonedHospital/Textures/T_Plastic_Tile_OcclusionRoughnessMetallic.uasset" 1540
"E:/Development/Projects/Squeak/Content/content_2/AbandonedHospital/Textures/T_Plastic_Tile_OcclusionRoughnessMetallic.uexp" 1541
"E:/Development/Projects/Squeak/Content/content_2/AbandonedHospital/Textures/T_Plastic_Tile_Normal.ubulk" 1542
"E:/Development/Projects/Squeak/Content/content_2/AbandonedHospital/Textures/T_Plastic_Tile_Normal.uasset" 1543
"E:/Development/Projects/Squeak/Content/content_2/AbandonedHospital/Textures/T_Plastic_Tile_Normal.uexp" 1544
"E:/Development/Projects/Squeak/Content/content_2/AbandonedHospital/Materials/MI_Plastic_Tile_White.uasset" 1545
"E:/Development/Projects/Squeak/Content/content_2/AbandonedHospital/Materials/MI_Plastic_Tile_White.uexp" 1546
"E:/Development/Projects/Squeak/Content/content_2/AbandonedHospital/Materials/MI_Plastic_Tile_Blue.uasset" 1547
"E:/Development/Projects/Squeak/Content/content_2/AbandonedHospital/Materials/MI_Plastic_Tile_Blue.uexp" 1548
"E:/Development/Projects/Squeak/Content/content_2/AbandonedHospital/Textures/T_Text_Decal_01.ubulk" 1549
"E:/Development/Projects/Squeak/Content/content_2/AbandonedHospital/Textures/T_Text_Decal_01.uasset" 1550
"E:/Development/Projects/Squeak/Content/content_2/AbandonedHospital/Textures/T_Text_Decal_01.uexp" 1551
"E:/Development/Projects/Squeak/Content/content_2/AbandonedHospital/Textures/T_Decal_Opacity_Detail.ubulk" 1552
"E:/Development/Projects/Squeak/Content/content_2/AbandonedHospital/Textures/T_Decal_Opacity_Detail.uasset" 1553
"E:/Development/Projects/Squeak/Content/content_2/AbandonedHospital/Textures/T_Decal_Opacity_Detail.uexp" 1554
"E:/Development/Projects/Squeak/Content/content_2/AbandonedHospital/Materials/M_TextBase.uasset" 1555
"E:/Development/Projects/Squeak/Content/content_2/AbandonedHospital/Materials/M_TextBase.uexp" 1556
"E:/Development/Projects/Squeak/Content/content_2/AbandonedHospital/Materials/MI_TextDecalBase_Bright.uasset" 1557
"E:/Development/Projects/Squeak/Content/content_2/AbandonedHospital/Materials/MI_TextDecalBase_Bright.uexp" 1558
"E:/Development/Projects/Squeak/Content/content_2/AbandonedHospital/Meshes/StaticMeshes/SM_CabinetDesk_01.ubulk" 1559
"E:/Development/Projects/Squeak/Content/content_2/AbandonedHospital/Meshes/StaticMeshes/SM_CabinetDesk_01.uasset" 1560
"E:/Development/Projects/Squeak/Content/content_2/AbandonedHospital/Meshes/StaticMeshes/SM_CabinetDesk_01.uexp" 1561
"E:/Development/Projects/Squeak/Content/content_1/scripts/animations/IK_Laraine.uasset" 1562
"E:/Development/Projects/Squeak/Content/content_1/scripts/animations/IK_Laraine.uexp" 1563
"../../../Engine/Plugins/Animation/ACLPlugin/Content/ACLAnimCurveCompressionSettings.uasset" 1564
"../../../Engine/Plugins/Animation/ACLPlugin/Content/ACLAnimCurveCompressionSettings.uexp" 1565
"../../../Engine/Plugins/Animation/ACLPlugin/Content/ACLAnimBoneCompressionSettings.uasset" 1566
"../../../Engine/Plugins/Animation/ACLPlugin/Content/ACLAnimBoneCompressionSettings.uexp" 1567
"../../../Engine/Content/Animation/DefaultVariableFrameStrippingSettings.uasset" 1568
"../../../Engine/Content/Animation/DefaultVariableFrameStrippingSettings.uexp" 1569
"E:/Development/Projects/Squeak/Content/content_1/scripts/animations/animations/laraine/anims/anim_reaction_back_left1.uasset" 1570
"E:/Development/Projects/Squeak/Content/content_1/scripts/animations/animations/laraine/anims/anim_reaction_back_left1.uexp" 1571
"E:/Development/Projects/Squeak/Content/content_1/scripts/animations/animations/laraine/anims/anim_reaction_back_right1.uasset" 1572
"E:/Development/Projects/Squeak/Content/content_1/scripts/animations/animations/laraine/anims/anim_reaction_back_right1.uexp" 1573
"E:/Development/Projects/Squeak/Content/content_1/scripts/animations/animations/laraine/anims/anim_reaction_side_left1.uasset" 1574
"E:/Development/Projects/Squeak/Content/content_1/scripts/animations/animations/laraine/anims/anim_reaction_side_left1.uexp" 1575
"E:/Development/Projects/Squeak/Content/content_1/scripts/animations/animations/laraine/anims/anim_reaction_side_right1.uasset" 1576
"E:/Development/Projects/Squeak/Content/content_1/scripts/animations/animations/laraine/anims/anim_reaction_side_right1.uexp" 1577
"E:/Development/Projects/Squeak/Content/content_1/scripts/animations/AnimBS_Reaction_Laraine.uasset" 1578
"E:/Development/Projects/Squeak/Content/content_1/scripts/animations/AnimBS_Reaction_Laraine.uexp" 1579
"../../../Engine/Content/Animation/DefaultAnimBoneCompressionSettings.uasset" 1580
"../../../Engine/Content/Animation/DefaultAnimBoneCompressionSettings.uexp" 1581
"../../../Engine/Content/Animation/DefaultAnimCurveCompressionSettings.uasset" 1582
"../../../Engine/Content/Animation/DefaultAnimCurveCompressionSettings.uexp" 1583
"E:/Development/Projects/Squeak/Content/content_1/scripts/animations/animations/laraine/anims/ANMS_FemHrrSrvIdle.uasset" 1584
"E:/Development/Projects/Squeak/Content/content_1/scripts/animations/animations/laraine/anims/ANMS_FemHrrSrvIdle.uexp" 1585
"E:/Development/Projects/Squeak/Content/content_1/scripts/animations/animations/laraine/anims/ANMS_FemHrrSrvInjuredRunForward.uasset" 1586
"E:/Development/Projects/Squeak/Content/content_1/scripts/animations/animations/laraine/anims/ANMS_FemHrrSrvInjuredRunForward.uexp" 1587
"E:/Development/Projects/Squeak/Content/content_1/scripts/animations/animations/laraine/anims/ANMS_FemHrrSrvInjuredWalkForward.uasset" 1588
"E:/Development/Projects/Squeak/Content/content_1/scripts/animations/animations/laraine/anims/ANMS_FemHrrSrvInjuredWalkForward.uexp" 1589
"E:/Development/Projects/Squeak/Content/content_1/scripts/animations/Notify/AnimNotify_PlayFootstep.uasset" 1590
"E:/Development/Projects/Squeak/Content/content_1/scripts/animations/Notify/AnimNotify_PlayFootstep.uexp" 1591
"E:/Development/Projects/Squeak/Content/content_2/cplomedia_FootstepsPack/SingleSteps/ConcreteSteps/WAV/WAV_ConcreteSingelSteps01.ubulk" 1592
"E:/Development/Projects/Squeak/Content/content_2/cplomedia_FootstepsPack/SingleSteps/ConcreteSteps/WAV/WAV_ConcreteSingelSteps01.uasset" 1593
"E:/Development/Projects/Squeak/Content/content_2/cplomedia_FootstepsPack/SingleSteps/ConcreteSteps/WAV/WAV_ConcreteSingelSteps01.uexp" 1594
"E:/Development/Projects/Squeak/Content/content_2/cplomedia_FootstepsPack/SingleSteps/ConcreteSteps/WAV/WAV_ConcreteSingelSteps02.ubulk" 1595
"E:/Development/Projects/Squeak/Content/content_2/cplomedia_FootstepsPack/SingleSteps/ConcreteSteps/WAV/WAV_ConcreteSingelSteps02.uasset" 1596
"E:/Development/Projects/Squeak/Content/content_2/cplomedia_FootstepsPack/SingleSteps/ConcreteSteps/WAV/WAV_ConcreteSingelSteps02.uexp" 1597
"E:/Development/Projects/Squeak/Content/content_2/cplomedia_FootstepsPack/SingleSteps/ConcreteSteps/WAV/WAV_ConcreteSingelSteps03.ubulk" 1598
"E:/Development/Projects/Squeak/Content/content_2/cplomedia_FootstepsPack/SingleSteps/ConcreteSteps/WAV/WAV_ConcreteSingelSteps03.uasset" 1599
"E:/Development/Projects/Squeak/Content/content_2/cplomedia_FootstepsPack/SingleSteps/ConcreteSteps/WAV/WAV_ConcreteSingelSteps03.uexp" 1600
"E:/Development/Projects/Squeak/Content/content_2/cplomedia_FootstepsPack/SingleSteps/ConcreteSteps/WAV/WAV_ConcreteSingelSteps04.ubulk" 1601
"E:/Development/Projects/Squeak/Content/content_2/cplomedia_FootstepsPack/SingleSteps/ConcreteSteps/WAV/WAV_ConcreteSingelSteps04.uasset" 1602
"E:/Development/Projects/Squeak/Content/content_2/cplomedia_FootstepsPack/SingleSteps/ConcreteSteps/WAV/WAV_ConcreteSingelSteps04.uexp" 1603
"E:/Development/Projects/Squeak/Content/content_2/cplomedia_FootstepsPack/SingleSteps/ConcreteSteps/WAV/WAV_ConcreteSingelSteps05.ubulk" 1604
"E:/Development/Projects/Squeak/Content/content_2/cplomedia_FootstepsPack/SingleSteps/ConcreteSteps/WAV/WAV_ConcreteSingelSteps05.uasset" 1605
"E:/Development/Projects/Squeak/Content/content_2/cplomedia_FootstepsPack/SingleSteps/ConcreteSteps/WAV/WAV_ConcreteSingelSteps05.uexp" 1606
"E:/Development/Projects/Squeak/Content/content_2/cplomedia_FootstepsPack/SingleSteps/ConcreteSteps/WAV/WAV_ConcreteSingelSteps06.ubulk" 1607
"E:/Development/Projects/Squeak/Content/content_2/cplomedia_FootstepsPack/SingleSteps/ConcreteSteps/WAV/WAV_ConcreteSingelSteps06.uasset" 1608
"E:/Development/Projects/Squeak/Content/content_2/cplomedia_FootstepsPack/SingleSteps/ConcreteSteps/WAV/WAV_ConcreteSingelSteps06.uexp" 1609
"E:/Development/Projects/Squeak/Content/content_2/cplomedia_FootstepsPack/SingleSteps/ConcreteSteps/WAV/WAV_ConcreteSingelSteps07.ubulk" 1610
"E:/Development/Projects/Squeak/Content/content_2/cplomedia_FootstepsPack/SingleSteps/ConcreteSteps/WAV/WAV_ConcreteSingelSteps07.uasset" 1611
"E:/Development/Projects/Squeak/Content/content_2/cplomedia_FootstepsPack/SingleSteps/ConcreteSteps/WAV/WAV_ConcreteSingelSteps07.uexp" 1612
"E:/Development/Projects/Squeak/Content/content_2/cplomedia_FootstepsPack/SingleSteps/ConcreteSteps/WAV/WAV_ConcreteSingelSteps08.ubulk" 1613
"E:/Development/Projects/Squeak/Content/content_2/cplomedia_FootstepsPack/SingleSteps/ConcreteSteps/WAV/WAV_ConcreteSingelSteps08.uasset" 1614
"E:/Development/Projects/Squeak/Content/content_2/cplomedia_FootstepsPack/SingleSteps/ConcreteSteps/WAV/WAV_ConcreteSingelSteps08.uexp" 1615
"E:/Development/Projects/Squeak/Content/content_2/cplomedia_FootstepsPack/SingleSteps/ConcreteSteps/ward_walking_concrete.uasset" 1616
"E:/Development/Projects/Squeak/Content/content_2/cplomedia_FootstepsPack/SingleSteps/ConcreteSteps/ward_walking_concrete.uexp" 1617
"E:/Development/Projects/Squeak/Content/content_2/cplomedia_FootstepsPack/SingleSteps/ConcreteSteps/WAV/WAV_ConcreteSingelSteps45.ubulk" 1618
"E:/Development/Projects/Squeak/Content/content_2/cplomedia_FootstepsPack/SingleSteps/ConcreteSteps/WAV/WAV_ConcreteSingelSteps45.uasset" 1619
"E:/Development/Projects/Squeak/Content/content_2/cplomedia_FootstepsPack/SingleSteps/ConcreteSteps/WAV/WAV_ConcreteSingelSteps45.uexp" 1620
"E:/Development/Projects/Squeak/Content/content_2/cplomedia_FootstepsPack/SingleSteps/ConcreteSteps/WAV/WAV_ConcreteSingelSteps46.ubulk" 1621
"E:/Development/Projects/Squeak/Content/content_2/cplomedia_FootstepsPack/SingleSteps/ConcreteSteps/WAV/WAV_ConcreteSingelSteps46.uasset" 1622
"E:/Development/Projects/Squeak/Content/content_2/cplomedia_FootstepsPack/SingleSteps/ConcreteSteps/WAV/WAV_ConcreteSingelSteps46.uexp" 1623
"E:/Development/Projects/Squeak/Content/content_2/cplomedia_FootstepsPack/SingleSteps/ConcreteSteps/WAV/WAV_ConcreteSingelSteps47.ubulk" 1624
"E:/Development/Projects/Squeak/Content/content_2/cplomedia_FootstepsPack/SingleSteps/ConcreteSteps/WAV/WAV_ConcreteSingelSteps47.uasset" 1625
"E:/Development/Projects/Squeak/Content/content_2/cplomedia_FootstepsPack/SingleSteps/ConcreteSteps/WAV/WAV_ConcreteSingelSteps47.uexp" 1626
"E:/Development/Projects/Squeak/Content/content_2/cplomedia_FootstepsPack/SingleSteps/ConcreteSteps/WAV/WAV_ConcreteSingelSteps49.ubulk" 1627
"E:/Development/Projects/Squeak/Content/content_2/cplomedia_FootstepsPack/SingleSteps/ConcreteSteps/WAV/WAV_ConcreteSingelSteps49.uasset" 1628
"E:/Development/Projects/Squeak/Content/content_2/cplomedia_FootstepsPack/SingleSteps/ConcreteSteps/WAV/WAV_ConcreteSingelSteps49.uexp" 1629
"E:/Development/Projects/Squeak/Content/content_2/cplomedia_FootstepsPack/SingleSteps/ConcreteSteps/WAV/WAV_ConcreteSingelSteps50.ubulk" 1630
"E:/Development/Projects/Squeak/Content/content_2/cplomedia_FootstepsPack/SingleSteps/ConcreteSteps/WAV/WAV_ConcreteSingelSteps50.uasset" 1631
"E:/Development/Projects/Squeak/Content/content_2/cplomedia_FootstepsPack/SingleSteps/ConcreteSteps/WAV/WAV_ConcreteSingelSteps50.uexp" 1632
"E:/Development/Projects/Squeak/Content/content_2/cplomedia_FootstepsPack/SingleSteps/ConcreteSteps/WAV/WAV_ConcreteSingelSteps51.ubulk" 1633
"E:/Development/Projects/Squeak/Content/content_2/cplomedia_FootstepsPack/SingleSteps/ConcreteSteps/WAV/WAV_ConcreteSingelSteps51.uasset" 1634
"E:/Development/Projects/Squeak/Content/content_2/cplomedia_FootstepsPack/SingleSteps/ConcreteSteps/WAV/WAV_ConcreteSingelSteps51.uexp" 1635
"E:/Development/Projects/Squeak/Content/content_2/cplomedia_FootstepsPack/SingleSteps/ConcreteSteps/WAV/WAV_ConcreteSingelSteps52.ubulk" 1636
"E:/Development/Projects/Squeak/Content/content_2/cplomedia_FootstepsPack/SingleSteps/ConcreteSteps/WAV/WAV_ConcreteSingelSteps52.uasset" 1637
"E:/Development/Projects/Squeak/Content/content_2/cplomedia_FootstepsPack/SingleSteps/ConcreteSteps/WAV/WAV_ConcreteSingelSteps52.uexp" 1638
"E:/Development/Projects/Squeak/Content/content_2/cplomedia_FootstepsPack/SingleSteps/ConcreteSteps/ward_run_concrete.uasset" 1639
"E:/Development/Projects/Squeak/Content/content_2/cplomedia_FootstepsPack/SingleSteps/ConcreteSteps/ward_run_concrete.uexp" 1640
"E:/Development/Projects/Squeak/Content/content_1/scripts/animations/animations/laraine/anims/ANMS_FemHrrSrvRunForward.uasset" 1641
"E:/Development/Projects/Squeak/Content/content_1/scripts/animations/animations/laraine/anims/ANMS_FemHrrSrvRunForward.uexp" 1642
"E:/Development/Projects/Squeak/Content/content_1/scripts/animations/animations/laraine/anims/ANMS_FemHrrSrvWalkForward.uasset" 1643
"E:/Development/Projects/Squeak/Content/content_1/scripts/animations/animations/laraine/anims/ANMS_FemHrrSrvWalkForward.uexp" 1644
"E:/Development/Projects/Squeak/Content/content_1/scripts/animations/AnimBS_Laraine_Movement.uasset" 1645
"E:/Development/Projects/Squeak/Content/content_1/scripts/animations/AnimBS_Laraine_Movement.uexp" 1646
"E:/Development/Projects/Squeak/Content/content_1/scripts/animations/animations/laraine/anims/ANMS_FemHrrSrvHideUnderTableLoop.uasset" 1647
"E:/Development/Projects/Squeak/Content/content_1/scripts/animations/animations/laraine/anims/ANMS_FemHrrSrvHideUnderTableLoop.uexp" 1648
"E:/Development/Projects/Squeak/Content/content_1/scripts/animations/animations/laraine/anims/ANMS_FemHrrSrvHideUnderTableStart.uasset" 1649
"E:/Development/Projects/Squeak/Content/content_1/scripts/animations/animations/laraine/anims/ANMS_FemHrrSrvHideUnderTableStart.uexp" 1650
"E:/Development/Projects/Squeak/Content/content_1/scripts/animations/animations/laraine/anims/ANMS_FemHrrSrvHideUnderTableStart_Reverse.uasset" 1651
"E:/Development/Projects/Squeak/Content/content_1/scripts/animations/animations/laraine/anims/ANMS_FemHrrSrvHideUnderTableStart_Reverse.uexp" 1652
"E:/Development/Projects/Squeak/Content/content_1/scripts/animations/AnimBP_Ward_Laraine.uasset" 1653
"E:/Development/Projects/Squeak/Content/content_1/scripts/animations/AnimBP_Ward_Laraine.uexp" 1654
"E:/Development/Projects/Squeak/Content/content_1/scripts/navigation/smart_objects/behaviours/SO_HidePlaceBehaviour.uasset" 1655
"E:/Development/Projects/Squeak/Content/content_1/scripts/navigation/smart_objects/behaviours/SO_HidePlaceBehaviour.uexp" 1656
"E:/Development/Projects/Squeak/Content/content_1/scripts/navigation/smart_objects/configs/SO_HidePlaceConfig.uasset" 1657
"E:/Development/Projects/Squeak/Content/content_1/scripts/navigation/smart_objects/configs/SO_HidePlaceConfig.uexp" 1658
"E:/Development/Projects/Squeak/Content/content_1/scripts/navigation/smart_objects/SOD_HidePlace.uasset" 1659
"E:/Development/Projects/Squeak/Content/content_1/scripts/navigation/smart_objects/SOD_HidePlace.uexp" 1660
"E:/Development/Projects/Squeak/Content/content_1/scripts/level/hide_places/hide_base.uasset" 1661
"E:/Development/Projects/Squeak/Content/content_1/scripts/level/hide_places/hide_base.uexp" 1662
"E:/Development/Projects/Squeak/Content/content_1/scripts/libs/lib_environment.uasset" 1663
"E:/Development/Projects/Squeak/Content/content_1/scripts/libs/lib_environment.uexp" 1664
"E:/Development/Projects/Squeak/Content/content_1/scripts/ai/trees/decorators/BTDecorator_SameRoom.uasset" 1665
"E:/Development/Projects/Squeak/Content/content_1/scripts/ai/trees/decorators/BTDecorator_SameRoom.uexp" 1666
"E:/Development/Projects/Squeak/Content/content_1/scripts/ai/trees/tasks/nav/BTT_Explore_Enemy_SelectRoom.uasset" 1667
"E:/Development/Projects/Squeak/Content/content_1/scripts/ai/trees/tasks/nav/BTT_Explore_Enemy_SelectRoom.uexp" 1668
"E:/Development/Projects/Squeak/Content/content_1/scripts/ai/trees/tasks/behaviour/BTT_FinishChase.uasset" 1669
"E:/Development/Projects/Squeak/Content/content_1/scripts/ai/trees/tasks/behaviour/BTT_FinishChase.uexp" 1670
"E:/Development/Projects/Squeak/Content/content_2/CrazyDoctor/Meshes/SKL_CrazyDoctor.uasset" 1671
"E:/Development/Projects/Squeak/Content/content_2/CrazyDoctor/Meshes/SKL_CrazyDoctor.uexp" 1672
"E:/Development/Projects/Squeak/Content/content_2/CrazyDoctor/Animations/Standing_Melee_Attack_Downward.uasset" 1673
"E:/Development/Projects/Squeak/Content/content_2/CrazyDoctor/Animations/Standing_Melee_Attack_Downward.uexp" 1674
"E:/Development/Projects/Squeak/Content/content_2/CrazyDoctor/Animations/Attack_01.uasset" 1675
"E:/Development/Projects/Squeak/Content/content_2/CrazyDoctor/Animations/Attack_01.uexp" 1676
"E:/Development/Projects/Squeak/Content/content_1/scripts/ai/trees/tasks/behaviour/BTT_EnemyHit.uasset" 1677
"E:/Development/Projects/Squeak/Content/content_1/scripts/ai/trees/tasks/behaviour/BTT_EnemyHit.uexp" 1678
"E:/Development/Projects/Squeak/Content/content_1/scripts/ai/trees/services/BTService_ClearPath.uasset" 1679
"E:/Development/Projects/Squeak/Content/content_1/scripts/ai/trees/services/BTService_ClearPath.uexp" 1680
"E:/Development/Projects/Squeak/Content/content_1/scripts/ai/enums/E_MathCondition.uasset" 1681
"E:/Development/Projects/Squeak/Content/content_1/scripts/ai/enums/E_MathCondition.uexp" 1682
"E:/Development/Projects/Squeak/Content/content_1/scripts/ai/trees/decorators/BTDecorator_Distance.uasset" 1683
"E:/Development/Projects/Squeak/Content/content_1/scripts/ai/trees/decorators/BTDecorator_Distance.uexp" 1684
"E:/Development/Projects/Squeak/Content/content_1/scripts/ai/trees/tasks/workflow/BTT_Delay.uasset" 1685
"E:/Development/Projects/Squeak/Content/content_1/scripts/ai/trees/tasks/workflow/BTT_Delay.uexp" 1686
"E:/Development/Projects/Squeak/Content/content_1/scripts/ai/trees/bt_enemy_basic.uasset" 1687
"E:/Development/Projects/Squeak/Content/content_1/scripts/ai/trees/bt_enemy_basic.uexp" 1688
"E:/Development/Projects/Squeak/Content/content_1/scripts/ai/ai_controller_enemy.uasset" 1689
"E:/Development/Projects/Squeak/Content/content_1/scripts/ai/ai_controller_enemy.uexp" 1690
"E:/Development/Projects/Squeak/Content/content_1/scripts/ai/characters/character_enemy_base.uasset" 1691
"E:/Development/Projects/Squeak/Content/content_1/scripts/ai/characters/character_enemy_base.uexp" 1692
"E:/Development/Projects/Squeak/Content/content_1/scripts/ai/EQS/context/EQSContext_EnemyCharacter.uasset" 1693
"E:/Development/Projects/Squeak/Content/content_1/scripts/ai/EQS/context/EQSContext_EnemyCharacter.uexp" 1694
"E:/Development/Projects/Squeak/Content/content_1/scripts/ai/EQS/EQ_WardChaseDoorSelect.uasset" 1695
"E:/Development/Projects/Squeak/Content/content_1/scripts/ai/EQS/EQ_WardChaseDoorSelect.uexp" 1696
"E:/Development/Projects/Squeak/Content/content_1/scripts/ai/trees/tasks/nav/BTT_FindRecentAvailableRoom.uasset" 1697
"E:/Development/Projects/Squeak/Content/content_1/scripts/ai/trees/tasks/nav/BTT_FindRecentAvailableRoom.uexp" 1698
"E:/Development/Projects/Squeak/Content/content_1/scripts/ai/trees/tasks/nav/BTT_FindEscapePath.uasset" 1699
"E:/Development/Projects/Squeak/Content/content_1/scripts/ai/trees/tasks/nav/BTT_FindEscapePath.uexp" 1700
"E:/Development/Projects/Squeak/Content/content_1/scripts/ai/trees/tasks/nav/BTT_Explore_SelectDoor.uasset" 1701
"E:/Development/Projects/Squeak/Content/content_1/scripts/ai/trees/tasks/nav/BTT_Explore_SelectDoor.uexp" 1702
"E:/Development/Projects/Squeak/Content/content_1/scripts/ai/trees/tasks/behaviour/BTT_ExploreNewRoom.uasset" 1703
"E:/Development/Projects/Squeak/Content/content_1/scripts/ai/trees/tasks/behaviour/BTT_ExploreNewRoom.uexp" 1704
"E:/Development/Projects/Squeak/Content/content_1/scripts/ai/trees/tasks/behaviour/BTT_CheckRoomByMemory.uasset" 1705
"E:/Development/Projects/Squeak/Content/content_1/scripts/ai/trees/tasks/behaviour/BTT_CheckRoomByMemory.uexp" 1706
"E:/Development/Projects/Squeak/Content/content_1/scripts/ai/trees/tasks/behaviour/BTT_DoReaction.uasset" 1707
"E:/Development/Projects/Squeak/Content/content_1/scripts/ai/trees/tasks/behaviour/BTT_DoReaction.uexp" 1708
"E:/Development/Projects/Squeak/Content/content_1/scripts/ai/trees/tasks/behaviour/BTT_WardHide.uasset" 1709
"E:/Development/Projects/Squeak/Content/content_1/scripts/ai/trees/tasks/behaviour/BTT_WardHide.uexp" 1710
"E:/Development/Projects/Squeak/Content/content_1/scripts/ai/trees/tasks/behaviour/BTT_StopHiding.uasset" 1711
"E:/Development/Projects/Squeak/Content/content_1/scripts/ai/trees/tasks/behaviour/BTT_StopHiding.uexp" 1712
"E:/Development/Projects/Squeak/Content/content_1/scripts/ai/trees/BTT_DoHearingEvent.uasset" 1713
"E:/Development/Projects/Squeak/Content/content_1/scripts/ai/trees/BTT_DoHearingEvent.uexp" 1714
"E:/Development/Projects/Squeak/Content/content_1/scripts/ai/trees/bt_ward_basic.uasset" 1715
"E:/Development/Projects/Squeak/Content/content_1/scripts/ai/trees/bt_ward_basic.uexp" 1716
"E:/Development/Projects/Squeak/Content/content_1/scripts/ai/ai_controller_base.uasset" 1717
"E:/Development/Projects/Squeak/Content/content_1/scripts/ai/ai_controller_base.uexp" 1718
"E:/Development/Projects/Squeak/Content/content_1/scripts/ui/uw_gameplay.uasset" 1719
"E:/Development/Projects/Squeak/Content/content_1/scripts/ui/uw_gameplay.uexp" 1720
"E:/Development/Projects/Squeak/Content/content_1/scripts/ui/hud_base.uasset" 1721
"E:/Development/Projects/Squeak/Content/content_1/scripts/ui/hud_base.uexp" 1722
"E:/Development/Projects/Squeak/Content/content_1/scripts/base/gamemode_base.uasset" 1723
"E:/Development/Projects/Squeak/Content/content_1/scripts/base/gamemode_base.uexp" 1724
"E:/Development/Projects/Squeak/Content/content_1/scripts/navigation/smart_objects/behaviours/SOBehaviour_Door.uasset" 1725
"E:/Development/Projects/Squeak/Content/content_1/scripts/navigation/smart_objects/behaviours/SOBehaviour_Door.uexp" 1726
"E:/Development/Projects/Squeak/Content/content_1/scripts/navigation/smart_objects/configs/SOConfig_Door.uasset" 1727
"E:/Development/Projects/Squeak/Content/content_1/scripts/navigation/smart_objects/configs/SOConfig_Door.uexp" 1728
"E:/Development/Projects/Squeak/Content/content_1/scripts/navigation/smart_objects/SOD_Door.uasset" 1729
"E:/Development/Projects/Squeak/Content/content_1/scripts/navigation/smart_objects/SOD_Door.uexp" 1730
"E:/Development/Projects/Squeak/Content/content_1/scripts/navigation/Door.uasset" 1731
"E:/Development/Projects/Squeak/Content/content_1/scripts/navigation/Door.uexp" 1732
"E:/Development/Projects/Squeak/Content/content_1/scripts/navigation/Room.uasset" 1733
"E:/Development/Projects/Squeak/Content/content_1/scripts/navigation/Room.uexp" 1734
"E:/Development/Projects/Squeak/Content/content_1/meshes/character/manniq/manniq_skeleton.uasset" 1735
"E:/Development/Projects/Squeak/Content/content_1/meshes/character/manniq/manniq_skeleton.uexp" 1736
"E:/Development/Projects/Squeak/Content/content_1/scripts/animations/animations/manniq/anim_generic_idle_calm.uasset" 1737
"E:/Development/Projects/Squeak/Content/content_1/scripts/animations/animations/manniq/anim_generic_idle_calm.uexp" 1738
"E:/Development/Projects/Squeak/Content/content_1/scripts/animations/animations/manniq/anim_generic_walk_calm.uasset" 1739
"E:/Development/Projects/Squeak/Content/content_1/scripts/animations/animations/manniq/anim_generic_walk_calm.uexp" 1740
"E:/Development/Projects/Squeak/Content/content_1/scripts/animations/AnimBS_Movement.uasset" 1741
"E:/Development/Projects/Squeak/Content/content_1/scripts/animations/AnimBS_Movement.uexp" 1742
"E:/Development/Projects/Squeak/Content/content_1/scripts/animations/AnimBP_Manniq.uasset" 1743
"E:/Development/Projects/Squeak/Content/content_1/scripts/animations/AnimBP_Manniq.uexp" 1744
"E:/Development/Projects/Squeak/Content/content_1/scripts/animations/animations/manniq/anim_generic_interact_dev.uasset" 1745
"E:/Development/Projects/Squeak/Content/content_1/scripts/animations/animations/manniq/anim_generic_interact_dev.uexp" 1746
"E:/Development/Projects/Squeak/Content/content_1/scripts/animations/animations/manniq/anim_generic_interact_dev_Montage.uasset" 1747
"E:/Development/Projects/Squeak/Content/content_1/scripts/animations/animations/manniq/anim_generic_interact_dev_Montage.uexp" 1748
"E:/Development/Projects/Squeak/Content/content_1/meshes/character/manniq/PA_manniq.uasset" 1749
"E:/Development/Projects/Squeak/Content/content_1/meshes/character/manniq/PA_manniq.uexp" 1750
"../../../Engine/Plugins/Interchange/Assets/Content/Functions/MF_PhongToMetalRoughness.uasset" 1751
"../../../Engine/Plugins/Interchange/Assets/Content/Functions/MF_PhongToMetalRoughness.uexp" 1752
"E:/Development/Projects/Squeak/Content/content_1/meshes/character/manniq/m_manniq_joints.uasset" 1753
"E:/Development/Projects/Squeak/Content/content_1/meshes/character/manniq/m_manniq_joints.uexp" 1754
"E:/Development/Projects/Squeak/Content/content_1/meshes/character/manniq/m_manniq_body.uasset" 1755
"E:/Development/Projects/Squeak/Content/content_1/meshes/character/manniq/m_manniq_body.uexp" 1756
"E:/Development/Projects/Squeak/Content/content_1/meshes/character/manniq/SkelMesh_Manniq.uasset" 1757
"E:/Development/Projects/Squeak/Content/content_1/meshes/character/manniq/SkelMesh_Manniq.uexp" 1758
"E:/Development/Projects/Squeak/Content/content_1/scripts/ai/characters/character_base.uasset" 1759
"E:/Development/Projects/Squeak/Content/content_1/scripts/ai/characters/character_base.uexp" 1760
"E:/Development/Projects/Squeak/Content/content_2/SurvivalGirlLaraine/Mesh/Separated/SK_Pants.uasset" 1761
"E:/Development/Projects/Squeak/Content/content_2/SurvivalGirlLaraine/Mesh/Separated/SK_Pants.uexp" 1762
"E:/Development/Projects/Squeak/Content/content_2/SurvivalGirlLaraine/Mesh/Separated/SK_Jacket.uasset" 1763
"E:/Development/Projects/Squeak/Content/content_2/SurvivalGirlLaraine/Mesh/Separated/SK_Jacket.uexp" 1764
"E:/Development/Projects/Squeak/Content/content_2/SurvivalGirlLaraine/Mesh/Separated/SK_Head.uasset" 1765
"E:/Development/Projects/Squeak/Content/content_2/SurvivalGirlLaraine/Mesh/Separated/SK_Head.uexp" 1766
"E:/Development/Projects/Squeak/Content/content_2/SurvivalGirlLaraine/Mesh/Separated/SK_Hands.uasset" 1767
"E:/Development/Projects/Squeak/Content/content_2/SurvivalGirlLaraine/Mesh/Separated/SK_Hands.uexp" 1768
"E:/Development/Projects/Squeak/Content/content_2/SurvivalGirlLaraine/Mesh/Separated/SK_Hair.uasset" 1769
"E:/Development/Projects/Squeak/Content/content_2/SurvivalGirlLaraine/Mesh/Separated/SK_Hair.uexp" 1770
"E:/Development/Projects/Squeak/Content/content_2/SurvivalGirlLaraine/Mesh/Separated/SK_Boots.uasset" 1771
"E:/Development/Projects/Squeak/Content/content_2/SurvivalGirlLaraine/Mesh/Separated/SK_Boots.uexp" 1772
"E:/Development/Projects/Squeak/Content/content_1/scripts/animations/NotifState/ANS_DoorOpenHand.uasset" 1773
"E:/Development/Projects/Squeak/Content/content_1/scripts/animations/NotifState/ANS_DoorOpenHand.uexp" 1774
"E:/Development/Projects/Squeak/Content/content_1/scripts/animations/NotifState/ANS_DoorOpenRotation.uasset" 1775
"E:/Development/Projects/Squeak/Content/content_1/scripts/animations/NotifState/ANS_DoorOpenRotation.uexp" 1776
"E:/Development/Projects/Squeak/Content/content_1/scripts/animations/NotifState/ANS_LeftHandIK.uasset" 1777
"E:/Development/Projects/Squeak/Content/content_1/scripts/animations/NotifState/ANS_LeftHandIK.uexp" 1778
"E:/Development/Projects/Squeak/Content/content_1/scripts/animations/animations/laraine/anims/ANMS_FemHrrSrvInteractPanicDoorOpen_Clean_02.uasset" 1779
"E:/Development/Projects/Squeak/Content/content_1/scripts/animations/animations/laraine/anims/ANMS_FemHrrSrvInteractPanicDoorOpen_Clean_02.uexp" 1780
"E:/Development/Projects/Squeak/Content/content_1/scripts/animations/animations/laraine/ANMS_FemHrrSrvInteractPanicDoorOpen_Montage.uasset" 1781
"E:/Development/Projects/Squeak/Content/content_1/scripts/animations/animations/laraine/ANMS_FemHrrSrvInteractPanicDoorOpen_Montage.uexp" 1782
"E:/Development/Projects/Squeak/Content/content_1/scripts/animations/animations/laraine/anims/ANMS_FemHrrSrvRunForward_RootMotion.uasset" 1783
"E:/Development/Projects/Squeak/Content/content_1/scripts/animations/animations/laraine/anims/ANMS_FemHrrSrvRunForward_RootMotion.uexp" 1784
"E:/Development/Projects/Squeak/Content/content_1/scripts/animations/animations/laraine/anim_doorOpenOuter_panic.uasset" 1785
"E:/Development/Projects/Squeak/Content/content_1/scripts/animations/animations/laraine/anim_doorOpenOuter_panic.uexp" 1786
"E:/Development/Projects/Squeak/Content/content_1/scripts/animations/animations/laraine/anims/ANMS_FemHrrSrvWalkForward_RootMotion.uasset" 1787
"E:/Development/Projects/Squeak/Content/content_1/scripts/animations/animations/laraine/anims/ANMS_FemHrrSrvWalkForward_RootMotion.uexp" 1788
"E:/Development/Projects/Squeak/Content/content_1/scripts/animations/animations/laraine/anim_doorOpenOuter_calm_Montage.uasset" 1789
"E:/Development/Projects/Squeak/Content/content_1/scripts/animations/animations/laraine/anim_doorOpenOuter_calm_Montage.uexp" 1790
"E:/Development/Projects/Squeak/Content/content_1/scripts/animations/animations/laraine/anims/anim_doorOpenInner_calm.uasset" 1791
"E:/Development/Projects/Squeak/Content/content_1/scripts/animations/animations/laraine/anims/anim_doorOpenInner_calm.uexp" 1792
"E:/Development/Projects/Squeak/Content/content_1/scripts/animations/animations/laraine/anim_doorOpenInner_calm_Montage.uasset" 1793
"E:/Development/Projects/Squeak/Content/content_1/scripts/animations/animations/laraine/anim_doorOpenInner_calm_Montage.uexp" 1794
"E:/Development/Projects/Squeak/Content/content_1/scripts/animations/animations/laraine/anims/Looking_Around.uasset" 1795
"E:/Development/Projects/Squeak/Content/content_1/scripts/animations/animations/laraine/anims/Looking_Around.uexp" 1796
"E:/Development/Projects/Squeak/Content/content_1/scripts/animations/animations/laraine/Looking_Around_Montage.uasset" 1797
"E:/Development/Projects/Squeak/Content/content_1/scripts/animations/animations/laraine/Looking_Around_Montage.uexp" 1798
"E:/Development/Projects/Squeak/Content/content_1/scripts/ai/characters/humans/ward_loraine.uasset" 1799
"E:/Development/Projects/Squeak/Content/content_1/scripts/ai/characters/humans/ward_loraine.uexp" 1800
"E:/Development/Projects/Squeak/Content/content_2/AbandonedHospital/Materials/MI_Plastic_Tile_Grey.uasset" 1801
"E:/Development/Projects/Squeak/Content/content_2/AbandonedHospital/Materials/MI_Plastic_Tile_Grey.uexp" 1802
"E:/Development/Projects/Squeak/Content/content_2/AbandonedHospital/Materials/MI_Plastic_Tile_Black.uasset" 1803
"E:/Development/Projects/Squeak/Content/content_2/AbandonedHospital/Materials/MI_Plastic_Tile_Black.uexp" 1804
"E:/Development/Projects/Squeak/Content/content_2/AbandonedHospital/Meshes/StaticMeshes/SM_WaitingChairs_02.ubulk" 1805
"E:/Development/Projects/Squeak/Content/content_2/AbandonedHospital/Meshes/StaticMeshes/SM_WaitingChairs_02.uasset" 1806
"E:/Development/Projects/Squeak/Content/content_2/AbandonedHospital/Meshes/StaticMeshes/SM_WaitingChairs_02.uexp" 1807
"E:/Development/Projects/Squeak/Content/content_2/AbandonedHospital/Materials/MI_Window_Aluminum_06.uasset" 1808
"E:/Development/Projects/Squeak/Content/content_2/AbandonedHospital/Materials/MI_Window_Aluminum_06.uexp" 1809
"E:/Development/Projects/Squeak/Content/content_2/AbandonedHospital/Materials/M_BaseColor_01.uasset" 1810
"E:/Development/Projects/Squeak/Content/content_2/AbandonedHospital/Materials/M_BaseColor_01.uexp" 1811
"E:/Development/Projects/Squeak/Content/content_2/AbandonedHospital/Materials/MI_PlasticColor_01.uasset" 1812
"E:/Development/Projects/Squeak/Content/content_2/AbandonedHospital/Materials/MI_PlasticColor_01.uexp" 1813
"E:/Development/Projects/Squeak/Content/content_2/AbandonedHospital/Materials/MI_PlasticColor_02.uasset" 1814
"E:/Development/Projects/Squeak/Content/content_2/AbandonedHospital/Materials/MI_PlasticColor_02.uexp" 1815
"E:/Development/Projects/Squeak/Content/content_2/AbandonedHospital/Materials/MI_PlasticColor_03.uasset" 1816
"E:/Development/Projects/Squeak/Content/content_2/AbandonedHospital/Materials/MI_PlasticColor_03.uexp" 1817
"E:/Development/Projects/Squeak/Content/content_2/AbandonedHospital/Materials/MI_PlasticColor_04.uasset" 1818
"E:/Development/Projects/Squeak/Content/content_2/AbandonedHospital/Materials/MI_PlasticColor_04.uexp" 1819
"E:/Development/Projects/Squeak/Content/content_2/AbandonedHospital/Materials/MI_PlasticColor_05.uasset" 1820
"E:/Development/Projects/Squeak/Content/content_2/AbandonedHospital/Materials/MI_PlasticColor_05.uexp" 1821
"E:/Development/Projects/Squeak/Content/content_2/AbandonedHospital/Materials/POM/MI_POM_Color_Grey.uasset" 1822
"E:/Development/Projects/Squeak/Content/content_2/AbandonedHospital/Materials/POM/MI_POM_Color_Grey.uexp" 1823
"E:/Development/Projects/Squeak/Content/content_2/AbandonedHospital/Materials/POM/MI_POM_Color_Blue.uasset" 1824
"E:/Development/Projects/Squeak/Content/content_2/AbandonedHospital/Materials/POM/MI_POM_Color_Blue.uexp" 1825
"E:/Development/Projects/Squeak/Content/content_2/AbandonedHospital/Meshes/StaticMeshes/SM_WaitingChairs_01.ubulk" 1826
"E:/Development/Projects/Squeak/Content/content_2/AbandonedHospital/Meshes/StaticMeshes/SM_WaitingChairs_01.uasset" 1827
"E:/Development/Projects/Squeak/Content/content_2/AbandonedHospital/Meshes/StaticMeshes/SM_WaitingChairs_01.uexp" 1828
"E:/Development/Projects/Squeak/Content/content_2/AbandonedHospital/Materials/MI_Window_Aluminum_05.uasset" 1829
"E:/Development/Projects/Squeak/Content/content_2/AbandonedHospital/Materials/MI_Window_Aluminum_05.uexp" 1830
"E:/Development/Projects/Squeak/Content/content_2/AbandonedHospital/Textures/T_Leather_01_OcclusionRoughnessMetallic.ubulk" 1831
"E:/Development/Projects/Squeak/Content/content_2/AbandonedHospital/Textures/T_Leather_01_OcclusionRoughnessMetallic.uasset" 1832
"E:/Development/Projects/Squeak/Content/content_2/AbandonedHospital/Textures/T_Leather_01_OcclusionRoughnessMetallic.uexp" 1833
"E:/Development/Projects/Squeak/Content/content_2/AbandonedHospital/Textures/T_Leather_01_Normal.ubulk" 1834
"E:/Development/Projects/Squeak/Content/content_2/AbandonedHospital/Textures/T_Leather_01_Normal.uasset" 1835
"E:/Development/Projects/Squeak/Content/content_2/AbandonedHospital/Textures/T_Leather_01_Normal.uexp" 1836
"E:/Development/Projects/Squeak/Content/content_2/AbandonedHospital/Textures/T_Leather_01_BaseColor.ubulk" 1837
"E:/Development/Projects/Squeak/Content/content_2/AbandonedHospital/Textures/T_Leather_01_BaseColor.uasset" 1838
"E:/Development/Projects/Squeak/Content/content_2/AbandonedHospital/Textures/T_Leather_01_BaseColor.uexp" 1839
"E:/Development/Projects/Squeak/Content/content_2/AbandonedHospital/Materials/MI_Leather_01.uasset" 1840
"E:/Development/Projects/Squeak/Content/content_2/AbandonedHospital/Materials/MI_Leather_01.uexp" 1841
"E:/Development/Projects/Squeak/Content/content_2/AbandonedHospital/Meshes/StaticMeshes/SM_LaboratoryChair_01.ubulk" 1842
"E:/Development/Projects/Squeak/Content/content_2/AbandonedHospital/Meshes/StaticMeshes/SM_LaboratoryChair_01.uasset" 1843
"E:/Development/Projects/Squeak/Content/content_2/AbandonedHospital/Meshes/StaticMeshes/SM_LaboratoryChair_01.uexp" 1844
"E:/Development/Projects/Squeak/Content/content_2/AbandonedHospital/Textures/T_Dirty_Concrete_01_BaseColor.ubulk" 1845
"E:/Development/Projects/Squeak/Content/content_2/AbandonedHospital/Textures/T_Dirty_Concrete_01_BaseColor.uasset" 1846
"E:/Development/Projects/Squeak/Content/content_2/AbandonedHospital/Textures/T_Dirty_Concrete_01_BaseColor.uexp" 1847
"E:/Development/Projects/Squeak/Content/content_2/AbandonedHospital/Textures/T_Baseboard_01_OcclusionRoughnessMetallic.ubulk" 1848
"E:/Development/Projects/Squeak/Content/content_2/AbandonedHospital/Textures/T_Baseboard_01_OcclusionRoughnessMetallic.uasset" 1849
"E:/Development/Projects/Squeak/Content/content_2/AbandonedHospital/Textures/T_Baseboard_01_OcclusionRoughnessMetallic.uexp" 1850
"E:/Development/Projects/Squeak/Content/content_2/AbandonedHospital/Textures/T_Baseboard_01_Normal.ubulk" 1851
"E:/Development/Projects/Squeak/Content/content_2/AbandonedHospital/Textures/T_Baseboard_01_Normal.uasset" 1852
"E:/Development/Projects/Squeak/Content/content_2/AbandonedHospital/Textures/T_Baseboard_01_Normal.uexp" 1853
"E:/Development/Projects/Squeak/Content/content_2/AbandonedHospital/Textures/T_Baseboard_01_BaseColor.ubulk" 1854
"E:/Development/Projects/Squeak/Content/content_2/AbandonedHospital/Textures/T_Baseboard_01_BaseColor.uasset" 1855
"E:/Development/Projects/Squeak/Content/content_2/AbandonedHospital/Textures/T_Baseboard_01_BaseColor.uexp" 1856
"E:/Development/Projects/Squeak/Content/content_2/AbandonedHospital/Textures/T_Dirty_Concrete_03_OcclusionRoughnessMetallic.ubulk" 1857
"E:/Development/Projects/Squeak/Content/content_2/AbandonedHospital/Textures/T_Dirty_Concrete_03_OcclusionRoughnessMetallic.uasset" 1858
"E:/Development/Projects/Squeak/Content/content_2/AbandonedHospital/Textures/T_Dirty_Concrete_03_OcclusionRoughnessMetallic.uexp" 1859
"E:/Development/Projects/Squeak/Content/content_2/AbandonedHospital/Textures/T_EpoxyDetails.ubulk" 1860
"E:/Development/Projects/Squeak/Content/content_2/AbandonedHospital/Textures/T_EpoxyDetails.uasset" 1861
"E:/Development/Projects/Squeak/Content/content_2/AbandonedHospital/Textures/T_EpoxyDetails.uexp" 1862
"E:/Development/Projects/Squeak/Content/content_2/AbandonedHospital/Textures/T_Dirty_Concrete_03_BaseColor.ubulk" 1863
"E:/Development/Projects/Squeak/Content/content_2/AbandonedHospital/Textures/T_Dirty_Concrete_03_BaseColor.uasset" 1864
"E:/Development/Projects/Squeak/Content/content_2/AbandonedHospital/Textures/T_Dirty_Concrete_03_BaseColor.uexp" 1865
"E:/Development/Projects/Squeak/Content/content_2/AbandonedHospital/Textures/T_Dirty_Concrete_01_OcclusionRoughnessMetallic.ubulk" 1866
"E:/Development/Projects/Squeak/Content/content_2/AbandonedHospital/Textures/T_Dirty_Concrete_01_OcclusionRoughnessMetallic.uasset" 1867
"E:/Development/Projects/Squeak/Content/content_2/AbandonedHospital/Textures/T_Dirty_Concrete_01_OcclusionRoughnessMetallic.uexp" 1868
"E:/Development/Projects/Squeak/Content/content_2/AbandonedHospital/Textures/T_Dirty_Concrete_01_Normal.ubulk" 1869
"E:/Development/Projects/Squeak/Content/content_2/AbandonedHospital/Textures/T_Dirty_Concrete_01_Normal.uasset" 1870
"E:/Development/Projects/Squeak/Content/content_2/AbandonedHospital/Textures/T_Dirty_Concrete_01_Normal.uexp" 1871
"E:/Development/Projects/Squeak/Content/content_2/AbandonedHospital/Textures/T_Black.ubulk" 1872
"E:/Development/Projects/Squeak/Content/content_2/AbandonedHospital/Textures/T_Black.uasset" 1873
"E:/Development/Projects/Squeak/Content/content_2/AbandonedHospital/Textures/T_Black.uexp" 1874
"../../../Engine/Content/Functions/Engine_MaterialFunctions02/Texturing/HeightLerp.uasset" 1875
"../../../Engine/Content/Functions/Engine_MaterialFunctions02/Texturing/HeightLerp.uexp" 1876
"E:/Development/Projects/Squeak/Content/content_2/AbandonedHospital/Materials/M_DirtyWall_Mat.uasset" 1877
"E:/Development/Projects/Squeak/Content/content_2/AbandonedHospital/Materials/M_DirtyWall_Mat.uexp" 1878
"E:/Development/Projects/Squeak/Content/content_2/AbandonedHospital/Materials/MI_Baseboard_01.uasset" 1879
"E:/Development/Projects/Squeak/Content/content_2/AbandonedHospital/Materials/MI_Baseboard_01.uexp" 1880
"E:/Development/Projects/Squeak/Content/content_2/AbandonedHospital/Meshes/StaticMeshes/SM_HospitalBed_02.ubulk" 1881
"E:/Development/Projects/Squeak/Content/content_2/AbandonedHospital/Meshes/StaticMeshes/SM_HospitalBed_02.uasset" 1882
"E:/Development/Projects/Squeak/Content/content_2/AbandonedHospital/Meshes/StaticMeshes/SM_HospitalBed_02.uexp" 1883
"E:/Development/Projects/Squeak/Content/content_2/AbandonedHospital/Meshes/StaticMeshes/SM_HospitalBed_01.ubulk" 1884
"E:/Development/Projects/Squeak/Content/content_2/AbandonedHospital/Meshes/StaticMeshes/SM_HospitalBed_01.uasset" 1885
"E:/Development/Projects/Squeak/Content/content_2/AbandonedHospital/Meshes/StaticMeshes/SM_HospitalBed_01.uexp" 1886
"E:/Development/Projects/Squeak/Content/content_2/AbandonedHospital/Meshes/StaticMeshes/SM_BedsideCabinet_02.ubulk" 1887
"E:/Development/Projects/Squeak/Content/content_2/AbandonedHospital/Meshes/StaticMeshes/SM_BedsideCabinet_02.uasset" 1888
"E:/Development/Projects/Squeak/Content/content_2/AbandonedHospital/Meshes/StaticMeshes/SM_BedsideCabinet_02.uexp" 1889
"../../../Engine/Plugins/Interchange/Assets/Content/gltf/MaterialInstances/MI_Default_Opaque_DS.uasset" 1890
"../../../Engine/Plugins/Interchange/Assets/Content/gltf/MaterialInstances/MI_Default_Opaque_DS.uexp" 1891
"E:/Development/Projects/Squeak/Content/content_2/AbandonedHospital/Additional/Textures/T_MedicalPrivacyScreen_Normal.ubulk" 1892
"E:/Development/Projects/Squeak/Content/content_2/AbandonedHospital/Additional/Textures/T_MedicalPrivacyScreen_Normal.uasset" 1893
"E:/Development/Projects/Squeak/Content/content_2/AbandonedHospital/Additional/Textures/T_MedicalPrivacyScreen_Normal.uexp" 1894
"E:/Development/Projects/Squeak/Content/content_2/AbandonedHospital/Additional/Textures/T_MedicalPrivacyScreen_Metallic-T_MedicalPrivacyScreen_Roughness.ubulk" 1895
"E:/Development/Projects/Squeak/Content/content_2/AbandonedHospital/Additional/Textures/T_MedicalPrivacyScreen_Metallic-T_MedicalPrivacyScreen_Roughness.uasset" 1896
"E:/Development/Projects/Squeak/Content/content_2/AbandonedHospital/Additional/Textures/T_MedicalPrivacyScreen_Metallic-T_MedicalPrivacyScreen_Roughness.uexp" 1897
"E:/Development/Projects/Squeak/Content/content_2/AbandonedHospital/Additional/Materials/M_MedicalPrivacyScreen.uasset" 1898
"E:/Development/Projects/Squeak/Content/content_2/AbandonedHospital/Additional/Materials/M_MedicalPrivacyScreen.uexp" 1899
"E:/Development/Projects/Squeak/Content/content_2/AbandonedHospital/Additional/StaticMeshes/SM_MedicalPrivacyScreen.ubulk" 1900
"E:/Development/Projects/Squeak/Content/content_2/AbandonedHospital/Additional/StaticMeshes/SM_MedicalPrivacyScreen.uasset" 1901
"E:/Development/Projects/Squeak/Content/content_2/AbandonedHospital/Additional/StaticMeshes/SM_MedicalPrivacyScreen.uexp" 1902
"E:/Development/Projects/Squeak/Content/content_2/RoomEditor/Material/New/M_Wall_Second.uasset" 1903
"E:/Development/Projects/Squeak/Content/content_2/RoomEditor/Material/New/M_Wall_Second.uexp" 1904
"E:/Development/Projects/Squeak/Content/content_2/RoomEditor/StaticMesh/SM_Wall_Main_Hospital.ubulk" 1905
"E:/Development/Projects/Squeak/Content/content_2/RoomEditor/StaticMesh/SM_Wall_Main_Hospital.uasset" 1906
"E:/Development/Projects/Squeak/Content/content_2/RoomEditor/StaticMesh/SM_Wall_Main_Hospital.uexp" 1907
"E:/Development/Projects/Squeak/Content/content_0/base/door/Placheodler_2.ubulk" 1908
"E:/Development/Projects/Squeak/Content/content_0/base/door/Placheodler_2.uasset" 1909
"E:/Development/Projects/Squeak/Content/content_0/base/door/Placheodler_2.uexp" 1910
"E:/Development/Projects/Squeak/Content/content_1/scripts/navigation/smart_objects/behaviours/SO_RoomCenterBehaviour.uasset" 1911
"E:/Development/Projects/Squeak/Content/content_1/scripts/navigation/smart_objects/behaviours/SO_RoomCenterBehaviour.uexp" 1912
"E:/Development/Projects/Squeak/Content/content_1/scripts/navigation/smart_objects/configs/GBC_RoomCenterConfig.uasset" 1913
"E:/Development/Projects/Squeak/Content/content_1/scripts/navigation/smart_objects/configs/GBC_RoomCenterConfig.uexp" 1914
"E:/Development/Projects/Squeak/Content/content_1/scripts/navigation/smart_objects/SOD_RoomCenter.uasset" 1915
"E:/Development/Projects/Squeak/Content/content_1/scripts/navigation/smart_objects/SOD_RoomCenter.uexp" 1916
"E:/Development/Projects/Squeak/Content/content_1/scripts/navigation/POI_RoomCenter.uasset" 1917
"E:/Development/Projects/Squeak/Content/content_1/scripts/navigation/POI_RoomCenter.uexp" 1918
"E:/Development/Projects/Squeak/Content/content_1/scripts/systems/constructionSystem/scripts/data/data_const_door.uasset" 1919
"E:/Development/Projects/Squeak/Content/content_1/scripts/systems/constructionSystem/scripts/data/data_const_door.uexp" 1920
"E:/Development/Projects/Squeak/Content/content_1/scripts/systems/constructionSystem/scripts/data/da_door_test.uasset" 1921
"E:/Development/Projects/Squeak/Content/content_1/scripts/systems/constructionSystem/scripts/data/da_door_test.uexp" 1922
"E:/Development/Projects/Squeak/Content/content_1/scripts/systems/constructionSystem/meshes/materials/m_wall_basic.uasset" 1923
"E:/Development/Projects/Squeak/Content/content_1/scripts/systems/constructionSystem/meshes/materials/m_wall_basic.uexp" 1924
"E:/Development/Projects/Squeak/Content/content_1/scripts/systems/constructionSystem/meshes/const_wall_placeholder_outer.ubulk" 1925
"E:/Development/Projects/Squeak/Content/content_1/scripts/systems/constructionSystem/meshes/const_wall_placeholder_outer.uasset" 1926
"E:/Development/Projects/Squeak/Content/content_1/scripts/systems/constructionSystem/meshes/const_wall_placeholder_outer.uexp" 1927
"E:/Development/Projects/Squeak/Content/content_1/scripts/systems/constructionSystem/meshes/const_wall_placeholder_inner.ubulk" 1928
"E:/Development/Projects/Squeak/Content/content_1/scripts/systems/constructionSystem/meshes/const_wall_placeholder_inner.uasset" 1929
"E:/Development/Projects/Squeak/Content/content_1/scripts/systems/constructionSystem/meshes/const_wall_placeholder_inner.uexp" 1930
"E:/Development/Projects/Squeak/Content/content_1/scripts/systems/constructionSystem/meshes/const_wall_outer.ubulk" 1931
"E:/Development/Projects/Squeak/Content/content_1/scripts/systems/constructionSystem/meshes/const_wall_outer.uasset" 1932
"E:/Development/Projects/Squeak/Content/content_1/scripts/systems/constructionSystem/meshes/const_wall_outer.uexp" 1933
"E:/Development/Projects/Squeak/Content/content_1/scripts/systems/constructionSystem/meshes/const_wall_inner_double.ubulk" 1934
"E:/Development/Projects/Squeak/Content/content_1/scripts/systems/constructionSystem/meshes/const_wall_inner_double.uasset" 1935
"E:/Development/Projects/Squeak/Content/content_1/scripts/systems/constructionSystem/meshes/const_wall_inner_double.uexp" 1936
"E:/Development/Projects/Squeak/Content/content_1/scripts/systems/constructionSystem/meshes/const_wall_edge_double.ubulk" 1937
"E:/Development/Projects/Squeak/Content/content_1/scripts/systems/constructionSystem/meshes/const_wall_edge_double.uasset" 1938
"E:/Development/Projects/Squeak/Content/content_1/scripts/systems/constructionSystem/meshes/const_wall_edge_double.uexp" 1939
"E:/Development/Projects/Squeak/Content/content_1/scripts/systems/constructionSystem/scripts/RoomStylePreset.uasset" 1940
"E:/Development/Projects/Squeak/Content/content_1/scripts/systems/constructionSystem/scripts/RoomStylePreset.uexp" 1941
"E:/Development/Projects/Squeak/Content/content_1/scripts/systems/constructionSystem/scripts/scripts/const_door_struct.uasset" 1942
"E:/Development/Projects/Squeak/Content/content_1/scripts/systems/constructionSystem/scripts/scripts/const_door_struct.uexp" 1943
"E:/Development/Projects/Squeak/Content/content_1/scripts/systems/constructionSystem/scripts/scripts/const_wall_type.uasset" 1944
"E:/Development/Projects/Squeak/Content/content_1/scripts/systems/constructionSystem/scripts/scripts/const_wall_type.uexp" 1945
"E:/Development/Projects/Squeak/Content/content_1/scripts/systems/constructionSystem/scripts/scripts/const_wall_calc_method.uasset" 1946
"E:/Development/Projects/Squeak/Content/content_1/scripts/systems/constructionSystem/scripts/scripts/const_wall_calc_method.uexp" 1947
"E:/Development/Projects/Squeak/Content/content_1/scripts/systems/constructionSystem/scripts/scripts/const_wall_calc_axis.uasset" 1948
"E:/Development/Projects/Squeak/Content/content_1/scripts/systems/constructionSystem/scripts/scripts/const_wall_calc_axis.uexp" 1949
"E:/Development/Projects/Squeak/Content/content_1/scripts/systems/constructionSystem/scripts/data/RS_Default.uasset" 1950
"E:/Development/Projects/Squeak/Content/content_1/scripts/systems/constructionSystem/scripts/data/RS_Default.uexp" 1951
"E:/Development/Projects/Squeak/Content/content_1/scripts/systems/constructionSystem/meshes/const_lightBlocker.ubulk" 1952
"E:/Development/Projects/Squeak/Content/content_1/scripts/systems/constructionSystem/meshes/const_lightBlocker.uasset" 1953
"E:/Development/Projects/Squeak/Content/content_1/scripts/systems/constructionSystem/meshes/const_lightBlocker.uexp" 1954
"E:/Development/Projects/Squeak/Content/content_1/scripts/systems/constructionSystem/scripts/const_wall.uasset" 1955
"E:/Development/Projects/Squeak/Content/content_1/scripts/systems/constructionSystem/scripts/const_wall.uexp" 1956
"E:/Development/Projects/Squeak/Content/content_2/DustBox/Textures/T_Mote.ubulk" 1957
"E:/Development/Projects/Squeak/Content/content_2/DustBox/Textures/T_Mote.uasset" 1958
"E:/Development/Projects/Squeak/Content/content_2/DustBox/Textures/T_Mote.uexp" 1959
"E:/Development/Projects/Squeak/Content/content_2/DustBox/Textures/T_Mote_04.ubulk" 1960
"E:/Development/Projects/Squeak/Content/content_2/DustBox/Textures/T_Mote_04.uasset" 1961
"E:/Development/Projects/Squeak/Content/content_2/DustBox/Textures/T_Mote_04.uexp" 1962
"E:/Development/Projects/Squeak/Content/content_2/DustBox/Textures/T_Mote_03.ubulk" 1963
"E:/Development/Projects/Squeak/Content/content_2/DustBox/Textures/T_Mote_03.uasset" 1964
"E:/Development/Projects/Squeak/Content/content_2/DustBox/Textures/T_Mote_03.uexp" 1965
"E:/Development/Projects/Squeak/Content/content_2/DustBox/Textures/T_Mote_02.ubulk" 1966
"E:/Development/Projects/Squeak/Content/content_2/DustBox/Textures/T_Mote_02.uasset" 1967
"E:/Development/Projects/Squeak/Content/content_2/DustBox/Textures/T_Mote_02.uexp" 1968
"../../../Engine/Content/EngineVolumetrics/LightBeam/Materials/T_EV_LightBeam_Falloff_02.uasset" 1969
"../../../Engine/Content/EngineVolumetrics/LightBeam/Materials/T_EV_LightBeam_Falloff_02.uexp" 1970
"E:/Development/Projects/Squeak/Content/content_2/DustBox/Materials/MF/MF_Iridescence_Simple.uasset" 1971
"E:/Development/Projects/Squeak/Content/content_2/DustBox/Materials/MF/MF_Iridescence_Simple.uexp" 1972
"E:/Development/Projects/Squeak/Content/content_2/DustBox/Materials/MM/M_Motes.uasset" 1973
"E:/Development/Projects/Squeak/Content/content_2/DustBox/Materials/MM/M_Motes.uexp" 1974
"E:/Development/Projects/Squeak/Content/content_2/DustBox/Materials/MI/MI_Mote_01.uasset" 1975
"E:/Development/Projects/Squeak/Content/content_2/DustBox/Materials/MI/MI_Mote_01.uexp" 1976
"../../../Engine/Content/EngineSky/VolumetricClouds/T_VolumeNoiseShape128.uasset" 1977
"../../../Engine/Content/EngineSky/VolumetricClouds/T_VolumeNoiseShape128.uexp" 1978
"E:/Development/Projects/Squeak/Content/content_2/DustBox/Materials/MF/MF_HeightMask.uasset" 1979
"E:/Development/Projects/Squeak/Content/content_2/DustBox/Materials/MF/MF_HeightMask.uexp" 1980
"E:/Development/Projects/Squeak/Content/content_2/DustBox/Materials/MF/MF_MoveOverTime.uasset" 1981
"E:/Development/Projects/Squeak/Content/content_2/DustBox/Materials/MF/MF_MoveOverTime.uexp" 1982
"E:/Development/Projects/Squeak/Content/content_2/DustBox/Materials/MM/M_VolumeFog.uasset" 1983
"E:/Development/Projects/Squeak/Content/content_2/DustBox/Materials/MM/M_VolumeFog.uexp" 1984
"../../../Engine/Content/Functions/Engine_MaterialFunctions02/Utility/AppendMany.uasset" 1985
"../../../Engine/Content/Functions/Engine_MaterialFunctions02/Utility/AppendMany.uexp" 1986
"../../../Engine/Content/Functions/Engine_MaterialFunctions02/Texturing/CustomRotator.uasset" 1987
"../../../Engine/Content/Functions/Engine_MaterialFunctions02/Texturing/CustomRotator.uexp" 1988
"../../../Engine/Content/Functions/Engine_MaterialFunctions01/Gradient/BoxMask-2D.uasset" 1989
"../../../Engine/Content/Functions/Engine_MaterialFunctions01/Gradient/BoxMask-2D.uexp" 1990
"E:/Development/Projects/Squeak/Content/content_2/DustBox/Materials/MM/M_DrawVolumeToRT.uasset" 1991
"E:/Development/Projects/Squeak/Content/content_2/DustBox/Materials/MM/M_DrawVolumeToRT.uexp" 1992
"E:/Development/Projects/Squeak/Content/content_2/DustBox/Data/PDA/PDA_DustBox.uasset" 1993
"E:/Development/Projects/Squeak/Content/content_2/DustBox/Data/PDA/PDA_DustBox.uexp" 1994
"E:/Development/Projects/Squeak/Content/content_2/DustBox/Textures/RT_DustMask2.uasset" 1995
"E:/Development/Projects/Squeak/Content/content_2/DustBox/Textures/RT_DustMask2.uexp" 1996
"E:/Development/Projects/Squeak/Content/content_2/DustBox/Textures/RT_DustMask1.uasset" 1997
"E:/Development/Projects/Squeak/Content/content_2/DustBox/Textures/RT_DustMask1.uexp" 1998
"../../../Engine/Plugins/FX/Niagara/Content/VectorFields/Assets/TilingCurl32.uasset" 1999
"../../../Engine/Plugins/FX/Niagara/Content/VectorFields/Assets/TilingCurl32.uexp" 2000
"E:/Development/Projects/Squeak/Content/content_2/DustBox/Niagara/NS_Motes.uasset" 2001
"E:/Development/Projects/Squeak/Content/content_2/DustBox/Niagara/NS_Motes.uexp" 2002
"E:/Development/Projects/Squeak/Content/content_2/DustBox/Materials/MPC/MPC_SurfaceDust.uasset" 2003
"E:/Development/Projects/Squeak/Content/content_2/DustBox/Materials/MPC/MPC_SurfaceDust.uexp" 2004
"E:/Development/Projects/Squeak/Content/content_2/DustBox/Materials/MPC/MPC_Fog.uasset" 2005
"E:/Development/Projects/Squeak/Content/content_2/DustBox/Materials/MPC/MPC_Fog.uexp" 2006
"E:/Development/Projects/Squeak/Content/content_2/DustBox/Data/Structures/STRUCT_DustTex.uasset" 2007
"E:/Development/Projects/Squeak/Content/content_2/DustBox/Data/Structures/STRUCT_DustTex.uexp" 2008
"E:/Development/Projects/Squeak/Content/content_2/DustBox/Data/Structures/STRUCT_Fog.uasset" 2009
"E:/Development/Projects/Squeak/Content/content_2/DustBox/Data/Structures/STRUCT_Fog.uexp" 2010
"E:/Development/Projects/Squeak/Content/content_2/DustBox/Data/Structures/STRUCT_Particles.uasset" 2011
"E:/Development/Projects/Squeak/Content/content_2/DustBox/Data/Structures/STRUCT_Particles.uexp" 2012
"E:/Development/Projects/Squeak/Content/content_2/DustBox/Data/Structures/STRUCT_Global.uasset" 2013
"E:/Development/Projects/Squeak/Content/content_2/DustBox/Data/Structures/STRUCT_Global.uexp" 2014
"E:/Development/Projects/Squeak/Content/content_2/DustBox/Materials/MI/MI_VolumeFog.uasset" 2015
"E:/Development/Projects/Squeak/Content/content_2/DustBox/Materials/MI/MI_VolumeFog.uexp" 2016
"E:/Development/Projects/Squeak/Content/content_2/DustBox/Textures/VDB_Fog_Perlin.ubulk" 2017
"E:/Development/Projects/Squeak/Content/content_2/DustBox/Textures/VDB_Fog_Perlin.uasset" 2018
"E:/Development/Projects/Squeak/Content/content_2/DustBox/Textures/VDB_Fog_Perlin.uexp" 2019
"E:/Development/Projects/Squeak/Content/content_2/DustBox/Materials/MF/MF_HeightMask_WithMPC.uasset" 2020
"E:/Development/Projects/Squeak/Content/content_2/DustBox/Materials/MF/MF_HeightMask_WithMPC.uexp" 2021
"E:/Development/Projects/Squeak/Content/content_2/DustBox/Materials/MM/M_SparseVolumeFog.uasset" 2022
"E:/Development/Projects/Squeak/Content/content_2/DustBox/Materials/MM/M_SparseVolumeFog.uexp" 2023
"E:/Development/Projects/Squeak/Content/content_2/DustBox/Materials/MI/MI_SparseVolumeFog.uasset" 2024
"E:/Development/Projects/Squeak/Content/content_2/DustBox/Materials/MI/MI_SparseVolumeFog.uexp" 2025
"E:/Development/Projects/Squeak/Content/content_2/DustBox/Data/DataAssets/Custom.uasset" 2026
"E:/Development/Projects/Squeak/Content/content_2/DustBox/Data/DataAssets/Custom.uexp" 2027
"E:/Development/Projects/Squeak/Content/content_2/DustBox/Blueprints/BP_DustBox.uasset" 2028
"E:/Development/Projects/Squeak/Content/content_2/DustBox/Blueprints/BP_DustBox.uexp" 2029
"E:/Development/Projects/Squeak/Content/content_2/RoomEditor/PCG/PCG_Conrcete_Floor.uasset" 2030
"E:/Development/Projects/Squeak/Content/content_2/RoomEditor/PCG/PCG_Conrcete_Floor.uexp" 2031
"E:/Development/Projects/Squeak/Content/content_1/scripts/systems/constructionSystem/scripts/scripts/const_wall_struct.uasset" 2032
"E:/Development/Projects/Squeak/Content/content_1/scripts/systems/constructionSystem/scripts/scripts/const_wall_struct.uexp" 2033
"E:/Development/Projects/Squeak/Content/content_1/scripts/systems/constructionSystem/scripts/pda_room_preset.uasset" 2034
"E:/Development/Projects/Squeak/Content/content_1/scripts/systems/constructionSystem/scripts/pda_room_preset.uexp" 2035
"E:/Development/Projects/Squeak/Content/content_1/scripts/systems/constructionSystem/meshes/const_floor.ubulk" 2036
"E:/Development/Projects/Squeak/Content/content_1/scripts/systems/constructionSystem/meshes/const_floor.uasset" 2037
"E:/Development/Projects/Squeak/Content/content_1/scripts/systems/constructionSystem/meshes/const_floor.uexp" 2038
"E:/Development/Projects/Squeak/Content/content_1/scripts/systems/constructionSystem/scripts/const_room.uasset" 2039
"E:/Development/Projects/Squeak/Content/content_1/scripts/systems/constructionSystem/scripts/const_room.uexp" 2040
"E:/Development/Projects/Squeak/Content/content_2/AbandonedHospital/Materials/MI_TextDecalBase_Dark.uasset" 2041
"E:/Development/Projects/Squeak/Content/content_2/AbandonedHospital/Materials/MI_TextDecalBase_Dark.uexp" 2042
"E:/Development/Projects/Squeak/Content/content_2/AbandonedHospital/Meshes/StaticMeshes/SM_WallAccessories_FireDevice_01.ubulk" 2043
"E:/Development/Projects/Squeak/Content/content_2/AbandonedHospital/Meshes/StaticMeshes/SM_WallAccessories_FireDevice_01.uasset" 2044
"E:/Development/Projects/Squeak/Content/content_2/AbandonedHospital/Meshes/StaticMeshes/SM_WallAccessories_FireDevice_01.uexp" 2045
"E:/Development/Projects/Squeak/Content/content_2/AbandonedHospital/Textures/T_Plastic_01_OcclusionRoughnessMetallic.ubulk" 2046
"E:/Development/Projects/Squeak/Content/content_2/AbandonedHospital/Textures/T_Plastic_01_OcclusionRoughnessMetallic.uasset" 2047
"E:/Development/Projects/Squeak/Content/content_2/AbandonedHospital/Textures/T_Plastic_01_OcclusionRoughnessMetallic.uexp" 2048
"E:/Development/Projects/Squeak/Content/content_2/AbandonedHospital/Textures/T_Plastic_01_Normal.ubulk" 2049
"E:/Development/Projects/Squeak/Content/content_2/AbandonedHospital/Textures/T_Plastic_01_Normal.uasset" 2050
"E:/Development/Projects/Squeak/Content/content_2/AbandonedHospital/Textures/T_Plastic_01_Normal.uexp" 2051
"E:/Development/Projects/Squeak/Content/content_2/AbandonedHospital/Textures/T_Plastic_01_BaseColor.ubulk" 2052
"E:/Development/Projects/Squeak/Content/content_2/AbandonedHospital/Textures/T_Plastic_01_BaseColor.uasset" 2053
"E:/Development/Projects/Squeak/Content/content_2/AbandonedHospital/Textures/T_Plastic_01_BaseColor.uexp" 2054
"E:/Development/Projects/Squeak/Content/content_2/AbandonedHospital/Materials/MI_Plastic_02.uasset" 2055
"E:/Development/Projects/Squeak/Content/content_2/AbandonedHospital/Materials/MI_Plastic_02.uexp" 2056
"E:/Development/Projects/Squeak/Content/content_2/AbandonedHospital/Meshes/StaticMeshes/SM_Reception_FloorConnection_01.ubulk" 2057
"E:/Development/Projects/Squeak/Content/content_2/AbandonedHospital/Meshes/StaticMeshes/SM_Reception_FloorConnection_01.uasset" 2058
"E:/Development/Projects/Squeak/Content/content_2/AbandonedHospital/Meshes/StaticMeshes/SM_Reception_FloorConnection_01.uexp" 2059
"E:/Development/Projects/Squeak/Content/content_0/base/door/WallBox.ubulk" 2060
"E:/Development/Projects/Squeak/Content/content_0/base/door/WallBox.uasset" 2061
"E:/Development/Projects/Squeak/Content/content_0/base/door/WallBox.uexp" 2062
"E:/Development/Projects/Squeak/Content/content_0/base/door/DoorBox.ubulk" 2063
"E:/Development/Projects/Squeak/Content/content_0/base/door/DoorBox.uasset" 2064
"E:/Development/Projects/Squeak/Content/content_0/base/door/DoorBox.uexp" 2065
"E:/Development/Projects/Squeak/Content/content_0/base/door/BP_Door_Hispital.uasset" 2066
"E:/Development/Projects/Squeak/Content/content_0/base/door/BP_Door_Hispital.uexp" 2067
"E:/Development/Projects/Squeak/Content/content_1/scripts/systems/constructionSystem/scripts/data/DA_Door_Hospital.uasset" 2068
"E:/Development/Projects/Squeak/Content/content_1/scripts/systems/constructionSystem/scripts/data/DA_Door_Hospital.uexp" 2069
"E:/Development/Projects/Squeak/Content/content_1/scripts/systems/constructionSystem/scripts/data/RS_Hospital.uasset" 2070
"E:/Development/Projects/Squeak/Content/content_1/scripts/systems/constructionSystem/scripts/data/RS_Hospital.uexp" 2071
"E:/Development/Projects/Squeak/Content/content_2/AbandonedHospital/Additional/Textures/T_Operating_Table_Normal.ubulk" 2072
"E:/Development/Projects/Squeak/Content/content_2/AbandonedHospital/Additional/Textures/T_Operating_Table_Normal.uasset" 2073
"E:/Development/Projects/Squeak/Content/content_2/AbandonedHospital/Additional/Textures/T_Operating_Table_Normal.uexp" 2074
"E:/Development/Projects/Squeak/Content/content_2/AbandonedHospital/Additional/Textures/T_Operating_Table_Metallic-T_Operating_Table_Roughness.ubulk" 2075
"E:/Development/Projects/Squeak/Content/content_2/AbandonedHospital/Additional/Textures/T_Operating_Table_Metallic-T_Operating_Table_Roughness.uasset" 2076
"E:/Development/Projects/Squeak/Content/content_2/AbandonedHospital/Additional/Textures/T_Operating_Table_Metallic-T_Operating_Table_Roughness.uexp" 2077
"E:/Development/Projects/Squeak/Content/content_2/AbandonedHospital/Additional/Textures/T_Operating_Table_Emissive.ubulk" 2078
"E:/Development/Projects/Squeak/Content/content_2/AbandonedHospital/Additional/Textures/T_Operating_Table_Emissive.uasset" 2079
"E:/Development/Projects/Squeak/Content/content_2/AbandonedHospital/Additional/Textures/T_Operating_Table_Emissive.uexp" 2080
"E:/Development/Projects/Squeak/Content/content_2/AbandonedHospital/Additional/Textures/T_Operating_Table_BaseColor.ubulk" 2081
"E:/Development/Projects/Squeak/Content/content_2/AbandonedHospital/Additional/Textures/T_Operating_Table_BaseColor.uasset" 2082
"E:/Development/Projects/Squeak/Content/content_2/AbandonedHospital/Additional/Textures/T_Operating_Table_BaseColor.uexp" 2083
"E:/Development/Projects/Squeak/Content/content_2/AbandonedHospital/Additional/Materials/M_Operating_Table.uasset" 2084
"E:/Development/Projects/Squeak/Content/content_2/AbandonedHospital/Additional/Materials/M_Operating_Table.uexp" 2085
"E:/Development/Projects/Squeak/Content/content_2/AbandonedHospital/Additional/StaticMeshes/Operating_Table.ubulk" 2086
"E:/Development/Projects/Squeak/Content/content_2/AbandonedHospital/Additional/StaticMeshes/Operating_Table.uasset" 2087
"E:/Development/Projects/Squeak/Content/content_2/AbandonedHospital/Additional/StaticMeshes/Operating_Table.uexp" 2088
"E:/Development/Projects/Squeak/Content/content_2/AbandonedHospital/Additional/Textures/T_CT_Scanner_Normal.ubulk" 2089
"E:/Development/Projects/Squeak/Content/content_2/AbandonedHospital/Additional/Textures/T_CT_Scanner_Normal.uasset" 2090
"E:/Development/Projects/Squeak/Content/content_2/AbandonedHospital/Additional/Textures/T_CT_Scanner_Normal.uexp" 2091
"E:/Development/Projects/Squeak/Content/content_2/AbandonedHospital/Additional/Textures/T_CT_Scanner_Metallic-T_CT_Scanner_Roughness.ubulk" 2092
"E:/Development/Projects/Squeak/Content/content_2/AbandonedHospital/Additional/Textures/T_CT_Scanner_Metallic-T_CT_Scanner_Roughness.uasset" 2093
"E:/Development/Projects/Squeak/Content/content_2/AbandonedHospital/Additional/Textures/T_CT_Scanner_Metallic-T_CT_Scanner_Roughness.uexp" 2094
"E:/Development/Projects/Squeak/Content/content_2/AbandonedHospital/Additional/Textures/T_CT_Scanner_Emissive.ubulk" 2095
"E:/Development/Projects/Squeak/Content/content_2/AbandonedHospital/Additional/Textures/T_CT_Scanner_Emissive.uasset" 2096
"E:/Development/Projects/Squeak/Content/content_2/AbandonedHospital/Additional/Textures/T_CT_Scanner_Emissive.uexp" 2097
"E:/Development/Projects/Squeak/Content/content_2/AbandonedHospital/Additional/Textures/T_CT_Scanner_BaseColor.ubulk" 2098
"E:/Development/Projects/Squeak/Content/content_2/AbandonedHospital/Additional/Textures/T_CT_Scanner_BaseColor.uasset" 2099
"E:/Development/Projects/Squeak/Content/content_2/AbandonedHospital/Additional/Textures/T_CT_Scanner_BaseColor.uexp" 2100
"E:/Development/Projects/Squeak/Content/content_2/AbandonedHospital/Additional/Materials/M_CT_Scanner.uasset" 2101
"E:/Development/Projects/Squeak/Content/content_2/AbandonedHospital/Additional/Materials/M_CT_Scanner.uexp" 2102
"E:/Development/Projects/Squeak/Content/content_2/AbandonedHospital/Additional/Textures/T_CT_Table_Normal.ubulk" 2103
"E:/Development/Projects/Squeak/Content/content_2/AbandonedHospital/Additional/Textures/T_CT_Table_Normal.uasset" 2104
"E:/Development/Projects/Squeak/Content/content_2/AbandonedHospital/Additional/Textures/T_CT_Table_Normal.uexp" 2105
"E:/Development/Projects/Squeak/Content/content_2/AbandonedHospital/Additional/Textures/T_CT_Table_Metallic-T_CT_Table_Roughness.ubulk" 2106
"E:/Development/Projects/Squeak/Content/content_2/AbandonedHospital/Additional/Textures/T_CT_Table_Metallic-T_CT_Table_Roughness.uasset" 2107
"E:/Development/Projects/Squeak/Content/content_2/AbandonedHospital/Additional/Textures/T_CT_Table_Metallic-T_CT_Table_Roughness.uexp" 2108
"E:/Development/Projects/Squeak/Content/content_2/AbandonedHospital/Additional/Textures/T_CT_Table_Emissive.ubulk" 2109
"E:/Development/Projects/Squeak/Content/content_2/AbandonedHospital/Additional/Textures/T_CT_Table_Emissive.uasset" 2110
"E:/Development/Projects/Squeak/Content/content_2/AbandonedHospital/Additional/Textures/T_CT_Table_Emissive.uexp" 2111
"E:/Development/Projects/Squeak/Content/content_2/AbandonedHospital/Additional/Textures/T_CT_Table_BaseColor.ubulk" 2112
"E:/Development/Projects/Squeak/Content/content_2/AbandonedHospital/Additional/Textures/T_CT_Table_BaseColor.uasset" 2113
"E:/Development/Projects/Squeak/Content/content_2/AbandonedHospital/Additional/Textures/T_CT_Table_BaseColor.uexp" 2114
"E:/Development/Projects/Squeak/Content/content_2/AbandonedHospital/Additional/Materials/M_CT_Table.uasset" 2115
"E:/Development/Projects/Squeak/Content/content_2/AbandonedHospital/Additional/Materials/M_CT_Table.uexp" 2116
"E:/Development/Projects/Squeak/Content/content_2/AbandonedHospital/Additional/StaticMeshes/CT_Scanner.ubulk" 2117
"E:/Development/Projects/Squeak/Content/content_2/AbandonedHospital/Additional/StaticMeshes/CT_Scanner.uasset" 2118
"E:/Development/Projects/Squeak/Content/content_2/AbandonedHospital/Additional/StaticMeshes/CT_Scanner.uexp" 2119
"E:/Development/Projects/Squeak/Content/content_2/AbandonedHospital/Meshes/StaticMeshes/SM_Laboratory_BigDesk_01.ubulk" 2120
"E:/Development/Projects/Squeak/Content/content_2/AbandonedHospital/Meshes/StaticMeshes/SM_Laboratory_BigDesk_01.uasset" 2121
"E:/Development/Projects/Squeak/Content/content_2/AbandonedHospital/Meshes/StaticMeshes/SM_Laboratory_BigDesk_01.uexp" 2122
"E:/Development/Projects/Squeak/Content/content_2/AbandonedHospital/Materials/MI_Window_Aluminum_03.uasset" 2123
"E:/Development/Projects/Squeak/Content/content_2/AbandonedHospital/Materials/MI_Window_Aluminum_03.uexp" 2124
"E:/Development/Projects/Squeak/Content/content_2/AbandonedHospital/Materials/MI_Plastic_01.uasset" 2125
"E:/Development/Projects/Squeak/Content/content_2/AbandonedHospital/Materials/MI_Plastic_01.uexp" 2126
"E:/Development/Projects/Squeak/Content/content_2/AbandonedHospital/Meshes/StaticMeshes/SM_CabinetDesk_02.ubulk" 2127
"E:/Development/Projects/Squeak/Content/content_2/AbandonedHospital/Meshes/StaticMeshes/SM_CabinetDesk_02.uasset" 2128
"E:/Development/Projects/Squeak/Content/content_2/AbandonedHospital/Meshes/StaticMeshes/SM_CabinetDesk_02.uexp" 2129
"E:/Development/Projects/Squeak/Content/content_2/AbandonedHospital/Materials/MI_Plastic_Tile_Red.uasset" 2130
"E:/Development/Projects/Squeak/Content/content_2/AbandonedHospital/Materials/MI_Plastic_Tile_Red.uexp" 2131
"E:/Development/Projects/Squeak/Content/content_2/AbandonedHospital/Meshes/StaticMeshes/SM_HospitalTable_01.ubulk" 2132
"E:/Development/Projects/Squeak/Content/content_2/AbandonedHospital/Meshes/StaticMeshes/SM_HospitalTable_01.uasset" 2133
"E:/Development/Projects/Squeak/Content/content_2/AbandonedHospital/Meshes/StaticMeshes/SM_HospitalTable_01.uexp" 2134
"E:/Development/Projects/Squeak/Content/content_2/AbandonedHospital/Textures/T_MedicineBox_01.ubulk" 2135
"E:/Development/Projects/Squeak/Content/content_2/AbandonedHospital/Textures/T_MedicineBox_01.uasset" 2136
"E:/Development/Projects/Squeak/Content/content_2/AbandonedHospital/Textures/T_MedicineBox_01.uexp" 2137
"E:/Development/Projects/Squeak/Content/content_2/AbandonedHospital/Materials/MI_MedicineBox.uasset" 2138
"E:/Development/Projects/Squeak/Content/content_2/AbandonedHospital/Materials/MI_MedicineBox.uexp" 2139
"E:/Development/Projects/Squeak/Content/content_2/AbandonedHospital/Meshes/StaticMeshes/Dirty/SM_Dirty_PlasticPillBottle_05.ubulk" 2140
"E:/Development/Projects/Squeak/Content/content_2/AbandonedHospital/Meshes/StaticMeshes/Dirty/SM_Dirty_PlasticPillBottle_05.uasset" 2141
"E:/Development/Projects/Squeak/Content/content_2/AbandonedHospital/Meshes/StaticMeshes/Dirty/SM_Dirty_PlasticPillBottle_05.uexp" 2142
"E:/Development/Projects/Squeak/Content/content_2/AbandonedHospital/Meshes/StaticMeshes/Dirty/SM_Dirty_PlasticPillBottle_03.ubulk" 2143
"E:/Development/Projects/Squeak/Content/content_2/AbandonedHospital/Meshes/StaticMeshes/Dirty/SM_Dirty_PlasticPillBottle_03.uasset" 2144
"E:/Development/Projects/Squeak/Content/content_2/AbandonedHospital/Meshes/StaticMeshes/Dirty/SM_Dirty_PlasticPillBottle_03.uexp" 2145
"E:/Development/Projects/Squeak/Content/content_2/AbandonedHospital/Materials/MI_Plastic_03.uasset" 2146
"E:/Development/Projects/Squeak/Content/content_2/AbandonedHospital/Materials/MI_Plastic_03.uexp" 2147
"E:/Development/Projects/Squeak/Content/content_2/AbandonedHospital/Materials/MI_Plastic_04.uasset" 2148
"E:/Development/Projects/Squeak/Content/content_2/AbandonedHospital/Materials/MI_Plastic_04.uexp" 2149
"E:/Development/Projects/Squeak/Content/content_2/AbandonedHospital/Materials/MI_Plastic_07.uasset" 2150
"E:/Development/Projects/Squeak/Content/content_2/AbandonedHospital/Materials/MI_Plastic_07.uexp" 2151
"E:/Development/Projects/Squeak/Content/content_2/AbandonedHospital/Materials/MI_Plastic_08.uasset" 2152
"E:/Development/Projects/Squeak/Content/content_2/AbandonedHospital/Materials/MI_Plastic_08.uexp" 2153
"E:/Development/Projects/Squeak/Content/content_2/AbandonedHospital/Meshes/StaticMeshes/SM_WasteBin_02.ubulk" 2154
"E:/Development/Projects/Squeak/Content/content_2/AbandonedHospital/Meshes/StaticMeshes/SM_WasteBin_02.uasset" 2155
"E:/Development/Projects/Squeak/Content/content_2/AbandonedHospital/Meshes/StaticMeshes/SM_WasteBin_02.uexp" 2156
"E:/Development/Projects/Squeak/Content/content_2/AbandonedHospital/Meshes/StaticMeshes/SM_FacialSteamer.ubulk" 2157
"E:/Development/Projects/Squeak/Content/content_2/AbandonedHospital/Meshes/StaticMeshes/SM_FacialSteamer.uasset" 2158
"E:/Development/Projects/Squeak/Content/content_2/AbandonedHospital/Meshes/StaticMeshes/SM_FacialSteamer.uexp" 2159
"E:/Development/Projects/Squeak/Content/content_2/AbandonedHospital/Materials/MI_DirtyDecal_04.uasset" 2160
"E:/Development/Projects/Squeak/Content/content_2/AbandonedHospital/Materials/MI_DirtyDecal_04.uexp" 2161
"E:/Development/Projects/Squeak/Content/content_2/AbandonedHospital/Meshes/StaticMeshes/SM_BedsideCabinet_01.ubulk" 2162
"E:/Development/Projects/Squeak/Content/content_2/AbandonedHospital/Meshes/StaticMeshes/SM_BedsideCabinet_01.uasset" 2163
"E:/Development/Projects/Squeak/Content/content_2/AbandonedHospital/Meshes/StaticMeshes/SM_BedsideCabinet_01.uexp" 2164
"E:/Development/Projects/Squeak/Content/content_2/AbandonedHospital/Meshes/StaticMeshes/Dirty/SM_Dirty_Syringe_01.ubulk" 2165
"E:/Development/Projects/Squeak/Content/content_2/AbandonedHospital/Meshes/StaticMeshes/Dirty/SM_Dirty_Syringe_01.uasset" 2166
"E:/Development/Projects/Squeak/Content/content_2/AbandonedHospital/Meshes/StaticMeshes/Dirty/SM_Dirty_Syringe_01.uexp" 2167
"E:/Development/Projects/Squeak/Content/content_2/AbandonedHospital/Meshes/StaticMeshes/Dirty/SM_Dirty_Plate_03.ubulk" 2168
"E:/Development/Projects/Squeak/Content/content_2/AbandonedHospital/Meshes/StaticMeshes/Dirty/SM_Dirty_Plate_03.uasset" 2169
"E:/Development/Projects/Squeak/Content/content_2/AbandonedHospital/Meshes/StaticMeshes/Dirty/SM_Dirty_Plate_03.uexp" 2170
"E:/Development/Projects/Squeak/Content/content_2/AbandonedHospital/Meshes/StaticMeshes/Dirty/SM_Dirty_Plate_01.ubulk" 2171
"E:/Development/Projects/Squeak/Content/content_2/AbandonedHospital/Meshes/StaticMeshes/Dirty/SM_Dirty_Plate_01.uasset" 2172
"E:/Development/Projects/Squeak/Content/content_2/AbandonedHospital/Meshes/StaticMeshes/Dirty/SM_Dirty_Plate_01.uexp" 2173
"E:/Development/Projects/Squeak/Content/content_2/AbandonedHospital/Meshes/StaticMeshes/Dirty/SM_Dirty_PlasticPillBottle_008.ubulk" 2174
"E:/Development/Projects/Squeak/Content/content_2/AbandonedHospital/Meshes/StaticMeshes/Dirty/SM_Dirty_PlasticPillBottle_008.uasset" 2175
"E:/Development/Projects/Squeak/Content/content_2/AbandonedHospital/Meshes/StaticMeshes/Dirty/SM_Dirty_PlasticPillBottle_008.uexp" 2176
"E:/Development/Projects/Squeak/Content/content_2/AbandonedHospital/Meshes/StaticMeshes/Dirty/SM_Dirty_PillBox_04.ubulk" 2177
"E:/Development/Projects/Squeak/Content/content_2/AbandonedHospital/Meshes/StaticMeshes/Dirty/SM_Dirty_PillBox_04.uasset" 2178
"E:/Development/Projects/Squeak/Content/content_2/AbandonedHospital/Meshes/StaticMeshes/Dirty/SM_Dirty_PillBox_04.uexp" 2179
"E:/Development/Projects/Squeak/Content/content_2/AbandonedHospital/Meshes/StaticMeshes/Dirty/SM_Dirty_PillBox_03.ubulk" 2180
"E:/Development/Projects/Squeak/Content/content_2/AbandonedHospital/Meshes/StaticMeshes/Dirty/SM_Dirty_PillBox_03.uasset" 2181
"E:/Development/Projects/Squeak/Content/content_2/AbandonedHospital/Meshes/StaticMeshes/Dirty/SM_Dirty_PillBox_03.uexp" 2182
"E:/Development/Projects/Squeak/Content/content_2/AbandonedHospital/Meshes/StaticMeshes/Dirty/SM_Dirty_PillBox_02.ubulk" 2183
"E:/Development/Projects/Squeak/Content/content_2/AbandonedHospital/Meshes/StaticMeshes/Dirty/SM_Dirty_PillBox_02.uasset" 2184
"E:/Development/Projects/Squeak/Content/content_2/AbandonedHospital/Meshes/StaticMeshes/Dirty/SM_Dirty_PillBox_02.uexp" 2185
"E:/Development/Projects/Squeak/Content/content_2/AbandonedHospital/Textures/T_Dirty_Concrete_04_OcclusionRoughnessMetallic.ubulk" 2186
"E:/Development/Projects/Squeak/Content/content_2/AbandonedHospital/Textures/T_Dirty_Concrete_04_OcclusionRoughnessMetallic.uasset" 2187
"E:/Development/Projects/Squeak/Content/content_2/AbandonedHospital/Textures/T_Dirty_Concrete_04_OcclusionRoughnessMetallic.uexp" 2188
"E:/Development/Projects/Squeak/Content/content_2/AbandonedHospital/Textures/T_DirtyFloor_03_OcclusionRoughnessMetallic.ubulk" 2189
"E:/Development/Projects/Squeak/Content/content_2/AbandonedHospital/Textures/T_DirtyFloor_03_OcclusionRoughnessMetallic.uasset" 2190
"E:/Development/Projects/Squeak/Content/content_2/AbandonedHospital/Textures/T_DirtyFloor_03_OcclusionRoughnessMetallic.uexp" 2191
"E:/Development/Projects/Squeak/Content/content_2/AbandonedHospital/Textures/T_Plaster_03_OcclusionRoughnessMetallic.ubulk" 2192
"E:/Development/Projects/Squeak/Content/content_2/AbandonedHospital/Textures/T_Plaster_03_OcclusionRoughnessMetallic.uasset" 2193
"E:/Development/Projects/Squeak/Content/content_2/AbandonedHospital/Textures/T_Plaster_03_OcclusionRoughnessMetallic.uexp" 2194
"E:/Development/Projects/Squeak/Content/content_2/AbandonedHospital/Textures/T_Plaster_03_Normal.ubulk" 2195
"E:/Development/Projects/Squeak/Content/content_2/AbandonedHospital/Textures/T_Plaster_03_Normal.uasset" 2196
"E:/Development/Projects/Squeak/Content/content_2/AbandonedHospital/Textures/T_Plaster_03_Normal.uexp" 2197
"E:/Development/Projects/Squeak/Content/content_2/AbandonedHospital/Textures/T_Plaster_03_BaseColor.ubulk" 2198
"E:/Development/Projects/Squeak/Content/content_2/AbandonedHospital/Textures/T_Plaster_03_BaseColor.uasset" 2199
"E:/Development/Projects/Squeak/Content/content_2/AbandonedHospital/Textures/T_Plaster_03_BaseColor.uexp" 2200
"E:/Development/Projects/Squeak/Content/content_2/AbandonedHospital/Textures/T_Plaster_01_OcclusionRoughnessMetallic.ubulk" 2201
"E:/Development/Projects/Squeak/Content/content_2/AbandonedHospital/Textures/T_Plaster_01_OcclusionRoughnessMetallic.uasset" 2202
"E:/Development/Projects/Squeak/Content/content_2/AbandonedHospital/Textures/T_Plaster_01_OcclusionRoughnessMetallic.uexp" 2203
"E:/Development/Projects/Squeak/Content/content_2/AbandonedHospital/Textures/T_Plaster_01_Normal.ubulk" 2204
"E:/Development/Projects/Squeak/Content/content_2/AbandonedHospital/Textures/T_Plaster_01_Normal.uasset" 2205
"E:/Development/Projects/Squeak/Content/content_2/AbandonedHospital/Textures/T_Plaster_01_Normal.uexp" 2206
"E:/Development/Projects/Squeak/Content/content_2/AbandonedHospital/Textures/T_Plaster_01_BaseColor.ubulk" 2207
"E:/Development/Projects/Squeak/Content/content_2/AbandonedHospital/Textures/T_Plaster_01_BaseColor.uasset" 2208
"E:/Development/Projects/Squeak/Content/content_2/AbandonedHospital/Textures/T_Plaster_01_BaseColor.uexp" 2209
"E:/Development/Projects/Squeak/Content/content_2/AbandonedHospital/Materials/MI_DirtyWall_Mat_White.uasset" 2210
"E:/Development/Projects/Squeak/Content/content_2/AbandonedHospital/Materials/MI_DirtyWall_Mat_White.uexp" 2211
"E:/Development/Projects/Squeak/Content/content_2/AbandonedHospital/Materials/MI_DirtyWall_Mat_03.uasset" 2212
"E:/Development/Projects/Squeak/Content/content_2/AbandonedHospital/Materials/MI_DirtyWall_Mat_03.uexp" 2213
"E:/Development/Projects/Squeak/Content/content_2/AbandonedHospital/Meshes/StaticMeshes/Dirty/SM_Dirty_ConcretePieces_09.ubulk" 2214
"E:/Development/Projects/Squeak/Content/content_2/AbandonedHospital/Meshes/StaticMeshes/Dirty/SM_Dirty_ConcretePieces_09.uasset" 2215
"E:/Development/Projects/Squeak/Content/content_2/AbandonedHospital/Meshes/StaticMeshes/Dirty/SM_Dirty_ConcretePieces_09.uexp" 2216
"E:/Development/Projects/Squeak/Content/content_2/AbandonedHospital/Meshes/StaticMeshes/Dirty/SM_Dirty_ConcretePieces_05.ubulk" 2217
"E:/Development/Projects/Squeak/Content/content_2/AbandonedHospital/Meshes/StaticMeshes/Dirty/SM_Dirty_ConcretePieces_05.uasset" 2218
"E:/Development/Projects/Squeak/Content/content_2/AbandonedHospital/Meshes/StaticMeshes/Dirty/SM_Dirty_ConcretePieces_05.uexp" 2219
"E:/Development/Projects/Squeak/Content/content_2/AbandonedHospital/Meshes/StaticMeshes/Dirty/SM_Dirty_ConcretePieces_02.ubulk" 2220
"E:/Development/Projects/Squeak/Content/content_2/AbandonedHospital/Meshes/StaticMeshes/Dirty/SM_Dirty_ConcretePieces_02.uasset" 2221
"E:/Development/Projects/Squeak/Content/content_2/AbandonedHospital/Meshes/StaticMeshes/Dirty/SM_Dirty_ConcretePieces_02.uexp" 2222
"E:/Development/Projects/Squeak/Content/content_2/AbandonedHospital/Meshes/StaticMeshes/Dirty/SM_Dirty_ConcretePieces_011.ubulk" 2223
"E:/Development/Projects/Squeak/Content/content_2/AbandonedHospital/Meshes/StaticMeshes/Dirty/SM_Dirty_ConcretePieces_011.uasset" 2224
"E:/Development/Projects/Squeak/Content/content_2/AbandonedHospital/Meshes/StaticMeshes/Dirty/SM_Dirty_ConcretePieces_011.uexp" 2225
"E:/Development/Projects/Squeak/Content/content_2/AbandonedHospital/Meshes/StaticMeshes/Dirty/SM_Dirty_ConcretePieces_01.ubulk" 2226
"E:/Development/Projects/Squeak/Content/content_2/AbandonedHospital/Meshes/StaticMeshes/Dirty/SM_Dirty_ConcretePieces_01.uasset" 2227
"E:/Development/Projects/Squeak/Content/content_2/AbandonedHospital/Meshes/StaticMeshes/Dirty/SM_Dirty_ConcretePieces_01.uexp" 2228
"E:/Development/Projects/Squeak/Content/content_2/AbandonedHospital/Additional/Textures/T_Med_PC_Mouse_Normal.ubulk" 2229
"E:/Development/Projects/Squeak/Content/content_2/AbandonedHospital/Additional/Textures/T_Med_PC_Mouse_Normal.uasset" 2230
"E:/Development/Projects/Squeak/Content/content_2/AbandonedHospital/Additional/Textures/T_Med_PC_Mouse_Normal.uexp" 2231
"E:/Development/Projects/Squeak/Content/content_2/AbandonedHospital/Additional/Textures/T_Med_PC_Mouse_Metallic-T_Med_PC_Mouse_Roughness.ubulk" 2232
"E:/Development/Projects/Squeak/Content/content_2/AbandonedHospital/Additional/Textures/T_Med_PC_Mouse_Metallic-T_Med_PC_Mouse_Roughness.uasset" 2233
"E:/Development/Projects/Squeak/Content/content_2/AbandonedHospital/Additional/Textures/T_Med_PC_Mouse_Metallic-T_Med_PC_Mouse_Roughness.uexp" 2234
"E:/Development/Projects/Squeak/Content/content_2/AbandonedHospital/Additional/Textures/T_Med_PC_Mouse_Emissive.ubulk" 2235
"E:/Development/Projects/Squeak/Content/content_2/AbandonedHospital/Additional/Textures/T_Med_PC_Mouse_Emissive.uasset" 2236
"E:/Development/Projects/Squeak/Content/content_2/AbandonedHospital/Additional/Textures/T_Med_PC_Mouse_Emissive.uexp" 2237
"E:/Development/Projects/Squeak/Content/content_2/AbandonedHospital/Additional/Textures/T_Med_PC_Mouse_BaseColor.ubulk" 2238
"E:/Development/Projects/Squeak/Content/content_2/AbandonedHospital/Additional/Textures/T_Med_PC_Mouse_BaseColor.uasset" 2239
"E:/Development/Projects/Squeak/Content/content_2/AbandonedHospital/Additional/Textures/T_Med_PC_Mouse_BaseColor.uexp" 2240
"E:/Development/Projects/Squeak/Content/content_2/AbandonedHospital/Additional/Materials/M_Med_PC_Mouse_001.uasset" 2241
"E:/Development/Projects/Squeak/Content/content_2/AbandonedHospital/Additional/Materials/M_Med_PC_Mouse_001.uexp" 2242
"E:/Development/Projects/Squeak/Content/content_2/AbandonedHospital/Additional/StaticMeshes/Med_PC_Mouse.ubulk" 2243
"E:/Development/Projects/Squeak/Content/content_2/AbandonedHospital/Additional/StaticMeshes/Med_PC_Mouse.uasset" 2244
"E:/Development/Projects/Squeak/Content/content_2/AbandonedHospital/Additional/StaticMeshes/Med_PC_Mouse.uexp" 2245
"E:/Development/Projects/Squeak/Content/content_2/AbandonedHospital/Additional/Textures/T_Medical_Wall_Panel_Normal.ubulk" 2246
"E:/Development/Projects/Squeak/Content/content_2/AbandonedHospital/Additional/Textures/T_Medical_Wall_Panel_Normal.uasset" 2247
"E:/Development/Projects/Squeak/Content/content_2/AbandonedHospital/Additional/Textures/T_Medical_Wall_Panel_Normal.uexp" 2248
"E:/Development/Projects/Squeak/Content/content_2/AbandonedHospital/Additional/Textures/T_Medical_Wall_Panel_Metallic-T_Medical_Wall_Panel_Roughness.ubulk" 2249
"E:/Development/Projects/Squeak/Content/content_2/AbandonedHospital/Additional/Textures/T_Medical_Wall_Panel_Metallic-T_Medical_Wall_Panel_Roughness.uasset" 2250
"E:/Development/Projects/Squeak/Content/content_2/AbandonedHospital/Additional/Textures/T_Medical_Wall_Panel_Metallic-T_Medical_Wall_Panel_Roughness.uexp" 2251
"E:/Development/Projects/Squeak/Content/content_2/AbandonedHospital/Additional/Textures/T_Medical_Wall_Panel_BaseColor.ubulk" 2252
"E:/Development/Projects/Squeak/Content/content_2/AbandonedHospital/Additional/Textures/T_Medical_Wall_Panel_BaseColor.uasset" 2253
"E:/Development/Projects/Squeak/Content/content_2/AbandonedHospital/Additional/Textures/T_Medical_Wall_Panel_BaseColor.uexp" 2254
"E:/Development/Projects/Squeak/Content/content_2/AbandonedHospital/Additional/Materials/M_Medical_Wall_Panel.uasset" 2255
"E:/Development/Projects/Squeak/Content/content_2/AbandonedHospital/Additional/Materials/M_Medical_Wall_Panel.uexp" 2256
"E:/Development/Projects/Squeak/Content/content_2/AbandonedHospital/Additional/StaticMeshes/SM_Medical_Wall_Panel.ubulk" 2257
"E:/Development/Projects/Squeak/Content/content_2/AbandonedHospital/Additional/StaticMeshes/SM_Medical_Wall_Panel.uasset" 2258
"E:/Development/Projects/Squeak/Content/content_2/AbandonedHospital/Additional/StaticMeshes/SM_Medical_Wall_Panel.uexp" 2259
"E:/Development/Projects/Squeak/Content/content_2/AbandonedHospital/Additional/StaticMeshes/BP_Medical_Wall_Panel.uasset" 2260
"E:/Development/Projects/Squeak/Content/content_2/AbandonedHospital/Additional/StaticMeshes/BP_Medical_Wall_Panel.uexp" 2261
"E:/Development/Projects/Squeak/Content/content_2/AbandonedHospital/Meshes/StaticMeshes/SM_AnesthesiaMachine_01.ubulk" 2262
"E:/Development/Projects/Squeak/Content/content_2/AbandonedHospital/Meshes/StaticMeshes/SM_AnesthesiaMachine_01.uasset" 2263
"E:/Development/Projects/Squeak/Content/content_2/AbandonedHospital/Meshes/StaticMeshes/SM_AnesthesiaMachine_01.uexp" 2264
"E:/Development/Projects/Squeak/Content/content_2/AbandonedHospital/Additional/Textures/T_Monitor_Screen_Metallic-T_Monitor_Screen_Roughness.ubulk" 2265
"E:/Development/Projects/Squeak/Content/content_2/AbandonedHospital/Additional/Textures/T_Monitor_Screen_Metallic-T_Monitor_Screen_Roughness.uasset" 2266
"E:/Development/Projects/Squeak/Content/content_2/AbandonedHospital/Additional/Textures/T_Monitor_Screen_Metallic-T_Monitor_Screen_Roughness.uexp" 2267
"E:/Development/Projects/Squeak/Content/content_2/AbandonedHospital/Additional/Textures/T_Monitor_Screen_Emissive1.ubulk" 2268
"E:/Development/Projects/Squeak/Content/content_2/AbandonedHospital/Additional/Textures/T_Monitor_Screen_Emissive1.uasset" 2269
"E:/Development/Projects/Squeak/Content/content_2/AbandonedHospital/Additional/Textures/T_Monitor_Screen_Emissive1.uexp" 2270
"E:/Development/Projects/Squeak/Content/content_2/AbandonedHospital/Additional/Textures/T_Monitor_Screen_BaseColor.ubulk" 2271
"E:/Development/Projects/Squeak/Content/content_2/AbandonedHospital/Additional/Textures/T_Monitor_Screen_BaseColor.uasset" 2272
"E:/Development/Projects/Squeak/Content/content_2/AbandonedHospital/Additional/Textures/T_Monitor_Screen_BaseColor.uexp" 2273
"E:/Development/Projects/Squeak/Content/content_2/AbandonedHospital/Additional/Materials/M_Monitor_Screen.uasset" 2274
"E:/Development/Projects/Squeak/Content/content_2/AbandonedHospital/Additional/Materials/M_Monitor_Screen.uexp" 2275
"E:/Development/Projects/Squeak/Content/content_2/AbandonedHospital/Additional/StaticMeshes/BP_AnesthesiaMachine.uasset" 2276
"E:/Development/Projects/Squeak/Content/content_2/AbandonedHospital/Additional/StaticMeshes/BP_AnesthesiaMachine.uexp" 2277
"E:/Development/Projects/Squeak/Content/content_2/AbandonedHospital/Meshes/StaticMeshes/Dirty/SM_Dirty_PlasticPillBottle_01.ubulk" 2278
"E:/Development/Projects/Squeak/Content/content_2/AbandonedHospital/Meshes/StaticMeshes/Dirty/SM_Dirty_PlasticPillBottle_01.uasset" 2279
"E:/Development/Projects/Squeak/Content/content_2/AbandonedHospital/Meshes/StaticMeshes/Dirty/SM_Dirty_PlasticPillBottle_01.uexp" 2280
"../../../Engine/Plugins/FX/Niagara/Content/DefaultAssets/DefaultSpriteMaterial.uasset" 2281
"../../../Engine/Plugins/FX/Niagara/Content/DefaultAssets/DefaultSpriteMaterial.uexp" 2282
"../../../Engine/Content/Functions/Engine_MaterialFunctions02/Utility/Swizzle.uasset" 2283
"../../../Engine/Content/Functions/Engine_MaterialFunctions02/Utility/Swizzle.uexp" 2284
"E:/Development/Projects/Squeak/Content/content_2/SplineVFX/_GenericSource/Texture/T_Vfx_BasicDot.ubulk" 2285
"E:/Development/Projects/Squeak/Content/content_2/SplineVFX/_GenericSource/Texture/T_Vfx_BasicDot.uasset" 2286
"E:/Development/Projects/Squeak/Content/content_2/SplineVFX/_GenericSource/Texture/T_Vfx_BasicDot.uexp" 2287
"E:/Development/Projects/Squeak/Content/content_2/SplineVFX/_GenericSource/Material/M_Vfx_Basic.uasset" 2288
"E:/Development/Projects/Squeak/Content/content_2/SplineVFX/_GenericSource/Material/M_Vfx_Basic.uexp" 2289
"E:/Development/Projects/Squeak/Content/content_2/SplineVFX/_GenericSource/Texture/T_Vfx_center_03.uasset" 2290
"E:/Development/Projects/Squeak/Content/content_2/SplineVFX/_GenericSource/Texture/T_Vfx_center_03.uexp" 2291
"E:/Development/Projects/Squeak/Content/content_2/SplineVFX/_GenericSource/Material/MI/MI_Vfx_Basic_center_03.uasset" 2292
"E:/Development/Projects/Squeak/Content/content_2/SplineVFX/_GenericSource/Material/MI/MI_Vfx_Basic_center_03.uexp" 2293
"E:/Development/Projects/Squeak/Content/content_2/SplineVFX/NS/NS_Spline_EnergyLoop.uasset" 2294
"E:/Development/Projects/Squeak/Content/content_2/SplineVFX/NS/NS_Spline_EnergyLoop.uexp" 2295
"E:/Development/Projects/Squeak/Content/content_0/base/throwable/BP_ForcedInicator.uasset" 2296
"E:/Development/Projects/Squeak/Content/content_0/base/throwable/BP_ForcedInicator.uexp" 2297
"E:/Development/Projects/Squeak/Content/content_2/SplineVFX/_GenericSource/Texture/T_Vfx_Noise_fire04.ubulk" 2298
"E:/Development/Projects/Squeak/Content/content_2/SplineVFX/_GenericSource/Texture/T_Vfx_Noise_fire04.uasset" 2299
"E:/Development/Projects/Squeak/Content/content_2/SplineVFX/_GenericSource/Texture/T_Vfx_Noise_fire04.uexp" 2300
"E:/Development/Projects/Squeak/Content/content_2/SplineVFX/_GenericSource/Texture/T_Vfx_Noise_caustic_02.ubulk" 2301
"E:/Development/Projects/Squeak/Content/content_2/SplineVFX/_GenericSource/Texture/T_Vfx_Noise_caustic_02.uasset" 2302
"E:/Development/Projects/Squeak/Content/content_2/SplineVFX/_GenericSource/Texture/T_Vfx_Noise_caustic_02.uexp" 2303
"E:/Development/Projects/Squeak/Content/content_2/SplineVFX/_GenericSource/Material/M_Vfx_FocusBelt.uasset" 2304
"E:/Development/Projects/Squeak/Content/content_2/SplineVFX/_GenericSource/Material/M_Vfx_FocusBelt.uexp" 2305
"E:/Development/Projects/Squeak/Content/content_2/SplineVFX/_GenericSource/Material/MI/MI_Vfx_FocusBelt_Tangent2.uasset" 2306
"E:/Development/Projects/Squeak/Content/content_2/SplineVFX/_GenericSource/Material/MI/MI_Vfx_FocusBelt_Tangent2.uexp" 2307
"E:/Development/Projects/Squeak/Content/content_2/SplineVFX/_GenericSource/Texture/T_Vfx_Noise_07.ubulk" 2308
"E:/Development/Projects/Squeak/Content/content_2/SplineVFX/_GenericSource/Texture/T_Vfx_Noise_07.uasset" 2309
"E:/Development/Projects/Squeak/Content/content_2/SplineVFX/_GenericSource/Texture/T_Vfx_Noise_07.uexp" 2310
"E:/Development/Projects/Squeak/Content/content_2/SplineVFX/_GenericSource/Material/MI/MI_Vfx_FocusBelt_Tangent1.uasset" 2311
"E:/Development/Projects/Squeak/Content/content_2/SplineVFX/_GenericSource/Material/MI/MI_Vfx_FocusBelt_Tangent1.uexp" 2312
"E:/Development/Projects/Squeak/Content/content_2/SplineVFX/_GenericSource/Texture/T_Vfx_Noise_Tendril.ubulk" 2313
"E:/Development/Projects/Squeak/Content/content_2/SplineVFX/_GenericSource/Texture/T_Vfx_Noise_Tendril.uasset" 2314
"E:/Development/Projects/Squeak/Content/content_2/SplineVFX/_GenericSource/Texture/T_Vfx_Noise_Tendril.uexp" 2315
"E:/Development/Projects/Squeak/Content/content_2/SplineVFX/_GenericSource/Material/MI/MI_Vfx_FocusBelt_Tangent.uasset" 2316
"E:/Development/Projects/Squeak/Content/content_2/SplineVFX/_GenericSource/Material/MI/MI_Vfx_FocusBelt_Tangent.uexp" 2317
"E:/Development/Projects/Squeak/Content/content_2/SplineVFX/NS/NS_ForceBorder.uasset" 2318
"E:/Development/Projects/Squeak/Content/content_2/SplineVFX/NS/NS_ForceBorder.uexp" 2319
"E:/Development/Projects/Squeak/Content/content_0/base/throwable/BP_ForceBorder.uasset" 2320
"E:/Development/Projects/Squeak/Content/content_0/base/throwable/BP_ForceBorder.uexp" 2321
"E:/Development/Projects/Squeak/Content/content_0/base/throwable/BP_Throwable.uasset" 2322
"E:/Development/Projects/Squeak/Content/content_0/base/throwable/BP_Throwable.uexp" 2323
"E:/Development/Projects/Squeak/Content/content_2/sfx/hit/plastic_cup/source/plastic_cup_fall_02.ubulk" 2324
"E:/Development/Projects/Squeak/Content/content_2/sfx/hit/plastic_cup/source/plastic_cup_fall_02.uasset" 2325
"E:/Development/Projects/Squeak/Content/content_2/sfx/hit/plastic_cup/source/plastic_cup_fall_02.uexp" 2326
"E:/Development/Projects/Squeak/Content/content_2/sfx/hit/plastic_cup/source/plastic_cup_fall_01.ubulk" 2327
"E:/Development/Projects/Squeak/Content/content_2/sfx/hit/plastic_cup/source/plastic_cup_fall_01.uasset" 2328
"E:/Development/Projects/Squeak/Content/content_2/sfx/hit/plastic_cup/source/plastic_cup_fall_01.uexp" 2329
"E:/Development/Projects/Squeak/Content/content_2/sfx/hit/plastic_cup/sfxm_hit_plasticCup.uasset" 2330
"E:/Development/Projects/Squeak/Content/content_2/sfx/hit/plastic_cup/sfxm_hit_plasticCup.uexp" 2331
"E:/Development/Projects/Squeak/Content/content_2/ThrowableObject/BP_Throwable_Samll_Bottle_1.uasset" 2332
"E:/Development/Projects/Squeak/Content/content_2/ThrowableObject/BP_Throwable_Samll_Bottle_1.uexp" 2333
"E:/Development/Projects/Squeak/Content/content_2/Doors_And_Drawers_SFX/Cutlery_Drawer_Empty/Cutlery_Drawer_Empty_Open/WAV_Culery_Drawer_Empty_Open_1.ubulk" 2334
"E:/Development/Projects/Squeak/Content/content_2/Doors_And_Drawers_SFX/Cutlery_Drawer_Empty/Cutlery_Drawer_Empty_Open/WAV_Culery_Drawer_Empty_Open_1.uasset" 2335
"E:/Development/Projects/Squeak/Content/content_2/Doors_And_Drawers_SFX/Cutlery_Drawer_Empty/Cutlery_Drawer_Empty_Open/WAV_Culery_Drawer_Empty_Open_1.uexp" 2336
"E:/Development/Projects/Squeak/Content/content_2/Doors_And_Drawers_SFX/Cutlery_Drawer_Empty/Cutlery_Drawer_Empty_Open/WAV_Culery_Drawer_Empty_Open_3.ubulk" 2337
"E:/Development/Projects/Squeak/Content/content_2/Doors_And_Drawers_SFX/Cutlery_Drawer_Empty/Cutlery_Drawer_Empty_Open/WAV_Culery_Drawer_Empty_Open_3.uasset" 2338
"E:/Development/Projects/Squeak/Content/content_2/Doors_And_Drawers_SFX/Cutlery_Drawer_Empty/Cutlery_Drawer_Empty_Open/WAV_Culery_Drawer_Empty_Open_3.uexp" 2339
"E:/Development/Projects/Squeak/Content/content_0/base/drawer/BP_Drawer.uasset" 2340
"E:/Development/Projects/Squeak/Content/content_0/base/drawer/BP_Drawer.uexp" 2341
"E:/Development/Projects/Squeak/Content/content_2/InteractiveObject/BedsideCabinet/SM_BedsideCabinet_07_Drawer_High.ubulk" 2342
"E:/Development/Projects/Squeak/Content/content_2/InteractiveObject/BedsideCabinet/SM_BedsideCabinet_07_Drawer_High.uasset" 2343
"E:/Development/Projects/Squeak/Content/content_2/InteractiveObject/BedsideCabinet/SM_BedsideCabinet_07_Drawer_High.uexp" 2344
"E:/Development/Projects/Squeak/Content/content_2/InteractiveObject/BedsideCabinet/BP_Drawer_BedsideCabinet.uasset" 2345
"E:/Development/Projects/Squeak/Content/content_2/InteractiveObject/BedsideCabinet/BP_Drawer_BedsideCabinet.uexp" 2346
"E:/Development/Projects/Squeak/Content/content_2/InteractiveObject/BedsideCabinet/SM_BedsideCabinet_07_Drawer_Low.ubulk" 2347
"E:/Development/Projects/Squeak/Content/content_2/InteractiveObject/BedsideCabinet/SM_BedsideCabinet_07_Drawer_Low.uasset" 2348
"E:/Development/Projects/Squeak/Content/content_2/InteractiveObject/BedsideCabinet/SM_BedsideCabinet_07_Drawer_Low.uexp" 2349
"E:/Development/Projects/Squeak/Content/content_2/InteractiveObject/BedsideCabinet/BP_Drawer_Low_BedsideCabinet.uasset" 2350
"E:/Development/Projects/Squeak/Content/content_2/InteractiveObject/BedsideCabinet/BP_Drawer_Low_BedsideCabinet.uexp" 2351
"../../../Engine/Plugins/Interchange/Assets/Content/gltf/MaterialInstances/MI_Default_Blend_DS.uasset" 2352
"../../../Engine/Plugins/Interchange/Assets/Content/gltf/MaterialInstances/MI_Default_Blend_DS.uexp" 2353
"E:/Development/Projects/Squeak/Content/content_2/AbandonedHospital/Additional/Textures/T_Med_Reception_Desk_Glass_BaseColor-T_Med_Reception_Desk_Glass_Opacity.ubulk" 2354
"E:/Development/Projects/Squeak/Content/content_2/AbandonedHospital/Additional/Textures/T_Med_Reception_Desk_Glass_BaseColor-T_Med_Reception_Desk_Glass_Opacity.uasset" 2355
"E:/Development/Projects/Squeak/Content/content_2/AbandonedHospital/Additional/Textures/T_Med_Reception_Desk_Glass_BaseColor-T_Med_Reception_Desk_Glass_Opacity.uexp" 2356
"E:/Development/Projects/Squeak/Content/content_2/AbandonedHospital/Additional/Materials/M_Med_Reception_Desk_Glass.uasset" 2357
"E:/Development/Projects/Squeak/Content/content_2/AbandonedHospital/Additional/Materials/M_Med_Reception_Desk_Glass.uexp" 2358
"E:/Development/Projects/Squeak/Content/content_2/AbandonedHospital/Additional/Textures/T_Med_Reception_Desk_L_Normal.ubulk" 2359
"E:/Development/Projects/Squeak/Content/content_2/AbandonedHospital/Additional/Textures/T_Med_Reception_Desk_L_Normal.uasset" 2360
"E:/Development/Projects/Squeak/Content/content_2/AbandonedHospital/Additional/Textures/T_Med_Reception_Desk_L_Normal.uexp" 2361
"E:/Development/Projects/Squeak/Content/content_2/AbandonedHospital/Additional/Textures/T_Med_Reception_Desk_L_Metallic-T_Med_Reception_Desk_L_Roughness.ubulk" 2362
"E:/Development/Projects/Squeak/Content/content_2/AbandonedHospital/Additional/Textures/T_Med_Reception_Desk_L_Metallic-T_Med_Reception_Desk_L_Roughness.uasset" 2363
"E:/Development/Projects/Squeak/Content/content_2/AbandonedHospital/Additional/Textures/T_Med_Reception_Desk_L_Metallic-T_Med_Reception_Desk_L_Roughness.uexp" 2364
"E:/Development/Projects/Squeak/Content/content_2/AbandonedHospital/Additional/Textures/T_Med_Reception_Desk_L_BaseColor.ubulk" 2365
"E:/Development/Projects/Squeak/Content/content_2/AbandonedHospital/Additional/Textures/T_Med_Reception_Desk_L_BaseColor.uasset" 2366
"E:/Development/Projects/Squeak/Content/content_2/AbandonedHospital/Additional/Textures/T_Med_Reception_Desk_L_BaseColor.uexp" 2367
"E:/Development/Projects/Squeak/Content/content_2/AbandonedHospital/Additional/Materials/M_Med_Reception_Desk_L.uasset" 2368
"E:/Development/Projects/Squeak/Content/content_2/AbandonedHospital/Additional/Materials/M_Med_Reception_Desk_L.uexp" 2369
"E:/Development/Projects/Squeak/Content/content_2/AbandonedHospital/Additional/StaticMeshes/SM_Med_Reception_Desk_L.ubulk" 2370
"E:/Development/Projects/Squeak/Content/content_2/AbandonedHospital/Additional/StaticMeshes/SM_Med_Reception_Desk_L.uasset" 2371
"E:/Development/Projects/Squeak/Content/content_2/AbandonedHospital/Additional/StaticMeshes/SM_Med_Reception_Desk_L.uexp" 2372
"E:/Development/Projects/Squeak/Content/content_2/AbandonedHospital/Additional/Textures/T_Med_Reception_Desk_Normal.ubulk" 2373
"E:/Development/Projects/Squeak/Content/content_2/AbandonedHospital/Additional/Textures/T_Med_Reception_Desk_Normal.uasset" 2374
"E:/Development/Projects/Squeak/Content/content_2/AbandonedHospital/Additional/Textures/T_Med_Reception_Desk_Normal.uexp" 2375
"E:/Development/Projects/Squeak/Content/content_2/AbandonedHospital/Additional/Textures/T_Med_Reception_Desk_Metallic-T_Med_Reception_Desk_Roughness.ubulk" 2376
"E:/Development/Projects/Squeak/Content/content_2/AbandonedHospital/Additional/Textures/T_Med_Reception_Desk_Metallic-T_Med_Reception_Desk_Roughness.uasset" 2377
"E:/Development/Projects/Squeak/Content/content_2/AbandonedHospital/Additional/Textures/T_Med_Reception_Desk_Metallic-T_Med_Reception_Desk_Roughness.uexp" 2378
"E:/Development/Projects/Squeak/Content/content_2/AbandonedHospital/Additional/Textures/T_Med_Reception_Desk_BaseColor.ubulk" 2379
"E:/Development/Projects/Squeak/Content/content_2/AbandonedHospital/Additional/Textures/T_Med_Reception_Desk_BaseColor.uasset" 2380
"E:/Development/Projects/Squeak/Content/content_2/AbandonedHospital/Additional/Textures/T_Med_Reception_Desk_BaseColor.uexp" 2381
"E:/Development/Projects/Squeak/Content/content_2/AbandonedHospital/Additional/Materials/M_Med_Reception_Desk.uasset" 2382
"E:/Development/Projects/Squeak/Content/content_2/AbandonedHospital/Additional/Materials/M_Med_Reception_Desk.uexp" 2383
"E:/Development/Projects/Squeak/Content/content_2/AbandonedHospital/Additional/StaticMeshes/SM_Med_Reception_Desk.ubulk" 2384
"E:/Development/Projects/Squeak/Content/content_2/AbandonedHospital/Additional/StaticMeshes/SM_Med_Reception_Desk.uasset" 2385
"E:/Development/Projects/Squeak/Content/content_2/AbandonedHospital/Additional/StaticMeshes/SM_Med_Reception_Desk.uexp" 2386
"E:/Development/Projects/Squeak/Content/content_2/AbandonedHospital/Additional/Textures/T_Monitor_Case_Normal.ubulk" 2387
"E:/Development/Projects/Squeak/Content/content_2/AbandonedHospital/Additional/Textures/T_Monitor_Case_Normal.uasset" 2388
"E:/Development/Projects/Squeak/Content/content_2/AbandonedHospital/Additional/Textures/T_Monitor_Case_Normal.uexp" 2389
"E:/Development/Projects/Squeak/Content/content_2/AbandonedHospital/Additional/Textures/T_Monitor_Case_Metallic-T_Monitor_Case_Roughness.ubulk" 2390
"E:/Development/Projects/Squeak/Content/content_2/AbandonedHospital/Additional/Textures/T_Monitor_Case_Metallic-T_Monitor_Case_Roughness.uasset" 2391
"E:/Development/Projects/Squeak/Content/content_2/AbandonedHospital/Additional/Textures/T_Monitor_Case_Metallic-T_Monitor_Case_Roughness.uexp" 2392
"E:/Development/Projects/Squeak/Content/content_2/AbandonedHospital/Additional/Textures/T_Monitor_Case_Emissive.ubulk" 2393
"E:/Development/Projects/Squeak/Content/content_2/AbandonedHospital/Additional/Textures/T_Monitor_Case_Emissive.uasset" 2394
"E:/Development/Projects/Squeak/Content/content_2/AbandonedHospital/Additional/Textures/T_Monitor_Case_Emissive.uexp" 2395
"E:/Development/Projects/Squeak/Content/content_2/AbandonedHospital/Additional/Textures/T_Monitor_Case_BaseColor.ubulk" 2396
"E:/Development/Projects/Squeak/Content/content_2/AbandonedHospital/Additional/Textures/T_Monitor_Case_BaseColor.uasset" 2397
"E:/Development/Projects/Squeak/Content/content_2/AbandonedHospital/Additional/Textures/T_Monitor_Case_BaseColor.uexp" 2398
"E:/Development/Projects/Squeak/Content/content_2/AbandonedHospital/Additional/Materials/M_Monitor_Case.uasset" 2399
"E:/Development/Projects/Squeak/Content/content_2/AbandonedHospital/Additional/Materials/M_Monitor_Case.uexp" 2400
"E:/Development/Projects/Squeak/Content/content_2/AbandonedHospital/Additional/StaticMeshes/SM_Med_PC_Monitor.ubulk" 2401
"E:/Development/Projects/Squeak/Content/content_2/AbandonedHospital/Additional/StaticMeshes/SM_Med_PC_Monitor.uasset" 2402
"E:/Development/Projects/Squeak/Content/content_2/AbandonedHospital/Additional/StaticMeshes/SM_Med_PC_Monitor.uexp" 2403
"E:/Development/Projects/Squeak/Content/content_2/AbandonedHospital/Additional/Textures/T_Carm_Addons_Normal.ubulk" 2404
"E:/Development/Projects/Squeak/Content/content_2/AbandonedHospital/Additional/Textures/T_Carm_Addons_Normal.uasset" 2405
"E:/Development/Projects/Squeak/Content/content_2/AbandonedHospital/Additional/Textures/T_Carm_Addons_Normal.uexp" 2406
"E:/Development/Projects/Squeak/Content/content_2/AbandonedHospital/Additional/Textures/T_Carm_Addons_Metallic-T_Carm_Addons_Roughness.ubulk" 2407
"E:/Development/Projects/Squeak/Content/content_2/AbandonedHospital/Additional/Textures/T_Carm_Addons_Metallic-T_Carm_Addons_Roughness.uasset" 2408
"E:/Development/Projects/Squeak/Content/content_2/AbandonedHospital/Additional/Textures/T_Carm_Addons_Metallic-T_Carm_Addons_Roughness.uexp" 2409
"E:/Development/Projects/Squeak/Content/content_2/AbandonedHospital/Additional/Textures/T_Carm_Addons_BaseColor.ubulk" 2410
"E:/Development/Projects/Squeak/Content/content_2/AbandonedHospital/Additional/Textures/T_Carm_Addons_BaseColor.uasset" 2411
"E:/Development/Projects/Squeak/Content/content_2/AbandonedHospital/Additional/Textures/T_Carm_Addons_BaseColor.uexp" 2412
"E:/Development/Projects/Squeak/Content/content_2/AbandonedHospital/Additional/Materials/M_Carm_Addons.uasset" 2413
"E:/Development/Projects/Squeak/Content/content_2/AbandonedHospital/Additional/Materials/M_Carm_Addons.uexp" 2414
"E:/Development/Projects/Squeak/Content/content_2/AbandonedHospital/Additional/Textures/T_Carm_Body_Normal.ubulk" 2415
"E:/Development/Projects/Squeak/Content/content_2/AbandonedHospital/Additional/Textures/T_Carm_Body_Normal.uasset" 2416
"E:/Development/Projects/Squeak/Content/content_2/AbandonedHospital/Additional/Textures/T_Carm_Body_Normal.uexp" 2417
"E:/Development/Projects/Squeak/Content/content_2/AbandonedHospital/Additional/Textures/T_Carm_Body_Metallic-T_Carm_Body_Roughness.ubulk" 2418
"E:/Development/Projects/Squeak/Content/content_2/AbandonedHospital/Additional/Textures/T_Carm_Body_Metallic-T_Carm_Body_Roughness.uasset" 2419
"E:/Development/Projects/Squeak/Content/content_2/AbandonedHospital/Additional/Textures/T_Carm_Body_Metallic-T_Carm_Body_Roughness.uexp" 2420
"E:/Development/Projects/Squeak/Content/content_2/AbandonedHospital/Additional/Textures/T_Carm_Body_BaseColor.ubulk" 2421
"E:/Development/Projects/Squeak/Content/content_2/AbandonedHospital/Additional/Textures/T_Carm_Body_BaseColor.uasset" 2422
"E:/Development/Projects/Squeak/Content/content_2/AbandonedHospital/Additional/Textures/T_Carm_Body_BaseColor.uexp" 2423
"E:/Development/Projects/Squeak/Content/content_2/AbandonedHospital/Additional/Materials/M_Carm_Body.uasset" 2424
"E:/Development/Projects/Squeak/Content/content_2/AbandonedHospital/Additional/Materials/M_Carm_Body.uexp" 2425
"E:/Development/Projects/Squeak/Content/content_2/AbandonedHospital/Additional/Textures/T_Carm_Screens_Normal.ubulk" 2426
"E:/Development/Projects/Squeak/Content/content_2/AbandonedHospital/Additional/Textures/T_Carm_Screens_Normal.uasset" 2427
"E:/Development/Projects/Squeak/Content/content_2/AbandonedHospital/Additional/Textures/T_Carm_Screens_Normal.uexp" 2428
"E:/Development/Projects/Squeak/Content/content_2/AbandonedHospital/Additional/Textures/T_Carm_Screens_Metallic-T_Carm_Screens_Roughness.ubulk" 2429
"E:/Development/Projects/Squeak/Content/content_2/AbandonedHospital/Additional/Textures/T_Carm_Screens_Metallic-T_Carm_Screens_Roughness.uasset" 2430
"E:/Development/Projects/Squeak/Content/content_2/AbandonedHospital/Additional/Textures/T_Carm_Screens_Metallic-T_Carm_Screens_Roughness.uexp" 2431
"E:/Development/Projects/Squeak/Content/content_2/AbandonedHospital/Additional/Textures/T_Carm_Screens_Emissive.ubulk" 2432
"E:/Development/Projects/Squeak/Content/content_2/AbandonedHospital/Additional/Textures/T_Carm_Screens_Emissive.uasset" 2433
"E:/Development/Projects/Squeak/Content/content_2/AbandonedHospital/Additional/Textures/T_Carm_Screens_Emissive.uexp" 2434
"E:/Development/Projects/Squeak/Content/content_2/AbandonedHospital/Additional/Textures/T_Carm_Screens_BaseColor.ubulk" 2435
"E:/Development/Projects/Squeak/Content/content_2/AbandonedHospital/Additional/Textures/T_Carm_Screens_BaseColor.uasset" 2436
"E:/Development/Projects/Squeak/Content/content_2/AbandonedHospital/Additional/Textures/T_Carm_Screens_BaseColor.uexp" 2437
"E:/Development/Projects/Squeak/Content/content_2/AbandonedHospital/Additional/Materials/M_Carm_Screens.uasset" 2438
"E:/Development/Projects/Squeak/Content/content_2/AbandonedHospital/Additional/Materials/M_Carm_Screens.uexp" 2439
"E:/Development/Projects/Squeak/Content/content_2/AbandonedHospital/Additional/StaticMeshes/SM_C-ARM.ubulk" 2440
"E:/Development/Projects/Squeak/Content/content_2/AbandonedHospital/Additional/StaticMeshes/SM_C-ARM.uasset" 2441
"E:/Development/Projects/Squeak/Content/content_2/AbandonedHospital/Additional/StaticMeshes/SM_C-ARM.uexp" 2442
"E:/Development/Projects/Squeak/Content/content_2/AbandonedHospital/Additional/Textures/rgb_wkeyboard_ultimate_ultra_instinct_awakeing_texture_0.ubulk" 2443
"E:/Development/Projects/Squeak/Content/content_2/AbandonedHospital/Additional/Textures/rgb_wkeyboard_ultimate_ultra_instinct_awakeing_texture_0.uasset" 2444
"E:/Development/Projects/Squeak/Content/content_2/AbandonedHospital/Additional/Textures/rgb_wkeyboard_ultimate_ultra_instinct_awakeing_texture_0.uexp" 2445
"E:/Development/Projects/Squeak/Content/content_2/AbandonedHospital/Additional/Textures/rgb_wkeyboard_ultimate_ultra_instinct_awakeing_texture_1.ubulk" 2446
"E:/Development/Projects/Squeak/Content/content_2/AbandonedHospital/Additional/Textures/rgb_wkeyboard_ultimate_ultra_instinct_awakeing_texture_1.uasset" 2447
"E:/Development/Projects/Squeak/Content/content_2/AbandonedHospital/Additional/Textures/rgb_wkeyboard_ultimate_ultra_instinct_awakeing_texture_1.uexp" 2448
"E:/Development/Projects/Squeak/Content/content_2/AbandonedHospital/Additional/Textures/rgb_wkeyboard_ultimate_ultra_instinct_awakeing_texture_2.ubulk" 2449
"E:/Development/Projects/Squeak/Content/content_2/AbandonedHospital/Additional/Textures/rgb_wkeyboard_ultimate_ultra_instinct_awakeing_texture_2.uasset" 2450
"E:/Development/Projects/Squeak/Content/content_2/AbandonedHospital/Additional/Textures/rgb_wkeyboard_ultimate_ultra_instinct_awakeing_texture_2.uexp" 2451
"E:/Development/Projects/Squeak/Content/content_2/AbandonedHospital/Additional/Textures/rgb_wkeyboard_ultimate_ultra_instinct_awakeing_texture_3.ubulk" 2452
"E:/Development/Projects/Squeak/Content/content_2/AbandonedHospital/Additional/Textures/rgb_wkeyboard_ultimate_ultra_instinct_awakeing_texture_3.uasset" 2453
"E:/Development/Projects/Squeak/Content/content_2/AbandonedHospital/Additional/Textures/rgb_wkeyboard_ultimate_ultra_instinct_awakeing_texture_3.uexp" 2454
"E:/Development/Projects/Squeak/Content/content_2/AbandonedHospital/Additional/Materials/PRPT_RKJ_keyboard_MAT.uasset" 2455
"E:/Development/Projects/Squeak/Content/content_2/AbandonedHospital/Additional/Materials/PRPT_RKJ_keyboard_MAT.uexp" 2456
"E:/Development/Projects/Squeak/Content/content_2/AbandonedHospital/Additional/StaticMeshes/rgb_wkeyboard_ultimate_ultra_instinct_awakeing.ubulk" 2457
"E:/Development/Projects/Squeak/Content/content_2/AbandonedHospital/Additional/StaticMeshes/rgb_wkeyboard_ultimate_ultra_instinct_awakeing.uasset" 2458
"E:/Development/Projects/Squeak/Content/content_2/AbandonedHospital/Additional/StaticMeshes/rgb_wkeyboard_ultimate_ultra_instinct_awakeing.uexp" 2459
"E:/Development/Projects/Squeak/Content/content_0/base/seal/enum/E_SealTier.uasset" 2460
"E:/Development/Projects/Squeak/Content/content_0/base/seal/enum/E_SealTier.uexp" 2461
"E:/Development/Projects/Squeak/Content/content_2/PlayerAuraEffect/Materials/Textures/T_Burst_M.ubulk" 2462
"E:/Development/Projects/Squeak/Content/content_2/PlayerAuraEffect/Materials/Textures/T_Burst_M.uasset" 2463
"E:/Development/Projects/Squeak/Content/content_2/PlayerAuraEffect/Materials/Textures/T_Burst_M.uexp" 2464
"E:/Development/Projects/Squeak/Content/content_2/PlayerAuraEffect/Materials/M_Burst.uasset" 2465
"E:/Development/Projects/Squeak/Content/content_2/PlayerAuraEffect/Materials/M_Burst.uexp" 2466
"E:/Development/Projects/Squeak/Content/content_2/PlayerAuraEffect/NiagaraSystems/N_Ground13.uasset" 2467
"E:/Development/Projects/Squeak/Content/content_2/PlayerAuraEffect/NiagaraSystems/N_Ground13.uexp" 2468
"E:/Development/Projects/Squeak/Content/content_2/PlayerAuraEffect/Audio/SoundsLoop_Wav/A_LoopReactor02.ubulk" 2469
"E:/Development/Projects/Squeak/Content/content_2/PlayerAuraEffect/Audio/SoundsLoop_Wav/A_LoopReactor02.uasset" 2470
"E:/Development/Projects/Squeak/Content/content_2/PlayerAuraEffect/Audio/SoundsLoop_Wav/A_LoopReactor02.uexp" 2471
"E:/Development/Projects/Squeak/Content/content_2/PlayerAuraEffect/Audio/Sounds_Wav/A_WormHole-01C-Transition.ubulk" 2472
"E:/Development/Projects/Squeak/Content/content_2/PlayerAuraEffect/Audio/Sounds_Wav/A_WormHole-01C-Transition.uasset" 2473
"E:/Development/Projects/Squeak/Content/content_2/PlayerAuraEffect/Audio/Sounds_Wav/A_WormHole-01C-Transition.uexp" 2474
"E:/Development/Projects/Squeak/Content/content_2/PlayerAuraEffect/Audio/Sounds_Wav/A_TransitionShort06.ubulk" 2475
"E:/Development/Projects/Squeak/Content/content_2/PlayerAuraEffect/Audio/Sounds_Wav/A_TransitionShort06.uasset" 2476
"E:/Development/Projects/Squeak/Content/content_2/PlayerAuraEffect/Audio/Sounds_Wav/A_TransitionShort06.uexp" 2477
"E:/Development/Projects/Squeak/Content/content_2/PlayerAuraEffect/Audio/Sounds_Wav/A_Instant26.ubulk" 2478
"E:/Development/Projects/Squeak/Content/content_2/PlayerAuraEffect/Audio/Sounds_Wav/A_Instant26.uasset" 2479
"E:/Development/Projects/Squeak/Content/content_2/PlayerAuraEffect/Audio/Sounds_Wav/A_Instant26.uexp" 2480
"E:/Development/Projects/Squeak/Content/content_2/PlayerAuraEffect/Audio/Sounds_Wav/A_DashWoosh01.ubulk" 2481
"E:/Development/Projects/Squeak/Content/content_2/PlayerAuraEffect/Audio/Sounds_Wav/A_DashWoosh01.uasset" 2482
"E:/Development/Projects/Squeak/Content/content_2/PlayerAuraEffect/Audio/Sounds_Wav/A_DashWoosh01.uexp" 2483
"E:/Development/Projects/Squeak/Content/content_2/PlayerAuraEffect/Audio/SoundsLoop_Wav/A_WormHole-Alien01-Loop.ubulk" 2484
"E:/Development/Projects/Squeak/Content/content_2/PlayerAuraEffect/Audio/SoundsLoop_Wav/A_WormHole-Alien01-Loop.uasset" 2485
"E:/Development/Projects/Squeak/Content/content_2/PlayerAuraEffect/Audio/SoundsLoop_Wav/A_WormHole-Alien01-Loop.uexp" 2486
"E:/Development/Projects/Squeak/Content/content_2/PlayerAuraEffect/Audio/SoundsLoop_Wav/A_FieldLoop03A.ubulk" 2487
"E:/Development/Projects/Squeak/Content/content_2/PlayerAuraEffect/Audio/SoundsLoop_Wav/A_FieldLoop03A.uasset" 2488
"E:/Development/Projects/Squeak/Content/content_2/PlayerAuraEffect/Audio/SoundsLoop_Wav/A_FieldLoop03A.uexp" 2489
"E:/Development/Projects/Squeak/Content/content_2/PlayerAuraEffect/Materials/MaterialFunctions/MF_RadialGradient.uasset" 2490
"E:/Development/Projects/Squeak/Content/content_2/PlayerAuraEffect/Materials/MaterialFunctions/MF_RadialGradient.uexp" 2491
"E:/Development/Projects/Squeak/Content/content_2/PlayerAuraEffect/Materials/M_Circle.uasset" 2492
"E:/Development/Projects/Squeak/Content/content_2/PlayerAuraEffect/Materials/M_Circle.uexp" 2493
"../../../Engine/Content/Functions/Engine_MaterialFunctions01/Gradient/DiamondGradient.uasset" 2494
"../../../Engine/Content/Functions/Engine_MaterialFunctions01/Gradient/DiamondGradient.uexp" 2495
"E:/Development/Projects/Squeak/Content/content_2/PlayerAuraEffect/Materials/M_GlowingStar.uasset" 2496
"E:/Development/Projects/Squeak/Content/content_2/PlayerAuraEffect/Materials/M_GlowingStar.uexp" 2497
"E:/Development/Projects/Squeak/Content/content_2/PlayerAuraEffect/NiagaraSystems/N_Ground09.uasset" 2498
"E:/Development/Projects/Squeak/Content/content_2/PlayerAuraEffect/NiagaraSystems/N_Ground09.uexp" 2499
"E:/Development/Projects/Squeak/Content/content_2/PlayerAuraEffect/Audio/Sounds_Wav/A_ScaleRocks02.ubulk" 2500
"E:/Development/Projects/Squeak/Content/content_2/PlayerAuraEffect/Audio/Sounds_Wav/A_ScaleRocks02.uasset" 2501
"E:/Development/Projects/Squeak/Content/content_2/PlayerAuraEffect/Audio/Sounds_Wav/A_ScaleRocks02.uexp" 2502
"E:/Development/Projects/Squeak/Content/content_2/PlayerAuraEffect/Materials/Textures/T_Greyscale.ubulk" 2503
"E:/Development/Projects/Squeak/Content/content_2/PlayerAuraEffect/Materials/Textures/T_Greyscale.uasset" 2504
"E:/Development/Projects/Squeak/Content/content_2/PlayerAuraEffect/Materials/Textures/T_Greyscale.uexp" 2505
"E:/Development/Projects/Squeak/Content/content_2/PlayerAuraEffect/Materials/M_Glow2.uasset" 2506
"E:/Development/Projects/Squeak/Content/content_2/PlayerAuraEffect/Materials/M_Glow2.uexp" 2507
"E:/Development/Projects/Squeak/Content/content_0/base/seal/effects/N_RevealCompleted_Hard.uasset" 2508
"E:/Development/Projects/Squeak/Content/content_0/base/seal/effects/N_RevealCompleted_Hard.uexp" 2509
"E:/Development/Projects/Squeak/Content/content_0/base/seal/effects/N_OnReveal_Hard.uasset" 2510
"E:/Development/Projects/Squeak/Content/content_0/base/seal/effects/N_OnReveal_Hard.uexp" 2511
"E:/Development/Projects/Squeak/Content/content_0/base/seal/BP_Seal.uasset" 2512
"E:/Development/Projects/Squeak/Content/content_0/base/seal/BP_Seal.uexp" 2513
"E:/Development/Projects/Squeak/Content/content_2/RitualsDecalsPack/Functions/MF_ParallaxOcclusionMapping_ForDecals.uasset" 2514
"E:/Development/Projects/Squeak/Content/content_2/RitualsDecalsPack/Functions/MF_ParallaxOcclusionMapping_ForDecals.uexp" 2515
"E:/Development/Projects/Squeak/Content/content_2/RitualsDecalsPack/Textures/Non-Modular/T_RitualsDecalsPack_Occult_N_001.ubulk" 2516
"E:/Development/Projects/Squeak/Content/content_2/RitualsDecalsPack/Textures/Non-Modular/T_RitualsDecalsPack_Occult_N_001.uasset" 2517
"E:/Development/Projects/Squeak/Content/content_2/RitualsDecalsPack/Textures/Non-Modular/T_RitualsDecalsPack_Occult_N_001.uexp" 2518
"E:/Development/Projects/Squeak/Content/content_2/RitualsDecalsPack/Textures/Non-Modular/T_RitualsDecalsPack_Occult_M_001.ubulk" 2519
"E:/Development/Projects/Squeak/Content/content_2/RitualsDecalsPack/Textures/Non-Modular/T_RitualsDecalsPack_Occult_M_001.uasset" 2520
"E:/Development/Projects/Squeak/Content/content_2/RitualsDecalsPack/Textures/Non-Modular/T_RitualsDecalsPack_Occult_M_001.uexp" 2521
"E:/Development/Projects/Squeak/Content/content_2/RitualsDecalsPack/Textures/Non-Modular/T_RitualsDecalsPack_Occult_H_001.ubulk" 2522
"E:/Development/Projects/Squeak/Content/content_2/RitualsDecalsPack/Textures/Non-Modular/T_RitualsDecalsPack_Occult_H_001.uasset" 2523
"E:/Development/Projects/Squeak/Content/content_2/RitualsDecalsPack/Textures/Non-Modular/T_RitualsDecalsPack_Occult_H_001.uexp" 2524
"E:/Development/Projects/Squeak/Content/content_2/RitualsDecalsPack/Textures/Non-Modular/T_RitualsDecalsPack_Occult_D_001.ubulk" 2525
"E:/Development/Projects/Squeak/Content/content_2/RitualsDecalsPack/Textures/Non-Modular/T_RitualsDecalsPack_Occult_D_001.uasset" 2526
"E:/Development/Projects/Squeak/Content/content_2/RitualsDecalsPack/Textures/Non-Modular/T_RitualsDecalsPack_Occult_D_001.uexp" 2527
"E:/Development/Projects/Squeak/Content/content_2/RitualsDecalsPack/Decals/Master/MM_RitualsDecalsPack.uasset" 2528
"E:/Development/Projects/Squeak/Content/content_2/RitualsDecalsPack/Decals/Master/MM_RitualsDecalsPack.uexp" 2529
"E:/Development/Projects/Squeak/Content/content_0/base/seal/texture/T_Seal_Hard.ubulk" 2530
"E:/Development/Projects/Squeak/Content/content_0/base/seal/texture/T_Seal_Hard.uasset" 2531
"E:/Development/Projects/Squeak/Content/content_0/base/seal/texture/T_Seal_Hard.uexp" 2532
"E:/Development/Projects/Squeak/Content/content_0/base/seal/M_Seal_Hard.uasset" 2533
"E:/Development/Projects/Squeak/Content/content_0/base/seal/M_Seal_Hard.uexp" 2534
"E:/Development/Projects/Squeak/Content/content_0/base/seal/BP_Seal_Hard.uasset" 2535
"E:/Development/Projects/Squeak/Content/content_0/base/seal/BP_Seal_Hard.uexp" 2536
"E:/Development/Projects/Squeak/Content/content_2/RoomEditor/StaticMesh/BP_Wall_Light.uasset" 2537
"E:/Development/Projects/Squeak/Content/content_2/RoomEditor/StaticMesh/BP_Wall_Light.uexp" 2538
"../../../Engine/Content/EngineSky/VolumetricClouds/VT_PerlinWorley_Balanced.uasset" 2539
"../../../Engine/Content/EngineSky/VolumetricClouds/VT_PerlinWorley_Balanced.uexp" 2540
"../../../Engine/Content/EngineSky/VolumetricClouds/T_Profile_08.ubulk" 2541
"../../../Engine/Content/EngineSky/VolumetricClouds/T_Profile_08.uasset" 2542
"../../../Engine/Content/EngineSky/VolumetricClouds/T_Profile_08.uexp" 2543
"../../../Engine/Content/EngineSky/VolumetricClouds/T_CloudPattern.ubulk" 2544
"../../../Engine/Content/EngineSky/VolumetricClouds/T_CloudPattern.uasset" 2545
"../../../Engine/Content/EngineSky/VolumetricClouds/T_CloudPattern.uexp" 2546
"../../../Engine/Content/EngineSky/VolumetricClouds/T_CloudMask.ubulk" 2547
"../../../Engine/Content/EngineSky/VolumetricClouds/T_CloudMask.uasset" 2548
"../../../Engine/Content/EngineSky/VolumetricClouds/T_CloudMask.uexp" 2549
"../../../Engine/Content/EngineResources/DefaultVolumeTexture2D.uasset" 2550
"../../../Engine/Content/EngineResources/DefaultVolumeTexture2D.uexp" 2551
"../../../Engine/Content/EngineResources/DefaultVolumeTexture.uasset" 2552
"../../../Engine/Content/EngineResources/DefaultVolumeTexture.uexp" 2553
"../../../Engine/Content/EngineSky/VolumetricClouds/VT_Lightning.uasset" 2554
"../../../Engine/Content/EngineSky/VolumetricClouds/VT_Lightning.uexp" 2555
"../../../Engine/Content/Functions/Engine_MaterialFunctions01/Units/Km-to-Cm.uasset" 2556
"../../../Engine/Content/Functions/Engine_MaterialFunctions01/Units/Km-to-Cm.uexp" 2557
"../../../Engine/Content/EngineSky/VolumetricClouds/m_SimpleVolumetricCloud.uasset" 2558
"../../../Engine/Content/EngineSky/VolumetricClouds/m_SimpleVolumetricCloud.uexp" 2559
"../../../Engine/Content/EngineSky/VolumetricClouds/m_SimpleVolumetricCloud_Inst.uasset" 2560
"../../../Engine/Content/EngineSky/VolumetricClouds/m_SimpleVolumetricCloud_Inst.uexp" 2561
"E:/Development/Projects/Squeak/Content/content_2/AbandonedHospital/Meshes/StaticMeshes/Dirty/SM_Dirty_PlasticPillBottle_07.ubulk" 2562
"E:/Development/Projects/Squeak/Content/content_2/AbandonedHospital/Meshes/StaticMeshes/Dirty/SM_Dirty_PlasticPillBottle_07.uasset" 2563
"E:/Development/Projects/Squeak/Content/content_2/AbandonedHospital/Meshes/StaticMeshes/Dirty/SM_Dirty_PlasticPillBottle_07.uexp" 2564
"E:/Development/Projects/Squeak/Content/content_2/AbandonedHospital/Meshes/StaticMeshes/Dirty/SM_Dirty_PlasticPillBottle_06.ubulk" 2565
"E:/Development/Projects/Squeak/Content/content_2/AbandonedHospital/Meshes/StaticMeshes/Dirty/SM_Dirty_PlasticPillBottle_06.uasset" 2566
"E:/Development/Projects/Squeak/Content/content_2/AbandonedHospital/Meshes/StaticMeshes/Dirty/SM_Dirty_PlasticPillBottle_06.uexp" 2567
"E:/Development/Projects/Squeak/Content/content_2/AbandonedHospital/Materials/MI_Window_Aluminum_04.uasset" 2568
"E:/Development/Projects/Squeak/Content/content_2/AbandonedHospital/Materials/MI_Window_Aluminum_04.uexp" 2569
"E:/Development/Projects/Squeak/Content/content_2/AbandonedHospital/Meshes/StaticMeshes/SM_test.ubulk" 2570
"E:/Development/Projects/Squeak/Content/content_2/AbandonedHospital/Meshes/StaticMeshes/SM_test.uasset" 2571
"E:/Development/Projects/Squeak/Content/content_2/AbandonedHospital/Meshes/StaticMeshes/SM_test.uexp" 2572
"E:/Development/Projects/Squeak/Content/content_2/AbandonedHospital/Textures/T_SmallBox_BaseColor.ubulk" 2573
"E:/Development/Projects/Squeak/Content/content_2/AbandonedHospital/Textures/T_SmallBox_BaseColor.uasset" 2574
"E:/Development/Projects/Squeak/Content/content_2/AbandonedHospital/Textures/T_SmallBox_BaseColor.uexp" 2575
"E:/Development/Projects/Squeak/Content/content_2/AbandonedHospital/Textures/T_BaseColor_Normal.ubulk" 2576
"E:/Development/Projects/Squeak/Content/content_2/AbandonedHospital/Textures/T_BaseColor_Normal.uasset" 2577
"E:/Development/Projects/Squeak/Content/content_2/AbandonedHospital/Textures/T_BaseColor_Normal.uexp" 2578
"E:/Development/Projects/Squeak/Content/content_2/AbandonedHospital/Materials/MI_SmallBox.uasset" 2579
"E:/Development/Projects/Squeak/Content/content_2/AbandonedHospital/Materials/MI_SmallBox.uexp" 2580
"E:/Development/Projects/Squeak/Content/content_2/AbandonedHospital/Meshes/StaticMeshes/SM_SmallBox.ubulk" 2581
"E:/Development/Projects/Squeak/Content/content_2/AbandonedHospital/Meshes/StaticMeshes/SM_SmallBox.uasset" 2582
"E:/Development/Projects/Squeak/Content/content_2/AbandonedHospital/Meshes/StaticMeshes/SM_SmallBox.uexp" 2583
"E:/Development/Projects/Squeak/Content/content_2/AbandonedHospital/Meshes/StaticMeshes/SM_HospitalTrolley_01.ubulk" 2584
"E:/Development/Projects/Squeak/Content/content_2/AbandonedHospital/Meshes/StaticMeshes/SM_HospitalTrolley_01.uasset" 2585
"E:/Development/Projects/Squeak/Content/content_2/AbandonedHospital/Meshes/StaticMeshes/SM_HospitalTrolley_01.uexp" 2586
"E:/Development/Projects/Squeak/Content/content_2/AbandonedHospital/Materials/MI_Plastic_09.uasset" 2587
"E:/Development/Projects/Squeak/Content/content_2/AbandonedHospital/Materials/MI_Plastic_09.uexp" 2588
"E:/Development/Projects/Squeak/Content/content_2/AbandonedHospital/Meshes/StaticMeshes/SM_FloorSign_01.ubulk" 2589
"E:/Development/Projects/Squeak/Content/content_2/AbandonedHospital/Meshes/StaticMeshes/SM_FloorSign_01.uasset" 2590
"E:/Development/Projects/Squeak/Content/content_2/AbandonedHospital/Meshes/StaticMeshes/SM_FloorSign_01.uexp" 2591
"E:/Development/Projects/Squeak/Content/content_2/AbandonedHospital/Meshes/StaticMeshes/SM_BedsideCabinet_05.ubulk" 2592
"E:/Development/Projects/Squeak/Content/content_2/AbandonedHospital/Meshes/StaticMeshes/SM_BedsideCabinet_05.uasset" 2593
"E:/Development/Projects/Squeak/Content/content_2/AbandonedHospital/Meshes/StaticMeshes/SM_BedsideCabinet_05.uexp" 2594
"E:/Development/Projects/Squeak/Content/content_2/AbandonedHospital/Meshes/StaticMeshes/SM_Air_Curtain_01.ubulk" 2595
"E:/Development/Projects/Squeak/Content/content_2/AbandonedHospital/Meshes/StaticMeshes/SM_Air_Curtain_01.uasset" 2596
"E:/Development/Projects/Squeak/Content/content_2/AbandonedHospital/Meshes/StaticMeshes/SM_Air_Curtain_01.uexp" 2597
"E:/Development/Projects/Squeak/Content/content_2/AbandonedHospital/Meshes/StaticMeshes/Dirty/SM_Dirty_ConcretePieces_012.ubulk" 2598
"E:/Development/Projects/Squeak/Content/content_2/AbandonedHospital/Meshes/StaticMeshes/Dirty/SM_Dirty_ConcretePieces_012.uasset" 2599
"E:/Development/Projects/Squeak/Content/content_2/AbandonedHospital/Meshes/StaticMeshes/Dirty/SM_Dirty_ConcretePieces_012.uexp" 2600
"E:/Development/Projects/Squeak/Content/content_2/RoomEditor/Material/MetalGrid01B/Materials/M_Light_Test.uasset" 2601
"E:/Development/Projects/Squeak/Content/content_2/RoomEditor/Material/MetalGrid01B/Materials/M_Light_Test.uexp" 2602
"../../../Engine/Plugins/Interchange/Assets/Content/gltf/MaterialInstances/MI_ClearCoat_Blend.uasset" 2603
"../../../Engine/Plugins/Interchange/Assets/Content/gltf/MaterialInstances/MI_ClearCoat_Blend.uexp" 2604
"E:/Development/Projects/Squeak/Content/content_2/AbandonedHospital/Additional/Textures/tactical_flashlight_texture_0.ubulk" 2605
"E:/Development/Projects/Squeak/Content/content_2/AbandonedHospital/Additional/Textures/tactical_flashlight_texture_0.uasset" 2606
"E:/Development/Projects/Squeak/Content/content_2/AbandonedHospital/Additional/Textures/tactical_flashlight_texture_0.uexp" 2607
"E:/Development/Projects/Squeak/Content/content_2/AbandonedHospital/Additional/Textures/tactical_flashlight_texture_1.ubulk" 2608
"E:/Development/Projects/Squeak/Content/content_2/AbandonedHospital/Additional/Textures/tactical_flashlight_texture_1.uasset" 2609
"E:/Development/Projects/Squeak/Content/content_2/AbandonedHospital/Additional/Textures/tactical_flashlight_texture_1.uexp" 2610
"E:/Development/Projects/Squeak/Content/content_2/AbandonedHospital/Additional/Textures/tactical_flashlight_texture_2.ubulk" 2611
"E:/Development/Projects/Squeak/Content/content_2/AbandonedHospital/Additional/Textures/tactical_flashlight_texture_2.uasset" 2612
"E:/Development/Projects/Squeak/Content/content_2/AbandonedHospital/Additional/Textures/tactical_flashlight_texture_2.uexp" 2613
"E:/Development/Projects/Squeak/Content/content_2/AbandonedHospital/Additional/Materials/T_Flashlight.uasset" 2614
"E:/Development/Projects/Squeak/Content/content_2/AbandonedHospital/Additional/Materials/T_Flashlight.uexp" 2615
"E:/Development/Projects/Squeak/Content/content_2/AbandonedHospital/Additional/StaticMeshes/Flashlight/FL_Neck_1_T_Flashlight_0.ubulk" 2616
"E:/Development/Projects/Squeak/Content/content_2/AbandonedHospital/Additional/StaticMeshes/Flashlight/FL_Neck_1_T_Flashlight_0.uasset" 2617
"E:/Development/Projects/Squeak/Content/content_2/AbandonedHospital/Additional/StaticMeshes/Flashlight/FL_Neck_1_T_Flashlight_0.uexp" 2618
"E:/Development/Projects/Squeak/Content/content_2/AbandonedHospital/Additional/StaticMeshes/Flashlight/FL_Clip_T_Flashlight_0.ubulk" 2619
"E:/Development/Projects/Squeak/Content/content_2/AbandonedHospital/Additional/StaticMeshes/Flashlight/FL_Clip_T_Flashlight_0.uasset" 2620
"E:/Development/Projects/Squeak/Content/content_2/AbandonedHospital/Additional/StaticMeshes/Flashlight/FL_Clip_T_Flashlight_0.uexp" 2621
"E:/Development/Projects/Squeak/Content/content_2/AbandonedHospital/Additional/StaticMeshes/Flashlight/FL_End_1_T_Flashlight_0.ubulk" 2622
"E:/Development/Projects/Squeak/Content/content_2/AbandonedHospital/Additional/StaticMeshes/Flashlight/FL_End_1_T_Flashlight_0.uasset" 2623
"E:/Development/Projects/Squeak/Content/content_2/AbandonedHospital/Additional/StaticMeshes/Flashlight/FL_End_1_T_Flashlight_0.uexp" 2624
"E:/Development/Projects/Squeak/Content/content_2/AbandonedHospital/Additional/StaticMeshes/Flashlight/FL_Handle_T_Flashlight_0.ubulk" 2625
"E:/Development/Projects/Squeak/Content/content_2/AbandonedHospital/Additional/StaticMeshes/Flashlight/FL_Handle_T_Flashlight_0.uasset" 2626
"E:/Development/Projects/Squeak/Content/content_2/AbandonedHospital/Additional/StaticMeshes/Flashlight/FL_Handle_T_Flashlight_0.uexp" 2627
"E:/Development/Projects/Squeak/Content/content_2/AbandonedHospital/Additional/StaticMeshes/BP_Flashlight.uasset" 2628
"E:/Development/Projects/Squeak/Content/content_2/AbandonedHospital/Additional/StaticMeshes/BP_Flashlight.uexp" 2629
"E:/Development/Projects/Squeak/Content/content_1/vfx/post_process/ppm_noisy.uasset" 2630
"E:/Development/Projects/Squeak/Content/content_1/vfx/post_process/ppm_noisy.uexp" 2631
"E:/Development/Projects/Squeak/Content/content_1/vfx/post_process/ppm_noisy_Inst.uasset" 2632
"E:/Development/Projects/Squeak/Content/content_1/vfx/post_process/ppm_noisy_Inst.uexp" 2633
"E:/Development/Projects/Squeak/Content/content_2/ThrowableObject/BP_Throwable_Samll_Bottle_4.uasset" 2634
"E:/Development/Projects/Squeak/Content/content_2/ThrowableObject/BP_Throwable_Samll_Bottle_4.uexp" 2635
"E:/Development/Projects/Squeak/Content/content_2/ThrowableObject/BP_Throwable_Samll_Bottle_5.uasset" 2636
"E:/Development/Projects/Squeak/Content/content_2/ThrowableObject/BP_Throwable_Samll_Bottle_5.uexp" 2637
"E:/Development/Projects/Squeak/Content/content_2/ThrowableObject/BP_Throwable_Samll_Bottle_6.uasset" 2638
"E:/Development/Projects/Squeak/Content/content_2/ThrowableObject/BP_Throwable_Samll_Bottle_6.uexp" 2639
"E:/Development/Projects/Squeak/Content/content_2/AmbulancePropPack/Textures/T_LayerBlendDust_Mask.ubulk" 2640
"E:/Development/Projects/Squeak/Content/content_2/AmbulancePropPack/Textures/T_LayerBlendDust_Mask.uasset" 2641
"E:/Development/Projects/Squeak/Content/content_2/AmbulancePropPack/Textures/T_LayerBlendDust_Mask.uexp" 2642
"E:/Development/Projects/Squeak/Content/content_2/AmbulancePropPack/Textures/T_DetailNormal_Default_N.ubulk" 2643
"E:/Development/Projects/Squeak/Content/content_2/AmbulancePropPack/Textures/T_DetailNormal_Default_N.uasset" 2644
"E:/Development/Projects/Squeak/Content/content_2/AmbulancePropPack/Textures/T_DetailNormal_Default_N.uexp" 2645
"E:/Development/Projects/Squeak/Content/content_2/AmbulancePropPack/Textures/T_BlankTexture_Emissive.uasset" 2646
"E:/Development/Projects/Squeak/Content/content_2/AmbulancePropPack/Textures/T_BlankTexture_Emissive.uexp" 2647
"E:/Development/Projects/Squeak/Content/content_2/AmbulancePropPack/Materials/MPC_Dust.uasset" 2648
"E:/Development/Projects/Squeak/Content/content_2/AmbulancePropPack/Materials/MPC_Dust.uexp" 2649
"../../../Engine/Content/Functions/Engine_MaterialFunctions01/Texturing/DetailTexturing.uasset" 2650
"../../../Engine/Content/Functions/Engine_MaterialFunctions01/Texturing/DetailTexturing.uexp" 2651
"../../../Engine/Content/Functions/Engine_MaterialFunctions01/AlphaBlend/WorldAlignedBlend.uasset" 2652
"../../../Engine/Content/Functions/Engine_MaterialFunctions01/AlphaBlend/WorldAlignedBlend.uexp" 2653
"E:/Development/Projects/Squeak/Content/content_2/AmbulancePropPack/Materials/Functions/MF_LayerBlendDust.uasset" 2654
"E:/Development/Projects/Squeak/Content/content_2/AmbulancePropPack/Materials/Functions/MF_LayerBlendDust.uexp" 2655
"E:/Development/Projects/Squeak/Content/content_2/AmbulancePropPack/Textures/SetDressing/Ambulance_Equipment/T_OxygenBag01_N.ubulk" 2656
"E:/Development/Projects/Squeak/Content/content_2/AmbulancePropPack/Textures/SetDressing/Ambulance_Equipment/T_OxygenBag01_N.uasset" 2657
"E:/Development/Projects/Squeak/Content/content_2/AmbulancePropPack/Textures/SetDressing/Ambulance_Equipment/T_OxygenBag01_N.uexp" 2658
"E:/Development/Projects/Squeak/Content/content_2/AmbulancePropPack/Textures/SetDressing/Ambulance_Equipment/T_OxygenBag01_MRM.ubulk" 2659
"E:/Development/Projects/Squeak/Content/content_2/AmbulancePropPack/Textures/SetDressing/Ambulance_Equipment/T_OxygenBag01_MRM.uasset" 2660
"E:/Development/Projects/Squeak/Content/content_2/AmbulancePropPack/Textures/SetDressing/Ambulance_Equipment/T_OxygenBag01_MRM.uexp" 2661
"E:/Development/Projects/Squeak/Content/content_2/AmbulancePropPack/Textures/SetDressing/Ambulance_Equipment/T_OxygenBag01_BC.ubulk" 2662
"E:/Development/Projects/Squeak/Content/content_2/AmbulancePropPack/Textures/SetDressing/Ambulance_Equipment/T_OxygenBag01_BC.uasset" 2663
"E:/Development/Projects/Squeak/Content/content_2/AmbulancePropPack/Textures/SetDressing/Ambulance_Equipment/T_OxygenBag01_BC.uexp" 2664
"E:/Development/Projects/Squeak/Content/content_2/AmbulancePropPack/Materials/SetDressing/M_PropMASTER.uasset" 2665
"E:/Development/Projects/Squeak/Content/content_2/AmbulancePropPack/Materials/SetDressing/M_PropMASTER.uexp" 2666
"E:/Development/Projects/Squeak/Content/content_2/AmbulancePropPack/Textures/SetDressing/Ambulance_Equipment/T_AmbulanceProps02_N.ubulk" 2667
"E:/Development/Projects/Squeak/Content/content_2/AmbulancePropPack/Textures/SetDressing/Ambulance_Equipment/T_AmbulanceProps02_N.uasset" 2668
"E:/Development/Projects/Squeak/Content/content_2/AmbulancePropPack/Textures/SetDressing/Ambulance_Equipment/T_AmbulanceProps02_N.uexp" 2669
"E:/Development/Projects/Squeak/Content/content_2/AmbulancePropPack/Textures/SetDressing/Ambulance_Equipment/T_AmbulanceProps02_MRM.ubulk" 2670
"E:/Development/Projects/Squeak/Content/content_2/AmbulancePropPack/Textures/SetDressing/Ambulance_Equipment/T_AmbulanceProps02_MRM.uasset" 2671
"E:/Development/Projects/Squeak/Content/content_2/AmbulancePropPack/Textures/SetDressing/Ambulance_Equipment/T_AmbulanceProps02_MRM.uexp" 2672
"E:/Development/Projects/Squeak/Content/content_2/AmbulancePropPack/Textures/SetDressing/Ambulance_Equipment/T_AmbulanceProps02_BC.ubulk" 2673
"E:/Development/Projects/Squeak/Content/content_2/AmbulancePropPack/Textures/SetDressing/Ambulance_Equipment/T_AmbulanceProps02_BC.uasset" 2674
"E:/Development/Projects/Squeak/Content/content_2/AmbulancePropPack/Textures/SetDressing/Ambulance_Equipment/T_AmbulanceProps02_BC.uexp" 2675
"E:/Development/Projects/Squeak/Content/content_2/AmbulancePropPack/Materials/SetDressing/Ambulance_Equipment/MI_AmbulanceEquipment02.uasset" 2676
"E:/Development/Projects/Squeak/Content/content_2/AmbulancePropPack/Materials/SetDressing/Ambulance_Equipment/MI_AmbulanceEquipment02.uexp" 2677
"E:/Development/Projects/Squeak/Content/content_2/AmbulancePropPack/Meshes/SetDressing/Ambulance_Equipment/SM_PrescriptionPillBottle01.ubulk" 2678
"E:/Development/Projects/Squeak/Content/content_2/AmbulancePropPack/Meshes/SetDressing/Ambulance_Equipment/SM_PrescriptionPillBottle01.uasset" 2679
"E:/Development/Projects/Squeak/Content/content_2/AmbulancePropPack/Meshes/SetDressing/Ambulance_Equipment/SM_PrescriptionPillBottle01.uexp" 2680
"E:/Development/Projects/Squeak/Content/content_2/ThrowableObject/BP_Throwable_Samll_Bottle_7.uasset" 2681
"E:/Development/Projects/Squeak/Content/content_2/ThrowableObject/BP_Throwable_Samll_Bottle_7.uexp" 2682
"E:/Development/Projects/Squeak/Content/content_2/AmbulancePropPack/Textures/SetDressing/Ambulance_Equipment/T_AmbulanceTray01_N.ubulk" 2683
"E:/Development/Projects/Squeak/Content/content_2/AmbulancePropPack/Textures/SetDressing/Ambulance_Equipment/T_AmbulanceTray01_N.uasset" 2684
"E:/Development/Projects/Squeak/Content/content_2/AmbulancePropPack/Textures/SetDressing/Ambulance_Equipment/T_AmbulanceTray01_N.uexp" 2685
"E:/Development/Projects/Squeak/Content/content_2/AmbulancePropPack/Textures/SetDressing/Ambulance_Equipment/T_AmbulanceTray01_MRM.ubulk" 2686
"E:/Development/Projects/Squeak/Content/content_2/AmbulancePropPack/Textures/SetDressing/Ambulance_Equipment/T_AmbulanceTray01_MRM.uasset" 2687
"E:/Development/Projects/Squeak/Content/content_2/AmbulancePropPack/Textures/SetDressing/Ambulance_Equipment/T_AmbulanceTray01_MRM.uexp" 2688
"E:/Development/Projects/Squeak/Content/content_2/AmbulancePropPack/Textures/SetDressing/Ambulance_Equipment/T_AmbulanceTray01_BC.ubulk" 2689
"E:/Development/Projects/Squeak/Content/content_2/AmbulancePropPack/Textures/SetDressing/Ambulance_Equipment/T_AmbulanceTray01_BC.uasset" 2690
"E:/Development/Projects/Squeak/Content/content_2/AmbulancePropPack/Textures/SetDressing/Ambulance_Equipment/T_AmbulanceTray01_BC.uexp" 2691
"E:/Development/Projects/Squeak/Content/content_2/AmbulancePropPack/Materials/SetDressing/Ambulance_Equipment/MI_AmbulanceTrays01.uasset" 2692
"E:/Development/Projects/Squeak/Content/content_2/AmbulancePropPack/Materials/SetDressing/Ambulance_Equipment/MI_AmbulanceTrays01.uexp" 2693
"E:/Development/Projects/Squeak/Content/content_2/AmbulancePropPack/Meshes/SetDressing/Ambulance_Equipment/SM_AmbulanceTray01.ubulk" 2694
"E:/Development/Projects/Squeak/Content/content_2/AmbulancePropPack/Meshes/SetDressing/Ambulance_Equipment/SM_AmbulanceTray01.uasset" 2695
"E:/Development/Projects/Squeak/Content/content_2/AmbulancePropPack/Meshes/SetDressing/Ambulance_Equipment/SM_AmbulanceTray01.uexp" 2696
"E:/Development/Projects/Squeak/Content/content_2/AmbulancePropPack/Textures/SetDressing/Ambulance_Equipment/T_AmbulanceProps01_N.ubulk" 2697
"E:/Development/Projects/Squeak/Content/content_2/AmbulancePropPack/Textures/SetDressing/Ambulance_Equipment/T_AmbulanceProps01_N.uasset" 2698
"E:/Development/Projects/Squeak/Content/content_2/AmbulancePropPack/Textures/SetDressing/Ambulance_Equipment/T_AmbulanceProps01_N.uexp" 2699
"E:/Development/Projects/Squeak/Content/content_2/AmbulancePropPack/Textures/SetDressing/Ambulance_Equipment/T_AmbulanceProps01_MR.ubulk" 2700
"E:/Development/Projects/Squeak/Content/content_2/AmbulancePropPack/Textures/SetDressing/Ambulance_Equipment/T_AmbulanceProps01_MR.uasset" 2701
"E:/Development/Projects/Squeak/Content/content_2/AmbulancePropPack/Textures/SetDressing/Ambulance_Equipment/T_AmbulanceProps01_MR.uexp" 2702
"E:/Development/Projects/Squeak/Content/content_2/AmbulancePropPack/Textures/SetDressing/Ambulance_Equipment/T_AmbulanceProps01_BC.ubulk" 2703
"E:/Development/Projects/Squeak/Content/content_2/AmbulancePropPack/Textures/SetDressing/Ambulance_Equipment/T_AmbulanceProps01_BC.uasset" 2704
"E:/Development/Projects/Squeak/Content/content_2/AmbulancePropPack/Textures/SetDressing/Ambulance_Equipment/T_AmbulanceProps01_BC.uexp" 2705
"E:/Development/Projects/Squeak/Content/content_2/AmbulancePropPack/Materials/SetDressing/Ambulance_Equipment/MI_AmbulanceEquipment01.uasset" 2706
"E:/Development/Projects/Squeak/Content/content_2/AmbulancePropPack/Materials/SetDressing/Ambulance_Equipment/MI_AmbulanceEquipment01.uexp" 2707
"E:/Development/Projects/Squeak/Content/content_2/AmbulancePropPack/Textures/SetDressing/Ambulance_Equipment/T_Clutter_Ambulance01_N.ubulk" 2708
"E:/Development/Projects/Squeak/Content/content_2/AmbulancePropPack/Textures/SetDressing/Ambulance_Equipment/T_Clutter_Ambulance01_N.uasset" 2709
"E:/Development/Projects/Squeak/Content/content_2/AmbulancePropPack/Textures/SetDressing/Ambulance_Equipment/T_Clutter_Ambulance01_N.uexp" 2710
"E:/Development/Projects/Squeak/Content/content_2/AmbulancePropPack/Textures/SetDressing/Ambulance_Equipment/T_Clutter_Ambulance01_MRM.ubulk" 2711
"E:/Development/Projects/Squeak/Content/content_2/AmbulancePropPack/Textures/SetDressing/Ambulance_Equipment/T_Clutter_Ambulance01_MRM.uasset" 2712
"E:/Development/Projects/Squeak/Content/content_2/AmbulancePropPack/Textures/SetDressing/Ambulance_Equipment/T_Clutter_Ambulance01_MRM.uexp" 2713
"E:/Development/Projects/Squeak/Content/content_2/AmbulancePropPack/Textures/SetDressing/Ambulance_Equipment/T_Clutter_Ambulance01_BC.ubulk" 2714
"E:/Development/Projects/Squeak/Content/content_2/AmbulancePropPack/Textures/SetDressing/Ambulance_Equipment/T_Clutter_Ambulance01_BC.uasset" 2715
"E:/Development/Projects/Squeak/Content/content_2/AmbulancePropPack/Textures/SetDressing/Ambulance_Equipment/T_Clutter_Ambulance01_BC.uexp" 2716
"E:/Development/Projects/Squeak/Content/content_2/AmbulancePropPack/Materials/SetDressing/Ambulance_Equipment/MI_Clutter_Ambulance01.uasset" 2717
"E:/Development/Projects/Squeak/Content/content_2/AmbulancePropPack/Materials/SetDressing/Ambulance_Equipment/MI_Clutter_Ambulance01.uexp" 2718
"E:/Development/Projects/Squeak/Content/content_2/AmbulancePropPack/Meshes/SetDressing/Ambulance_Equipment/SM_AmbulanceTray01a.ubulk" 2719
"E:/Development/Projects/Squeak/Content/content_2/AmbulancePropPack/Meshes/SetDressing/Ambulance_Equipment/SM_AmbulanceTray01a.uasset" 2720
"E:/Development/Projects/Squeak/Content/content_2/AmbulancePropPack/Meshes/SetDressing/Ambulance_Equipment/SM_AmbulanceTray01a.uexp" 2721
"E:/Development/Projects/Squeak/Content/content_2/AmbulancePropPack/Meshes/SetDressing/Ambulance_Equipment/SM_AmbulanceTray01b.ubulk" 2722
"E:/Development/Projects/Squeak/Content/content_2/AmbulancePropPack/Meshes/SetDressing/Ambulance_Equipment/SM_AmbulanceTray01b.uasset" 2723
"E:/Development/Projects/Squeak/Content/content_2/AmbulancePropPack/Meshes/SetDressing/Ambulance_Equipment/SM_AmbulanceTray01b.uexp" 2724
"E:/Development/Projects/Squeak/Content/content_2/AmbulancePropPack/Meshes/SetDressing/Ambulance_Equipment/SM_AmbulanceTray01d.ubulk" 2725
"E:/Development/Projects/Squeak/Content/content_2/AmbulancePropPack/Meshes/SetDressing/Ambulance_Equipment/SM_AmbulanceTray01d.uasset" 2726
"E:/Development/Projects/Squeak/Content/content_2/AmbulancePropPack/Meshes/SetDressing/Ambulance_Equipment/SM_AmbulanceTray01d.uexp" 2727
"E:/Development/Projects/Squeak/Content/content_2/AmbulancePropPack/Meshes/SetDressing/Ambulance_Equipment/SM_AmbulanceTray02a.ubulk" 2728
"E:/Development/Projects/Squeak/Content/content_2/AmbulancePropPack/Meshes/SetDressing/Ambulance_Equipment/SM_AmbulanceTray02a.uasset" 2729
"E:/Development/Projects/Squeak/Content/content_2/AmbulancePropPack/Meshes/SetDressing/Ambulance_Equipment/SM_AmbulanceTray02a.uexp" 2730
"E:/Development/Projects/Squeak/Content/content_2/AmbulancePropPack/Meshes/SetDressing/Ambulance_Equipment/SM_HydrogenPeroxide.ubulk" 2731
"E:/Development/Projects/Squeak/Content/content_2/AmbulancePropPack/Meshes/SetDressing/Ambulance_Equipment/SM_HydrogenPeroxide.uasset" 2732
"E:/Development/Projects/Squeak/Content/content_2/AmbulancePropPack/Meshes/SetDressing/Ambulance_Equipment/SM_HydrogenPeroxide.uexp" 2733
"E:/Development/Projects/Squeak/Content/content_2/AmbulancePropPack/Meshes/SetDressing/Ambulance_Equipment/SM_RubbingAlcohol.ubulk" 2734
"E:/Development/Projects/Squeak/Content/content_2/AmbulancePropPack/Meshes/SetDressing/Ambulance_Equipment/SM_RubbingAlcohol.uasset" 2735
"E:/Development/Projects/Squeak/Content/content_2/AmbulancePropPack/Meshes/SetDressing/Ambulance_Equipment/SM_RubbingAlcohol.uexp" 2736
"E:/Development/Projects/Squeak/Content/content_2/AmbulancePropPack/Meshes/SetDressing/Ambulance_Equipment/SM_SodiumChloride.ubulk" 2737
"E:/Development/Projects/Squeak/Content/content_2/AmbulancePropPack/Meshes/SetDressing/Ambulance_Equipment/SM_SodiumChloride.uasset" 2738
"E:/Development/Projects/Squeak/Content/content_2/AmbulancePropPack/Meshes/SetDressing/Ambulance_Equipment/SM_SodiumChloride.uexp" 2739
"E:/Development/Projects/Squeak/Content/content_2/AmbulancePropPack/Meshes/SetDressing/Ambulance_Equipment/SM_Syringe01.ubulk" 2740
"E:/Development/Projects/Squeak/Content/content_2/AmbulancePropPack/Meshes/SetDressing/Ambulance_Equipment/SM_Syringe01.uasset" 2741
"E:/Development/Projects/Squeak/Content/content_2/AmbulancePropPack/Meshes/SetDressing/Ambulance_Equipment/SM_Syringe01.uexp" 2742
"E:/Development/Projects/Squeak/Content/content_2/AmbulancePropPack/Textures/SetDressing/Ambulance_Equipment/T_MedCase_Orange_N.ubulk" 2743
"E:/Development/Projects/Squeak/Content/content_2/AmbulancePropPack/Textures/SetDressing/Ambulance_Equipment/T_MedCase_Orange_N.uasset" 2744
"E:/Development/Projects/Squeak/Content/content_2/AmbulancePropPack/Textures/SetDressing/Ambulance_Equipment/T_MedCase_Orange_N.uexp" 2745
"E:/Development/Projects/Squeak/Content/content_2/AmbulancePropPack/Textures/SetDressing/Ambulance_Equipment/T_MedCase_Orange_MRM.ubulk" 2746
"E:/Development/Projects/Squeak/Content/content_2/AmbulancePropPack/Textures/SetDressing/Ambulance_Equipment/T_MedCase_Orange_MRM.uasset" 2747
"E:/Development/Projects/Squeak/Content/content_2/AmbulancePropPack/Textures/SetDressing/Ambulance_Equipment/T_MedCase_Orange_MRM.uexp" 2748
"E:/Development/Projects/Squeak/Content/content_2/AmbulancePropPack/Textures/SetDressing/Ambulance_Equipment/T_MedCase_Orange_BC.ubulk" 2749
"E:/Development/Projects/Squeak/Content/content_2/AmbulancePropPack/Textures/SetDressing/Ambulance_Equipment/T_MedCase_Orange_BC.uasset" 2750
"E:/Development/Projects/Squeak/Content/content_2/AmbulancePropPack/Textures/SetDressing/Ambulance_Equipment/T_MedCase_Orange_BC.uexp" 2751
"E:/Development/Projects/Squeak/Content/content_2/AmbulancePropPack/Materials/SetDressing/Ambulance_Equipment/MI_MedCase_Orange.uasset" 2752
"E:/Development/Projects/Squeak/Content/content_2/AmbulancePropPack/Materials/SetDressing/Ambulance_Equipment/MI_MedCase_Orange.uexp" 2753
"E:/Development/Projects/Squeak/Content/content_2/InteractiveObject/Medcase/SM_Medcase_Upper.ubulk" 2754
"E:/Development/Projects/Squeak/Content/content_2/InteractiveObject/Medcase/SM_Medcase_Upper.uasset" 2755
"E:/Development/Projects/Squeak/Content/content_2/InteractiveObject/Medcase/SM_Medcase_Upper.uexp" 2756
"E:/Development/Projects/Squeak/Content/content_2/InteractiveObject/Medcase/SM_Medcase_Lower.ubulk" 2757
"E:/Development/Projects/Squeak/Content/content_2/InteractiveObject/Medcase/SM_Medcase_Lower.uasset" 2758
"E:/Development/Projects/Squeak/Content/content_2/InteractiveObject/Medcase/SM_Medcase_Lower.uexp" 2759
"E:/Development/Projects/Squeak/Content/content_2/InteractiveObject/Medcase/BP_Medcase.uasset" 2760
"E:/Development/Projects/Squeak/Content/content_2/InteractiveObject/Medcase/BP_Medcase.uexp" 2761
"E:/Development/Projects/Squeak/Content/content_2/ThrowableObject/BP_Throwable_Medium_Bottle_1.uasset" 2762
"E:/Development/Projects/Squeak/Content/content_2/ThrowableObject/BP_Throwable_Medium_Bottle_1.uexp" 2763
"E:/Development/Projects/Squeak/Content/content_2/ThrowableObject/BP_Throwable_Medium_Bottle_2.uasset" 2764
"E:/Development/Projects/Squeak/Content/content_2/ThrowableObject/BP_Throwable_Medium_Bottle_2.uexp" 2765
"E:/Development/Projects/Squeak/Content/content_2/ThrowableObject/BP_Throwable_Medium_Bottle_3.uasset" 2766
"E:/Development/Projects/Squeak/Content/content_2/ThrowableObject/BP_Throwable_Medium_Bottle_3.uexp" 2767
"E:/Development/Projects/Squeak/Content/content_2/PlayerAuraEffect/Materials/M_MASTER_Niagara_Ovrly.uasset" 2768
"E:/Development/Projects/Squeak/Content/content_2/PlayerAuraEffect/Materials/M_MASTER_Niagara_Ovrly.uexp" 2769
"E:/Development/Projects/Squeak/Content/content_2/InteractiveObject/Effects/N_Cabinet.uasset" 2770
"E:/Development/Projects/Squeak/Content/content_2/InteractiveObject/Effects/N_Cabinet.uexp" 2771
"E:/Development/Projects/Squeak/Content/content_0/base/drawer/BP_Cabinet.uasset" 2772
"E:/Development/Projects/Squeak/Content/content_0/base/drawer/BP_Cabinet.uexp" 2773
"E:/Development/Projects/Squeak/Content/content_2/InteractiveObject/CabinetDesk/SM_CabinetDesk_Body.ubulk" 2774
"E:/Development/Projects/Squeak/Content/content_2/InteractiveObject/CabinetDesk/SM_CabinetDesk_Body.uasset" 2775
"E:/Development/Projects/Squeak/Content/content_2/InteractiveObject/CabinetDesk/SM_CabinetDesk_Body.uexp" 2776
"E:/Development/Projects/Squeak/Content/content_2/InteractiveObject/BP_CabinetDesk.uasset" 2777
"E:/Development/Projects/Squeak/Content/content_2/InteractiveObject/BP_CabinetDesk.uexp" 2778
"E:/Development/Projects/Squeak/Content/content_2/InteractiveObject/BedsideCabinet/SM_BedsideCabinet_07_Body.ubulk" 2779
"E:/Development/Projects/Squeak/Content/content_2/InteractiveObject/BedsideCabinet/SM_BedsideCabinet_07_Body.uasset" 2780
"E:/Development/Projects/Squeak/Content/content_2/InteractiveObject/BedsideCabinet/SM_BedsideCabinet_07_Body.uexp" 2781
"E:/Development/Projects/Squeak/Content/content_2/InteractiveObject/BP_Bedsidecabinet.uasset" 2782
"E:/Development/Projects/Squeak/Content/content_2/InteractiveObject/BP_Bedsidecabinet.uexp" 2783
"E:/Development/Projects/Squeak/Content/VdbSmokePackP1/Sources/VDB_Sources/SVT_VDBSmoke4.ubulk" 2784
"E:/Development/Projects/Squeak/Content/VdbSmokePackP1/Sources/VDB_Sources/SVT_VDBSmoke4.uasset" 2785
"E:/Development/Projects/Squeak/Content/VdbSmokePackP1/Sources/VDB_Sources/SVT_VDBSmoke4.uexp" 2786
"../../../Engine/Content/EngineResources/EmptySparseVolumeTexture.uasset" 2787
"../../../Engine/Content/EngineResources/EmptySparseVolumeTexture.uexp" 2788
"E:/Development/Projects/Squeak/Content/VdbSmokePackP1/Sources/Materials/MPC/MPC_VdbControl.uasset" 2789
"E:/Development/Projects/Squeak/Content/VdbSmokePackP1/Sources/Materials/MPC/MPC_VdbControl.uexp" 2790
"E:/Development/Projects/Squeak/Content/VdbSmokePackP1/Sources/Materials/Master/M_SparseVolumeMaterial.uasset" 2791
"E:/Development/Projects/Squeak/Content/VdbSmokePackP1/Sources/Materials/Master/M_SparseVolumeMaterial.uexp" 2792
"E:/Development/Projects/Squeak/Content/VdbSmokePackP1/Sources/Materials/Instance/MI_VdbSmoke_04.uasset" 2793
"E:/Development/Projects/Squeak/Content/VdbSmokePackP1/Sources/Materials/Instance/MI_VdbSmoke_04.uexp" 2794
"E:/Development/Projects/Squeak/Content/VdbSmokePackP1/Sources/VDB_Sources/VDBSmoke10.ubulk" 2795
"E:/Development/Projects/Squeak/Content/VdbSmokePackP1/Sources/VDB_Sources/VDBSmoke10.uasset" 2796
"E:/Development/Projects/Squeak/Content/VdbSmokePackP1/Sources/VDB_Sources/VDBSmoke10.uexp" 2797
"E:/Development/Projects/Squeak/Content/VdbSmokePackP1/Sources/Materials/Instance/MI_VdbSmoke_10.uasset" 2798
"E:/Development/Projects/Squeak/Content/VdbSmokePackP1/Sources/Materials/Instance/MI_VdbSmoke_10.uexp" 2799
"E:/Development/Projects/Squeak/Content/VdbSmokePackP1/Sources/Materials/Instance/MI_VdbSmoke_02.uasset" 2800
"E:/Development/Projects/Squeak/Content/VdbSmokePackP1/Sources/Materials/Instance/MI_VdbSmoke_02.uexp" 2801
"E:/Development/Projects/Squeak/Content/VdbSmokePackP1/Sources/VDB_Sources/SVT_VDBSmoke3.ubulk" 2802
"E:/Development/Projects/Squeak/Content/VdbSmokePackP1/Sources/VDB_Sources/SVT_VDBSmoke3.uasset" 2803
"E:/Development/Projects/Squeak/Content/VdbSmokePackP1/Sources/VDB_Sources/SVT_VDBSmoke3.uexp" 2804
"E:/Development/Projects/Squeak/Content/VdbSmokePackP1/Sources/Materials/Instance/MI_VdbSmoke_03.uasset" 2805
"E:/Development/Projects/Squeak/Content/VdbSmokePackP1/Sources/Materials/Instance/MI_VdbSmoke_03.uexp" 2806
"E:/Development/Projects/Squeak/Content/VdbSmokePackP1/Sources/VDB_Sources/VDBSmoke5.ubulk" 2807
"E:/Development/Projects/Squeak/Content/VdbSmokePackP1/Sources/VDB_Sources/VDBSmoke5.uasset" 2808
"E:/Development/Projects/Squeak/Content/VdbSmokePackP1/Sources/VDB_Sources/VDBSmoke5.uexp" 2809
"E:/Development/Projects/Squeak/Content/VdbSmokePackP1/Sources/Materials/Instance/MI_VdbSmoke_05.uasset" 2810
"E:/Development/Projects/Squeak/Content/VdbSmokePackP1/Sources/Materials/Instance/MI_VdbSmoke_05.uexp" 2811
"E:/Development/Projects/Squeak/Content/VdbSmokePackP1/Sources/VDB_Sources/VDBSmoke6.ubulk" 2812
"E:/Development/Projects/Squeak/Content/VdbSmokePackP1/Sources/VDB_Sources/VDBSmoke6.uasset" 2813
"E:/Development/Projects/Squeak/Content/VdbSmokePackP1/Sources/VDB_Sources/VDBSmoke6.uexp" 2814
"E:/Development/Projects/Squeak/Content/VdbSmokePackP1/Sources/Materials/Instance/MI_VdbSmoke_06.uasset" 2815
"E:/Development/Projects/Squeak/Content/VdbSmokePackP1/Sources/Materials/Instance/MI_VdbSmoke_06.uexp" 2816
"E:/Development/Projects/Squeak/Content/VdbSmokePackP1/Sources/VDB_Sources/VDBSmoke7.ubulk" 2817
"E:/Development/Projects/Squeak/Content/VdbSmokePackP1/Sources/VDB_Sources/VDBSmoke7.uasset" 2818
"E:/Development/Projects/Squeak/Content/VdbSmokePackP1/Sources/VDB_Sources/VDBSmoke7.uexp" 2819
"E:/Development/Projects/Squeak/Content/VdbSmokePackP1/Sources/Materials/Instance/MI_VdbSmoke_07.uasset" 2820
"E:/Development/Projects/Squeak/Content/VdbSmokePackP1/Sources/Materials/Instance/MI_VdbSmoke_07.uexp" 2821
"E:/Development/Projects/Squeak/Content/VdbSmokePackP1/Sources/VDB_Sources/VDBSmoke8.ubulk" 2822
"E:/Development/Projects/Squeak/Content/VdbSmokePackP1/Sources/VDB_Sources/VDBSmoke8.uasset" 2823
"E:/Development/Projects/Squeak/Content/VdbSmokePackP1/Sources/VDB_Sources/VDBSmoke8.uexp" 2824
"E:/Development/Projects/Squeak/Content/VdbSmokePackP1/Sources/Materials/Instance/MI_VdbSmoke_08.uasset" 2825
"E:/Development/Projects/Squeak/Content/VdbSmokePackP1/Sources/Materials/Instance/MI_VdbSmoke_08.uexp" 2826
"E:/Development/Projects/Squeak/Content/VdbSmokePackP1/Sources/Materials/Instance/MI_VdbSmoke_09.uasset" 2827
"E:/Development/Projects/Squeak/Content/VdbSmokePackP1/Sources/Materials/Instance/MI_VdbSmoke_09.uexp" 2828
"E:/Development/Projects/Squeak/Content/VdbSmokePackP1/Blueprints/Enum_SmokeFxList.uasset" 2829
"E:/Development/Projects/Squeak/Content/VdbSmokePackP1/Blueprints/Enum_SmokeFxList.uexp" 2830
"E:/Development/Projects/Squeak/Content/VdbSmokePackP1/Sources/VDB_Sources/SVT_VDBSmoke1.ubulk" 2831
"E:/Development/Projects/Squeak/Content/VdbSmokePackP1/Sources/VDB_Sources/SVT_VDBSmoke1.uasset" 2832
"E:/Development/Projects/Squeak/Content/VdbSmokePackP1/Sources/VDB_Sources/SVT_VDBSmoke1.uexp" 2833
"E:/Development/Projects/Squeak/Content/VdbSmokePackP1/Sources/Materials/Instance/MI_VdbSmoke_01.uasset" 2834
"E:/Development/Projects/Squeak/Content/VdbSmokePackP1/Sources/Materials/Instance/MI_VdbSmoke_01.uexp" 2835
"E:/Development/Projects/Squeak/Content/VdbSmokePackP1/Blueprints/BP_VDB_Smoke.uasset" 2836
"E:/Development/Projects/Squeak/Content/VdbSmokePackP1/Blueprints/BP_VDB_Smoke.uexp" 2837
"E:/Development/Projects/Squeak/Content/content_2/AbandonedHospital/Meshes/StaticMeshes/SM_WallAccessories_FireExtinguisher_Sign_01.ubulk" 2838
"E:/Development/Projects/Squeak/Content/content_2/AbandonedHospital/Meshes/StaticMeshes/SM_WallAccessories_FireExtinguisher_Sign_01.uasset" 2839
"E:/Development/Projects/Squeak/Content/content_2/AbandonedHospital/Meshes/StaticMeshes/SM_WallAccessories_FireExtinguisher_Sign_01.uexp" 2840
"E:/Development/Projects/Squeak/Content/content_2/PlayerAuraEffect/Audio/Sounds_Wav/A_DashWoosh04.ubulk" 2841
"E:/Development/Projects/Squeak/Content/content_2/PlayerAuraEffect/Audio/Sounds_Wav/A_DashWoosh04.uasset" 2842
"E:/Development/Projects/Squeak/Content/content_2/PlayerAuraEffect/Audio/Sounds_Wav/A_DashWoosh04.uexp" 2843
"E:/Development/Projects/Squeak/Content/content_2/PlayerAuraEffect/Audio/Sounds_Cue/A_DashWoosh04_Cue.uasset" 2844
"E:/Development/Projects/Squeak/Content/content_2/PlayerAuraEffect/Audio/Sounds_Cue/A_DashWoosh04_Cue.uexp" 2845
"E:/Development/Projects/Squeak/Content/content_2/StorageHouse/Textures/T_FireExtinguisher_ORM.ubulk" 2846
"E:/Development/Projects/Squeak/Content/content_2/StorageHouse/Textures/T_FireExtinguisher_ORM.uasset" 2847
"E:/Development/Projects/Squeak/Content/content_2/StorageHouse/Textures/T_FireExtinguisher_ORM.uexp" 2848
"E:/Development/Projects/Squeak/Content/content_2/StorageHouse/Textures/T_FireExtinguisher_N.ubulk" 2849
"E:/Development/Projects/Squeak/Content/content_2/StorageHouse/Textures/T_FireExtinguisher_N.uasset" 2850
"E:/Development/Projects/Squeak/Content/content_2/StorageHouse/Textures/T_FireExtinguisher_N.uexp" 2851
"E:/Development/Projects/Squeak/Content/content_2/StorageHouse/Textures/T_FireExtinguisher_D.ubulk" 2852
"E:/Development/Projects/Squeak/Content/content_2/StorageHouse/Textures/T_FireExtinguisher_D.uasset" 2853
"E:/Development/Projects/Squeak/Content/content_2/StorageHouse/Textures/T_FireExtinguisher_D.uexp" 2854
"E:/Development/Projects/Squeak/Content/content_2/StorageHouse/Textures/T_Floor_01_N.ubulk" 2855
"E:/Development/Projects/Squeak/Content/content_2/StorageHouse/Textures/T_Floor_01_N.uasset" 2856
"E:/Development/Projects/Squeak/Content/content_2/StorageHouse/Textures/T_Floor_01_N.uexp" 2857
"E:/Development/Projects/Squeak/Content/content_2/StorageHouse/Textures/T_Floor_01_D.ubulk" 2858
"E:/Development/Projects/Squeak/Content/content_2/StorageHouse/Textures/T_Floor_01_D.uasset" 2859
"E:/Development/Projects/Squeak/Content/content_2/StorageHouse/Textures/T_Floor_01_D.uexp" 2860
"E:/Development/Projects/Squeak/Content/content_2/StorageHouse/Materials/M_MasterProps.uasset" 2861
"E:/Development/Projects/Squeak/Content/content_2/StorageHouse/Materials/M_MasterProps.uexp" 2862
"E:/Development/Projects/Squeak/Content/content_2/StorageHouse/Materials/MI_FireExtinguisher_01.uasset" 2863
"E:/Development/Projects/Squeak/Content/content_2/StorageHouse/Materials/MI_FireExtinguisher_01.uexp" 2864
"E:/Development/Projects/Squeak/Content/content_2/StorageHouse/Meshes/Props/SM_FireExtinguisher_Part_10.ubulk" 2865
"E:/Development/Projects/Squeak/Content/content_2/StorageHouse/Meshes/Props/SM_FireExtinguisher_Part_10.uasset" 2866
"E:/Development/Projects/Squeak/Content/content_2/StorageHouse/Meshes/Props/SM_FireExtinguisher_Part_10.uexp" 2867
"E:/Development/Projects/Squeak/Content/content_2/StorageHouse/Meshes/Props/SM_FireExtinguisher_Part_09.ubulk" 2868
"E:/Development/Projects/Squeak/Content/content_2/StorageHouse/Meshes/Props/SM_FireExtinguisher_Part_09.uasset" 2869
"E:/Development/Projects/Squeak/Content/content_2/StorageHouse/Meshes/Props/SM_FireExtinguisher_Part_09.uexp" 2870
"E:/Development/Projects/Squeak/Content/content_2/StorageHouse/Meshes/Props/SM_FireExtinguisher_Part_02.ubulk" 2871
"E:/Development/Projects/Squeak/Content/content_2/StorageHouse/Meshes/Props/SM_FireExtinguisher_Part_02.uasset" 2872
"E:/Development/Projects/Squeak/Content/content_2/StorageHouse/Meshes/Props/SM_FireExtinguisher_Part_02.uexp" 2873
"E:/Development/Projects/Squeak/Content/content_2/Doors_And_Drawers_SFX/Metal/WAW_Metal_Ring.ubulk" 2874
"E:/Development/Projects/Squeak/Content/content_2/Doors_And_Drawers_SFX/Metal/WAW_Metal_Ring.uasset" 2875
"E:/Development/Projects/Squeak/Content/content_2/Doors_And_Drawers_SFX/Metal/WAW_Metal_Ring.uexp" 2876
"E:/Development/Projects/Squeak/Content/content_2/InteractiveObject/Fire/BP_FireExtinguisher.uasset" 2877
"E:/Development/Projects/Squeak/Content/content_2/InteractiveObject/Fire/BP_FireExtinguisher.uexp" 2878
"E:/Development/Projects/Squeak/Content/content_2/AbandonedHospital/Textures/T_Epoxy_01_Normal.ubulk" 2879
"E:/Development/Projects/Squeak/Content/content_2/AbandonedHospital/Textures/T_Epoxy_01_Normal.uasset" 2880
"E:/Development/Projects/Squeak/Content/content_2/AbandonedHospital/Textures/T_Epoxy_01_Normal.uexp" 2881
"E:/Development/Projects/Squeak/Content/content_2/AbandonedHospital/Textures/T_Epoxy_01_BaseColor.ubulk" 2882
"E:/Development/Projects/Squeak/Content/content_2/AbandonedHospital/Textures/T_Epoxy_01_BaseColor.uasset" 2883
"E:/Development/Projects/Squeak/Content/content_2/AbandonedHospital/Textures/T_Epoxy_01_BaseColor.uexp" 2884
"E:/Development/Projects/Squeak/Content/content_2/RoomEditor/Material/New/M_Floor_Align.uasset" 2885
"E:/Development/Projects/Squeak/Content/content_2/RoomEditor/Material/New/M_Floor_Align.uexp" 2886
"E:/Development/Projects/Squeak/Content/content_2/RoomEditor/Material/New/M_Floor_Epoxy.uasset" 2887
"E:/Development/Projects/Squeak/Content/content_2/RoomEditor/Material/New/M_Floor_Epoxy.uexp" 2888
"E:/Development/Projects/Squeak/Content/content_2/RoomEditor/StaticMesh/Wall_Placeholder_Connector_2.ubulk" 2889
"E:/Development/Projects/Squeak/Content/content_2/RoomEditor/StaticMesh/Wall_Placeholder_Connector_2.uasset" 2890
"E:/Development/Projects/Squeak/Content/content_2/RoomEditor/StaticMesh/Wall_Placeholder_Connector_2.uexp" 2891
"E:/Development/Projects/Squeak/Content/content_2/AbandonedHospital/Meshes/StaticMeshes/SM_ElevatorBoard_02.ubulk" 2892
"E:/Development/Projects/Squeak/Content/content_2/AbandonedHospital/Meshes/StaticMeshes/SM_ElevatorBoard_02.uasset" 2893
"E:/Development/Projects/Squeak/Content/content_2/AbandonedHospital/Meshes/StaticMeshes/SM_ElevatorBoard_02.uexp" 2894
"E:/Development/Projects/Squeak/Content/content_2/AbandonedHospital/Meshes/StaticMeshes/SM_ElevatorBoard_01.ubulk" 2895
"E:/Development/Projects/Squeak/Content/content_2/AbandonedHospital/Meshes/StaticMeshes/SM_ElevatorBoard_01.uasset" 2896
"E:/Development/Projects/Squeak/Content/content_2/AbandonedHospital/Meshes/StaticMeshes/SM_ElevatorBoard_01.uexp" 2897
"E:/Development/Projects/Squeak/Content/content_2/InteractiveObject/Elevator/SM_Elevator_Door_Right.ubulk" 2898
"E:/Development/Projects/Squeak/Content/content_2/InteractiveObject/Elevator/SM_Elevator_Door_Right.uasset" 2899
"E:/Development/Projects/Squeak/Content/content_2/InteractiveObject/Elevator/SM_Elevator_Door_Right.uexp" 2900
"E:/Development/Projects/Squeak/Content/content_2/InteractiveObject/Elevator/SM_Elevator_Door_Left.ubulk" 2901
"E:/Development/Projects/Squeak/Content/content_2/InteractiveObject/Elevator/SM_Elevator_Door_Left.uasset" 2902
"E:/Development/Projects/Squeak/Content/content_2/InteractiveObject/Elevator/SM_Elevator_Door_Left.uexp" 2903
"E:/Development/Projects/Squeak/Content/content_2/InteractiveObject/Elevator/SM_Elevator_Body.ubulk" 2904
"E:/Development/Projects/Squeak/Content/content_2/InteractiveObject/Elevator/SM_Elevator_Body.uasset" 2905
"E:/Development/Projects/Squeak/Content/content_2/InteractiveObject/Elevator/SM_Elevator_Body.uexp" 2906
"../../../Engine/Content/OpenWorldTemplate/LandscapeMaterial/MF_RSquareGradient.uasset" 2907
"../../../Engine/Content/OpenWorldTemplate/LandscapeMaterial/MF_RSquareGradient.uexp" 2908
"E:/Development/Projects/Squeak/Content/content_2/DustBox/Samples/Textures/T_GrungySurface_slnneipc_4K_MR.ubulk" 2909
"E:/Development/Projects/Squeak/Content/content_2/DustBox/Samples/Textures/T_GrungySurface_slnneipc_4K_MR.uasset" 2910
"E:/Development/Projects/Squeak/Content/content_2/DustBox/Samples/Textures/T_GrungySurface_slnneipc_4K_MR.uexp" 2911
"E:/Development/Projects/Squeak/Content/content_2/DustBox/Samples/Materials/M_Tile.uasset" 2912
"E:/Development/Projects/Squeak/Content/content_2/DustBox/Samples/Materials/M_Tile.uexp" 2913
"E:/Development/Projects/Squeak/Content/content_2/DustBox/Samples/Materials/MI_TileBlack.uasset" 2914
"E:/Development/Projects/Squeak/Content/content_2/DustBox/Samples/Materials/MI_TileBlack.uexp" 2915
"E:/Development/Projects/Squeak/Content/content_2/Doors_And_Drawers_SFX/Elevator/Elevator_Door_Open/WAV_Elevator_Door_Open_1.ubulk" 2916
"E:/Development/Projects/Squeak/Content/content_2/Doors_And_Drawers_SFX/Elevator/Elevator_Door_Open/WAV_Elevator_Door_Open_1.uasset" 2917
"E:/Development/Projects/Squeak/Content/content_2/Doors_And_Drawers_SFX/Elevator/Elevator_Door_Open/WAV_Elevator_Door_Open_1.uexp" 2918
"E:/Development/Projects/Squeak/Content/content_2/InteractiveObject/Elevator/BP_Elevator.uasset" 2919
"E:/Development/Projects/Squeak/Content/content_2/InteractiveObject/Elevator/BP_Elevator.uexp" 2920
"E:/Development/Projects/Squeak/Content/content_2/AbandonedHospital/Meshes/StaticMeshes/SM_BedsideCabinet_07.ubulk" 2921
"E:/Development/Projects/Squeak/Content/content_2/AbandonedHospital/Meshes/StaticMeshes/SM_BedsideCabinet_07.uasset" 2922
"E:/Development/Projects/Squeak/Content/content_2/AbandonedHospital/Meshes/StaticMeshes/SM_BedsideCabinet_07.uexp" 2923
"E:/Development/Projects/Squeak/Content/content_2/AmbulancePropPack/Meshes/SetDressing/Ambulance_Equipment/SM_AmbulanceTray02c.ubulk" 2924
"E:/Development/Projects/Squeak/Content/content_2/AmbulancePropPack/Meshes/SetDressing/Ambulance_Equipment/SM_AmbulanceTray02c.uasset" 2925
"E:/Development/Projects/Squeak/Content/content_2/AmbulancePropPack/Meshes/SetDressing/Ambulance_Equipment/SM_AmbulanceTray02c.uexp" 2926
"E:/Development/Projects/Squeak/Content/content_2/AbandonedHospital/Additional/SM_Reception_Counter_03.ubulk" 2927
"E:/Development/Projects/Squeak/Content/content_2/AbandonedHospital/Additional/SM_Reception_Counter_03.uasset" 2928
"E:/Development/Projects/Squeak/Content/content_2/AbandonedHospital/Additional/SM_Reception_Counter_03.uexp" 2929
"E:/Development/Projects/Squeak/Content/content_2/AbandonedHospital/Additional/SM_Reception_Counter_02.ubulk" 2930
"E:/Development/Projects/Squeak/Content/content_2/AbandonedHospital/Additional/SM_Reception_Counter_02.uasset" 2931
"E:/Development/Projects/Squeak/Content/content_2/AbandonedHospital/Additional/SM_Reception_Counter_02.uexp" 2932
"E:/Development/Projects/Squeak/Content/content_2/AbandonedHospital/Additional/SM_Laboratory_BigDesk_02.ubulk" 2933
"E:/Development/Projects/Squeak/Content/content_2/AbandonedHospital/Additional/SM_Laboratory_BigDesk_02.uasset" 2934
"E:/Development/Projects/Squeak/Content/content_2/AbandonedHospital/Additional/SM_Laboratory_BigDesk_02.uexp" 2935
"E:/Development/Projects/Squeak/Content/content_2/AbandonedHospital/Additional/SM_WallGuard_Stairs_02.ubulk" 2936
"E:/Development/Projects/Squeak/Content/content_2/AbandonedHospital/Additional/SM_WallGuard_Stairs_02.uasset" 2937
"E:/Development/Projects/Squeak/Content/content_2/AbandonedHospital/Additional/SM_WallGuard_Stairs_02.uexp" 2938
"E:/Development/Projects/Squeak/Content/content_2/AbandonedHospital/Additional/SM_Lab_Shel.ubulk" 2939
"E:/Development/Projects/Squeak/Content/content_2/AbandonedHospital/Additional/SM_Lab_Shel.uasset" 2940
"E:/Development/Projects/Squeak/Content/content_2/AbandonedHospital/Additional/SM_Lab_Shel.uexp" 2941
"E:/Development/Projects/Squeak/Content/content_2/AbandonedHospital/Meshes/StaticMeshes/SM_Reception_Counter_01.ubulk" 2942
"E:/Development/Projects/Squeak/Content/content_2/AbandonedHospital/Meshes/StaticMeshes/SM_Reception_Counter_01.uasset" 2943
"E:/Development/Projects/Squeak/Content/content_2/AbandonedHospital/Meshes/StaticMeshes/SM_Reception_Counter_01.uexp" 2944
"E:/Development/Projects/Squeak/Content/content_2/AbandonedHospital/Materials/POM/MI_POM_Color_DarkBlue.uasset" 2945
"E:/Development/Projects/Squeak/Content/content_2/AbandonedHospital/Materials/POM/MI_POM_Color_DarkBlue.uexp" 2946
"E:/Development/Projects/Squeak/Content/content_2/AbandonedHospital/Meshes/StaticMeshes/SM_Photocopier.ubulk" 2947
"E:/Development/Projects/Squeak/Content/content_2/AbandonedHospital/Meshes/StaticMeshes/SM_Photocopier.uasset" 2948
"E:/Development/Projects/Squeak/Content/content_2/AbandonedHospital/Meshes/StaticMeshes/SM_Photocopier.uexp" 2949
"E:/Development/Projects/Squeak/Content/content_2/AbandonedHospital/Additional/StaticMeshes/Cylinder002_Material__27_0.ubulk" 2950
"E:/Development/Projects/Squeak/Content/content_2/AbandonedHospital/Additional/StaticMeshes/Cylinder002_Material__27_0.uasset" 2951
"E:/Development/Projects/Squeak/Content/content_2/AbandonedHospital/Additional/StaticMeshes/Cylinder002_Material__27_0.uexp" 2952
"E:/Development/Projects/Squeak/Content/content_2/AbandonedHospital/Additional/StaticMeshes/Cylinder001_Material__26_0.ubulk" 2953
"E:/Development/Projects/Squeak/Content/content_2/AbandonedHospital/Additional/StaticMeshes/Cylinder001_Material__26_0.uasset" 2954
"E:/Development/Projects/Squeak/Content/content_2/AbandonedHospital/Additional/StaticMeshes/Cylinder001_Material__26_0.uexp" 2955
"E:/Development/Projects/Squeak/Content/content_2/AbandonedHospital/Additional/Security_Cam/Textures/security_camera_texture_0.ubulk" 2956
"E:/Development/Projects/Squeak/Content/content_2/AbandonedHospital/Additional/Security_Cam/Textures/security_camera_texture_0.uasset" 2957
"E:/Development/Projects/Squeak/Content/content_2/AbandonedHospital/Additional/Security_Cam/Textures/security_camera_texture_0.uexp" 2958
"E:/Development/Projects/Squeak/Content/content_2/AbandonedHospital/Additional/Security_Cam/Textures/security_camera_texture_1.ubulk" 2959
"E:/Development/Projects/Squeak/Content/content_2/AbandonedHospital/Additional/Security_Cam/Textures/security_camera_texture_1.uasset" 2960
"E:/Development/Projects/Squeak/Content/content_2/AbandonedHospital/Additional/Security_Cam/Textures/security_camera_texture_1.uexp" 2961
"E:/Development/Projects/Squeak/Content/content_2/AbandonedHospital/Additional/Security_Cam/Textures/security_camera_texture_2.ubulk" 2962
"E:/Development/Projects/Squeak/Content/content_2/AbandonedHospital/Additional/Security_Cam/Textures/security_camera_texture_2.uasset" 2963
"E:/Development/Projects/Squeak/Content/content_2/AbandonedHospital/Additional/Security_Cam/Textures/security_camera_texture_2.uexp" 2964
"E:/Development/Projects/Squeak/Content/content_2/AbandonedHospital/Additional/Security_Cam/Materials/DefaultMaterial.uasset" 2965
"E:/Development/Projects/Squeak/Content/content_2/AbandonedHospital/Additional/Security_Cam/Materials/DefaultMaterial.uexp" 2966
"E:/Development/Projects/Squeak/Content/content_2/AbandonedHospital/Additional/Security_Cam/StaticMeshes/SM_Sequrty_Camera_Body.ubulk" 2967
"E:/Development/Projects/Squeak/Content/content_2/AbandonedHospital/Additional/Security_Cam/StaticMeshes/SM_Sequrty_Camera_Body.uasset" 2968
"E:/Development/Projects/Squeak/Content/content_2/AbandonedHospital/Additional/Security_Cam/StaticMeshes/SM_Sequrty_Camera_Body.uexp" 2969
"E:/Development/Projects/Squeak/Content/content_2/AbandonedHospital/Additional/Security_Cam/StaticMeshes/SM_Sequrty_Camera.ubulk" 2970
"E:/Development/Projects/Squeak/Content/content_2/AbandonedHospital/Additional/Security_Cam/StaticMeshes/SM_Sequrty_Camera.uasset" 2971
"E:/Development/Projects/Squeak/Content/content_2/AbandonedHospital/Additional/Security_Cam/StaticMeshes/SM_Sequrty_Camera.uexp" 2972
"E:/Development/Projects/Squeak/Content/content_2/AbandonedHospital/Additional/Security_Cam/BP_Security_Camera.uasset" 2973
"E:/Development/Projects/Squeak/Content/content_2/AbandonedHospital/Additional/Security_Cam/BP_Security_Camera.uexp" 2974
"E:/Development/Projects/Squeak/Content/content_2/StorageHouse/Textures/T_FirstAid_ORM.ubulk" 2975
"E:/Development/Projects/Squeak/Content/content_2/StorageHouse/Textures/T_FirstAid_ORM.uasset" 2976
"E:/Development/Projects/Squeak/Content/content_2/StorageHouse/Textures/T_FirstAid_ORM.uexp" 2977
"E:/Development/Projects/Squeak/Content/content_2/StorageHouse/Textures/T_FirstAid_N.ubulk" 2978
"E:/Development/Projects/Squeak/Content/content_2/StorageHouse/Textures/T_FirstAid_N.uasset" 2979
"E:/Development/Projects/Squeak/Content/content_2/StorageHouse/Textures/T_FirstAid_N.uexp" 2980
"E:/Development/Projects/Squeak/Content/content_2/StorageHouse/Textures/T_FirstAid_D.ubulk" 2981
"E:/Development/Projects/Squeak/Content/content_2/StorageHouse/Textures/T_FirstAid_D.uasset" 2982
"E:/Development/Projects/Squeak/Content/content_2/StorageHouse/Textures/T_FirstAid_D.uexp" 2983
"E:/Development/Projects/Squeak/Content/content_2/StorageHouse/Materials/MI_FirstAid_01.uasset" 2984
"E:/Development/Projects/Squeak/Content/content_2/StorageHouse/Materials/MI_FirstAid_01.uexp" 2985
"E:/Development/Projects/Squeak/Content/content_2/StorageHouse/Meshes/Props/SM_FirstAidKit_Disifectant_02.ubulk" 2986
"E:/Development/Projects/Squeak/Content/content_2/StorageHouse/Meshes/Props/SM_FirstAidKit_Disifectant_02.uasset" 2987
"E:/Development/Projects/Squeak/Content/content_2/StorageHouse/Meshes/Props/SM_FirstAidKit_Disifectant_02.uexp" 2988
"E:/Development/Projects/Squeak/Content/content_2/StorageHouse/Meshes/Props/SM_FirstAidKit_Disifectant_01.ubulk" 2989
"E:/Development/Projects/Squeak/Content/content_2/StorageHouse/Meshes/Props/SM_FirstAidKit_Disifectant_01.uasset" 2990
"E:/Development/Projects/Squeak/Content/content_2/StorageHouse/Meshes/Props/SM_FirstAidKit_Disifectant_01.uexp" 2991
"E:/Development/Projects/Squeak/Content/content_2/StorageHouse/Textures/T_CratePlastic_E_ORM.ubulk" 2992
"E:/Development/Projects/Squeak/Content/content_2/StorageHouse/Textures/T_CratePlastic_E_ORM.uasset" 2993
"E:/Development/Projects/Squeak/Content/content_2/StorageHouse/Textures/T_CratePlastic_E_ORM.uexp" 2994
"E:/Development/Projects/Squeak/Content/content_2/StorageHouse/Textures/T_CratePlastic_E_N.ubulk" 2995
"E:/Development/Projects/Squeak/Content/content_2/StorageHouse/Textures/T_CratePlastic_E_N.uasset" 2996
"E:/Development/Projects/Squeak/Content/content_2/StorageHouse/Textures/T_CratePlastic_E_N.uexp" 2997
"E:/Development/Projects/Squeak/Content/content_2/StorageHouse/Textures/T_CratePlastic_E_M.ubulk" 2998
"E:/Development/Projects/Squeak/Content/content_2/StorageHouse/Textures/T_CratePlastic_E_M.uasset" 2999
"E:/Development/Projects/Squeak/Content/content_2/StorageHouse/Textures/T_CratePlastic_E_M.uexp" 3000
"E:/Development/Projects/Squeak/Content/content_2/StorageHouse/Textures/T_CratePlastic_E_D.ubulk" 3001
"E:/Development/Projects/Squeak/Content/content_2/StorageHouse/Textures/T_CratePlastic_E_D.uasset" 3002
"E:/Development/Projects/Squeak/Content/content_2/StorageHouse/Textures/T_CratePlastic_E_D.uexp" 3003
"E:/Development/Projects/Squeak/Content/content_2/StorageHouse/Textures/T_BarelPlasticA_ORM.ubulk" 3004
"E:/Development/Projects/Squeak/Content/content_2/StorageHouse/Textures/T_BarelPlasticA_ORM.uasset" 3005
"E:/Development/Projects/Squeak/Content/content_2/StorageHouse/Textures/T_BarelPlasticA_ORM.uexp" 3006
"E:/Development/Projects/Squeak/Content/content_2/StorageHouse/Textures/T_BarelPlasticA_N.ubulk" 3007
"E:/Development/Projects/Squeak/Content/content_2/StorageHouse/Textures/T_BarelPlasticA_N.uasset" 3008
"E:/Development/Projects/Squeak/Content/content_2/StorageHouse/Textures/T_BarelPlasticA_N.uexp" 3009
"E:/Development/Projects/Squeak/Content/content_2/StorageHouse/Textures/T_BarelPlasticA_M.ubulk" 3010
"E:/Development/Projects/Squeak/Content/content_2/StorageHouse/Textures/T_BarelPlasticA_M.uasset" 3011
"E:/Development/Projects/Squeak/Content/content_2/StorageHouse/Textures/T_BarelPlasticA_M.uexp" 3012
"E:/Development/Projects/Squeak/Content/content_2/StorageHouse/Textures/T_BarelPlasticA_D.ubulk" 3013
"E:/Development/Projects/Squeak/Content/content_2/StorageHouse/Textures/T_BarelPlasticA_D.uasset" 3014
"E:/Development/Projects/Squeak/Content/content_2/StorageHouse/Textures/T_BarelPlasticA_D.uexp" 3015
"E:/Development/Projects/Squeak/Content/content_2/StorageHouse/Materials/M_BarelPlasticA.uasset" 3016
"E:/Development/Projects/Squeak/Content/content_2/StorageHouse/Materials/M_BarelPlasticA.uexp" 3017
"E:/Development/Projects/Squeak/Content/content_2/StorageHouse/Materials/MI_CratePlasticE_01.uasset" 3018
"E:/Development/Projects/Squeak/Content/content_2/StorageHouse/Materials/MI_CratePlasticE_01.uexp" 3019
"E:/Development/Projects/Squeak/Content/content_2/StorageHouse/Meshes/Props/SM_CratePlastic_E_02.ubulk" 3020
"E:/Development/Projects/Squeak/Content/content_2/StorageHouse/Meshes/Props/SM_CratePlastic_E_02.uasset" 3021
"E:/Development/Projects/Squeak/Content/content_2/StorageHouse/Meshes/Props/SM_CratePlastic_E_02.uexp" 3022
"E:/Development/Projects/Squeak/Content/content_2/StorageHouse/Materials/MI_CratePlasticE_02.uasset" 3023
"E:/Development/Projects/Squeak/Content/content_2/StorageHouse/Materials/MI_CratePlasticE_02.uexp" 3024
"E:/Development/Projects/Squeak/Content/content_2/StorageHouse/Meshes/Props/SM_CratePlastic_E_01.ubulk" 3025
"E:/Development/Projects/Squeak/Content/content_2/StorageHouse/Meshes/Props/SM_CratePlastic_E_01.uasset" 3026
"E:/Development/Projects/Squeak/Content/content_2/StorageHouse/Meshes/Props/SM_CratePlastic_E_01.uexp" 3027
"E:/Development/Projects/Squeak/Content/content_2/StorageHouse/Textures/T_CardBoxD_ORM.ubulk" 3028
"E:/Development/Projects/Squeak/Content/content_2/StorageHouse/Textures/T_CardBoxD_ORM.uasset" 3029
"E:/Development/Projects/Squeak/Content/content_2/StorageHouse/Textures/T_CardBoxD_ORM.uexp" 3030
"E:/Development/Projects/Squeak/Content/content_2/StorageHouse/Textures/T_CardBoxD_N.ubulk" 3031
"E:/Development/Projects/Squeak/Content/content_2/StorageHouse/Textures/T_CardBoxD_N.uasset" 3032
"E:/Development/Projects/Squeak/Content/content_2/StorageHouse/Textures/T_CardBoxD_N.uexp" 3033
"E:/Development/Projects/Squeak/Content/content_2/StorageHouse/Textures/T_CardBoxD_D.ubulk" 3034
"E:/Development/Projects/Squeak/Content/content_2/StorageHouse/Textures/T_CardBoxD_D.uasset" 3035
"E:/Development/Projects/Squeak/Content/content_2/StorageHouse/Textures/T_CardBoxD_D.uexp" 3036
"E:/Development/Projects/Squeak/Content/content_2/StorageHouse/Materials/MI_CardBoxD.uasset" 3037
"E:/Development/Projects/Squeak/Content/content_2/StorageHouse/Materials/MI_CardBoxD.uexp" 3038
"E:/Development/Projects/Squeak/Content/content_2/StorageHouse/Meshes/Props/SM_CardBoxD_05.ubulk" 3039
"E:/Development/Projects/Squeak/Content/content_2/StorageHouse/Meshes/Props/SM_CardBoxD_05.uasset" 3040
"E:/Development/Projects/Squeak/Content/content_2/StorageHouse/Meshes/Props/SM_CardBoxD_05.uexp" 3041
"E:/Development/Projects/Squeak/Content/content_2/StorageHouse/Meshes/Props/SM_CardBoxD_04.ubulk" 3042
"E:/Development/Projects/Squeak/Content/content_2/StorageHouse/Meshes/Props/SM_CardBoxD_04.uasset" 3043
"E:/Development/Projects/Squeak/Content/content_2/StorageHouse/Meshes/Props/SM_CardBoxD_04.uexp" 3044
"E:/Development/Projects/Squeak/Content/content_2/StorageHouse/Meshes/Props/SM_CardBoxD_01.ubulk" 3045
"E:/Development/Projects/Squeak/Content/content_2/StorageHouse/Meshes/Props/SM_CardBoxD_01.uasset" 3046
"E:/Development/Projects/Squeak/Content/content_2/StorageHouse/Meshes/Props/SM_CardBoxD_01.uexp" 3047
"E:/Development/Projects/Squeak/Content/content_2/StorageHouse/Textures/T_CardBoxC_ORM.ubulk" 3048
"E:/Development/Projects/Squeak/Content/content_2/StorageHouse/Textures/T_CardBoxC_ORM.uasset" 3049
"E:/Development/Projects/Squeak/Content/content_2/StorageHouse/Textures/T_CardBoxC_ORM.uexp" 3050
"E:/Development/Projects/Squeak/Content/content_2/StorageHouse/Textures/T_CardBoxC_N.ubulk" 3051
"E:/Development/Projects/Squeak/Content/content_2/StorageHouse/Textures/T_CardBoxC_N.uasset" 3052
"E:/Development/Projects/Squeak/Content/content_2/StorageHouse/Textures/T_CardBoxC_N.uexp" 3053
"E:/Development/Projects/Squeak/Content/content_2/StorageHouse/Textures/T_CardBoxC_D.ubulk" 3054
"E:/Development/Projects/Squeak/Content/content_2/StorageHouse/Textures/T_CardBoxC_D.uasset" 3055
"E:/Development/Projects/Squeak/Content/content_2/StorageHouse/Textures/T_CardBoxC_D.uexp" 3056
"E:/Development/Projects/Squeak/Content/content_2/StorageHouse/Materials/MI_CardBoxC.uasset" 3057
"E:/Development/Projects/Squeak/Content/content_2/StorageHouse/Materials/MI_CardBoxC.uexp" 3058
"E:/Development/Projects/Squeak/Content/content_2/StorageHouse/Meshes/Props/SM_CardBoxC_02.ubulk" 3059
"E:/Development/Projects/Squeak/Content/content_2/StorageHouse/Meshes/Props/SM_CardBoxC_02.uasset" 3060
"E:/Development/Projects/Squeak/Content/content_2/StorageHouse/Meshes/Props/SM_CardBoxC_02.uexp" 3061
"E:/Development/Projects/Squeak/Content/content_2/StorageHouse/Meshes/Props/SM_CardBoxC_01.ubulk" 3062
"E:/Development/Projects/Squeak/Content/content_2/StorageHouse/Meshes/Props/SM_CardBoxC_01.uasset" 3063
"E:/Development/Projects/Squeak/Content/content_2/StorageHouse/Meshes/Props/SM_CardBoxC_01.uexp" 3064
"E:/Development/Projects/Squeak/Content/content_2/StorageHouse/Textures/T_CardBoxB_ORM.ubulk" 3065
"E:/Development/Projects/Squeak/Content/content_2/StorageHouse/Textures/T_CardBoxB_ORM.uasset" 3066
"E:/Development/Projects/Squeak/Content/content_2/StorageHouse/Textures/T_CardBoxB_ORM.uexp" 3067
"E:/Development/Projects/Squeak/Content/content_2/StorageHouse/Textures/T_CardBoxB_N.ubulk" 3068
"E:/Development/Projects/Squeak/Content/content_2/StorageHouse/Textures/T_CardBoxB_N.uasset" 3069
"E:/Development/Projects/Squeak/Content/content_2/StorageHouse/Textures/T_CardBoxB_N.uexp" 3070
"E:/Development/Projects/Squeak/Content/content_2/StorageHouse/Textures/T_CardBoxB_D.ubulk" 3071
"E:/Development/Projects/Squeak/Content/content_2/StorageHouse/Textures/T_CardBoxB_D.uasset" 3072
"E:/Development/Projects/Squeak/Content/content_2/StorageHouse/Textures/T_CardBoxB_D.uexp" 3073
"E:/Development/Projects/Squeak/Content/content_2/StorageHouse/Materials/MI_CardBoxB.uasset" 3074
"E:/Development/Projects/Squeak/Content/content_2/StorageHouse/Materials/MI_CardBoxB.uexp" 3075
"E:/Development/Projects/Squeak/Content/content_2/StorageHouse/Meshes/Props/SM_CardBoxB_01.ubulk" 3076
"E:/Development/Projects/Squeak/Content/content_2/StorageHouse/Meshes/Props/SM_CardBoxB_01.uasset" 3077
"E:/Development/Projects/Squeak/Content/content_2/StorageHouse/Meshes/Props/SM_CardBoxB_01.uexp" 3078
"E:/Development/Projects/Squeak/Content/content_2/StorageHouse/Textures/T_BottlesPlastic_ORM.ubulk" 3079
"E:/Development/Projects/Squeak/Content/content_2/StorageHouse/Textures/T_BottlesPlastic_ORM.uasset" 3080
"E:/Development/Projects/Squeak/Content/content_2/StorageHouse/Textures/T_BottlesPlastic_ORM.uexp" 3081
"E:/Development/Projects/Squeak/Content/content_2/StorageHouse/Textures/T_BottlesPlastic_N.ubulk" 3082
"E:/Development/Projects/Squeak/Content/content_2/StorageHouse/Textures/T_BottlesPlastic_N.uasset" 3083
"E:/Development/Projects/Squeak/Content/content_2/StorageHouse/Textures/T_BottlesPlastic_N.uexp" 3084
"E:/Development/Projects/Squeak/Content/content_2/StorageHouse/Textures/T_BottlesPlastic_D.ubulk" 3085
"E:/Development/Projects/Squeak/Content/content_2/StorageHouse/Textures/T_BottlesPlastic_D.uasset" 3086
"E:/Development/Projects/Squeak/Content/content_2/StorageHouse/Textures/T_BottlesPlastic_D.uexp" 3087
"E:/Development/Projects/Squeak/Content/content_2/StorageHouse/Materials/MI_BottlesPlastic_01.uasset" 3088
"E:/Development/Projects/Squeak/Content/content_2/StorageHouse/Materials/MI_BottlesPlastic_01.uexp" 3089
"E:/Development/Projects/Squeak/Content/content_2/StorageHouse/Meshes/Props/SM_BottlePlasticA_02.ubulk" 3090
"E:/Development/Projects/Squeak/Content/content_2/StorageHouse/Meshes/Props/SM_BottlePlasticA_02.uasset" 3091
"E:/Development/Projects/Squeak/Content/content_2/StorageHouse/Meshes/Props/SM_BottlePlasticA_02.uexp" 3092
"E:/Development/Projects/Squeak/Content/content_2/StorageHouse/Meshes/Props/SM_BottlePlasticA_01.ubulk" 3093
"E:/Development/Projects/Squeak/Content/content_2/StorageHouse/Meshes/Props/SM_BottlePlasticA_01.uasset" 3094
"E:/Development/Projects/Squeak/Content/content_2/StorageHouse/Meshes/Props/SM_BottlePlasticA_01.uexp" 3095
"E:/Development/Projects/Squeak/Content/content_2/AbandonedHospital/Additional/Textures/lamp_29_texture_0.ubulk" 3096
"E:/Development/Projects/Squeak/Content/content_2/AbandonedHospital/Additional/Textures/lamp_29_texture_0.uasset" 3097
"E:/Development/Projects/Squeak/Content/content_2/AbandonedHospital/Additional/Textures/lamp_29_texture_0.uexp" 3098
"E:/Development/Projects/Squeak/Content/content_2/AbandonedHospital/Additional/Textures/lamp_29_texture_1.ubulk" 3099
"E:/Development/Projects/Squeak/Content/content_2/AbandonedHospital/Additional/Textures/lamp_29_texture_1.uasset" 3100
"E:/Development/Projects/Squeak/Content/content_2/AbandonedHospital/Additional/Textures/lamp_29_texture_1.uexp" 3101
"E:/Development/Projects/Squeak/Content/content_2/AbandonedHospital/Additional/Textures/lamp_29_texture_2.ubulk" 3102
"E:/Development/Projects/Squeak/Content/content_2/AbandonedHospital/Additional/Textures/lamp_29_texture_2.uasset" 3103
"E:/Development/Projects/Squeak/Content/content_2/AbandonedHospital/Additional/Textures/lamp_29_texture_2.uexp" 3104
"E:/Development/Projects/Squeak/Content/content_2/AbandonedHospital/Additional/Textures/lamp_29_texture_3.ubulk" 3105
"E:/Development/Projects/Squeak/Content/content_2/AbandonedHospital/Additional/Textures/lamp_29_texture_3.uasset" 3106
"E:/Development/Projects/Squeak/Content/content_2/AbandonedHospital/Additional/Textures/lamp_29_texture_3.uexp" 3107
"E:/Development/Projects/Squeak/Content/content_2/AbandonedHospital/Additional/Materials/Lamp_29.uasset" 3108
"E:/Development/Projects/Squeak/Content/content_2/AbandonedHospital/Additional/Materials/Lamp_29.uexp" 3109
"E:/Development/Projects/Squeak/Content/content_2/AbandonedHospital/Additional/StaticMeshes/Lamp/SM_Lamp_29_J4_Lamp_29_0.ubulk" 3110
"E:/Development/Projects/Squeak/Content/content_2/AbandonedHospital/Additional/StaticMeshes/Lamp/SM_Lamp_29_J4_Lamp_29_0.uasset" 3111
"E:/Development/Projects/Squeak/Content/content_2/AbandonedHospital/Additional/StaticMeshes/Lamp/SM_Lamp_29_J4_Lamp_29_0.uexp" 3112
"E:/Development/Projects/Squeak/Content/content_2/AbandonedHospital/Additional/StaticMeshes/Lamp/SM_Lamp_29_J3_Lamp_29_0.ubulk" 3113
"E:/Development/Projects/Squeak/Content/content_2/AbandonedHospital/Additional/StaticMeshes/Lamp/SM_Lamp_29_J3_Lamp_29_0.uasset" 3114
"E:/Development/Projects/Squeak/Content/content_2/AbandonedHospital/Additional/StaticMeshes/Lamp/SM_Lamp_29_J3_Lamp_29_0.uexp" 3115
"E:/Development/Projects/Squeak/Content/content_2/AbandonedHospital/Additional/StaticMeshes/Lamp/SM_Lamp_29_J2_Lamp_29_0.ubulk" 3116
"E:/Development/Projects/Squeak/Content/content_2/AbandonedHospital/Additional/StaticMeshes/Lamp/SM_Lamp_29_J2_Lamp_29_0.uasset" 3117
"E:/Development/Projects/Squeak/Content/content_2/AbandonedHospital/Additional/StaticMeshes/Lamp/SM_Lamp_29_J2_Lamp_29_0.uexp" 3118
"E:/Development/Projects/Squeak/Content/content_2/AbandonedHospital/Additional/StaticMeshes/Lamp/SM_Lamp_29_J1_Lamp_29_0.ubulk" 3119
"E:/Development/Projects/Squeak/Content/content_2/AbandonedHospital/Additional/StaticMeshes/Lamp/SM_Lamp_29_J1_Lamp_29_0.uasset" 3120
"E:/Development/Projects/Squeak/Content/content_2/AbandonedHospital/Additional/StaticMeshes/Lamp/SM_Lamp_29_J1_Lamp_29_0.uexp" 3121
"E:/Development/Projects/Squeak/Content/content_2/AbandonedHospital/Additional/StaticMeshes/Lamp/SM_Lamp_29_Head_Lamp_29_0.ubulk" 3122
"E:/Development/Projects/Squeak/Content/content_2/AbandonedHospital/Additional/StaticMeshes/Lamp/SM_Lamp_29_Head_Lamp_29_0.uasset" 3123
"E:/Development/Projects/Squeak/Content/content_2/AbandonedHospital/Additional/StaticMeshes/Lamp/SM_Lamp_29_Head_Lamp_29_0.uexp" 3124
"E:/Development/Projects/Squeak/Content/content_2/AbandonedHospital/Additional/StaticMeshes/Lamp/SM_Lamp_29_Base_Lamp_29_0.ubulk" 3125
"E:/Development/Projects/Squeak/Content/content_2/AbandonedHospital/Additional/StaticMeshes/Lamp/SM_Lamp_29_Base_Lamp_29_0.uasset" 3126
"E:/Development/Projects/Squeak/Content/content_2/AbandonedHospital/Additional/StaticMeshes/Lamp/SM_Lamp_29_Base_Lamp_29_0.uexp" 3127
"E:/Development/Projects/Squeak/Content/content_2/AbandonedHospital/Additional/StaticMeshes/Lamp/BP_LampTable.uasset" 3128
"E:/Development/Projects/Squeak/Content/content_2/AbandonedHospital/Additional/StaticMeshes/Lamp/BP_LampTable.uexp" 3129
"E:/Development/Projects/Squeak/Content/content_2/AbandonedHospital/Additional/SM_Med_Wall_Display/Textures/T_Med_Wall_Display_Screen_Normal.ubulk" 3130
"E:/Development/Projects/Squeak/Content/content_2/AbandonedHospital/Additional/SM_Med_Wall_Display/Textures/T_Med_Wall_Display_Screen_Normal.uasset" 3131
"E:/Development/Projects/Squeak/Content/content_2/AbandonedHospital/Additional/SM_Med_Wall_Display/Textures/T_Med_Wall_Display_Screen_Normal.uexp" 3132
"E:/Development/Projects/Squeak/Content/content_2/AbandonedHospital/Additional/SM_Med_Wall_Display/Textures/T_Med_Wall_Display_Screen_Metallic-T_Med_Wall_Display_Screen_Roughness.ubulk" 3133
"E:/Development/Projects/Squeak/Content/content_2/AbandonedHospital/Additional/SM_Med_Wall_Display/Textures/T_Med_Wall_Display_Screen_Metallic-T_Med_Wall_Display_Screen_Roughness.uasset" 3134
"E:/Development/Projects/Squeak/Content/content_2/AbandonedHospital/Additional/SM_Med_Wall_Display/Textures/T_Med_Wall_Display_Screen_Metallic-T_Med_Wall_Display_Screen_Roughness.uexp" 3135
"E:/Development/Projects/Squeak/Content/content_2/AbandonedHospital/Additional/SM_Med_Wall_Display/Textures/T_Med_Wall_Display_Screen_Emissive1.ubulk" 3136
"E:/Development/Projects/Squeak/Content/content_2/AbandonedHospital/Additional/SM_Med_Wall_Display/Textures/T_Med_Wall_Display_Screen_Emissive1.uasset" 3137
"E:/Development/Projects/Squeak/Content/content_2/AbandonedHospital/Additional/SM_Med_Wall_Display/Textures/T_Med_Wall_Display_Screen_Emissive1.uexp" 3138
"E:/Development/Projects/Squeak/Content/content_2/AbandonedHospital/Additional/SM_Med_Wall_Display/Textures/T_Med_Wall_Display_Screen_BaseColor.ubulk" 3139
"E:/Development/Projects/Squeak/Content/content_2/AbandonedHospital/Additional/SM_Med_Wall_Display/Textures/T_Med_Wall_Display_Screen_BaseColor.uasset" 3140
"E:/Development/Projects/Squeak/Content/content_2/AbandonedHospital/Additional/SM_Med_Wall_Display/Textures/T_Med_Wall_Display_Screen_BaseColor.uexp" 3141
"E:/Development/Projects/Squeak/Content/content_2/AbandonedHospital/Additional/SM_Med_Wall_Display/Materials/M_Med_Wall_Display_Screen.uasset" 3142
"E:/Development/Projects/Squeak/Content/content_2/AbandonedHospital/Additional/SM_Med_Wall_Display/Materials/M_Med_Wall_Display_Screen.uexp" 3143
"E:/Development/Projects/Squeak/Content/content_2/AbandonedHospital/Additional/SM_Med_Wall_Display/Textures/T_Med_Wall_Display_Normal.ubulk" 3144
"E:/Development/Projects/Squeak/Content/content_2/AbandonedHospital/Additional/SM_Med_Wall_Display/Textures/T_Med_Wall_Display_Normal.uasset" 3145
"E:/Development/Projects/Squeak/Content/content_2/AbandonedHospital/Additional/SM_Med_Wall_Display/Textures/T_Med_Wall_Display_Normal.uexp" 3146
"E:/Development/Projects/Squeak/Content/content_2/AbandonedHospital/Additional/SM_Med_Wall_Display/Textures/T_Med_Wall_Display_Metallic-T_Med_Wall_Display_Roughness.ubulk" 3147
"E:/Development/Projects/Squeak/Content/content_2/AbandonedHospital/Additional/SM_Med_Wall_Display/Textures/T_Med_Wall_Display_Metallic-T_Med_Wall_Display_Roughness.uasset" 3148
"E:/Development/Projects/Squeak/Content/content_2/AbandonedHospital/Additional/SM_Med_Wall_Display/Textures/T_Med_Wall_Display_Metallic-T_Med_Wall_Display_Roughness.uexp" 3149
"E:/Development/Projects/Squeak/Content/content_2/AbandonedHospital/Additional/SM_Med_Wall_Display/Textures/T_Med_Wall_Display_Emissive.ubulk" 3150
"E:/Development/Projects/Squeak/Content/content_2/AbandonedHospital/Additional/SM_Med_Wall_Display/Textures/T_Med_Wall_Display_Emissive.uasset" 3151
"E:/Development/Projects/Squeak/Content/content_2/AbandonedHospital/Additional/SM_Med_Wall_Display/Textures/T_Med_Wall_Display_Emissive.uexp" 3152
"E:/Development/Projects/Squeak/Content/content_2/AbandonedHospital/Additional/SM_Med_Wall_Display/Textures/T_Med_Wall_Display_BaseColor.ubulk" 3153
"E:/Development/Projects/Squeak/Content/content_2/AbandonedHospital/Additional/SM_Med_Wall_Display/Textures/T_Med_Wall_Display_BaseColor.uasset" 3154
"E:/Development/Projects/Squeak/Content/content_2/AbandonedHospital/Additional/SM_Med_Wall_Display/Textures/T_Med_Wall_Display_BaseColor.uexp" 3155
"E:/Development/Projects/Squeak/Content/content_2/AbandonedHospital/Additional/SM_Med_Wall_Display/Materials/M_Med_Wall_Display.uasset" 3156
"E:/Development/Projects/Squeak/Content/content_2/AbandonedHospital/Additional/SM_Med_Wall_Display/Materials/M_Med_Wall_Display.uexp" 3157
"E:/Development/Projects/Squeak/Content/content_2/AbandonedHospital/Additional/SM_Med_Wall_Display/StaticMeshes/SM_Med_Wall_Display.ubulk" 3158
"E:/Development/Projects/Squeak/Content/content_2/AbandonedHospital/Additional/SM_Med_Wall_Display/StaticMeshes/SM_Med_Wall_Display.uasset" 3159
"E:/Development/Projects/Squeak/Content/content_2/AbandonedHospital/Additional/SM_Med_Wall_Display/StaticMeshes/SM_Med_Wall_Display.uexp" 3160
"E:/Development/Projects/Squeak/Content/content_2/StorageHouse/Meshes/Props/SM_CratePlastic_E_03.ubulk" 3161
"E:/Development/Projects/Squeak/Content/content_2/StorageHouse/Meshes/Props/SM_CratePlastic_E_03.uasset" 3162
"E:/Development/Projects/Squeak/Content/content_2/StorageHouse/Meshes/Props/SM_CratePlastic_E_03.uexp" 3163
"E:/Development/Projects/Squeak/Content/content_2/StorageHouse/Textures/T_CratePlastic_C_ORM.ubulk" 3164
"E:/Development/Projects/Squeak/Content/content_2/StorageHouse/Textures/T_CratePlastic_C_ORM.uasset" 3165
"E:/Development/Projects/Squeak/Content/content_2/StorageHouse/Textures/T_CratePlastic_C_ORM.uexp" 3166
"E:/Development/Projects/Squeak/Content/content_2/StorageHouse/Textures/T_CratePlastic_C_N.ubulk" 3167
"E:/Development/Projects/Squeak/Content/content_2/StorageHouse/Textures/T_CratePlastic_C_N.uasset" 3168
"E:/Development/Projects/Squeak/Content/content_2/StorageHouse/Textures/T_CratePlastic_C_N.uexp" 3169
"E:/Development/Projects/Squeak/Content/content_2/StorageHouse/Textures/T_CratePlastic_C_M.ubulk" 3170
"E:/Development/Projects/Squeak/Content/content_2/StorageHouse/Textures/T_CratePlastic_C_M.uasset" 3171
"E:/Development/Projects/Squeak/Content/content_2/StorageHouse/Textures/T_CratePlastic_C_M.uexp" 3172
"E:/Development/Projects/Squeak/Content/content_2/StorageHouse/Textures/T_CratePlastic_C_D.ubulk" 3173
"E:/Development/Projects/Squeak/Content/content_2/StorageHouse/Textures/T_CratePlastic_C_D.uasset" 3174
"E:/Development/Projects/Squeak/Content/content_2/StorageHouse/Textures/T_CratePlastic_C_D.uexp" 3175
"E:/Development/Projects/Squeak/Content/content_2/StorageHouse/Textures/T_BeamsA_ORM.ubulk" 3176
"E:/Development/Projects/Squeak/Content/content_2/StorageHouse/Textures/T_BeamsA_ORM.uasset" 3177
"E:/Development/Projects/Squeak/Content/content_2/StorageHouse/Textures/T_BeamsA_ORM.uexp" 3178
"E:/Development/Projects/Squeak/Content/content_2/StorageHouse/Textures/T_BeamsA_N.ubulk" 3179
"E:/Development/Projects/Squeak/Content/content_2/StorageHouse/Textures/T_BeamsA_N.uasset" 3180
"E:/Development/Projects/Squeak/Content/content_2/StorageHouse/Textures/T_BeamsA_N.uexp" 3181
"E:/Development/Projects/Squeak/Content/content_2/StorageHouse/Textures/T_BeamsA_M.ubulk" 3182
"E:/Development/Projects/Squeak/Content/content_2/StorageHouse/Textures/T_BeamsA_M.uasset" 3183
"E:/Development/Projects/Squeak/Content/content_2/StorageHouse/Textures/T_BeamsA_M.uexp" 3184
"E:/Development/Projects/Squeak/Content/content_2/StorageHouse/Materials/M_BeamsA.uasset" 3185
"E:/Development/Projects/Squeak/Content/content_2/StorageHouse/Materials/M_BeamsA.uexp" 3186
"E:/Development/Projects/Squeak/Content/content_2/StorageHouse/Materials/MI_CratePlasticC_01.uasset" 3187
"E:/Development/Projects/Squeak/Content/content_2/StorageHouse/Materials/MI_CratePlasticC_01.uexp" 3188
"E:/Development/Projects/Squeak/Content/content_2/StorageHouse/Meshes/Props/SM_CratePlastic_C_02.ubulk" 3189
"E:/Development/Projects/Squeak/Content/content_2/StorageHouse/Meshes/Props/SM_CratePlastic_C_02.uasset" 3190
"E:/Development/Projects/Squeak/Content/content_2/StorageHouse/Meshes/Props/SM_CratePlastic_C_02.uexp" 3191
"E:/Development/Projects/Squeak/Content/content_2/StorageHouse/Textures/T_CratePlastic_B_ORM.ubulk" 3192
"E:/Development/Projects/Squeak/Content/content_2/StorageHouse/Textures/T_CratePlastic_B_ORM.uasset" 3193
"E:/Development/Projects/Squeak/Content/content_2/StorageHouse/Textures/T_CratePlastic_B_ORM.uexp" 3194
"E:/Development/Projects/Squeak/Content/content_2/StorageHouse/Textures/T_CratePlastic_B_N.ubulk" 3195
"E:/Development/Projects/Squeak/Content/content_2/StorageHouse/Textures/T_CratePlastic_B_N.uasset" 3196
"E:/Development/Projects/Squeak/Content/content_2/StorageHouse/Textures/T_CratePlastic_B_N.uexp" 3197
"E:/Development/Projects/Squeak/Content/content_2/StorageHouse/Textures/T_CratePlastic_B_M.ubulk" 3198
"E:/Development/Projects/Squeak/Content/content_2/StorageHouse/Textures/T_CratePlastic_B_M.uasset" 3199
"E:/Development/Projects/Squeak/Content/content_2/StorageHouse/Textures/T_CratePlastic_B_M.uexp" 3200
"E:/Development/Projects/Squeak/Content/content_2/StorageHouse/Textures/T_CratePlastic_B_D.ubulk" 3201
"E:/Development/Projects/Squeak/Content/content_2/StorageHouse/Textures/T_CratePlastic_B_D.uasset" 3202
"E:/Development/Projects/Squeak/Content/content_2/StorageHouse/Textures/T_CratePlastic_B_D.uexp" 3203
"E:/Development/Projects/Squeak/Content/content_2/StorageHouse/Materials/MI_CratePlasticB_06.uasset" 3204
"E:/Development/Projects/Squeak/Content/content_2/StorageHouse/Materials/MI_CratePlasticB_06.uexp" 3205
"E:/Development/Projects/Squeak/Content/content_2/StorageHouse/Meshes/Props/SM_CratePlastic_B_01.ubulk" 3206
"E:/Development/Projects/Squeak/Content/content_2/StorageHouse/Meshes/Props/SM_CratePlastic_B_01.uasset" 3207
"E:/Development/Projects/Squeak/Content/content_2/StorageHouse/Meshes/Props/SM_CratePlastic_B_01.uexp" 3208
"E:/Development/Projects/Squeak/Content/content_2/StorageHouse/Textures/T_CratePlastic_A_ORM.ubulk" 3209
"E:/Development/Projects/Squeak/Content/content_2/StorageHouse/Textures/T_CratePlastic_A_ORM.uasset" 3210
"E:/Development/Projects/Squeak/Content/content_2/StorageHouse/Textures/T_CratePlastic_A_ORM.uexp" 3211
"E:/Development/Projects/Squeak/Content/content_2/StorageHouse/Textures/T_CratePlastic_A_N.ubulk" 3212
"E:/Development/Projects/Squeak/Content/content_2/StorageHouse/Textures/T_CratePlastic_A_N.uasset" 3213
"E:/Development/Projects/Squeak/Content/content_2/StorageHouse/Textures/T_CratePlastic_A_N.uexp" 3214
"E:/Development/Projects/Squeak/Content/content_2/StorageHouse/Textures/T_CratePlastic_A_M.ubulk" 3215
"E:/Development/Projects/Squeak/Content/content_2/StorageHouse/Textures/T_CratePlastic_A_M.uasset" 3216
"E:/Development/Projects/Squeak/Content/content_2/StorageHouse/Textures/T_CratePlastic_A_M.uexp" 3217
"E:/Development/Projects/Squeak/Content/content_2/StorageHouse/Textures/T_CratePlastic_A_D.ubulk" 3218
"E:/Development/Projects/Squeak/Content/content_2/StorageHouse/Textures/T_CratePlastic_A_D.uasset" 3219
"E:/Development/Projects/Squeak/Content/content_2/StorageHouse/Textures/T_CratePlastic_A_D.uexp" 3220
"E:/Development/Projects/Squeak/Content/content_2/StorageHouse/Materials/MI_CratePlasticA_03.uasset" 3221
"E:/Development/Projects/Squeak/Content/content_2/StorageHouse/Materials/MI_CratePlasticA_03.uexp" 3222
"E:/Development/Projects/Squeak/Content/content_2/StorageHouse/Meshes/Props/SM_CratePlastic_A_02.ubulk" 3223
"E:/Development/Projects/Squeak/Content/content_2/StorageHouse/Meshes/Props/SM_CratePlastic_A_02.uasset" 3224
"E:/Development/Projects/Squeak/Content/content_2/StorageHouse/Meshes/Props/SM_CratePlastic_A_02.uexp" 3225
"E:/Development/Projects/Squeak/Content/content_2/StorageHouse/Meshes/Props/SM_CratePlastic_A_01.ubulk" 3226
"E:/Development/Projects/Squeak/Content/content_2/StorageHouse/Meshes/Props/SM_CratePlastic_A_01.uasset" 3227
"E:/Development/Projects/Squeak/Content/content_2/StorageHouse/Meshes/Props/SM_CratePlastic_A_01.uexp" 3228
"E:/Development/Projects/Squeak/Content/content_2/StorageHouse/Meshes/Props/SM_BottlePlasticE_02.ubulk" 3229
"E:/Development/Projects/Squeak/Content/content_2/StorageHouse/Meshes/Props/SM_BottlePlasticE_02.uasset" 3230
"E:/Development/Projects/Squeak/Content/content_2/StorageHouse/Meshes/Props/SM_BottlePlasticE_02.uexp" 3231
"E:/Development/Projects/Squeak/Content/content_2/StorageHouse/Meshes/Props/SM_BottlePlasticD_02.ubulk" 3232
"E:/Development/Projects/Squeak/Content/content_2/StorageHouse/Meshes/Props/SM_BottlePlasticD_02.uasset" 3233
"E:/Development/Projects/Squeak/Content/content_2/StorageHouse/Meshes/Props/SM_BottlePlasticD_02.uexp" 3234
"E:/Development/Projects/Squeak/Content/content_2/StorageHouse/Meshes/Props/SM_BottlePlasticB_02.ubulk" 3235
"E:/Development/Projects/Squeak/Content/content_2/StorageHouse/Meshes/Props/SM_BottlePlasticB_02.uasset" 3236
"E:/Development/Projects/Squeak/Content/content_2/StorageHouse/Meshes/Props/SM_BottlePlasticB_02.uexp" 3237
"E:/Development/Projects/Squeak/Content/content_2/AbandonedHospital/Additional/Materials/Base_Cup.uasset" 3238
"E:/Development/Projects/Squeak/Content/content_2/AbandonedHospital/Additional/Materials/Base_Cup.uexp" 3239
"E:/Development/Projects/Squeak/Content/content_2/AbandonedHospital/Additional/Materials/Cup_001.uasset" 3240
"E:/Development/Projects/Squeak/Content/content_2/AbandonedHospital/Additional/Materials/Cup_001.uexp" 3241
"E:/Development/Projects/Squeak/Content/content_2/AbandonedHospital/Additional/Materials/lid.uasset" 3242
"E:/Development/Projects/Squeak/Content/content_2/AbandonedHospital/Additional/Materials/lid.uexp" 3243
"E:/Development/Projects/Squeak/Content/content_2/AbandonedHospital/Additional/Coffee_cup.ubulk" 3244
"E:/Development/Projects/Squeak/Content/content_2/AbandonedHospital/Additional/Coffee_cup.uasset" 3245
"E:/Development/Projects/Squeak/Content/content_2/AbandonedHospital/Additional/Coffee_cup.uexp" 3246
"E:/Development/Projects/Squeak/Content/content_2/ThrowableObject/BP_Throwable_Samll_Coffe_Cup.uasset" 3247
"E:/Development/Projects/Squeak/Content/content_2/ThrowableObject/BP_Throwable_Samll_Coffe_Cup.uexp" 3248
"E:/Development/Projects/Squeak/Content/content_2/AbandonedHospital/Additional/Materials/TilesMosaicPennyround001_2K.uasset" 3249
"E:/Development/Projects/Squeak/Content/content_2/AbandonedHospital/Additional/Materials/TilesMosaicPennyround001_2K.uexp" 3250
"E:/Development/Projects/Squeak/Content/content_2/AbandonedHospital/Additional/SM_Coffe_Mug.ubulk" 3251
"E:/Development/Projects/Squeak/Content/content_2/AbandonedHospital/Additional/SM_Coffe_Mug.uasset" 3252
"E:/Development/Projects/Squeak/Content/content_2/AbandonedHospital/Additional/SM_Coffe_Mug.uexp" 3253
"E:/Development/Projects/Squeak/Content/content_2/ThrowableObject/BP_Throwable_Samll_Coffe_Mug.uasset" 3254
"E:/Development/Projects/Squeak/Content/content_2/ThrowableObject/BP_Throwable_Samll_Coffe_Mug.uexp" 3255
"E:/Development/Projects/Squeak/Content/content_2/AbandonedHospital/Additional/Textures/womb_chair_texture_0.ubulk" 3256
"E:/Development/Projects/Squeak/Content/content_2/AbandonedHospital/Additional/Textures/womb_chair_texture_0.uasset" 3257
"E:/Development/Projects/Squeak/Content/content_2/AbandonedHospital/Additional/Textures/womb_chair_texture_0.uexp" 3258
"E:/Development/Projects/Squeak/Content/content_2/AbandonedHospital/Additional/Textures/womb_chair_texture_1.ubulk" 3259
"E:/Development/Projects/Squeak/Content/content_2/AbandonedHospital/Additional/Textures/womb_chair_texture_1.uasset" 3260
"E:/Development/Projects/Squeak/Content/content_2/AbandonedHospital/Additional/Textures/womb_chair_texture_1.uexp" 3261
"E:/Development/Projects/Squeak/Content/content_2/AbandonedHospital/Additional/Textures/womb_chair_texture_2.ubulk" 3262
"E:/Development/Projects/Squeak/Content/content_2/AbandonedHospital/Additional/Textures/womb_chair_texture_2.uasset" 3263
"E:/Development/Projects/Squeak/Content/content_2/AbandonedHospital/Additional/Textures/womb_chair_texture_2.uexp" 3264
"E:/Development/Projects/Squeak/Content/content_2/AbandonedHospital/Additional/Materials/material.uasset" 3265
"E:/Development/Projects/Squeak/Content/content_2/AbandonedHospital/Additional/Materials/material.uexp" 3266
"E:/Development/Projects/Squeak/Content/content_2/AbandonedHospital/Additional/StaticMeshes/womb_chair.ubulk" 3267
"E:/Development/Projects/Squeak/Content/content_2/AbandonedHospital/Additional/StaticMeshes/womb_chair.uasset" 3268
"E:/Development/Projects/Squeak/Content/content_2/AbandonedHospital/Additional/StaticMeshes/womb_chair.uexp" 3269
"E:/Development/Projects/Squeak/Content/content_2/AbandonedHospital/Additional/Textures/T_Gaming_Monitors_ORM.ubulk" 3270
"E:/Development/Projects/Squeak/Content/content_2/AbandonedHospital/Additional/Textures/T_Gaming_Monitors_ORM.uasset" 3271
"E:/Development/Projects/Squeak/Content/content_2/AbandonedHospital/Additional/Textures/T_Gaming_Monitors_ORM.uexp" 3272
"E:/Development/Projects/Squeak/Content/content_2/AbandonedHospital/Additional/Textures/T_Gaming_Monitors_Normal.ubulk" 3273
"E:/Development/Projects/Squeak/Content/content_2/AbandonedHospital/Additional/Textures/T_Gaming_Monitors_Normal.uasset" 3274
"E:/Development/Projects/Squeak/Content/content_2/AbandonedHospital/Additional/Textures/T_Gaming_Monitors_Normal.uexp" 3275
"E:/Development/Projects/Squeak/Content/content_2/AbandonedHospital/Additional/Textures/T_Gaming_Monitors_Emissive.ubulk" 3276
"E:/Development/Projects/Squeak/Content/content_2/AbandonedHospital/Additional/Textures/T_Gaming_Monitors_Emissive.uasset" 3277
"E:/Development/Projects/Squeak/Content/content_2/AbandonedHospital/Additional/Textures/T_Gaming_Monitors_Emissive.uexp" 3278
"E:/Development/Projects/Squeak/Content/content_2/AbandonedHospital/Additional/Textures/T_Gaming_Monitors_BaseColor.ubulk" 3279
"E:/Development/Projects/Squeak/Content/content_2/AbandonedHospital/Additional/Textures/T_Gaming_Monitors_BaseColor.uasset" 3280
"E:/Development/Projects/Squeak/Content/content_2/AbandonedHospital/Additional/Textures/T_Gaming_Monitors_BaseColor.uexp" 3281
"E:/Development/Projects/Squeak/Content/content_2/AbandonedHospital/Additional/Materials/M_Gaming_Monitors.uasset" 3282
"E:/Development/Projects/Squeak/Content/content_2/AbandonedHospital/Additional/Materials/M_Gaming_Monitors.uexp" 3283
"E:/Development/Projects/Squeak/Content/content_2/AbandonedHospital/Additional/Textures/T_Gaming_Monitors_Screen_ORM.ubulk" 3284
"E:/Development/Projects/Squeak/Content/content_2/AbandonedHospital/Additional/Textures/T_Gaming_Monitors_Screen_ORM.uasset" 3285
"E:/Development/Projects/Squeak/Content/content_2/AbandonedHospital/Additional/Textures/T_Gaming_Monitors_Screen_ORM.uexp" 3286
"E:/Development/Projects/Squeak/Content/content_2/AbandonedHospital/Additional/Textures/T_Gaming_Monitors_Screen_Normal.ubulk" 3287
"E:/Development/Projects/Squeak/Content/content_2/AbandonedHospital/Additional/Textures/T_Gaming_Monitors_Screen_Normal.uasset" 3288
"E:/Development/Projects/Squeak/Content/content_2/AbandonedHospital/Additional/Textures/T_Gaming_Monitors_Screen_Normal.uexp" 3289
"E:/Development/Projects/Squeak/Content/content_2/AbandonedHospital/Additional/Textures/T_Gaming_Monitors_Screen_Emissive.ubulk" 3290
"E:/Development/Projects/Squeak/Content/content_2/AbandonedHospital/Additional/Textures/T_Gaming_Monitors_Screen_Emissive.uasset" 3291
"E:/Development/Projects/Squeak/Content/content_2/AbandonedHospital/Additional/Textures/T_Gaming_Monitors_Screen_Emissive.uexp" 3292
"E:/Development/Projects/Squeak/Content/content_2/AbandonedHospital/Additional/Textures/T_Gaming_Monitors_Screen_BaseColor.ubulk" 3293
"E:/Development/Projects/Squeak/Content/content_2/AbandonedHospital/Additional/Textures/T_Gaming_Monitors_Screen_BaseColor.uasset" 3294
"E:/Development/Projects/Squeak/Content/content_2/AbandonedHospital/Additional/Textures/T_Gaming_Monitors_Screen_BaseColor.uexp" 3295
"E:/Development/Projects/Squeak/Content/content_2/AbandonedHospital/Additional/Materials/M_Gaming_Monitors_Screen.uasset" 3296
"E:/Development/Projects/Squeak/Content/content_2/AbandonedHospital/Additional/Materials/M_Gaming_Monitors_Screen.uexp" 3297
"E:/Development/Projects/Squeak/Content/content_2/AbandonedHospital/Additional/StaticMeshes/SM_Gaming_Monitors.ubulk" 3298
"E:/Development/Projects/Squeak/Content/content_2/AbandonedHospital/Additional/StaticMeshes/SM_Gaming_Monitors.uasset" 3299
"E:/Development/Projects/Squeak/Content/content_2/AbandonedHospital/Additional/StaticMeshes/SM_Gaming_Monitors.uexp" 3300
"E:/Development/Projects/Squeak/Content/content_2/AbandonedHospital/Additional/StaticMeshes/SM_Coffe_Table.ubulk" 3301
"E:/Development/Projects/Squeak/Content/content_2/AbandonedHospital/Additional/StaticMeshes/SM_Coffe_Table.uasset" 3302
"E:/Development/Projects/Squeak/Content/content_2/AbandonedHospital/Additional/StaticMeshes/SM_Coffe_Table.uexp" 3303
"E:/Development/Projects/Squeak/Content/content_2/AbandonedHospital/Additional/Textures/FURNITURE_018_Normal.ubulk" 3304
"E:/Development/Projects/Squeak/Content/content_2/AbandonedHospital/Additional/Textures/FURNITURE_018_Normal.uasset" 3305
"E:/Development/Projects/Squeak/Content/content_2/AbandonedHospital/Additional/Textures/FURNITURE_018_Normal.uexp" 3306
"E:/Development/Projects/Squeak/Content/content_2/AbandonedHospital/Additional/Textures/FURNITURE_018_Metallic-FURNITURE_018_Roughness.ubulk" 3307
"E:/Development/Projects/Squeak/Content/content_2/AbandonedHospital/Additional/Textures/FURNITURE_018_Metallic-FURNITURE_018_Roughness.uasset" 3308
"E:/Development/Projects/Squeak/Content/content_2/AbandonedHospital/Additional/Textures/FURNITURE_018_Metallic-FURNITURE_018_Roughness.uexp" 3309
"E:/Development/Projects/Squeak/Content/content_2/AbandonedHospital/Additional/Textures/FURNITURE_018_BaseColor.ubulk" 3310
"E:/Development/Projects/Squeak/Content/content_2/AbandonedHospital/Additional/Textures/FURNITURE_018_BaseColor.uasset" 3311
"E:/Development/Projects/Squeak/Content/content_2/AbandonedHospital/Additional/Textures/FURNITURE_018_BaseColor.uexp" 3312
"E:/Development/Projects/Squeak/Content/content_2/AbandonedHospital/Additional/Materials/FUNITURE_018_MAT.uasset" 3313
"E:/Development/Projects/Squeak/Content/content_2/AbandonedHospital/Additional/Materials/FUNITURE_018_MAT.uexp" 3314
"E:/Development/Projects/Squeak/Content/content_2/AbandonedHospital/Additional/StaticMeshes/reception_sofa.ubulk" 3315
"E:/Development/Projects/Squeak/Content/content_2/AbandonedHospital/Additional/StaticMeshes/reception_sofa.uasset" 3316
"E:/Development/Projects/Squeak/Content/content_2/AbandonedHospital/Additional/StaticMeshes/reception_sofa.uexp" 3317
"E:/Development/Projects/Squeak/Content/content_2/AbandonedHospital/Additional/Textures/T_BrokenDisplay.uasset" 3318
"E:/Development/Projects/Squeak/Content/content_2/AbandonedHospital/Additional/Textures/T_BrokenDisplay.uexp" 3319
"E:/Development/Projects/Squeak/Content/content_2/AbandonedHospital/Additional/Materials/M_Monitor_Screen_Broken.uasset" 3320
"E:/Development/Projects/Squeak/Content/content_2/AbandonedHospital/Additional/Materials/M_Monitor_Screen_Broken.uexp" 3321
"E:/Development/Projects/Squeak/Content/content_2/RoomEditor/Material/New/M_Floor_New.uasset" 3322
"E:/Development/Projects/Squeak/Content/content_2/RoomEditor/Material/New/M_Floor_New.uexp" 3323
"E:/Development/Projects/Squeak/Content/content_2/RoomEditor/Material/New/M_Floor_New_Inst.uasset" 3324
"E:/Development/Projects/Squeak/Content/content_2/RoomEditor/Material/New/M_Floor_New_Inst.uexp" 3325
"E:/Development/Projects/Squeak/Content/content_0/level/Level_2.uexp" 3326
"E:/Development/Projects/Squeak/Content/content_0/level/Level_2.ubulk" 3327
"E:/Development/Projects/Squeak/Content/content_0/level/Level_2.umap" 3328
