"E:/Development/Projects/Squeak/Squeak.uproject" 1
"../../../../../Projects/Squeak/Binaries/Win64/UnrealEditor.modules" 2
"../../../Engine/Plugins/AudioGameplay/AudioGameplay.uplugin" 3
"../../../Engine/Plugins/AudioGameplayVolume/AudioGameplayVolume.uplugin" 4
"../../../Engine/Plugins/AudioInsights/AudioInsights.uplugin" 5
"../../../Engine/Plugins/Bridge/Bridge.uplugin" 6
"../../../Engine/Plugins/BlueprintFileUtils/BlueprintFileUtils.uplugin" 7
"../../../Engine/Plugins/ChaosClothAsset/ChaosClothAsset.uplugin" 8
"../../../Engine/Plugins/ChaosClothAssetEditor/ChaosClothAssetEditor.uplugin" 9
"../../../Engine/Plugins/ChaosInsights/ChaosInsights.uplugin" 10
"../../../Engine/Plugins/ChaosVD/ChaosVD.uplugin" 11
"../../../Engine/Plugins/Chooser/Chooser.uplugin" 12
"../../../Engine/Plugins/CmdLinkServer/CmdLinkServer.uplugin" 13
"../../../Engine/Plugins/ChaosCloth/ChaosCloth.uplugin" 14
"../../../Engine/Plugins/DiscoveryBeaconReceiver/DiscoveryBeaconReceiver.uplugin" 15
"../../../Engine/Plugins/EnhancedInput/EnhancedInput.uplugin" 16
"../../../Engine/Plugins/Fab/Fab.uplugin" 17
"../../../Engine/Plugins/IoStoreInsights/IoStoreInsights.uplugin" 18
"../../../Engine/Plugins/FastBuildController/FastBuildController.uplugin" 19
"../../../Engine/Plugins/JsonBlueprintUtilities/JsonBlueprintUtilities.uplugin" 20
"../../../Engine/Plugins/LightWeightInstancesEditor/LightWeightInstancesEditor.uplugin" 21
"../../../Engine/Plugins/MemoryUsageQueries/MemoryUsageQueries.uplugin" 22
"../../../Engine/Plugins/MassInsights/MassInsights.uplugin" 23
"../../../Engine/Plugins/MeshPainting/MeshPainting.uplugin" 24
"../../../Engine/Plugins/Mutable/Mutable.uplugin" 25
"../../../Engine/Plugins/PCG/PCG.uplugin" 26
"../../../Engine/Plugins/RenderGraphInsights/RenderGraphInsights.uplugin" 27
"../../../Engine/Plugins/ScriptPlugin/ScriptPlugin.uplugin" 28
"../../../Engine/Plugins/TextureGraph/TextureGraph.uplugin" 29
"../../../Engine/Plugins/TraceUtilities/TraceUtilities.uplugin" 30
"../../../Engine/Plugins/UbaController/UbaController.uplugin" 31
"../../../Engine/Plugins/WorldMetrics/WorldMetrics.uplugin" 32
"../../../Engine/Plugins/XGEController/XGEController.uplugin" 33
"../../../Engine/Plugins/Protocols/MQTT/MQTT.uplugin" 34
"../../../Engine/Plugins/Tests/AutomationDriverTests/AutomationDriverTests.uplugin" 35
"../../../Engine/Plugins/Tests/CQTest/CQTest.uplugin" 36
"../../../Engine/Plugins/Tests/CQTestEnhancedInput/CQTestEnhancedInput.uplugin" 37
"../../../Engine/Plugins/Tests/EditorTests/EditorTests.uplugin" 38
"../../../Engine/Plugins/Tests/FbxAutomationTestBuilder/FbxAutomationTestBuilder.uplugin" 39
"../../../Engine/Plugins/Tests/FunctionalTestingEditor/FunctionalTestingEditor.uplugin" 40
"../../../Engine/Plugins/Tests/PythonAutomationTest/PythonAutomationTest.uplugin" 41
"../../../Engine/Plugins/Tests/InterchangeTests/InterchangeTests.uplugin" 42
"../../../Engine/Plugins/Tests/RHITests/RHITests.uplugin" 43
"../../../Engine/Plugins/Tests/RuntimeTests/RuntimeTests.uplugin" 44
"../../../Engine/Plugins/Tests/TestFramework/TestFramework.uplugin" 45
"../../../Engine/Plugins/Tests/WidgetAutomationTests/WidgetAutomationTests.uplugin" 46
"../../../Engine/Plugins/Tests/TestSamples/TestSamples.uplugin" 47
"../../../Engine/Plugins/VirtualProduction/ActorModifier/ActorModifier.uplugin" 48
"../../../Engine/Plugins/VirtualProduction/ActorModifierCore/ActorModifierCore.uplugin" 49
"../../../Engine/Plugins/VirtualProduction/CameraCalibration/CameraCalibration.uplugin" 50
"../../../Engine/Plugins/VirtualProduction/CameraCalibrationML/CameraCalibrationML.uplugin" 51
"../../../Engine/Plugins/VirtualProduction/CameraCalibrationCore/CameraCalibrationCore.uplugin" 52
"../../../Engine/Plugins/VirtualProduction/CaptureData/CaptureData.uplugin" 53
"../../../Engine/Plugins/VirtualProduction/ClonerEffector/ClonerEffector.uplugin" 54
"../../../Engine/Plugins/VirtualProduction/Avalanche/Avalanche.uplugin" 55
"../../../Engine/Plugins/VirtualProduction/CompositePlane/CompositePlane.uplugin" 56
"../../../Engine/Plugins/VirtualProduction/CinematicAssemblyTools/CinematicAssemblyTools.uplugin" 57
"../../../Engine/Plugins/VirtualProduction/DynamicMaterial/DynamicMaterial.uplugin" 58
"../../../Engine/Plugins/VirtualProduction/GeometryMask/GeometryMask.uplugin" 59
"../../../Engine/Plugins/VirtualProduction/DataCharts/DataCharts.uplugin" 60
"../../../Engine/Plugins/VirtualProduction/ICVFX/ICVFX.uplugin" 61
"../../../Engine/Plugins/VirtualProduction/ICVFXTesting/ICVFXTesting.uplugin" 62
"../../../Engine/Plugins/VirtualProduction/LensComponent/LensComponent.uplugin" 63
"../../../Engine/Plugins/VirtualProduction/LevelSnapshots/LevelSnapshots.uplugin" 64
"../../../Engine/Plugins/VirtualProduction/LiveLinkCamera/LiveLinkCamera.uplugin" 65
"../../../Engine/Plugins/VirtualProduction/LiveLinkFreeD/LiveLinkFreeD.uplugin" 66
"../../../Engine/Plugins/VirtualProduction/LiveLinkInputDevice/LiveLinkInputDevice.uplugin" 67
"../../../Engine/Plugins/VirtualProduction/LiveLinkLens/LiveLinkLens.uplugin" 68
"../../../Engine/Plugins/VirtualProduction/LiveLinkOpenTrackIO/LiveLinkOpenTrackIO.uplugin" 69
"../../../Engine/Plugins/VirtualProduction/LiveLinkMasterLockit/LiveLinkMasterLockit.uplugin" 70
"../../../Engine/Plugins/VirtualProduction/LiveLinkVRPN/LiveLinkVRPN.uplugin" 71
"../../../Engine/Plugins/VirtualProduction/LiveLinkPrestonMDR/LiveLinkPrestonMDR.uplugin" 72
"../../../Engine/Plugins/VirtualProduction/LiveLinkXR/LiveLinkXR.uplugin" 73
"../../../Engine/Plugins/VirtualProduction/OperatorStack/OperatorStack.uplugin" 74
"../../../Engine/Plugins/VirtualProduction/MultiUserTakes/MultiUserTakes.uplugin" 75
"../../../Engine/Plugins/VirtualProduction/PerformanceCaptureWorkflow/PerformanceCaptureWorkflow.uplugin" 76
"../../../Engine/Plugins/VirtualProduction/PropertyAnimator/PropertyAnimator.uplugin" 77
"../../../Engine/Plugins/VirtualProduction/PropertyAnimatorCore/PropertyAnimatorCore.uplugin" 78
"../../../Engine/Plugins/VirtualProduction/RemoteControl/RemoteControl.uplugin" 79
"../../../Engine/Plugins/VirtualProduction/RemoteControlInterception/RemoteControlInterception.uplugin" 80
"../../../Engine/Plugins/VirtualProduction/RemoteControlProtocolDMX/RemoteControlProtocolDMX.uplugin" 81
"../../../Engine/Plugins/VirtualProduction/RemoteControlProtocolOSC/RemoteControlProtocolOSC.uplugin" 82
"../../../Engine/Plugins/VirtualProduction/RemoteControlProtocolMIDI/RemoteControlProtocolMIDI.uplugin" 83
"../../../Engine/Plugins/VirtualProduction/SequencerPlaylists/SequencerPlaylists.uplugin" 84
"../../../Engine/Plugins/VirtualProduction/RemoteControlWebInterface/RemoteControlWebInterface.uplugin" 85
"../../../Engine/Plugins/VirtualProduction/StageMonitoring/StageMonitoring.uplugin" 86
"../../../Engine/Plugins/VirtualProduction/StormSyncAvalancheBridge/StormSyncAvalancheBridge.uplugin" 87
"../../../Engine/Plugins/VirtualProduction/Switchboard/Switchboard.uplugin" 88
"../../../Engine/Plugins/VirtualProduction/Takes/Takes.uplugin" 89
"../../../Engine/Plugins/VirtualProduction/StormSync/StormSync.uplugin" 90
"../../../Engine/Plugins/VirtualProduction/VirtualCamera/VirtualCamera.uplugin" 91
"../../../Engine/Plugins/VirtualProduction/TextureShare/TextureShare.uplugin" 92
"../../../Engine/Plugins/VirtualProduction/TimedDataMonitor/TimedDataMonitor.uplugin" 93
"../../../Engine/Plugins/VirtualProduction/VirtualCameraCore/VirtualCameraCore.uplugin" 94
"../../../Engine/Plugins/2D/Paper2D/Paper2D.uplugin" 95
"../../../Engine/Plugins/AI/AISupport/AISupport.uplugin" 96
"../../../Engine/Plugins/VirtualProduction/VirtualScouting/VirtualScouting.uplugin" 97
"../../../Engine/Plugins/AI/EnvironmentQueryEditor/EnvironmentQueryEditor.uplugin" 98
"../../../Engine/Plugins/AI/MassAI/MassAI.uplugin" 99
"../../../Engine/Plugins/AI/HTNPlanner/HTNPlanner.uplugin" 100
"../../../Engine/Plugins/AI/MassCrowd/MassCrowd.uplugin" 101
"../../../Engine/Plugins/AI/MLAdapter/MLAdapter.uplugin" 102
"../../../Engine/Plugins/Animation/ACLPlugin/ACLPlugin.uplugin" 103
"../../../Engine/Plugins/Animation/AnimationData/AnimationData.uplugin" 104
"../../../Engine/Plugins/Animation/AnimationLocomotionLibrary/AnimationLocomotionLibrary.uplugin" 105
"../../../Engine/Plugins/Animation/AnimationWarping/AnimationWarping.uplugin" 106
"../../../Engine/Plugins/Animation/AnimationModifierLibrary/AnimationModifierLibrary.uplugin" 107
"../../../Engine/Plugins/Animation/ControlRigModules/ControlRigModules.uplugin" 108
"../../../Engine/Plugins/Animation/ControlRig/ControlRig.uplugin" 109
"../../../Engine/Plugins/Animation/BlendSpaceMotionAnalysis/BlendSpaceMotionAnalysis.uplugin" 110
"../../../Engine/Plugins/VirtualProduction/EpicStageApp/EpicStageApp.uplugin" 111
"../../../Engine/Plugins/Animation/BlendStack/BlendStack.uplugin" 112
"../../../Engine/Plugins/Animation/ControlRigSpline/ControlRigSpline.uplugin" 113
"../../../Engine/Plugins/Animation/DeformerGraph/DeformerGraph.uplugin" 114
"../../../Engine/Plugins/Animation/IKRig/IKRig.uplugin" 115
"../../../Engine/Plugins/Animation/GeneSplicer/GeneSplicer.uplugin" 116
"../../../Engine/Plugins/Animation/GameplayInsights/GameplayInsights.uplugin" 117
"../../../Engine/Plugins/Animation/LiveLink/LiveLink.uplugin" 118
"../../../Engine/Plugins/Animation/LiveLinkCurveDebugUI/LiveLinkCurveDebugUI.uplugin" 119
"../../../Engine/Plugins/Animation/LiveLinkDevice/LiveLinkDevice.uplugin" 120
"../../../Engine/Plugins/Animation/LiveLinkExampleDevice/LiveLinkExampleDevice.uplugin" 121
"../../../Engine/Plugins/Animation/LiveLinkHub/LiveLinkHub.uplugin" 122
"../../../Engine/Plugins/Animation/MotionWarping/MotionWarping.uplugin" 123
"../../../Engine/Plugins/Animation/PerformanceCaptureCore/PerformanceCaptureCore.uplugin" 124
"../../../Engine/Plugins/Animation/RigLogic/RigLogic.uplugin" 125
"../../../Engine/Plugins/Animation/PoseSearch/PoseSearch.uplugin" 126
"../../../Engine/Plugins/Animation/SkeletalMeshModelingTools/SkeletalMeshModelingTools.uplugin" 127
"../../../Engine/Plugins/Animation/TweeningUtils/TweeningUtils.uplugin" 128
"../../../Engine/Plugins/Cameras/CameraShakePreviewer/CameraShakePreviewer.uplugin" 129
"../../../Engine/Plugins/Cameras/EngineCameras/EngineCameras.uplugin" 130
"../../../Engine/Plugins/Compositing/Composure/Composure.uplugin" 131
"../../../Engine/Plugins/Compositing/LensDistortion/LensDistortion.uplugin" 132
"../../../Engine/Plugins/Cameras/GameplayCameras/GameplayCameras.uplugin" 133
"../../../Engine/Plugins/Compositing/OpenColorIO/OpenColorIO.uplugin" 134
"../../../Engine/Plugins/Compression/OodleNetwork/OodleNetwork.uplugin" 135
"../../../Engine/Plugins/Compositing/OpenCVLensDistortion/OpenCVLensDistortion.uplugin" 136
"../../../Engine/Plugins/Developer/BlankPlugin/BlankPlugin.uplugin" 137
"../../../Engine/Plugins/Developer/DirectoryPlaceholder/DirectoryPlaceholder.uplugin" 138
"../../../Engine/Plugins/Developer/CLionSourceCodeAccess/CLionSourceCodeAccess.uplugin" 139
"../../../Engine/Plugins/Developer/AnimationSharing/AnimationSharing.uplugin" 140
"../../../Engine/Plugins/Developer/GitSourceControl/GitSourceControl.uplugin" 141
"../../../Engine/Plugins/Developer/DumpGPUServices/DumpGPUServices.uplugin" 142
"../../../Engine/Plugins/Developer/CodeLiteSourceCodeAccess/CodeLiteSourceCodeAccess.uplugin" 143
"../../../Engine/Plugins/Developer/FieldNotificationTrace/FieldNotificationTrace.uplugin" 144
"../../../Engine/Plugins/Developer/KDevelopSourceCodeAccess/KDevelopSourceCodeAccess.uplugin" 145
"../../../Engine/Plugins/Developer/NullSourceCodeAccess/NullSourceCodeAccess.uplugin" 146
"../../../Engine/Plugins/Developer/NamingTokens/NamingTokens.uplugin" 147
"../../../Engine/Plugins/Developer/N10XSourceCodeAccess/N10XSourceCodeAccess.uplugin" 148
"../../../Engine/Plugins/Developer/OneSkyLocalizationService/OneSkyLocalizationService.uplugin" 149
"../../../Engine/Plugins/Developer/PerforceSourceControl/PerforceSourceControl.uplugin" 150
"../../../Engine/Plugins/Developer/PluginUtils/PluginUtils.uplugin" 151
"../../../Engine/Plugins/Developer/PlasticSourceControl/PlasticSourceControl.uplugin" 152
"../../../Engine/Plugins/Developer/PixWinPlugin/PixWinPlugin.uplugin" 153
"../../../Engine/Plugins/Developer/ProjectLauncher/ProjectLauncher.uplugin" 154
"../../../Engine/Plugins/Developer/PropertyAccessNode/PropertyAccessNode.uplugin" 155
"../../../Engine/Plugins/Developer/RiderSourceCodeAccess/RiderSourceCodeAccess.uplugin" 156
"../../../Engine/Plugins/Developer/TextureFormatOodle/TextureFormatOodle.uplugin" 157
"../../../Engine/Plugins/Developer/SubversionSourceControl/SubversionSourceControl.uplugin" 158
"../../../Engine/Plugins/Animation/AnimatorKit/AnimatorKit.uplugin" 159
"../../../Engine/Plugins/Developer/UObjectPlugin/UObjectPlugin.uplugin" 160
"../../../Engine/Plugins/Developer/TraceSourceFiltering/TraceSourceFilters.uplugin" 161
"../../../Engine/Plugins/Developer/VisualStudioSourceCodeAccess/VisualStudioSourceCodeAccess.uplugin" 162
"../../../Engine/Plugins/Developer/VisualStudioCodeSourceCodeAccess/VisualStudioCodeSourceCodeAccess.uplugin" 163
"../../../Engine/Plugins/Developer/RenderDocPlugin/RenderDocPlugin.uplugin" 164
"../../../Engine/Plugins/Developer/XCodeSourceCodeAccess/XCodeSourceCodeAccess.uplugin" 165
"../../../Engine/Plugins/Editor/AssetManagerEditor/AssetManagerEditor.uplugin" 166
"../../../Engine/Plugins/Developer/XcodeGPUDebuggerPlugin/XcodeGPUDebuggerPlugin.uplugin" 167
"../../../Engine/Plugins/Editor/BlueprintHeaderView/BlueprintHeaderView.uplugin" 168
"../../../Engine/Plugins/Editor/AssetReferenceRestrictions/AssetReferenceRestrictions.uplugin" 169
"../../../Engine/Plugins/Editor/AssetRegistryExport/AssetRegistryExport.uplugin" 170
"../../../Engine/Plugins/Editor/BlueprintMaterialTextureNodes/BlueprintMaterialTextureNodes.uplugin" 171
"../../../Engine/Plugins/Editor/AssetSearch/AssetSearch.uplugin" 172
"../../../Engine/Plugins/Editor/ColorGrading/ColorGrading.uplugin" 173
"../../../Engine/Plugins/Editor/ChangelistReview/ChangelistReview.uplugin" 174
"../../../Engine/Plugins/Editor/DataValidation/DataValidation.uplugin" 175
"../../../Engine/Plugins/Editor/CryptoKeys/CryptoKeys.uplugin" 176
"../../../Engine/Plugins/Editor/CurveEditorTools/CurveEditorTools.uplugin" 177
"../../../Engine/Plugins/Editor/DisplayClusterLaunch/DisplayClusterLaunch.uplugin" 178
"../../../Engine/Plugins/Editor/ConsoleVariablesEditor/ConsoleVariables.uplugin" 179
"../../../Engine/Plugins/Editor/EditorDebugTools/EditorDebugTools.uplugin" 180
"../../../Engine/Plugins/Editor/FacialAnimation/FacialAnimation.uplugin" 181
"../../../Engine/Plugins/Editor/EditorScriptingUtilities/EditorScriptingUtilities.uplugin" 182
"../../../Engine/Plugins/Editor/EditorSysConfigAssistant/EditorSysConfigAssistant.uplugin" 183
"../../../Engine/Plugins/Editor/EngineAssetDefinitions/EngineAssetDefinitions.uplugin" 184
"../../../Engine/Plugins/Editor/GameplayTagsEditor/GameplayTagsEditor.uplugin" 185
"../../../Engine/Plugins/Editor/GeometryMode/GeometryMode.uplugin" 186
"../../../Engine/Plugins/Editor/LiveUpdateForSlate/LiveUpdateForSlate.uplugin" 187
"../../../Engine/Plugins/Editor/GuidedTutorials/GuidedTutorials.uplugin" 188
"../../../Engine/Plugins/Editor/MacGraphicsSwitching/MacGraphicsSwitching.uplugin" 189
"../../../Engine/Plugins/Editor/MakeCookedEditorAsDLC/MakeCookedEditorAsDLC.uplugin" 190
"../../../Engine/Plugins/Editor/MeshLODToolset/MeshLODToolset.uplugin" 191
"../../../Engine/Plugins/Editor/MaterialAnalyzer/MaterialAnalyzer.uplugin" 192
"../../../Engine/Plugins/Editor/MobileLauncherProfileWizard/MobileLauncherProfileWizard.uplugin" 193
"../../../Engine/Plugins/Editor/ModelingToolsEditorMode/ModelingToolsEditorMode.uplugin" 194
"../../../Engine/Plugins/Editor/PluginBrowser/PluginBrowser.uplugin" 195
"../../../Engine/Plugins/Editor/SampleToolsEditorMode/SampleToolsEditorMode.uplugin" 196
"../../../Engine/Plugins/Editor/ScriptableToolsEditorMode/ScriptableToolsEditorMode.uplugin" 197
"../../../Engine/Plugins/Editor/SequencerAnimTools/SequencerAnimTools.uplugin" 198
"../../../Engine/Plugins/Developer/TraceDataFiltering/TraceDataFilters.uplugin" 199
"../../../Engine/Plugins/Editor/SpeedTreeImporter/SpeedTreeImporter.uplugin" 200
"../../../Engine/Plugins/Editor/StaticMeshEditorModeling/StaticMeshEditorModeling.uplugin" 201
"../../../Engine/Plugins/Editor/StylusInput/StylusInput.uplugin" 202
"../../../Engine/Plugins/Editor/UMGWidgetPreview/UMGWidgetPreview.uplugin" 203
"../../../Engine/Plugins/Editor/WaveformEditor/WaveformEditor.uplugin" 204
"../../../Engine/Plugins/Editor/WorldPartitionHLODUtilities/WorldPartitionHLODUtilities.uplugin" 205
"../../../Engine/Plugins/Editor/ProxyLODPlugin/ProxyLODPlugin.uplugin" 206
"../../../Engine/Plugins/Editor/UVEditor/UVEditor.uplugin" 207
"../../../Engine/Plugins/Enterprise/AxFImporter/AxFImporter.uplugin" 208
"../../../Engine/Plugins/Enterprise/DatasmithCADImporter/DatasmithCADImporter.uplugin" 209
"../../../Engine/Plugins/Enterprise/DatasmithFBXImporter/DatasmithFBXImporter.uplugin" 210
"../../../Engine/Plugins/Enterprise/DataprepEditor/DataprepEditor.uplugin" 211
"../../../Engine/Plugins/Enterprise/DatasmithContent/DatasmithContent.uplugin" 212
"../../../Engine/Plugins/Enterprise/DatasmithImporter/DatasmithImporter.uplugin" 213
"../../../Engine/Plugins/Enterprise/DatasmithC4DImporter/DatasmithC4DImporter.uplugin" 214
"../../../Engine/Plugins/Enterprise/GLTFExporter/GLTFExporter.uplugin" 215
"../../../Engine/Plugins/Enterprise/LidarPointCloud/LidarPointCloud.uplugin" 216
"../../../Engine/Plugins/Enterprise/VariantManagerContent/VariantManagerContent.uplugin" 217
"../../../Engine/Plugins/Enterprise/VariantManager/VariantManager.uplugin" 218
"../../../Engine/Plugins/Experimental/AbilitySystemGameFeatureActions/AbilitySystemGameFeatureActions.uplugin" 219
"../../../Engine/Plugins/Enterprise/MDLImporter/MDLImporter.uplugin" 220
"../../../Engine/Plugins/Experimental/ActorPalette/ActorPalette.uplugin" 221
"../../../Engine/Plugins/Experimental/AdvancedRenamer/AdvancedRenamer.uplugin" 222
"../../../Engine/Plugins/Experimental/AnimNextAnimGraph/AnimNextAnimGraph.uplugin" 223
"../../../Engine/Plugins/Experimental/AnimNextChooser/AnimNextChooser.uplugin" 224
"../../../Engine/Plugins/Experimental/AnimNext/AnimNext.uplugin" 225
"../../../Engine/Plugins/Experimental/AnimNextControlRig/AnimNextControlRig.uplugin" 226
"../../../Engine/Plugins/Experimental/AnimNextPoseSearch/AnimNextPoseSearch.uplugin" 227
"../../../Engine/Plugins/Experimental/AnimNextStateTree/AnimNextStateTree.uplugin" 228
"../../../Engine/Plugins/Experimental/AnimToTexture/AnimToTexture.uplugin" 229
"../../../Engine/Plugins/Experimental/AnimNextWarping/AnimNextWarping.uplugin" 230
"../../../Engine/Plugins/Experimental/AsyncMessageSystemTests/AsyncMessageSystemTests.uplugin" 231
"../../../Engine/Plugins/Experimental/AutomationUtils/AutomationUtils.uplugin" 232
"../../../Engine/Plugins/Experimental/AvalancheDisplayCluster/AvalancheDisplayCluster.uplugin" 233
"../../../Engine/Plugins/Experimental/AvalancheSequenceNavigator/AvalancheSequenceNavigator.uplugin" 234
"../../../Engine/Plugins/Experimental/AsyncMessageSystem/AsyncMessageSystem.uplugin" 235
"../../../Engine/Plugins/Experimental/AvalancheDataLink/AvalancheDataLink.uplugin" 236
"../../../Engine/Plugins/Experimental/AvalancheSceneState/AvalancheSceneState.uplugin" 237
"../../../Engine/Plugins/Experimental/CelestialVault/CelestialVault.uplugin" 238
"../../../Engine/Plugins/Experimental/BackChannel/BackChannel.uplugin" 239
"../../../Engine/Plugins/Experimental/BlueprintSnapNodes/BlueprintSnapNodes.uplugin" 240
"../../../Engine/Plugins/Experimental/Buoyancy/Buoyancy.uplugin" 241
"../../../Engine/Plugins/Experimental/ChaosCachingUSD/ChaosCachingUSD.uplugin" 242
"../../../Engine/Plugins/Experimental/ChaosModularVehicleExamples/ChaosModularVehicleExamples.uplugin" 243
"../../../Engine/Plugins/Experimental/ChaosCaching/ChaosCaching.uplugin" 244
"../../../Engine/Plugins/Experimental/ChaosClothEditor/ChaosClothEditor.uplugin" 245
"../../../Engine/Plugins/Experimental/ChaosFlesh/ChaosFlesh.uplugin" 246
"../../../Engine/Plugins/Experimental/ChaosModularVehicle/ChaosModularVehicle.uplugin" 247
"../../../Engine/Plugins/Experimental/ChaosMover/ChaosMover.uplugin" 248
"../../../Engine/Plugins/Experimental/ChaosOutfitAsset/ChaosOutfitAsset.uplugin" 249
"../../../Engine/Plugins/Experimental/ChaosSolverPlugin/ChaosSolverPlugin.uplugin" 250
"../../../Engine/Plugins/Experimental/ChaosVehiclesPlugin/ChaosVehiclesPlugin.uplugin" 251
"../../../Engine/Plugins/Experimental/ChaosUserDataPT/ChaosUserDataPT.uplugin" 252
"../../../Engine/Plugins/Editor/ModelViewViewModelPreview/ModelViewViewModelPreview.uplugin" 253
"../../../Engine/Plugins/Experimental/CineCameraSceneCapture/CineCameraSceneCapture.uplugin" 254
"../../../Engine/Plugins/Experimental/CharacterAI/CharacterAI.uplugin" 255
"../../../Engine/Plugins/Experimental/ChaosNiagara/ChaosNiagara.uplugin" 256
"../../../Engine/Plugins/Experimental/CinematicPrestreaming/CinematicPrestreaming.uplugin" 257
"../../../Engine/Plugins/Experimental/CineCameraRigs/CineCameraRigs.uplugin" 258
"../../../Engine/Plugins/Experimental/CodeEditor/CodeEditor.uplugin" 259
"../../../Engine/Plugins/Experimental/CodeView/CodeView.uplugin" 260
"../../../Engine/Plugins/Experimental/CommonConversation/CommonConversation.uplugin" 261
"../../../Engine/Plugins/Experimental/ColorCorrectRegions/ColorCorrectRegions.uplugin" 262
"../../../Engine/Plugins/Experimental/ControlFlows/ControlFlows.uplugin" 263
"../../../Engine/Plugins/Experimental/Dataflow/Dataflow.uplugin" 264
"../../../Engine/Plugins/Experimental/DaySequence/DaySequence.uplugin" 265
"../../../Engine/Plugins/Experimental/DataLink/DataLink.uplugin" 266
"../../../Engine/Plugins/Experimental/DefaultInstallBundleManager/DefaultInstallBundleManager.uplugin" 267
"../../../Engine/Plugins/Experimental/DataLinkOAuth/DataLinkOAuth.uplugin" 268
"../../../Engine/Plugins/Experimental/DynamicMaterialMediaStreamBridge/DynamicMaterialMediaStreamBridge.uplugin" 269
"../../../Engine/Plugins/Experimental/EditorPerformance/EditorPerformance.uplugin" 270
"../../../Engine/Plugins/Experimental/EditorDataStorage/EditorDataStorage.uplugin" 271
"../../../Engine/Plugins/Experimental/FastGeoStreaming/FastGeoStreaming.uplugin" 272
"../../../Engine/Plugins/Experimental/EditorTelemetry/EditorTelemetry.uplugin" 273
"../../../Engine/Plugins/Experimental/FloatingProperties/FloatingProperties.uplugin" 274
"../../../Engine/Plugins/Experimental/Fracture/Fracture.uplugin" 275
"../../../Engine/Plugins/Experimental/BlueprintStats/BlueprintStats.uplugin" 276
"../../../Engine/Plugins/Experimental/FullBodyIK/FullBodyIK.uplugin" 277
"../../../Engine/Plugins/Experimental/FieldSystemPlugin/FieldSystemPlugin.uplugin" 278
"../../../Engine/Plugins/Experimental/GameplayBehaviors/GameplayBehaviors.uplugin" 279
"../../../Engine/Plugins/Experimental/GameplayTargetingSystem/TargetingSystem.uplugin" 280
"../../../Engine/Plugins/Experimental/GameInputWindows/GameInputWindows.uplugin" 281
"../../../Engine/Plugins/Experimental/GameplayGraph/GameplayGraph.uplugin" 282
"../../../Engine/Plugins/Experimental/Gauntlet/Gauntlet.uplugin" 283
"../../../Engine/Plugins/Experimental/GeometryCacheAbcFile/GeometryCacheAbcFile.uplugin" 284
"../../../Engine/Plugins/Experimental/EvaluationNotifies/EvaluationNotifies.uplugin" 285
"../../../Engine/Plugins/Experimental/GeometryCacheLevelSequenceBaker/GeometryCacheLevelSequenceBaker.uplugin" 286
"../../../Engine/Plugins/Experimental/GeometryDataflow/GeometryDataflow.uplugin" 287
"../../../Engine/Plugins/Experimental/GizmoEdMode/GizmoEdMode.uplugin" 288
"../../../Engine/Plugins/Experimental/GeometryFlow/GeometryFlow.uplugin" 289
"../../../Engine/Plugins/Experimental/HairCardGenerator/HairCardGenerator.uplugin" 290
"../../../Engine/Plugins/Experimental/GeometryCollectionPlugin/GeometryCollectionPlugin.uplugin" 291
"../../../Engine/Plugins/Experimental/HairStrandsMutable/HairStrandsMutable.uplugin" 292
"../../../Engine/Plugins/Experimental/HairModelingToolset/HairModelingToolset.uplugin" 293
"../../../Engine/Plugins/Experimental/ImagePlate/ImagePlate.uplugin" 294
"../../../Engine/Plugins/Experimental/ImageWidgets/ImageWidgets.uplugin" 295
"../../../Engine/Plugins/Experimental/GizmoFramework/GizmoFramework.uplugin" 296
"../../../Engine/Plugins/Experimental/GPULightmass/GPULightmass.uplugin" 297
"../../../Engine/Plugins/Experimental/InlineMaterialInstance/InlineMaterialInstance.uplugin" 298
"../../../Engine/Plugins/Experimental/Landmass/Landmass.uplugin" 299
"../../../Engine/Plugins/Experimental/ImpostorBaker/ImpostorBaker.uplugin" 300
"../../../Engine/Plugins/Experimental/InteractionInterface/InteractionInterface.uplugin" 301
"../../../Engine/Plugins/Experimental/Iris/Iris.uplugin" 302
"../../../Engine/Plugins/Experimental/LevelSequenceNavigatorBridge/LevelSequenceNavigatorBridge.uplugin" 303
"../../../Engine/Plugins/Experimental/LearningAgents/LearningAgents.uplugin" 304
"../../../Engine/Plugins/Experimental/LiveLinkOpenVR/LiveLinkOpenVR.uplugin" 305
"../../../Engine/Plugins/Experimental/LandscapePatch/LandscapePatch.uplugin" 306
"../../../Engine/Plugins/Experimental/ChaosEditor/ChaosEditor.uplugin" 307
"../../../Engine/Plugins/Experimental/LiveLinkControlRig/LiveLinkControlRig.uplugin" 308
"../../../Engine/Plugins/Experimental/LocalizableMessage/LocalizableMessage.uplugin" 309
"../../../Engine/Plugins/Experimental/LiveLinkFaceImporter/LiveLinkFaceImporter.uplugin" 310
"../../../Engine/Plugins/Experimental/MediaStream/MediaStream.uplugin" 311
"../../../Engine/Plugins/Experimental/LowLevelNetTrace/LowLevelNetTrace.uplugin" 312
"../../../Engine/Plugins/Experimental/MediaViewer/MediaViewer.uplugin" 313
"../../../Engine/Plugins/Experimental/MLflow/MLflow.uplugin" 314
"../../../Engine/Plugins/Experimental/MeshModelingToolsetExp/MeshModelingToolsetExp.uplugin" 315
"../../../Engine/Plugins/Experimental/MetasoundExperimental/MetasoundExperimental.uplugin" 316
"../../../Engine/Plugins/Experimental/MotoSynth/MotoSynth.uplugin" 317
"../../../Engine/Plugins/Experimental/MotorSimOutputMotoSynth/MotorSimOutputMotoSynth.uplugin" 318
"../../../Engine/Plugins/Experimental/MoverAnimNext/MoverAnimNext.uplugin" 319
"../../../Engine/Plugins/Experimental/MeshResizing/MeshResizing.uplugin" 320
"../../../Engine/Plugins/Experimental/MoverTests/MoverTests.uplugin" 321
"../../../Engine/Plugins/Experimental/MoverExamples/MoverExamples.uplugin" 322
"../../../Engine/Plugins/Experimental/MoverIntegrations/MoverIntegrations.uplugin" 323
"../../../Engine/Plugins/Experimental/MovieScenePoseSearchTracks/MovieScenePoseSearchTracks.uplugin" 324
"../../../Engine/Plugins/Experimental/MutableClothing/MutableClothing.uplugin" 325
"../../../Engine/Plugins/Experimental/Mover/Mover.uplugin" 326
"../../../Engine/Plugins/Experimental/MovieSceneAnimMixer/MovieSceneAnimMixer.uplugin" 327
"../../../Engine/Plugins/Experimental/NeuralRendering/NeuralRendering.uplugin" 328
"../../../Engine/Plugins/Experimental/MutablePopulation/MutablePopulation.uplugin" 329
"../../../Engine/Plugins/VirtualProduction/CustomDetailsView/CustomDetailsView.uplugin" 330
"../../../Engine/Plugins/Experimental/NFORDenoise/NFORDenoise.uplugin" 331
"../../../Engine/Plugins/Experimental/NNERuntimeCoreML/NNERuntimeCoreML.uplugin" 332
"../../../Engine/Plugins/Experimental/NaniteDisplacedMesh/NaniteDisplacedMesh.uplugin" 333
"../../../Engine/Plugins/Experimental/NNERuntimeIREE/NNERuntimeIREE.uplugin" 334
"../../../Engine/Plugins/Experimental/NNERuntimeBasicCpu/NNERuntimeBasicCpu.uplugin" 335
"../../../Engine/Plugins/Experimental/OptiXDenoise/OptiXDenoise.uplugin" 336
"../../../Engine/Plugins/Experimental/NNERuntimeRDG/NNERuntimeRDG.uplugin" 337
"../../../Engine/Plugins/Experimental/PCGBiomeCore/PCGBiomeCore.uplugin" 338
"../../../Engine/Plugins/Experimental/PanoramicCapture/PanoramicCapture.uplugin" 339
"../../../Engine/Plugins/Experimental/OpenImageDenoise/OpenImageDenoise.uplugin" 340
"../../../Engine/Plugins/Experimental/PCGBiomeSample/PCGBiomeSample.uplugin" 341
"../../../Engine/Plugins/Experimental/PixelStreamingPlayer/PixelStreamingPlayer.uplugin" 342
"../../../Engine/Plugins/Experimental/PhysicsControl/PhysicsControl.uplugin" 343
"../../../Engine/Plugins/Experimental/PlainProps/PlainProps.uplugin" 344
"../../../Engine/Plugins/Experimental/PluginAudit/PluginAudit.uplugin" 345
"../../../Engine/Plugins/Experimental/PluginTemplateTool/PluginTemplateTool.uplugin" 346
"../../../Engine/Plugins/Experimental/PlatformCrypto/PlatformCrypto.uplugin" 347
"../../../Engine/Plugins/Experimental/PlainPropsUObject/PlainPropsUObject.uplugin" 348
"../../../Engine/Plugins/Experimental/PluginReferenceViewer/PluginReferenceViewer.uplugin" 349
"../../../Engine/Plugins/Experimental/PSDImporterMaterialDesignerBridge/PSDImporterMaterialDesignerBridge.uplugin" 350
"../../../Engine/Plugins/Experimental/PostProcessMaterialChainGraph/PostProcessMaterialChainGraph.uplugin" 351
"../../../Engine/Plugins/Experimental/PSDImporter/PSDImporter.uplugin" 352
"../../../Engine/Plugins/Experimental/QuicMessaging/QuicMessaging.uplugin" 353
"../../../Engine/Plugins/Experimental/PythonFoundationPackages/PythonFoundationPackages.uplugin" 354
"../../../Engine/Plugins/Experimental/RazerChromaDevices/RazerChromaDevices.uplugin" 355
"../../../Engine/Plugins/Experimental/PythonScriptPlugin/PythonScriptPlugin.uplugin" 356
"../../../Engine/Plugins/Experimental/RawInput/RawInput.uplugin" 357
"../../../Engine/Plugins/Experimental/RigLogicMutable/RigLogicMutable.uplugin" 358
"../../../Engine/Plugins/Experimental/RenderGrid/RenderGrid.uplugin" 359
"../../../Engine/Plugins/Experimental/RemoteControlComponents/RemoteControlComponents.uplugin" 360
"../../../Engine/Plugins/Experimental/RigLogicAnimNext/RigLogicAnimNext.uplugin" 361
"../../../Engine/Plugins/Experimental/RemoteSession/RemoteSession.uplugin" 362
"../../../Engine/Plugins/Experimental/RuntimeTelemetry/RuntimeTelemetry.uplugin" 363
"../../../Engine/Plugins/Experimental/SecuritySandbox/SecuritySandbox.uplugin" 364
"../../../Engine/Plugins/Experimental/SceneState/SceneState.uplugin" 365
"../../../Engine/Plugins/Experimental/ScreenReader/ScreenReader.uplugin" 366
"../../../Engine/Plugins/Experimental/SequenceNavigator/SequenceNavigator.uplugin" 367
"../../../Engine/Plugins/Experimental/SkeletalReduction/SkeletalReduction.uplugin" 368
"../../../Engine/Plugins/Experimental/SimpleHMD/SimpleHMD.uplugin" 369
"../../../Engine/Plugins/Experimental/SerializationUtils/SerializationUtils.uplugin" 370
"../../../Engine/Plugins/Experimental/Shotgrid/Shotgrid.uplugin" 371
"../../../Engine/Plugins/Experimental/SlateModelViewViewModel/SlateModelViewViewModel.uplugin" 372
"../../../Engine/Plugins/Experimental/SlateIM/SlateIM.uplugin" 373
"../../../Engine/Plugins/Experimental/SlateScreenReader/SlateScreenReader.uplugin" 374
"../../../Engine/Plugins/Experimental/SpatialReadiness/SpatialReadiness.uplugin" 375
"../../../Engine/Plugins/Experimental/StateGraph/StateGraph.uplugin" 376
"../../../Engine/Plugins/Experimental/StructUtils/StructUtils.uplugin" 377
"../../../Engine/Plugins/Experimental/SubmitToolEditor/SubmitToolEditor.uplugin" 378
"../../../Engine/Plugins/Experimental/PlanarCutPlugin/PlanarCut.uplugin" 379
"../../../Engine/Plugins/Experimental/SubtitlesAndClosedCaptions/SubtitlesAndClosedCaptions.uplugin" 380
"../../../Engine/Plugins/Experimental/SVGImporter/SVGImporter.uplugin" 381
"../../../Engine/Plugins/Experimental/Tensorboard/Tensorboard.uplugin" 382
"../../../Engine/Plugins/Experimental/SurfaceEffects/SurfaceEffects.uplugin" 383
"../../../Engine/Plugins/Experimental/TetMeshing/TetMeshing.uplugin" 384
"../../../Engine/Plugins/Experimental/TechAudioTools/TechAudioTools.uplugin" 385
"../../../Engine/Plugins/Experimental/TextToSpeech/TextToSpeech.uplugin" 386
"../../../Engine/Plugins/Experimental/TargetDeviceServicesScripting/TargetDeviceServicesScripting.uplugin" 387
"../../../Engine/Plugins/Experimental/Text3D/Text3D.uplugin" 388
"../../../Engine/Plugins/Experimental/ToolPresets/ToolPresets.uplugin" 389
"../../../Engine/Plugins/Experimental/UserToolBoxBasicCommand/UserToolBoxBasicCommand.uplugin" 390
"../../../Engine/Plugins/Experimental/UIFramework/UIFramework.uplugin" 391
"../../../Engine/Plugins/Experimental/TextureMediaPlayer/TextureMediaPlayer.uplugin" 392
"../../../Engine/Plugins/Experimental/VirtualHeightfieldMesh/VirtualHeightfieldMesh.uplugin" 393
"../../../Engine/Plugins/Experimental/UserToolBoxCore/UserToolBoxCore.uplugin" 394
"../../../Engine/Plugins/Experimental/VirtualProductionUtilities/VirtualProductionUtilities.uplugin" 395
"../../../Engine/Plugins/Experimental/Water/Water.uplugin" 396
"../../../Engine/Plugins/Experimental/WaterExtras/WaterExtras.uplugin" 397
"../../../Engine/Plugins/Experimental/Volumetrics/Volumetrics.uplugin" 398
"../../../Engine/Plugins/Experimental/WebSocketMessaging/WebSocketMessaging.uplugin" 399
"../../../Engine/Plugins/Experimental/WaterAdvanced/WaterAdvanced.uplugin" 400
"../../../Engine/Plugins/Experimental/WaveFunctionCollapse/WaveFunctionCollapse.uplugin" 401
"../../../Engine/Plugins/Experimental/WebSocketNetworking/WebSocketNetworking.uplugin" 402
"../../../Engine/Plugins/Experimental/Workspace/Workspace.uplugin" 403
"../../../Engine/Plugins/Experimental/WidgetEditorToolPalette/WidgetEditorToolPalette.uplugin" 404
"../../../Engine/Plugins/FX/ExampleCustomDataInterface/ExampleCustomDataInterface.uplugin" 405
"../../../Engine/Plugins/Experimental/XRCreativeFramework/XRCreativeFramework.uplugin" 406
"../../../Engine/Plugins/FX/Cascade/Cascade.uplugin" 407
"../../../Engine/Plugins/FX/CascadeToNiagaraConverter/CascadeToNiagaraConverter.uplugin" 408
"../../../Engine/Plugins/FX/NiagaraMRQ/NiagaraMRQ.uplugin" 409
"../../../Engine/Plugins/FX/Niagara/Niagara.uplugin" 410
"../../../Engine/Plugins/FX/NiagaraFluids/NiagaraFluids.uplugin" 411
"../../../Engine/Plugins/FX/NiagaraSimCaching/NiagaraSimCaching.uplugin" 412
"../../../Engine/Plugins/Importers/AlembicHairImporter/AlembicHairImporter.uplugin" 413
"../../../Engine/Plugins/Importers/AlembicImporter/AlembicImporter.uplugin" 414
"../../../Engine/Plugins/Importers/USDImporterMDL/USDImporterMDL.uplugin" 415
"../../../Engine/Plugins/Importers/USDImporter/USDImporter.uplugin" 416
"../../../Engine/Plugins/Importers/USDMultiUser/USDMultiUser.uplugin" 417
"../../../Engine/Plugins/Interchange/Assets/InterchangeAssets.uplugin" 418
"../../../Engine/Plugins/Media/AjaMedia/AjaMedia.uplugin" 419
"../../../Engine/Plugins/Interchange/Runtime/Interchange.uplugin" 420
"../../../Engine/Plugins/Media/AndroidCamera/AndroidCamera.uplugin" 421
"../../../Engine/Plugins/Media/AppleProResDecoderElectra/AppleProResDecoderElectra.uplugin" 422
"../../../Engine/Plugins/Media/AndroidMedia/AndroidMedia.uplugin" 423
"../../../Engine/Plugins/Media/AvfMedia/AvfMedia.uplugin" 424
"../../../Engine/Plugins/Media/AppleProResMedia/AppleProResMedia.uplugin" 425
"../../../Engine/Plugins/Media/AudioCaptureTimecodeProvider/AudioCaptureTimecodeProvider.uplugin" 426
"../../../Engine/Plugins/Media/AvidDNxMedia/AvidDNxMedia.uplugin" 427
"../../../Engine/Plugins/Media/AvidDNxHDDecoderElectra/AvidDNxHDDecoderElectra.uplugin" 428
"../../../Engine/Plugins/Media/D3D12VideoDecodersElectra/D3D12VideoDecodersElectra.uplugin" 429
"../../../Engine/Plugins/Media/BinkMedia/BinkMedia.uplugin" 430
"../../../Engine/Plugins/Media/BlackmagicMedia/BlackmagicMedia.uplugin" 431
"../../../Engine/Plugins/Media/ElectraCDM/ElectraCDM.uplugin" 432
"../../../Engine/Plugins/Media/ElectraPlayer/ElectraPlayer.uplugin" 433
"../../../Engine/Plugins/Media/ElectraCodecs/ElectraCodecs.uplugin" 434
"../../../Engine/Plugins/Media/HAPDecoderElectra/HAPDecoderElectra.uplugin" 435
"../../../Engine/Plugins/Media/ElectraUtil/ElectraUtil.uplugin" 436
"../../../Engine/Plugins/Media/FlacDecoderElectra/FlacDecoderElectra.uplugin" 437
"../../../Engine/Plugins/Media/HardwareEncoders/HardwareEncoders.uplugin" 438
"../../../Engine/Plugins/Interchange/Editor/InterchangeEditor.uplugin" 439
"../../../Engine/Plugins/Media/HAPMedia/HAPMedia.uplugin" 440
"../../../Engine/Plugins/Media/MediaFrameworkUtilities/MediaFrameworkUtilities.uplugin" 441
"../../../Engine/Plugins/Media/MediaCompositing/MediaCompositing.uplugin" 442
"../../../Engine/Plugins/Media/ImgMedia/ImgMedia.uplugin" 443
"../../../Engine/Plugins/Media/LinearTimecode/LinearTimecode.uplugin" 444
"../../../Engine/Plugins/Media/ElectraSubtitles/ElectraSubtitles.uplugin" 445
"../../../Engine/Plugins/Media/MediaMovieStreamer/MediaMovieStreamer.uplugin" 446
"../../../Engine/Plugins/Media/MediaPlate/MediaPlate.uplugin" 447
"../../../Engine/Plugins/Media/MediaIOFramework/MediaIOFramework.uplugin" 448
"../../../Engine/Plugins/Media/OpusDecoderElectra/OpusDecoderElectra.uplugin" 449
"../../../Engine/Plugins/Media/MediaPlayerEditor/MediaPlayerEditor.uplugin" 450
"../../../Engine/Plugins/Media/PixelCapture/PixelCapture.uplugin" 451
"../../../Engine/Plugins/Media/MfMedia/MfMedia.uplugin" 452
"../../../Engine/Plugins/Media/VPxDecoderElectra/VPxDecoderElectra.uplugin" 453
"../../../Engine/Plugins/Media/NDIMedia/NDIMedia.uplugin" 454
"../../../Engine/Plugins/Media/TimecodeSynchronizer/TimecodeSynchronizer.uplugin" 455
"../../../Engine/Plugins/Media/WebMMedia/WebMMedia.uplugin" 456
"../../../Engine/Plugins/Media/PixelStreaming/PixelStreaming.uplugin" 457
"../../../Engine/Plugins/Media/PixelStreaming2/PixelStreaming2.uplugin" 458
"../../../Engine/Plugins/Messaging/MessagingDebugger/MessagingDebugger.uplugin" 459
"../../../Engine/Plugins/Media/WmfMedia/WmfMedia.uplugin" 460
"../../../Engine/Plugins/MetaHuman/MetaHumanCharacter/MetaHumanCharacter.uplugin" 461
"../../../Engine/Plugins/MetaHuman/MetaHumanCalibrationProcessing/MetaHumanCalibrationProcessing.uplugin" 462
"../../../Engine/Plugins/Messaging/TcpMessaging/TcpMessaging.uplugin" 463
"../../../Engine/Plugins/Messaging/UdpMessaging/UdpMessaging.uplugin" 464
"../../../Engine/Plugins/MetaHuman/MetaHumanAnimator/MetaHuman.uplugin" 465
"../../../Engine/Plugins/MetaHuman/MetaHumanLiveLink/MetaHumanLiveLink.uplugin" 466
"../../../Engine/Plugins/MetaHuman/MetaHumanSDK/MetaHumanSDK.uplugin" 467
"../../../Engine/Plugins/MovieScene/ActorSequence/ActorSequence.uplugin" 468
"../../../Engine/Plugins/MetaHuman/MetaHumanCoreTechLib/MetaHumanCoreTech.uplugin" 469
"../../../Engine/Plugins/MovieScene/MoviePipelineMaskRenderPass/MoviePipelineMaskRenderPass.uplugin" 470
"../../../Engine/Plugins/MovieScene/CustomizableSequencerTracks/CustomizableSequencerTracks.uplugin" 471
"../../../Engine/Plugins/MovieScene/MovieRenderPipeline/MovieRenderPipeline.uplugin" 472
"../../../Engine/Plugins/NetcodeUnitTest/NetcodeUnitTest/NetcodeUnitTest.uplugin" 473
"../../../Engine/Plugins/MovieScene/LevelSequenceEditor/LevelSequenceEditor.uplugin" 474
"../../../Engine/Plugins/MovieScene/ReplayTracks/ReplayTracks.uplugin" 475
"../../../Engine/Plugins/MovieScene/SequencerScripting/SequencerScripting.uplugin" 476
"../../../Engine/Plugins/MovieScene/MovieSceneTextTrack/MovieSceneTextTrack.uplugin" 477
"../../../Engine/Plugins/NNE/NNEDenoiser/NNEDenoiser.uplugin" 478
"../../../Engine/Plugins/MovieScene/TemplateSequence/TemplateSequence.uplugin" 479
"../../../Engine/Plugins/NetcodeUnitTest/NUTUnrealEngine/NUTUnrealEngine.uplugin" 480
"../../../Engine/Plugins/NNE/NNERuntimeORT/NNERuntimeORT.uplugin" 481
"../../../Engine/Plugins/Online/EOSOverlayInputProvider/EOSOverlayInputProvider.uplugin" 482
"../../../Engine/Plugins/Online/OnlineBase/OnlineBase.uplugin" 483
"../../../Engine/Plugins/Online/OnlineServices/OnlineServices.uplugin" 484
"../../../Engine/Plugins/Online/OnlineFramework/OnlineFramework.uplugin" 485
"../../../Engine/Plugins/Online/EOSShared/EOSShared.uplugin" 486
"../../../Engine/Plugins/Online/OnlineServicesEOS/OnlineServicesEOS.uplugin" 487
"../../../Engine/Plugins/Online/OnlineServicesOSSAdapter/OnlineServicesOSSAdapter.uplugin" 488
"../../../Engine/Plugins/Online/OnlineServicesEOSGS/OnlineServicesEOSGS.uplugin" 489
"../../../Engine/Plugins/Online/OnlineServicesEpicCommon/OnlineServicesEpicCommon.uplugin" 490
"../../../Engine/Plugins/Online/OnlineSubsystemAmazon/OnlineSubsystemAmazon.uplugin" 491
"../../../Engine/Plugins/Online/OnlineServicesNull/OnlineServicesNull.uplugin" 492
"../../../Engine/Plugins/Online/OnlineSubsystem/OnlineSubsystem.uplugin" 493
"../../../Engine/Plugins/Online/OnlineSubsystemApple/OnlineSubsystemApple.uplugin" 494
"../../../Engine/Plugins/Online/OnlineSubsystemGoogle/OnlineSubsystemGoogle.uplugin" 495
"../../../Engine/Plugins/Online/OnlineSubsystemTencent/OnlineSubsystemTencent.uplugin" 496
"../../../Engine/Plugins/Online/OnlineSubsystemEOS/OnlineSubsystemEOS.uplugin" 497
"../../../Engine/Plugins/Online/OnlineSubsystemFacebook/OnlineSubsystemFacebook.uplugin" 498
"../../../Engine/Plugins/Experimental/JWT/JWT.uplugin" 499
"../../../Engine/Plugins/Online/OnlineSubsystemNull/OnlineSubsystemNull.uplugin" 500
"../../../Engine/Plugins/Experimental/InstanceDataObjectFixupTool/InstanceDataObjectFixupTool.uplugin" 501
"../../../Engine/Plugins/Performance/AutomatedPerfTesting/AutomatedPerfTesting.uplugin" 502
"../../../Engine/Plugins/Performance/PerformanceMonitor/PerformanceMonitor.uplugin" 503
"../../../Engine/Plugins/Online/WebAuth/WebAuth.uplugin" 504
"../../../Engine/Plugins/Animation/DNACalib/DNACalib.uplugin" 505
"../../../Engine/Plugins/PCGInterops/PCGGeometryScriptInterop/PCGGeometryScriptInterop.uplugin" 506
"../../../Engine/Plugins/Online/OnlineSubsystemUtils/OnlineSubsystemUtils.uplugin" 507
"../../../Engine/Plugins/Runtime/ADM/ADM.uplugin" 508
"../../../Engine/Plugins/Runtime/ActorLayerUtilities/ActorLayerUtilities.uplugin" 509
"../../../Engine/Plugins/Experimental/EditorDataStorageFeatures/EditorDataStorageFeatures.uplugin" 510
"../../../Engine/Plugins/Runtime/AndroidDeviceProfileSelector/AndroidDeviceProfileSelector.uplugin" 511
"../../../Engine/Plugins/Runtime/AndroidFileServer/AndroidFileServer.uplugin" 512
"../../../Engine/Plugins/Portal/LauncherChunkInstaller/LauncherChunkInstaller.uplugin" 513
"../../../Engine/Plugins/Runtime/ApexDestruction/ApexDestruction.uplugin" 514
"../../../Engine/Plugins/Runtime/AndroidBackgroundService/AndroidBackgroundService.uplugin" 515
"../../../Engine/Plugins/Runtime/AndroidMoviePlayer/AndroidMoviePlayer.uplugin" 516
"../../../Engine/Plugins/Runtime/AppleImageUtils/AppleImageUtils.uplugin" 517
"../../../Engine/Plugins/Runtime/AnimationBudgetAllocator/AnimationBudgetAllocator.uplugin" 518
"../../../Engine/Plugins/Runtime/AndroidPermission/AndroidPermission.uplugin" 519
"../../../Engine/Plugins/Runtime/AudioMotorSim/AudioMotorSim.uplugin" 520
"../../../Engine/Plugins/Runtime/AppleMoviePlayer/AppleMoviePlayer.uplugin" 521
"../../../Engine/Plugins/Runtime/ArchVisCharacter/ArchVisCharacter.uplugin" 522
"../../../Engine/Plugins/Online/SocketSubsystemEOS/SocketSubsystemEOS.uplugin" 523
"../../../Engine/Plugins/Runtime/AudioModulation/AudioModulation.uplugin" 524
"../../../Engine/Plugins/Runtime/AudioWidgets/AudioWidgets.uplugin" 525
"../../../Engine/Plugins/Runtime/AudioSynesthesia/AudioSynesthesia.uplugin" 526
"../../../Engine/Plugins/Runtime/CableComponent/CableComponent.uplugin" 527
"../../../Engine/Plugins/Runtime/ComputeFramework/ComputeFramework.uplugin" 528
"../../../Engine/Plugins/Runtime/AudioCapture/AudioCapture.uplugin" 529
"../../../Engine/Plugins/Runtime/ChunkDownloader/ChunkDownloader.uplugin" 530
"../../../Engine/Plugins/Runtime/CommonUI/CommonUI.uplugin" 531
"../../../Engine/Plugins/Runtime/CustomMeshComponent/CustomMeshComponent.uplugin" 532
"../../../Engine/Plugins/Runtime/DataRegistry/DataRegistry.uplugin" 533
"../../../Engine/Plugins/Runtime/GameplayAbilities/GameplayAbilities.uplugin" 534
"../../../Engine/Plugins/Runtime/Firebase/Firebase.uplugin" 535
"../../../Engine/Plugins/Runtime/ExampleDeviceProfileSelector/ExampleDeviceProfileSelector.uplugin" 536
"../../../Engine/Plugins/Runtime/GameplayBehaviorSmartObjects/GameplayBehaviorSmartObjects.uplugin" 537
"../../../Engine/Plugins/Runtime/GameFeatures/GameFeatures.uplugin" 538
"../../../Engine/Plugins/Runtime/GameInput/GameInput.uplugin" 539
"../../../Engine/Plugins/Runtime/GameplayStateTree/GameplayStateTree.uplugin" 540
"../../../Engine/Plugins/Runtime/GameplayInteractions/GameplayInteractions.uplugin" 541
"../../../Engine/Plugins/Runtime/GeometryProcessing/GeometryProcessing.uplugin" 542
"../../../Engine/Plugins/Runtime/GoogleCloudMessaging/GoogleCloudMessaging.uplugin" 543
"../../../Engine/Plugins/Runtime/GeometryScripting/GeometryScripting.uplugin" 544
"../../../Engine/Plugins/Runtime/GeoReferencing/GeoReferencing.uplugin" 545
"../../../Engine/Plugins/Runtime/GeometryCache/GeometryCache.uplugin" 546
"../../../Engine/Plugins/Runtime/HairStrands/HairStrands.uplugin" 547
"../../../Engine/Plugins/Runtime/GooglePAD/GooglePAD.uplugin" 548
"../../../Engine/Plugins/Runtime/HDRIBackdrop/HDRIBackdrop.uplugin" 549
"../../../Engine/Plugins/Runtime/Harmonix/Harmonix.uplugin" 550
"../../../Engine/Plugins/Runtime/IOSDeviceProfileSelector/IOSDeviceProfileSelector.uplugin" 551
"../../../Engine/Plugins/Runtime/HTTPChunkInstaller/HTTPChunkInstaller.uplugin" 552
"../../../Engine/Plugins/Runtime/InstancedActors/InstancedActors.uplugin" 553
"../../../Engine/Plugins/Runtime/HPMotionController/HPMotionController.uplugin" 554
"../../../Engine/Plugins/Runtime/LevelStreamingPersistence/LevelStreamingPersistence.uplugin" 555
"../../../Engine/Plugins/Runtime/IOSReplayKit/IOSReplayKit.uplugin" 556
"../../../Engine/Plugins/Runtime/LocationServicesBPLibrary/LocationServicesBPLibrary.uplugin" 557
"../../../Engine/Plugins/Runtime/MassGameplay/MassGameplay.uplugin" 558
"../../../Engine/Plugins/Runtime/LiveLinkOvernDisplay/LiveLinkOverNDisplay.uplugin" 559
"../../../Engine/Plugins/Runtime/LocationServicesAndroidImpl/LocationServicesAndroidImpl.uplugin" 560
"../../../Engine/Plugins/Runtime/LinuxDeviceProfileSelector/LinuxDeviceProfileSelector.uplugin" 561
"../../../Engine/Plugins/Runtime/MassEntity/MassEntity.uplugin" 562
"../../../Engine/Plugins/Runtime/LocationServicesIOSImpl/LocationServicesIOSImpl.uplugin" 563
"../../../Engine/Plugins/Runtime/MeshModelingToolset/MeshModelingToolset.uplugin" 564
"../../../Engine/Plugins/Runtime/Metasound/Metasound.uplugin" 565
"../../../Engine/Plugins/Runtime/MobilePatchingUtils/MobilePatchingUtils.uplugin" 566
"../../../Engine/Plugins/Runtime/MicrosoftSpatialAudio/MicroSoftSpatialSound.uplugin" 567
"../../../Engine/Plugins/Runtime/MIDIDevice/MIDIDevice.uplugin" 568
"../../../Engine/Plugins/Runtime/MixedRealityCaptureFramework/MixedRealityCaptureFramework.uplugin" 569
"../../../Engine/Plugins/Runtime/MobileFSR/MobileFSR.uplugin" 570
"../../../Engine/Plugins/Runtime/ModelViewViewModel/ModelViewViewModel.uplugin" 571
"../../../Engine/Plugins/Runtime/NavCorridor/NavCorridor.uplugin" 572
"../../../Engine/Plugins/Runtime/MsQuic/MsQuic.uplugin" 573
"../../../Engine/Plugins/Runtime/ModularGameplay/ModularGameplay.uplugin" 574
"../../../Engine/Plugins/Runtime/MultiServerReplication/MultiServerReplication.uplugin" 575
"../../../Engine/Plugins/Runtime/nDisplayModularFeatures/nDisplayModularFeatures.uplugin" 576
"../../../Engine/Plugins/Runtime/MusicEnvironment/MusicEnvironment.uplugin" 577
"../../../Engine/Plugins/Runtime/nDisplay/nDisplay.uplugin" 578
"../../../Engine/Plugins/Runtime/NetworkPrediction/NetworkPrediction.uplugin" 579
"../../../Engine/Plugins/Runtime/NetworkPredictionInsights/NetworkPredictionInsights.uplugin" 580
"../../../Engine/Plugins/Runtime/OpenXR/OpenXR.uplugin" 581
"../../../Engine/Plugins/Runtime/InputDebugging/InputDebugging.uplugin" 582
"../../../Engine/Plugins/Runtime/OpenXRHandTracking/OpenXRHandTracking.uplugin" 583
"../../../Engine/Plugins/Runtime/NetworkPredictionExtras/NetworkPredictionExtras.uplugin" 584
"../../../Engine/Plugins/Runtime/OpenXRViveTracker/OpenXRViveTracker.uplugin" 585
"../../../Engine/Plugins/Runtime/OpenXRMsftHandInteraction/OpenXRMsftHandInteraction.uplugin" 586
"../../../Engine/Plugins/Runtime/OSC/OSC.uplugin" 587
"../../../Engine/Plugins/Runtime/OptionalMobileFeaturesBPLibrary/OptionalMobileFeaturesBPLibrary.uplugin" 588
"../../../Engine/Plugins/Runtime/ProceduralMeshComponent/ProceduralMeshComponent.uplugin" 589
"../../../Engine/Plugins/Runtime/PropertyAccess/PropertyAccessEditor.uplugin" 590
"../../../Engine/Plugins/Runtime/PreLoadScreenMoviePlayer/PreLoadScreenMoviePlayer.uplugin" 591
"../../../Engine/Plugins/Runtime/OpenXREyeTracker/OpenXREyeTracker.uplugin" 592
"../../../Engine/Plugins/Runtime/ReplicationGraph/ReplicationGraph.uplugin" 593
"../../../Engine/Plugins/Runtime/PropertyBindingUtils/PropertyBindingUtils.uplugin" 594
"../../../Engine/Plugins/Runtime/ResonanceAudio/ResonanceAudio.uplugin" 595
"../../../Engine/Plugins/Runtime/RigVM/RigVM.uplugin" 596
"../../../Engine/Plugins/Runtime/SignificanceManager/SignificanceManager.uplugin" 597
"../../../Engine/Plugins/Runtime/SmartObjects/SmartObjects.uplugin" 598
"../../../Engine/Plugins/Runtime/ReplicationSystemTestPlugin/ReplicationSystemTestPlugin.uplugin" 599
"../../../Engine/Plugins/Runtime/SoundFields/SoundFields.uplugin" 600
"../../../Engine/Plugins/Runtime/ScriptableToolsFramework/ScriptableToolsFramework.uplugin" 601
"../../../Engine/Plugins/Runtime/SoundMod/SoundMod.uplugin" 602
"../../../Engine/Plugins/Runtime/SoundCueTemplates/SoundCueTemplates.uplugin" 603
"../../../Engine/Plugins/Runtime/Spatialization/Spatialization.uplugin" 604
"../../../Engine/Plugins/Runtime/SoundUtilities/SoundUtilities.uplugin" 605
"../../../Engine/Plugins/Runtime/SkeletalMerging/SkeletalMerging.uplugin" 606
"../../../Engine/Plugins/Runtime/Soundscape/Soundscape.uplugin" 607
"../../../Engine/Plugins/Runtime/StateTree/StateTree.uplugin" 608
"../../../Engine/Plugins/Runtime/SunPosition/SunPosition.uplugin" 609
"../../../Engine/Plugins/Runtime/WarpUtils/WarpUtils.uplugin" 610
"../../../Engine/Plugins/Runtime/WebBrowserNativeProxy/WebBrowserNativeProxy.uplugin" 611
"../../../Engine/Plugins/Runtime/Synthesis/Synthesis.uplugin" 612
"../../../Engine/Plugins/Runtime/WaveTable/WaveTable.uplugin" 613
"../../../Engine/Plugins/Runtime/WebBrowserWidget/WebBrowserWidget.uplugin" 614
"../../../Engine/Plugins/Runtime/USDCore/USDCore.uplugin" 615
"../../../Engine/Plugins/Runtime/WorldConditions/WorldConditions.uplugin" 616
"../../../Engine/Plugins/Runtime/WebMMoviePlayer/WebMMoviePlayer.uplugin" 617
"../../../Engine/Plugins/Runtime/WindowsDeviceProfileSelector/WindowsDeviceProfileSelector.uplugin" 618
"../../../Engine/Plugins/Runtime/WindowsMoviePlayer/WindowsMoviePlayer.uplugin" 619
"../../../Engine/Plugins/Runtime/ZoneGraphAnnotations/ZoneGraphAnnotations.uplugin" 620
"../../../Engine/Plugins/Runtime/ZoneGraph/ZoneGraph.uplugin" 621
"../../../Engine/Plugins/Runtime/XRBase/XRBase.uplugin" 622
"../../../Engine/Plugins/Web/HttpBlueprint/HttpBlueprint.uplugin" 623
"../../../Engine/Plugins/Slate/SlateInsights/SlateInsights.uplugin" 624
"../../../Engine/Plugins/Runtime/OpenCV/OpenCV.uplugin" 625
"../../../Engine/Plugins/Slate/SlateScripting/SlateScripting.uplugin" 626
"../../../Engine/Plugins/Runtime/RenderTrace/RenderTrace.uplugin" 627
"../../../Engine/Plugins/Developer/Concert/ConcertMain/ConcertMain.uplugin" 628
"../../../Engine/Plugins/Editor/ContentBrowser/ContentBrowserAliasDataSource/ContentBrowserAliasDataSource.uplugin" 629
"../../../Engine/Plugins/Editor/ContentBrowser/ContentBrowserAssetDataSource/ContentBrowserAssetDataSource.uplugin" 630
"../../../Engine/Plugins/Editor/ContentBrowser/ContentBrowserClassDataSource/ContentBrowserClassDataSource.uplugin" 631
"../../../Engine/Plugins/Editor/ContentBrowser/ContentBrowserFileDataSource/ContentBrowserFileDataSource.uplugin" 632
"../../../Engine/Plugins/Experimental/Compositing/HoldoutComposite/HoldoutComposite.uplugin" 633
"../../../Engine/Plugins/Experimental/Compositing/CompositeCore/CompositeCore.uplugin" 634
"../../../Engine/Plugins/Experimental/Enterprise/DatasmithRuntime/DatasmithRuntime.uplugin" 635
"../../../Engine/Plugins/Interchange/Extensions/OpenUSD/InterchangeOpenUSD.uplugin" 636
"../../../Engine/Plugins/Experimental/Enterprise/DatasmithInterchange/DatasmithInterchange.uplugin" 637
"../../../Engine/Plugins/Runtime/Analytics/Adjust/Adjust.uplugin" 638
"../../../Engine/Plugins/Runtime/Analytics/AnalyticsBlueprintLibrary/AnalyticsBlueprintLibrary.uplugin" 639
"../../../Engine/Plugins/Runtime/Analytics/FileLogging/FileLogging.uplugin" 640
"../../../Engine/Plugins/Experimental/Enterprise/DataprepGeometryOperations/DataprepGeometryOperations.uplugin" 641
"../../../Engine/Plugins/Experimental/Web/WebAPI/WebAPI.uplugin" 642
"../../../Engine/Plugins/Runtime/Nvidia/GeForceNOWWrapper/GeForceNOWWrapper.uplugin" 643
"../../../Engine/Plugins/Interchange/Extensions/OpenVDB/InterchangeOpenVDB.uplugin" 644
"../../../Engine/Plugins/Runtime/Analytics/AnalyticsMulticast/AnalyticsMulticast.uplugin" 645
"../../../Engine/Plugins/Runtime/Nvidia/Reflex/Reflex.uplugin" 646
"../../../Engine/Plugins/Runtime/Steam/SteamController/SteamController.uplugin" 647
"../../../Engine/Plugins/Runtime/Steam/SteamAudio/SteamAudio.uplugin" 648
"../../../Engine/Plugins/Runtime/Windows/WinDualShock/WinDualShock.uplugin" 649
"../../../Engine/Plugins/Runtime/Windows/XInputDevice/XInputDevice.uplugin" 650
"../../../Engine/Plugins/Runtime/Steam/SteamShared/SteamShared.uplugin" 651
"../../../Engine/Plugins/Runtime/Steam/SteamSockets/SteamSockets.uplugin" 652
"../../../Engine/Plugins/Editor/Localization/PortableObjectFileDataSource/PortableObjectFileDataSource.uplugin" 653
"../../../Engine/Plugins/Editor/ObjectMixer/LightMixer/LightMixer.uplugin" 654
"../../../Engine/Plugins/Runtime/MeshReconstruction/DummyMeshReconstructor/DummyMeshReconstructor.uplugin" 655
"../../../Engine/Plugins/Experimental/PCGInterops/PCGInstancedActorsInterop/PCGInstancedActorsInterop.uplugin" 656
"../../../Engine/Plugins/Experimental/PCGInterops/PCGNiagaraInterop/PCGNiagaraInterop.uplugin" 657
"../../../Engine/Plugins/Experimental/CharacterFXEditor/ExampleCharacterFXEditor/ExampleCharacterFXEditor.uplugin" 658
"../../../Engine/Plugins/Experimental/CharacterFXEditor/BaseCharacterFXEditor/BaseCharacterFXEditor.uplugin" 659
"../../../Engine/Plugins/Editor/ObjectMixer/ObjectMixer/ObjectMixer.uplugin" 660
"../../../Engine/Plugins/Experimental/VirtualProduction/LedWallCalibration/LedWallCalibration.uplugin" 661
"../../../Engine/Plugins/Experimental/VirtualProduction/VPRoles/VPRoles.uplugin" 662
"../../../Engine/Plugins/Experimental/PCGInterops/PCGWaterInterop/PCGWaterInterop.uplugin" 663
"../../../Engine/Plugins/Online/IOS/OnlineSubsystemIOS/OnlineSubsystemIOS.uplugin" 664
"../../../Engine/Plugins/Experimental/Animation/ContextualAnimation/ContextualAnimation.uplugin" 665
"../../../Engine/Plugins/Experimental/Animation/CurveExpression/CurveExpression.uplugin" 666
"../../../Engine/Plugins/Experimental/VirtualProduction/VPSettings/VPSettings.uplugin" 667
"../../../Engine/Plugins/Runtime/Advertising/IOSTapJoy/IOSTapJoy.uplugin" 668
"../../../Engine/Plugins/Experimental/Animation/Locomotor/Locomotor.uplugin" 669
"../../../Engine/Plugins/Experimental/Animation/HierarchyTable/HierarchyTable.uplugin" 670
"../../../Engine/Plugins/Experimental/Animation/PackedAttributes/PackedAttributes.uplugin" 671
"../../../Engine/Plugins/Experimental/Animation/HierarchyTableAnimation/HierarchyTableAnimation.uplugin" 672
"../../../Engine/Plugins/Experimental/Animation/MotionTrajectory/MotionTrajectory.uplugin" 673
"../../../Engine/Plugins/Experimental/Animation/Optimus/Optimus.uplugin" 674
"../../../Engine/Plugins/Experimental/Animation/RigMapper/RigMapper.uplugin" 675
"../../../Engine/Plugins/Experimental/Animation/TrajectoryTools/TrajectoryTools.uplugin" 676
"../../../Engine/Plugins/Experimental/Animation/SkeletalMeshMorphTargetEditingTools/SkeletalMeshMorphTargetEditingTools.uplugin" 677
"../../../Engine/Plugins/Online/Android/OnlineSubsystemGooglePlay/OnlineSubsystemGooglePlay.uplugin" 678
"../../../Engine/Plugins/Experimental/Animation/SkeletonTemplateFramework/SkeletonTemplateFramework.uplugin" 679
"../../../Engine/Plugins/Online/Android/AndroidFetchBackgroundDownload/AndroidFetchBackgroundDownload.uplugin" 680
"../../../Engine/Plugins/Online/VoiceChat/VoiceChat/VoiceChat.uplugin" 681
"../../../Engine/Plugins/VirtualProduction/DMX/DatasmithMVR/DatasmithMVR.uplugin" 682
"../../../Engine/Plugins/Online/VoiceChat/EOSVoiceChat/EOSVoiceChat.uplugin" 683
"../../../Engine/Plugins/VirtualProduction/CaptureManager/CaptureManagerApp/CaptureManagerApp.uplugin" 684
"../../../Engine/Plugins/VirtualProduction/DMX/DMXControlConsole/DMXControlConsole.uplugin" 685
"../../../Engine/Plugins/VirtualProduction/CaptureManager/CaptureManagerCore/CaptureManagerCore.uplugin" 686
"../../../Engine/Plugins/VirtualProduction/CaptureManager/CaptureManagerDevices/CaptureManagerDevices.uplugin" 687
"../../../Engine/Plugins/VirtualProduction/CaptureManager/CaptureManagerEditor/CaptureManagerEditor.uplugin" 688
"../../../Engine/Plugins/VirtualProduction/DMX/DMXEngine/DMXEngine.uplugin" 689
"../../../Engine/Plugins/VirtualProduction/DMX/DMXDisplayCluster/DMXDisplayCluster.uplugin" 690
"../../../Engine/Plugins/VirtualProduction/DMX/DMXGDTF/DMXGDTF.uplugin" 691
"../../../Engine/Plugins/VirtualProduction/DMX/DMXFixtures/DMXFixtures.uplugin" 692
"../../../Engine/Plugins/VirtualProduction/Rivermax/RivermaxMedia/RivermaxMedia.uplugin" 693
"../../../Engine/Plugins/VirtualProduction/Rivermax/RivermaxSync/RivermaxSync.uplugin" 694
"../../../Engine/Plugins/VirtualProduction/DMX/DMXModularFeatures/DMXModularFeatures.uplugin" 695
"../../../Engine/Plugins/VirtualProduction/Rivermax/RivermaxCore/RivermaxCore.uplugin" 696
"../../../Engine/Plugins/Animation/MLDeformer/ChaosFleshGenerator/ChaosFleshGenerator.uplugin" 697
"../../../Engine/Plugins/Animation/MLDeformer/ChaosClothGenerator/ChaosClothGenerator.uplugin" 698
"../../../Engine/Plugins/Animation/MLDeformer/NearestNeighborModel/NearestNeighborModel.uplugin" 699
"../../../Engine/Plugins/Animation/MLDeformer/MLDeformerFramework/MLDeformerFramework.uplugin" 700
"../../../Engine/Plugins/Animation/MLDeformer/NeuralMorphModel/NeuralMorphModel.uplugin" 701
"../../../Engine/Plugins/Animation/MLDeformer/VertexDeltaModel/VertexDeltaModel.uplugin" 702
"../../../Engine/Plugins/Experimental/AVCodecs/AVCodecsCore/AVCodecsCore.uplugin" 703
"../../../Engine/Plugins/Experimental/AVCodecs/WMFCodecs/WMFCodecs.uplugin" 704
"../../../Engine/Plugins/Experimental/AVCodecs/AMFCodecs/AMFCodecs.uplugin" 705
"../../../Engine/Plugins/Experimental/AVCodecs/VTCodecs/VTCodecs.uplugin" 706
"../../../Engine/Plugins/Experimental/AVCodecs/LibVpxCodecs/LibVpxCodecs.uplugin" 707
"../../../Engine/Plugins/Experimental/AVCodecs/NVCodecs/NVCodecs.uplugin" 708
"../../../Engine/Plugins/Experimental/MetaHuman/MetaHumanRuntime/MetaHumanRuntime.uplugin" 709
"../../../Engine/Plugins/Runtime/Database/ADOSupport/ADOSupport.uplugin" 710
"../../../Engine/Plugins/Runtime/Database/DatabaseSupport/DatabaseSupport.uplugin" 711
"../../../Engine/Plugins/Runtime/AR/ARUtilities/ARUtilities.uplugin" 712
"../../../Engine/Plugins/Runtime/Database/SQLiteSupport/SQLiteSupport.uplugin" 713
"../../../Engine/Plugins/Runtime/XR/XRScribe/XRScribe.uplugin" 714
"../../../Engine/Plugins/Runtime/Database/SQLiteCore/SQLiteCore.uplugin" 715
"../../../Engine/Plugins/Runtime/Database/RemoteDatabaseSupport/RemoteDatabaseSupport.uplugin" 716
"../../../Engine/Plugins/Runtime/PacketHandlers/AESGCMHandlerComponent/AESGCMHandlerComponent.uplugin" 717
"../../../Engine/Plugins/Runtime/PacketHandlers/DTLSHandlerComponent/DTLSHandlerComponent.uplugin" 718
"../../../Engine/Plugins/Runtime/PacketHandlers/AESHandlerComponent/AESHandlerComponent.uplugin" 719
"../../../Engine/Plugins/VirtualProduction/DMX/DMXProtocol/DMXProtocol.uplugin" 720
"../../../Engine/Plugins/Runtime/XR/XRVisualization/XRVisualization.uplugin" 721
"../../../Engine/Plugins/VirtualProduction/DMX/DMXPixelMapping/DMXPixelMapping.uplugin" 722
"../../../Engine/Plugins/Developer/Concert/ConcertSync/ConcertSyncClient/ConcertSyncClient.uplugin" 723
"../../../Engine/Plugins/Developer/Concert/ConcertSync/ConcertSyncCore/ConcertSyncCore.uplugin" 724
"../../../Engine/Plugins/Developer/Concert/ConcertSync/ConcertSyncServer/ConcertSyncServer.uplugin" 725
"../../../Engine/Plugins/Developer/Concert/ConcertSync/ConcertSyncTest/ConcertSyncTest.uplugin" 726
"../../../Engine/Plugins/Developer/Concert/ConcertUI/ConcertClientSharedSlate/ConcertClientSharedSlate.uplugin" 727
"../../../Engine/Plugins/Runtime/AR/Google/GoogleARCore/GoogleARCore.uplugin" 728
"../../../Engine/Plugins/Runtime/AR/Google/GoogleARCoreServices/GoogleARCoreServices.uplugin" 729
"../../../Engine/Plugins/Developer/Concert/ConcertUI/ConcertSharedSlate/ConcertSharedSlate.uplugin" 730
"../../../Engine/Plugins/Developer/Concert/ConcertInsights/ConcertInsightsClient/ConcertInsightsClient.uplugin" 731
"../../../Engine/Plugins/Developer/Concert/ConcertApp/MultiUserClient/MultiUserClient.uplugin" 732
"../../../Engine/Plugins/Developer/Concert/ConcertApp/DisasterRecoveryClient/DisasterRecoveryClient.uplugin" 733
"../../../Engine/Plugins/Developer/Concert/ConcertInsights/ConcertInsightsVisualizer/ConcertInsightsVisualizer.uplugin" 734
"../../../Engine/Plugins/Developer/Concert/ConcertScripting/ConcertReplicationScripting/ConcertReplicationScripting.uplugin" 735
"../../../Engine/Plugins/Developer/Concert/ConcertInsights/ConcertInsightsServer/ConcertInsightsServer.uplugin" 736
"../../../Engine/Plugins/Developer/Concert/ConcertInsights/ConcertInsightsCore/ConcertInsightsCore.uplugin" 737
"../../../Engine/Plugins/Developer/Concert/ConcertApp/MultiUserServer/MultiUserServer.uplugin" 738
"../../../Engine/Plugins/Experimental/Animation/MLDeformer/DetailPoseModel/DetailPoseModel.uplugin" 739
"../../../Engine/Plugins/Runtime/AR/AppleAR/AppleARKit/AppleARKit.uplugin" 740
"../../../Engine/Plugins/Runtime/AR/AppleAR/AppleARKitFaceSupport/AppleARKitFaceSupport.uplugin" 741
"../../../Engine/Plugins/PCGInterops/PCGExternalDataInterop/PCGExternalDataInterop.uplugin" 742
"../../../Engine/Plugins/Online/SocketSubsystemSteamIP/SocketSubsystemSteamIP.uplugin" 743
"../../../Engine/Plugins/Runtime/AssetTags/AssetTags.uplugin" 744
"../../../Engine/Plugins/Online/OnlineSubsystemSteam/OnlineSubsystemSteam.uplugin" 745
"../../../Engine/Platforms/Android/Plugins/RigLogic/RigLogic_Android.uplugin" 746
"../../../Engine/Platforms/Android/Plugins/Animation/ACLPlugin/ACLPlugin_Android.uplugin" 747
"../../../Engine/Platforms/IOS/Plugins/RigLogic/RigLogic_IOS.uplugin" 748
"E:/Development/Projects/Squeak/Plugins/Blueprin620e60375159V10/BlueprintIniFiles.uplugin" 749
"E:/Development/Projects/Squeak/Plugins/DarkerNo914d061a7b62V11/DarkerNodes.uplugin" 750
"E:/Development/Projects/Squeak/Plugins/Electron5474ffd7dc22V15/ElectronicNodes.uplugin" 751
"E:/Development/Projects/Squeak/Plugins/SteamIntebc22a685b96V7/SteamIntegrationKit.uplugin" 752
"../../../Engine/Content/Internationalization/icudt64l/cnvalias.icu" 753
"../../../Engine/Content/Internationalization/icudt64l/res_index.res" 754
"../../../Engine/Content/Internationalization/icudt64l/plurals.res" 755
"../../../Engine/Content/Internationalization/icudt64l/lang/ru.res" 756
"../../../Engine/Content/Internationalization/icudt64l/lang/pool.res" 757
"../../../Engine/Content/Internationalization/icudt64l/lang/root.res" 758
"../../../Engine/Content/Internationalization/icudt64l/region/ru.res" 759
"../../../Engine/Content/Internationalization/icudt64l/region/pool.res" 760
"../../../Engine/Content/Internationalization/icudt64l/region/root.res" 761
"../../../Engine/Content/Internationalization/icudt64l/lang/en.res" 762
"../../../Engine/Content/Internationalization/icudt64l/region/en.res" 763
"../../../Engine/Content/Internationalization/icudt64l/windowsZones.res" 764
"../../../Engine/Content/Internationalization/icudt64l/zoneinfo64.res" 765
"../../../Engine/Content/Internationalization/icudt64l/keyTypeData.res" 766
"../../../Engine/Content/Internationalization/icudt64l/timezoneTypes.res" 767
"../../../Engine/Content/Internationalization/icudt64l/likelySubtags.res" 768
"../../../Engine/Content/Internationalization/icudt64l/ru_RU.res" 769
"../../../Engine/Content/Internationalization/icudt64l/pool.res" 770
"../../../Engine/Content/Internationalization/icudt64l/ru.res" 771
"../../../Engine/Content/Internationalization/icudt64l/root.res" 772
"../../../Engine/Content/Internationalization/icudt64l/supplementalData.res" 773
"../../../Engine/Config/ConfigRedirects.ini" 774
"C:/Users/fsgkunreal/AppData/Local/UnrealEngine/5.6/Saved/Config/WindowsEditor/Manifest.ini" 775
"../../../Engine/Config/BaseEngine.ini" 776
"../../../Engine/Config/Windows/BaseWindowsEngine.ini" 777
"../../../../../Projects/Squeak/Config/DefaultEngine.ini" 778
"../../../Engine/Config/BaseGame.ini" 779
"../../../../../Projects/Squeak/Config/DefaultGame.ini" 780
"../../../Engine/Config/Windows/WindowsGame.ini" 781
"E:/Development/Projects/Squeak/Saved/Config/WindowsEditor/Game.ini" 782
"../../../Engine/Config/BaseInput.ini" 783
"../../../Engine/Config/Windows/BaseWindowsInput.ini" 784
"../../../../../Projects/Squeak/Config/DefaultInput.ini" 785
"../../../Engine/Config/Windows/WindowsInput.ini" 786
"E:/Development/Projects/Squeak/Saved/Config/WindowsEditor/Input.ini" 787
"../../../Engine/Config/BaseDeviceProfiles.ini" 788
"../../../Engine/Config/BaseGameUserSettings.ini" 789
"E:/Development/Projects/Squeak/Saved/Config/WindowsEditor/GameUserSettings.ini" 790
"../../../Engine/Config/BaseScalability.ini" 791
"../../../Engine/Config/BaseRuntimeOptions.ini" 792
"../../../Engine/Config/BaseInstallBundle.ini" 793
"../../../Engine/Config/BaseHardware.ini" 794
"../../../../../Projects/Squeak/Config/DefaultGameplayTags.ini" 795
"../../../Engine/Config/BaseCompat.ini" 796
"../../../Engine/Config/BaseLightmass.ini" 797
"../../../Engine/Config/BaseEditor.ini" 798
"../../../../../Projects/Squeak/Config/DefaultEditor.ini" 799
"E:/Development/Projects/Squeak/Saved/Config/WindowsEditor/Editor.ini" 800
"../../../Engine/Config/BaseMaterialExpressions.ini" 801
"../../../Engine/Config/BaseEditorPerProjectUserSettings.ini" 802
"../../../Engine/Config/Windows/WindowsEditorPerProjectUserSettings.ini" 803
"E:/Development/Projects/Squeak/Saved/Config/WindowsEditor/EditorPerProjectUserSettings.ini" 804
"../../../Engine/Config/BaseEditorSettings.ini" 805
"../../../Engine/Config/Windows/WindowsEditorSettings.ini" 806
"C:/Users/fsgkunreal/AppData/Local/UnrealEngine/5.6/Saved/Config/WindowsEditor/EditorSettings.ini" 807
"../../../Engine/Config/BaseEditorKeyBindings.ini" 808
"C:/Users/fsgkunreal/AppData/Local/UnrealEngine/5.6/Saved/Config/WindowsEditor/EditorLayout.ini" 809
"../../../Engine/Config/Mac/BaseMacEngine.ini" 810
"../../../Engine/Config/Android/BaseAndroidEngine.ini" 811
"../../../../../Projects/Squeak/Binaries/Win64/project_e-Win64-Shipping.target" 812
"../../../Engine/Config/IOS/BaseIOSEngine.ini" 813
"../../../Engine/Config/Android/AndroidEngine.ini" 814
"../../../Engine/Config/Linux/BaseLinuxEngine.ini" 815
"../../../Engine/Config/Mac/MacGame.ini" 816
"../../../Engine/Config/TVOS/TVOSEngine.ini" 817
"../../../../../Projects/Squeak/Binaries/Win64/project_eEditor.target" 818
"../../../Engine/Config/Android/BaseAndroidGame.ini" 819
"../../../Engine/Config/Mac/BaseMacInput.ini" 820
"../../../Engine/Config/Unix/UnixEngine.ini" 821
"../../../Engine/Config/IOS/BaseIOSGame.ini" 822
"../../../Engine/Config/Linux/LinuxEngine.ini" 823
"../../../Engine/Config/IOS/IOSGame.ini" 824
"../../../Engine/Config/Android/BaseAndroidInput.ini" 825
"../../../Engine/Config/IOS/BaseIOSInput.ini" 826
"../../../Engine/Config/Linux/LinuxGame.ini" 827
"../../../Engine/Config/Android/AndroidScalability.ini" 828
"../../../Engine/Config/IOS/IOSScalability.ini" 829
"../../../Engine/Config/Android/BaseAndroidInstallBundle.ini" 830
"../../../Engine/Config/IOS/BaseIOSInstallBundle.ini" 831
"../../../Engine/Platforms/VisionOS/Config/BaseVisionOSEngine.ini" 832
"../../../Engine/Platforms/VisionOS/Config/VisionOSEngine.ini" 833
"../../../Engine/Config/PluginBase.ini" 834
"../../../Engine/Plugins/ChaosVD/Config/DefaultChaosVD.ini" 835
"../../../Engine/Plugins/EnhancedInput/Config/BaseEnhancedInput.ini" 836
"../../../Engine/Plugins/Fab/Config/BaseFab.ini" 837
"../../../Engine/Plugins/PCG/Config/BasePCG.ini" 838
"../../../Engine/Plugins/TraceUtilities/Config/BaseTraceUtilities.ini" 839
"../../../Engine/Plugins/VirtualProduction/CameraCalibrationCore/Config/BaseCameraCalibrationCore.ini" 840
"../../../Engine/Plugins/VirtualProduction/Takes/Config/BaseTakes.ini" 841
"../../../Engine/Plugins/2D/Paper2D/Config/BasePaper2D.ini" 842
"../../../Engine/Plugins/Animation/ControlRig/Config/BaseControlRig.ini" 843
"../../../Engine/Plugins/Animation/DeformerGraph/Config/BaseDeformerGraph.ini" 844
"../../../Engine/Plugins/Animation/IKRig/Config/BaseIKRig.ini" 845
"../../../Engine/Plugins/Animation/LiveLink/Config/BaseLiveLink.ini" 846
"../../../Engine/Plugins/Cameras/GameplayCameras/Config/BaseGameplayCameras.ini" 847
"../../../Engine/Plugins/Compositing/OpenColorIO/Config/BaseOpenColorIO.ini" 848
"../../../Engine/Plugins/Editor/ConsoleVariablesEditor/Config/BaseConsoleVariables.ini" 849
"../../../Engine/Plugins/Editor/EditorScriptingUtilities/Config/BaseEditorScriptingUtilities.ini" 850
"../../../Engine/Plugins/Enterprise/DatasmithContent/Config/BaseDatasmithContent.ini" 851
"../../../Engine/Plugins/Enterprise/GLTFExporter/Config/BaseGLTFExporter.ini" 852
"../../../Engine/Plugins/Enterprise/GLTFExporter/Config/DefaultGLTFExporter.ini" 853
"../../../Engine/Plugins/Enterprise/VariantManagerContent/Config/BaseVariantManagerContent.ini" 854
"../../../Engine/Plugins/Experimental/FullBodyIK/Config/BaseFullBodyIK.ini" 855
"../../../Engine/Plugins/Experimental/ToolPresets/Config/BaseToolPresets.ini" 856
"../../../Engine/Plugins/FX/Niagara/Config/BaseNiagara.ini" 857
"../../../Engine/Plugins/Interchange/Assets/Config/BaseInterchangeAssets.ini" 858
"../../../Engine/Plugins/Interchange/Runtime/Config/BaseInterchange.ini" 859
"../../../Engine/Plugins/MetaHuman/MetaHumanSDK/Config/BaseMetaHumanSDK.ini" 860
"../../../Engine/Plugins/MovieScene/MovieRenderPipeline/Config/BaseMovieRenderPipeline.ini" 861
"../../../Engine/Plugins/Runtime/GameplayAbilities/Config/BaseGameplayAbilities.ini" 862
"../../../Engine/Plugins/Runtime/GameplayBehaviorSmartObjects/Config/BaseGameplayBehaviorSmartObjects.ini" 863
"../../../Engine/Plugins/Runtime/HairStrands/Config/BaseHairStrands.ini" 864
"../../../Engine/Plugins/Runtime/Metasound/Config/BaseMetasound.ini" 865
"../../../Engine/Plugins/Runtime/Metasound/Config/DefaultMetasound.ini" 866
"../../../Engine/Plugins/Runtime/PropertyBindingUtils/Config/BasePropertyBindingUtils.ini" 867
"../../../Engine/Plugins/Runtime/RigVM/Config/BaseRigVM.ini" 868
"../../../Engine/Plugins/Runtime/SmartObjects/Config/BaseSmartObjects.ini" 869
"../../../Engine/Plugins/Runtime/StateTree/Config/BaseStateTree.ini" 870
"../../../Engine/Plugins/Runtime/Synthesis/Config/BaseSynthesis.ini" 871
"../../../Engine/Plugins/Experimental/Compositing/CompositeCore/Config/BaseCompositeCore.ini" 872
"../../../Engine/Plugins/Developer/Concert/ConcertSync/ConcertSyncCore/Config/BaseConcertSyncCore.ini" 873
"../../../Engine/Plugins/ChaosVD/Config/Engine.ini" 874
"../../../Engine/Plugins/EnhancedInput/Config/Input.ini" 875
"../../../Engine/Plugins/Runtime/GameplayAbilities/Config/Input.ini" 876
"../../../Engine/Plugins/Runtime/InputDebugging/Config/Input.ini" 877
"../../../Engine/Plugins/Runtime/Windows/XInputDevice/Config/Input.ini" 878
"../../../Engine/Plugins/PCG/Config/EditorPerProjectUserSettings.ini" 879
"../../../Engine/Plugins/NNE/NNEDenoiser/Config/Game.ini" 880
"../../../Engine/Plugins/Online/OnlineSubsystemUtils/Config/Editor.ini" 881
"../../../Engine/Plugins/Runtime/RigVM/Config/Editor.ini" 882
"../../../Engine/Plugins/Editor/ModelingToolsEditorMode/Binaries/Win64/UnrealEditor.modules" 883
"../../../Engine/Plugins/Runtime/MeshModelingToolset/Binaries/Win64/UnrealEditor.modules" 884
"../../../Engine/Plugins/Experimental/MeshModelingToolsetExp/Binaries/Win64/UnrealEditor.modules" 885
"../../../Engine/Plugins/Editor/MeshLODToolset/Binaries/Win64/UnrealEditor.modules" 886
"../../../Engine/Plugins/Experimental/ToolPresets/Binaries/Win64/UnrealEditor.modules" 887
"../../../Engine/Plugins/Editor/StylusInput/Binaries/Win64/UnrealEditor.modules" 888
"../../../Engine/Plugins/Runtime/GeometryProcessing/Binaries/Win64/UnrealEditor.modules" 889
"../../../Engine/Plugins/Editor/ProxyLODPlugin/Binaries/Win64/UnrealEditor.modules" 890
"../../../Engine/Plugins/Experimental/PlanarCutPlugin/Binaries/Win64/UnrealEditor.modules" 891
"../../../Engine/Plugins/Runtime/GeometryCache/Binaries/Win64/UnrealEditor.modules" 892
"../../../Engine/Plugins/Experimental/GeometryFlow/Binaries/Win64/UnrealEditor.modules" 893
"../../../Engine/Plugins/Editor/EditorScriptingUtilities/Binaries/Win64/UnrealEditor.modules" 894
"../../../Engine/Plugins/FX/Niagara/Binaries/Win64/UnrealEditor.modules" 895
"../../../Engine/Plugins/Experimental/PythonScriptPlugin/Binaries/Win64/UnrealEditor.modules" 896
"../../../Engine/Plugins/Editor/ContentBrowser/ContentBrowserFileDataSource/Binaries/Win64/UnrealEditor.modules" 897
"../../../Engine/Plugins/VirtualProduction/CaptureManager/CaptureManagerEditor/Binaries/Win64/UnrealEditor.modules" 898
"../../../Engine/Plugins/Media/ImgMedia/Binaries/Win64/UnrealEditor.modules" 899
"../../../Engine/Plugins/VirtualProduction/CameraCalibrationCore/Binaries/Win64/UnrealEditor.modules" 900
"../../../Engine/Plugins/VirtualProduction/CaptureManager/CaptureManagerCore/Binaries/Win64/UnrealEditor.modules" 901
"../../../Engine/Plugins/VirtualProduction/CaptureData/Binaries/Win64/UnrealEditor.modules" 902
"../../../Engine/Plugins/Developer/NamingTokens/Binaries/Win64/UnrealEditor.modules" 903
"../../../Engine/Plugins/Animation/LiveLinkHub/Binaries/Win64/UnrealEditor.modules" 904
"../../../Engine/Plugins/Media/MediaPlayerEditor/Binaries/Win64/UnrealEditor.modules" 905
"../../../Engine/Plugins/Runtime/ProceduralMeshComponent/Binaries/Win64/UnrealEditor.modules" 906
"../../../Engine/Plugins/Editor/EngineAssetDefinitions/Binaries/Win64/UnrealEditor.modules" 907
"../../../Engine/Plugins/Animation/LiveLink/Binaries/Win64/UnrealEditor.modules" 908
"../../../Engine/Plugins/VirtualProduction/Takes/Binaries/Win64/UnrealEditor.modules" 909
"../../../Engine/Plugins/Developer/Concert/ConcertSync/ConcertSyncClient/Binaries/Win64/UnrealEditor.modules" 910
"../../../Engine/Plugins/Editor/ContentBrowser/ContentBrowserAssetDataSource/Binaries/Win64/UnrealEditor.modules" 911
"../../../Engine/Plugins/Runtime/AudioCapture/Binaries/Win64/UnrealEditor.modules" 912
"../../../Engine/Plugins/MovieScene/LevelSequenceEditor/Binaries/Win64/UnrealEditor.modules" 913
"../../../Engine/Plugins/Developer/Concert/ConcertSync/ConcertSyncCore/Binaries/Win64/UnrealEditor.modules" 914
"../../../Engine/Plugins/Developer/Concert/ConcertMain/Binaries/Win64/UnrealEditor.modules" 915
"../../../Engine/Plugins/MovieScene/SequencerScripting/Binaries/Win64/UnrealEditor.modules" 916
"../../../Engine/Plugins/Runtime/Database/SQLiteCore/Binaries/Win64/UnrealEditor.modules" 917
"../../../Engine/Plugins/Experimental/GameplayBehaviors/Binaries/Win64/UnrealEditor.modules" 918
"../../../Engine/Plugins/Runtime/GameplayAbilities/Binaries/Win64/UnrealEditor.modules" 919
"../../../Engine/Plugins/Editor/GameplayTagsEditor/Binaries/Win64/UnrealEditor.modules" 920
"../../../Engine/Plugins/Runtime/DataRegistry/Binaries/Win64/UnrealEditor.modules" 921
"../../../Engine/Plugins/Runtime/SmartObjects/Binaries/Win64/UnrealEditor.modules" 922
"../../../Engine/Plugins/Experimental/GameplayTargetingSystem/Binaries/Win64/UnrealEditor.modules" 923
"../../../Engine/Plugins/Runtime/WorldConditions/Binaries/Win64/UnrealEditor.modules" 924
"../../../Engine/Plugins/Runtime/PropertyAccess/Binaries/Win64/UnrealEditor.modules" 925
"../../../Engine/Plugins/Runtime/PropertyBindingUtils/Binaries/Win64/UnrealEditor.modules" 926
"../../../Engine/Plugins/Runtime/GameplayBehaviorSmartObjects/Binaries/Win64/UnrealEditor.modules" 927
"../../../Engine/Plugins/Animation/MotionWarping/Binaries/Win64/UnrealEditor.modules" 928
"../../../Engine/Plugins/MovieScene/MovieRenderPipeline/Binaries/Win64/UnrealEditor.modules" 929
"../../../Engine/Plugins/Runtime/ActorLayerUtilities/Binaries/Win64/UnrealEditor.modules" 930
"../../../Engine/Plugins/Editor/ConsoleVariablesEditor/Binaries/Win64/UnrealEditor.modules" 931
"../../../Engine/Plugins/Compositing/OpenColorIO/Binaries/Win64/UnrealEditor.modules" 932
"../../../Engine/Plugins/ChaosClothAsset/Binaries/Win64/UnrealEditor.modules" 933
"../../../Engine/Plugins/Developer/Concert/ConcertUI/ConcertSharedSlate/Binaries/Win64/UnrealEditor.modules" 934
"../../../Engine/Plugins/ChaosCloth/Binaries/Win64/UnrealEditor.modules" 935
"../../../Engine/Plugins/Experimental/Dataflow/Binaries/Win64/UnrealEditor.modules" 936
"../../../Engine/Plugins/Experimental/ChaosCaching/Binaries/Win64/UnrealEditor.modules" 937
"../../../Engine/Plugins/Experimental/CharacterFXEditor/BaseCharacterFXEditor/Binaries/Win64/UnrealEditor.modules" 938
"../../../Engine/Plugins/Experimental/EditorDataStorage/Binaries/Win64/UnrealEditor.modules" 939
"../../../Engine/Plugins/Experimental/EditorDataStorageFeatures/Binaries/Win64/UnrealEditor.modules" 940
"../../../Engine/Plugins/MovieScene/MoviePipelineMaskRenderPass/Binaries/Win64/UnrealEditor.modules" 941
"../../../Engine/Plugins/PCG/Binaries/Win64/UnrealEditor.modules" 942
"../../../Engine/Plugins/Runtime/ComputeFramework/Binaries/Win64/UnrealEditor.modules" 943
"../../../Engine/Plugins/Editor/ScriptableToolsEditorMode/Binaries/Win64/UnrealEditor.modules" 944
"../../../Engine/Plugins/Runtime/ScriptableToolsFramework/Binaries/Win64/UnrealEditor.modules" 945
"../../../Engine/Plugins/Bridge/Binaries/Win64/UnrealEditor.modules" 946
"../../../Engine/Plugins/MetaHuman/MetaHumanSDK/Binaries/Win64/UnrealEditor.modules" 947
"../../../Engine/Plugins/Animation/ControlRig/Binaries/Win64/UnrealEditor.modules" 948
"../../../Engine/Plugins/Runtime/HairStrands/Binaries/Win64/UnrealEditor.modules" 949
"../../../Engine/Plugins/Animation/RigLogic/Binaries/Win64/UnrealEditor.modules" 950
"../../../Engine/Plugins/Online/EOSShared/Binaries/Win64/UnrealEditor.modules" 951
"../../../Engine/Plugins/Runtime/RigVM/Binaries/Win64/UnrealEditor.modules" 952
"../../../Engine/Plugins/Animation/TweeningUtils/Binaries/Win64/UnrealEditor.modules" 953
"../../../Engine/Plugins/Animation/DeformerGraph/Binaries/Win64/UnrealEditor.modules" 954
"../../../Engine/Plugins/ChaosInsights/Binaries/Win64/UnrealEditor.modules" 955
"../../../Engine/Plugins/ChaosVD/Binaries/Win64/UnrealEditor.modules" 956
"../../../Engine/Plugins/CmdLinkServer/Binaries/Win64/UnrealEditor.modules" 957
"../../../Engine/Plugins/EnhancedInput/Binaries/Win64/UnrealEditor.modules" 958
"../../../Engine/Plugins/Editor/DataValidation/Binaries/Win64/UnrealEditor.modules" 959
"../../../Engine/Plugins/Fab/Binaries/Win64/UnrealEditor.modules" 960
"../../../Engine/Plugins/Interchange/Runtime/Binaries/Win64/UnrealEditor.modules" 961
"../../../Engine/Plugins/Enterprise/VariantManagerContent/Binaries/Win64/UnrealEditor.modules" 962
"../../../Engine/Plugins/Enterprise/VariantManager/Binaries/Win64/UnrealEditor.modules" 963
"../../../Engine/Plugins/Interchange/Assets/Binaries/Win64/UnrealEditor.modules" 964
"../../../Engine/Plugins/FastBuildController/Binaries/Win64/UnrealEditor.modules" 965
"../../../Engine/Plugins/IoStoreInsights/Binaries/Win64/UnrealEditor.modules" 966
"../../../Engine/Plugins/MassInsights/Binaries/Win64/UnrealEditor.modules" 967
"../../../Engine/Plugins/MeshPainting/Binaries/Win64/UnrealEditor.modules" 968
"../../../Engine/Plugins/Interchange/Editor/Binaries/Win64/UnrealEditor.modules" 969
"../../../Engine/Plugins/RenderGraphInsights/Binaries/Win64/UnrealEditor.modules" 970
"../../../Engine/Plugins/TraceUtilities/Binaries/Win64/UnrealEditor.modules" 971
"../../../Engine/Plugins/UbaController/Binaries/Win64/UnrealEditor.modules" 972
"../../../Engine/Plugins/WorldMetrics/Binaries/Win64/UnrealEditor.modules" 973
"../../../Engine/Plugins/XGEController/Binaries/Win64/UnrealEditor.modules" 974
"../../../Engine/Plugins/Tests/InterchangeTests/Binaries/Win64/UnrealEditor.modules" 975
"../../../Engine/Plugins/2D/Paper2D/Binaries/Win64/UnrealEditor.modules" 976
"../../../Engine/Plugins/AI/AISupport/Binaries/Win64/UnrealEditor.modules" 977
"../../../Engine/Plugins/AI/EnvironmentQueryEditor/Binaries/Win64/UnrealEditor.modules" 978
"../../../Engine/Plugins/Animation/ACLPlugin/Binaries/Win64/UnrealEditor.modules" 979
"../../../Engine/Plugins/Animation/AnimationData/Binaries/Win64/UnrealEditor.modules" 980
"../../../Engine/Plugins/Animation/AnimationModifierLibrary/Binaries/Win64/UnrealEditor.modules" 981
"../../../Engine/Plugins/Animation/BlendSpaceMotionAnalysis/Binaries/Win64/UnrealEditor.modules" 982
"../../../Engine/Plugins/Animation/ControlRigSpline/Binaries/Win64/UnrealEditor.modules" 983
"../../../Engine/Plugins/Animation/IKRig/Binaries/Win64/UnrealEditor.modules" 984
"../../../Engine/Plugins/Experimental/FullBodyIK/Binaries/Win64/UnrealEditor.modules" 985
"../../../Engine/Plugins/Animation/SkeletalMeshModelingTools/Binaries/Win64/UnrealEditor.modules" 986
"../../../Engine/Plugins/Cameras/CameraShakePreviewer/Binaries/Win64/UnrealEditor.modules" 987
"../../../Engine/Plugins/Cameras/GameplayCameras/Binaries/Win64/UnrealEditor.modules" 988
"../../../Engine/Plugins/Runtime/StateTree/Binaries/Win64/UnrealEditor.modules" 989
"../../../Engine/Plugins/MovieScene/TemplateSequence/Binaries/Win64/UnrealEditor.modules" 990
"../../../Engine/Plugins/Animation/GameplayInsights/Binaries/Win64/UnrealEditor.modules" 991
"../../../Engine/Plugins/Cameras/EngineCameras/Binaries/Win64/UnrealEditor.modules" 992
"../../../Engine/Plugins/Compression/OodleNetwork/Binaries/Win64/UnrealEditor.modules" 993
"../../../Engine/Plugins/Developer/CLionSourceCodeAccess/Binaries/Win64/UnrealEditor.modules" 994
"../../../Engine/Plugins/Developer/AnimationSharing/Binaries/Win64/UnrealEditor.modules" 995
"../../../Engine/Plugins/Runtime/SignificanceManager/Binaries/Win64/UnrealEditor.modules" 996
"../../../Engine/Plugins/Developer/DumpGPUServices/Binaries/Win64/UnrealEditor.modules" 997
"../../../Engine/Plugins/Developer/GitSourceControl/Binaries/Win64/UnrealEditor.modules" 998
"../../../Engine/Plugins/Developer/N10XSourceCodeAccess/Binaries/Win64/UnrealEditor.modules" 999
"../../../Engine/Plugins/Developer/PerforceSourceControl/Binaries/Win64/UnrealEditor.modules" 1000
"../../../Engine/Plugins/Developer/PlasticSourceControl/Binaries/Win64/UnrealEditor.modules" 1001
"../../../Engine/Plugins/Developer/PluginUtils/Binaries/Win64/UnrealEditor.modules" 1002
"../../../Engine/Plugins/Developer/ProjectLauncher/Binaries/Win64/UnrealEditor.modules" 1003
"../../../Engine/Plugins/Developer/PixWinPlugin/Binaries/Win64/UnrealEditor.modules" 1004
"../../../Engine/Plugins/Developer/PropertyAccessNode/Binaries/Win64/UnrealEditor.modules" 1005
"../../../Engine/Plugins/Developer/RenderDocPlugin/Binaries/Win64/UnrealEditor.modules" 1006
"../../../Engine/Plugins/Developer/SubversionSourceControl/Binaries/Win64/UnrealEditor.modules" 1007
"../../../Engine/Plugins/Developer/RiderSourceCodeAccess/Binaries/Win64/UnrealEditor.modules" 1008
"../../../Engine/Plugins/Developer/TextureFormatOodle/Binaries/Win64/UnrealEditor.modules" 1009
"../../../Engine/Plugins/Developer/UObjectPlugin/Binaries/Win64/UnrealEditor.modules" 1010
"../../../Engine/Plugins/Developer/VisualStudioCodeSourceCodeAccess/Binaries/Win64/UnrealEditor.modules" 1011
"../../../Engine/Plugins/Developer/VisualStudioSourceCodeAccess/Binaries/Win64/UnrealEditor.modules" 1012
"../../../Engine/Plugins/Editor/AssetManagerEditor/Binaries/Win64/UnrealEditor.modules" 1013
"../../../Engine/Plugins/Editor/BlueprintHeaderView/Binaries/Win64/UnrealEditor.modules" 1014
"../../../Engine/Plugins/Editor/ColorGrading/Binaries/Win64/UnrealEditor.modules" 1015
"../../../Engine/Plugins/Editor/ObjectMixer/ObjectMixer/Binaries/Win64/UnrealEditor.modules" 1016
"../../../Engine/Plugins/Editor/ChangelistReview/Binaries/Win64/UnrealEditor.modules" 1017
"../../../Engine/Plugins/Editor/CurveEditorTools/Binaries/Win64/UnrealEditor.modules" 1018
"../../../Engine/Plugins/Editor/CryptoKeys/Binaries/Win64/UnrealEditor.modules" 1019
"../../../Engine/Plugins/Editor/EditorDebugTools/Binaries/Win64/UnrealEditor.modules" 1020
"../../../Engine/Plugins/Editor/FacialAnimation/Binaries/Win64/UnrealEditor.modules" 1021
"../../../Engine/Plugins/Editor/GeometryMode/Binaries/Win64/UnrealEditor.modules" 1022
"../../../Engine/Plugins/Editor/MaterialAnalyzer/Binaries/Win64/UnrealEditor.modules" 1023
"../../../Engine/Plugins/Editor/MobileLauncherProfileWizard/Binaries/Win64/UnrealEditor.modules" 1024
"../../../Engine/Plugins/Editor/PluginBrowser/Binaries/Win64/UnrealEditor.modules" 1025
"../../../Engine/Plugins/Editor/SequencerAnimTools/Binaries/Win64/UnrealEditor.modules" 1026
"../../../Engine/Plugins/Editor/SpeedTreeImporter/Binaries/Win64/UnrealEditor.modules" 1027
"../../../Engine/Plugins/Editor/UMGWidgetPreview/Binaries/Win64/UnrealEditor.modules" 1028
"../../../Engine/Plugins/Editor/WorldPartitionHLODUtilities/Binaries/Win64/UnrealEditor.modules" 1029
"../../../Engine/Plugins/Editor/UVEditor/Binaries/Win64/UnrealEditor.modules" 1030
"../../../Engine/Plugins/Enterprise/DatasmithContent/Binaries/Win64/UnrealEditor.modules" 1031
"../../../Engine/Plugins/Enterprise/GLTFExporter/Binaries/Win64/UnrealEditor.modules" 1032
"../../../Engine/Plugins/Experimental/AdvancedRenamer/Binaries/Win64/UnrealEditor.modules" 1033
"../../../Engine/Plugins/Experimental/AutomationUtils/Binaries/Win64/UnrealEditor.modules" 1034
"../../../Engine/Plugins/Experimental/BackChannel/Binaries/Win64/UnrealEditor.modules" 1035
"../../../Engine/Plugins/Experimental/ChaosEditor/Binaries/Win64/UnrealEditor.modules" 1036
"../../../Engine/Plugins/Experimental/GeometryCollectionPlugin/Binaries/Win64/UnrealEditor.modules" 1037
"../../../Engine/Plugins/Experimental/Fracture/Binaries/Win64/UnrealEditor.modules" 1038
"../../../Engine/Plugins/Experimental/ChaosSolverPlugin/Binaries/Win64/UnrealEditor.modules" 1039
"../../../Engine/Plugins/Experimental/GeometryDataflow/Binaries/Win64/UnrealEditor.modules" 1040
"../../../Engine/Plugins/Experimental/ChaosUserDataPT/Binaries/Win64/UnrealEditor.modules" 1041
"../../../Engine/Plugins/Experimental/CharacterAI/Binaries/Win64/UnrealEditor.modules" 1042
"../../../Engine/Plugins/Experimental/ChaosNiagara/Binaries/Win64/UnrealEditor.modules" 1043
"../../../Engine/Plugins/Experimental/EditorPerformance/Binaries/Win64/UnrealEditor.modules" 1044
"../../../Engine/Plugins/Experimental/EditorTelemetry/Binaries/Win64/UnrealEditor.modules" 1045
"../../../Engine/Plugins/Experimental/LevelSequenceNavigatorBridge/Binaries/Win64/UnrealEditor.modules" 1046
"../../../Engine/Plugins/Experimental/SequenceNavigator/Binaries/Win64/UnrealEditor.modules" 1047
"../../../Engine/Plugins/Experimental/LocalizableMessage/Binaries/Win64/UnrealEditor.modules" 1048
"../../../Engine/Plugins/Experimental/NFORDenoise/Binaries/Win64/UnrealEditor.modules" 1049
"../../../Engine/Plugins/Experimental/PlatformCrypto/Binaries/Win64/UnrealEditor.modules" 1050
"../../../Engine/Plugins/Experimental/RuntimeTelemetry/Binaries/Win64/UnrealEditor.modules" 1051
"../../../Engine/Plugins/Experimental/SkeletalReduction/Binaries/Win64/UnrealEditor.modules" 1052
"../../../Engine/Plugins/FX/Cascade/Binaries/Win64/UnrealEditor.modules" 1053
"../../../Engine/Plugins/FX/NiagaraSimCaching/Binaries/Win64/UnrealEditor.modules" 1054
"../../../Engine/Plugins/Importers/AlembicImporter/Binaries/Win64/UnrealEditor.modules" 1055
"../../../Engine/Plugins/Media/AndroidMedia/Binaries/Win64/UnrealEditor.modules" 1056
"../../../Engine/Plugins/Media/AvfMedia/Binaries/Win64/UnrealEditor.modules" 1057
"../../../Engine/Plugins/Media/MediaCompositing/Binaries/Win64/UnrealEditor.modules" 1058
"../../../Engine/Plugins/Media/MediaPlate/Binaries/Win64/UnrealEditor.modules" 1059
"../../../Engine/Plugins/Experimental/Compositing/CompositeCore/Binaries/Win64/UnrealEditor.modules" 1060
"../../../Engine/Plugins/Media/WmfMedia/Binaries/Win64/UnrealEditor.modules" 1061
"../../../Engine/Plugins/Messaging/TcpMessaging/Binaries/Win64/UnrealEditor.modules" 1062
"../../../Engine/Plugins/Messaging/UdpMessaging/Binaries/Win64/UnrealEditor.modules" 1063
"../../../Engine/Plugins/MovieScene/ActorSequence/Binaries/Win64/UnrealEditor.modules" 1064
"../../../Engine/Plugins/NNE/NNEDenoiser/Binaries/Win64/UnrealEditor.modules" 1065
"../../../Engine/Plugins/NNE/NNERuntimeORT/Binaries/Win64/UnrealEditor.modules" 1066
"../../../Engine/Plugins/Online/OnlineBase/Binaries/Win64/UnrealEditor.modules" 1067
"../../../Engine/Plugins/Online/OnlineSubsystem/Binaries/Win64/UnrealEditor.modules" 1068
"../../../Engine/Plugins/Online/OnlineSubsystemNull/Binaries/Win64/UnrealEditor.modules" 1069
"../../../Engine/Plugins/Online/OnlineSubsystemUtils/Binaries/Win64/UnrealEditor.modules" 1070
"../../../Engine/Plugins/Online/OnlineServices/Binaries/Win64/UnrealEditor.modules" 1071
"../../../Engine/Plugins/Portal/LauncherChunkInstaller/Binaries/Win64/UnrealEditor.modules" 1072
"../../../Engine/Plugins/Runtime/AndroidDeviceProfileSelector/Binaries/Win64/UnrealEditor.modules" 1073
"../../../Engine/Plugins/Runtime/AndroidFileServer/Binaries/Win64/UnrealEditor.modules" 1074
"../../../Engine/Plugins/Runtime/AppleImageUtils/Binaries/Win64/UnrealEditor.modules" 1075
"../../../Engine/Plugins/Runtime/AndroidPermission/Binaries/Win64/UnrealEditor.modules" 1076
"../../../Engine/Plugins/Runtime/AssetTags/Binaries/Win64/UnrealEditor.modules" 1077
"../../../Engine/Plugins/Runtime/ArchVisCharacter/Binaries/Win64/UnrealEditor.modules" 1078
"../../../Engine/Plugins/Runtime/CableComponent/Binaries/Win64/UnrealEditor.modules" 1079
"../../../Engine/Plugins/Runtime/ChunkDownloader/Binaries/Win64/UnrealEditor.modules" 1080
"../../../Engine/Plugins/Runtime/CustomMeshComponent/Binaries/Win64/UnrealEditor.modules" 1081
"../../../Engine/Plugins/Runtime/ExampleDeviceProfileSelector/Binaries/Win64/UnrealEditor.modules" 1082
"../../../Engine/Plugins/Runtime/GooglePAD/Binaries/Win64/UnrealEditor.modules" 1083
"../../../Engine/Plugins/Runtime/LocationServicesBPLibrary/Binaries/Win64/UnrealEditor.modules" 1084
"../../../Engine/Plugins/Runtime/Metasound/Binaries/Win64/UnrealEditor.modules" 1085
"../../../Engine/Plugins/Runtime/AudioWidgets/Binaries/Win64/UnrealEditor.modules" 1086
"../../../Engine/Plugins/Runtime/AudioSynesthesia/Binaries/Win64/UnrealEditor.modules" 1087
"../../../Engine/Plugins/Runtime/WaveTable/Binaries/Win64/UnrealEditor.modules" 1088
"../../../Engine/Plugins/Runtime/MobilePatchingUtils/Binaries/Win64/UnrealEditor.modules" 1089
"../../../Engine/Plugins/Runtime/MsQuic/Binaries/Win64/UnrealEditor.modules" 1090
"../../../Engine/Plugins/Runtime/InputDebugging/Binaries/Win64/UnrealEditor.modules" 1091
"../../../Engine/Plugins/Runtime/ResonanceAudio/Binaries/Win64/UnrealEditor.modules" 1092
"../../../Engine/Plugins/Runtime/SoundFields/Binaries/Win64/UnrealEditor.modules" 1093
"../../../Engine/Plugins/Runtime/Synthesis/Binaries/Win64/UnrealEditor.modules" 1094
"../../../Engine/Plugins/Runtime/WebMMoviePlayer/Binaries/Win64/UnrealEditor.modules" 1095
"../../../Engine/Plugins/Media/WebMMedia/Binaries/Win64/UnrealEditor.modules" 1096
"../../../Engine/Plugins/Runtime/WindowsDeviceProfileSelector/Binaries/Win64/UnrealEditor.modules" 1097
"../../../Engine/Plugins/Runtime/WindowsMoviePlayer/Binaries/Win64/UnrealEditor.modules" 1098
"../../../Engine/Plugins/Editor/ContentBrowser/ContentBrowserClassDataSource/Binaries/Win64/UnrealEditor.modules" 1099
"../../../Engine/Plugins/Runtime/Windows/XInputDevice/Binaries/Win64/UnrealEditor.modules" 1100
"../../../Engine/Plugins/Editor/Localization/PortableObjectFileDataSource/Binaries/Win64/UnrealEditor.modules" 1101
"../../../Engine/Plugins/Editor/ObjectMixer/LightMixer/Binaries/Win64/UnrealEditor.modules" 1102
"E:/Development/Projects/Squeak/Plugins/Blueprin620e60375159V10/Binaries/Win64/UnrealEditor.modules" 1103
"E:/Development/Projects/Squeak/Plugins/DarkerNo914d061a7b62V11/Binaries/Win64/UnrealEditor.modules" 1104
"E:/Development/Projects/Squeak/Plugins/Electron5474ffd7dc22V15/Binaries/Win64/UnrealEditor.modules" 1105
"E:/Development/Projects/Squeak/Plugins/SteamIntebc22a685b96V7/Binaries/Win64/UnrealEditor.modules" 1106
"../../../Engine/Config/BaseSourceControlSettings.ini" 1107
"C:/Users/fsgkunreal/AppData/Local/UnrealEngine/5.6/Saved/Config/WindowsEditor/SourceControlSettings.ini" 1108
"E:/Development/Projects/Squeak/Saved/Config/WindowsEditor/SourceControlSettings.ini" 1109
"../../../Engine/Content/Internationalization/icudt64l/coll/ucadata.icu" 1110
"../../../Engine/Content/Internationalization/icudt64l/coll/ru.res" 1111
"../../../Engine/Content/Internationalization/icudt64l/coll/root.res" 1112
"../../../Engine/Content/Certificates/ThirdParty/cacert.pem" 1113
"../../../Engine/Config/ConsoleVariables.ini" 1114
"../../../Engine/Binaries/Win64/Android/UnrealEditor.modules" 1115
"../../../Engine/Binaries/Win64/IOS/UnrealEditor.modules" 1116
"../../../Engine/Binaries/Win64/Linux/UnrealEditor.modules" 1117
"../../../Engine/Content/Localization/Editor/en/Editor.locres" 1118
"../../../Engine/Content/Localization/EditorTutorials/en/EditorTutorials.locres" 1119
"../../../Engine/Content/Localization/Keywords/en/Keywords.locres" 1120
"../../../Engine/Content/Localization/Category/en/Category.locres" 1121
"../../../Engine/Content/Localization/ToolTips/en/ToolTips.locres" 1122
"../../../Engine/Content/Localization/PropertyNames/en/PropertyNames.locres" 1123
"../../../Engine/Content/Localization/Engine/en/Engine.locres" 1124
"../../../Engine/Plugins/MetaHuman/MetaHumanSDK/Content/Localization/MetaHumanSDK/en/MetaHumanSDK.locres" 1125
"../../../Engine/Plugins/Online/OnlineSubsystem/Content/Localization/OnlineSubsystem/en/OnlineSubsystem.locres" 1126
"../../../Engine/Plugins/Online/OnlineSubsystemUtils/Content/Localization/OnlineSubsystemUtils/en/OnlineSubsystemUtils.locres" 1127
"../../../Engine/Plugins/Online/IOS/OnlineSubsystemIOS/Content/Localization/OnlineSubsystemIOS/en/OnlineSubsystemIOS.locres" 1128
"../../../Engine/Plugins/Online/Android/OnlineSubsystemGooglePlay/Content/Localization/OnlineSubsystemGooglePlay/en/OnlineSubsystemGooglePlay.locres" 1129
"../../../Engine/Content/Internationalization/icudt64l/en_US.res" 1130
"../../../Engine/Content/Internationalization/icudt64l/en.res" 1131
"../../../Engine/Content/Internationalization/icudt64l/numberingSystems.res" 1132
"../../../Engine/Content/Internationalization/icudt64l/curr/supplementalData.res" 1133
"../../../Engine/Content/Internationalization/icudt64l/curr/en.res" 1134
"../../../Engine/Content/Internationalization/icudt64l/curr/pool.res" 1135
"../../../Engine/Content/Internationalization/icudt64l/curr/root.res" 1136
"../../../Engine/Content/Internationalization/icudt64l/lang/af.res" 1137
"../../../Engine/Content/Internationalization/icudt64l/region/af.res" 1138
"../../../Engine/Content/Internationalization/icudt64l/lang/agq.res" 1139
"../../../Engine/Content/Internationalization/icudt64l/region/agq.res" 1140
"../../../Engine/Content/Internationalization/icudt64l/lang/ak.res" 1141
"../../../Engine/Content/Internationalization/icudt64l/region/ak.res" 1142
"../../../Engine/Content/Internationalization/icudt64l/lang/am.res" 1143
"../../../Engine/Content/Internationalization/icudt64l/region/am.res" 1144
"../../../Engine/Content/Internationalization/icudt64l/lang/ar.res" 1145
"../../../Engine/Content/Internationalization/icudt64l/region/ar.res" 1146
"../../../Engine/Content/Internationalization/icudt64l/region/ar_AE.res" 1147
"../../../Engine/Content/Internationalization/icudt64l/lang/ar_EG.res" 1148
"../../../Engine/Content/Internationalization/icudt64l/lang/ar_LY.res" 1149
"../../../Engine/Content/Internationalization/icudt64l/region/ar_LY.res" 1150
"../../../Engine/Content/Internationalization/icudt64l/lang/ar_SA.res" 1151
"../../../Engine/Content/Internationalization/icudt64l/region/ar_SA.res" 1152
"../../../Engine/Content/Internationalization/icudt64l/lang/as.res" 1153
"../../../Engine/Content/Internationalization/icudt64l/region/as.res" 1154
"../../../Engine/Content/Internationalization/icudt64l/lang/asa.res" 1155
"../../../Engine/Content/Internationalization/icudt64l/region/asa.res" 1156
"../../../Engine/Content/Internationalization/icudt64l/lang/ast.res" 1157
"../../../Engine/Content/Internationalization/icudt64l/region/ast.res" 1158
"../../../Engine/Content/Internationalization/icudt64l/lang/az.res" 1159
"../../../Engine/Content/Internationalization/icudt64l/lang/az_Cyrl.res" 1160
"../../../Engine/Content/Internationalization/icudt64l/lang/az_AZ.res" 1161
"../../../Engine/Content/Internationalization/icudt64l/lang/az_Latn_AZ.res" 1162
"../../../Engine/Content/Internationalization/icudt64l/lang/az_Latn.res" 1163
"../../../Engine/Content/Internationalization/icudt64l/region/az_AZ.res" 1164
"../../../Engine/Content/Internationalization/icudt64l/region/az_Latn_AZ.res" 1165
"../../../Engine/Content/Internationalization/icudt64l/region/az_Latn.res" 1166
"../../../Engine/Content/Internationalization/icudt64l/region/az.res" 1167
"../../../Engine/Content/Internationalization/icudt64l/region/az_Cyrl.res" 1168
"../../../Engine/Content/Internationalization/icudt64l/lang/bas.res" 1169
"../../../Engine/Content/Internationalization/icudt64l/region/bas.res" 1170
"../../../Engine/Content/Internationalization/icudt64l/lang/be.res" 1171
"../../../Engine/Content/Internationalization/icudt64l/region/be.res" 1172
"../../../Engine/Content/Internationalization/icudt64l/lang/bem.res" 1173
"../../../Engine/Content/Internationalization/icudt64l/region/bem.res" 1174
"../../../Engine/Content/Internationalization/icudt64l/lang/bez.res" 1175
"../../../Engine/Content/Internationalization/icudt64l/region/bez.res" 1176
"../../../Engine/Content/Internationalization/icudt64l/lang/bg.res" 1177
"../../../Engine/Content/Internationalization/icudt64l/region/bg.res" 1178
"../../../Engine/Content/Internationalization/icudt64l/lang/bm.res" 1179
"../../../Engine/Content/Internationalization/icudt64l/region/bm.res" 1180
"../../../Engine/Content/Internationalization/icudt64l/lang/bn.res" 1181
"../../../Engine/Content/Internationalization/icudt64l/region/bn.res" 1182
"../../../Engine/Content/Internationalization/icudt64l/lang/bn_IN.res" 1183
"../../../Engine/Content/Internationalization/icudt64l/region/bn_IN.res" 1184
"../../../Engine/Content/Internationalization/icudt64l/lang/bo.res" 1185
"../../../Engine/Content/Internationalization/icudt64l/region/bo.res" 1186
"../../../Engine/Content/Internationalization/icudt64l/region/bo_IN.res" 1187
"../../../Engine/Content/Internationalization/icudt64l/lang/br.res" 1188
"../../../Engine/Content/Internationalization/icudt64l/region/br.res" 1189
"../../../Engine/Content/Internationalization/icudt64l/lang/brx.res" 1190
"../../../Engine/Content/Internationalization/icudt64l/region/brx.res" 1191
"../../../Engine/Content/Internationalization/icudt64l/lang/bs.res" 1192
"../../../Engine/Content/Internationalization/icudt64l/lang/bs_Cyrl.res" 1193
"../../../Engine/Content/Internationalization/icudt64l/lang/bs_BA.res" 1194
"../../../Engine/Content/Internationalization/icudt64l/lang/bs_Latn_BA.res" 1195
"../../../Engine/Content/Internationalization/icudt64l/lang/bs_Latn.res" 1196
"../../../Engine/Content/Internationalization/icudt64l/region/bs_BA.res" 1197
"../../../Engine/Content/Internationalization/icudt64l/region/bs_Latn_BA.res" 1198
"../../../Engine/Content/Internationalization/icudt64l/region/bs_Latn.res" 1199
"../../../Engine/Content/Internationalization/icudt64l/region/bs.res" 1200
"../../../Engine/Content/Internationalization/icudt64l/region/bs_Cyrl.res" 1201
"../../../Engine/Content/Internationalization/icudt64l/lang/ca.res" 1202
"../../../Engine/Content/Internationalization/icudt64l/region/ca.res" 1203
"../../../Engine/Content/Internationalization/icudt64l/lang/ccp.res" 1204
"../../../Engine/Content/Internationalization/icudt64l/region/ccp.res" 1205
"../../../Engine/Content/Internationalization/icudt64l/lang/ce.res" 1206
"../../../Engine/Content/Internationalization/icudt64l/region/ce.res" 1207
"../../../Engine/Content/Internationalization/icudt64l/lang/ceb.res" 1208
"../../../Engine/Content/Internationalization/icudt64l/region/ceb.res" 1209
"../../../Engine/Content/Internationalization/icudt64l/lang/cgg.res" 1210
"../../../Engine/Content/Internationalization/icudt64l/region/cgg.res" 1211
"../../../Engine/Content/Internationalization/icudt64l/lang/chr.res" 1212
"../../../Engine/Content/Internationalization/icudt64l/region/chr.res" 1213
"../../../Engine/Content/Internationalization/icudt64l/lang/ckb.res" 1214
"../../../Engine/Content/Internationalization/icudt64l/region/ckb.res" 1215
"../../../Engine/Content/Internationalization/icudt64l/lang/cs.res" 1216
"../../../Engine/Content/Internationalization/icudt64l/region/cs.res" 1217
"../../../Engine/Content/Internationalization/icudt64l/lang/cy.res" 1218
"../../../Engine/Content/Internationalization/icudt64l/region/cy.res" 1219
"../../../Engine/Content/Internationalization/icudt64l/lang/da.res" 1220
"../../../Engine/Content/Internationalization/icudt64l/region/da.res" 1221
"../../../Engine/Content/Internationalization/icudt64l/lang/dav.res" 1222
"../../../Engine/Content/Internationalization/icudt64l/region/dav.res" 1223
"../../../Engine/Content/Internationalization/icudt64l/lang/de.res" 1224
"../../../Engine/Content/Internationalization/icudt64l/lang/de_AT.res" 1225
"../../../Engine/Content/Internationalization/icudt64l/region/de_AT.res" 1226
"../../../Engine/Content/Internationalization/icudt64l/region/de.res" 1227
"../../../Engine/Content/Internationalization/icudt64l/lang/de_CH.res" 1228
"../../../Engine/Content/Internationalization/icudt64l/region/de_CH.res" 1229
"../../../Engine/Content/Internationalization/icudt64l/lang/de_LU.res" 1230
"../../../Engine/Content/Internationalization/icudt64l/lang/dje.res" 1231
"../../../Engine/Content/Internationalization/icudt64l/region/dje.res" 1232
"../../../Engine/Content/Internationalization/icudt64l/lang/dsb.res" 1233
"../../../Engine/Content/Internationalization/icudt64l/region/dsb.res" 1234
"../../../Engine/Content/Internationalization/icudt64l/lang/dua.res" 1235
"../../../Engine/Content/Internationalization/icudt64l/region/dua.res" 1236
"../../../Engine/Content/Internationalization/icudt64l/lang/dyo.res" 1237
"../../../Engine/Content/Internationalization/icudt64l/region/dyo.res" 1238
"../../../Engine/Content/Internationalization/icudt64l/lang/dz.res" 1239
"../../../Engine/Content/Internationalization/icudt64l/region/dz.res" 1240
"../../../Engine/Content/Internationalization/icudt64l/lang/ebu.res" 1241
"../../../Engine/Content/Internationalization/icudt64l/region/ebu.res" 1242
"../../../Engine/Content/Internationalization/icudt64l/lang/ee.res" 1243
"../../../Engine/Content/Internationalization/icudt64l/region/ee.res" 1244
"../../../Engine/Content/Internationalization/icudt64l/lang/el.res" 1245
"../../../Engine/Content/Internationalization/icudt64l/region/el.res" 1246
"../../../Engine/Content/Internationalization/icudt64l/lang/en_001.res" 1247
"../../../Engine/Content/Internationalization/icudt64l/lang/en_150.res" 1248
"../../../Engine/Content/Internationalization/icudt64l/region/en_150.res" 1249
"../../../Engine/Content/Internationalization/icudt64l/lang/en_AG.res" 1250
"../../../Engine/Content/Internationalization/icudt64l/region/en_AG.res" 1251
"../../../Engine/Content/Internationalization/icudt64l/lang/en_AI.res" 1252
"../../../Engine/Content/Internationalization/icudt64l/region/en_AI.res" 1253
"../../../Engine/Content/Internationalization/icudt64l/lang/en_AT.res" 1254
"../../../Engine/Content/Internationalization/icudt64l/region/en_AT.res" 1255
"../../../Engine/Content/Internationalization/icudt64l/lang/en_AU.res" 1256
"../../../Engine/Content/Internationalization/icudt64l/region/en_AU.res" 1257
"../../../Engine/Content/Internationalization/icudt64l/lang/en_BB.res" 1258
"../../../Engine/Content/Internationalization/icudt64l/region/en_BB.res" 1259
"../../../Engine/Content/Internationalization/icudt64l/lang/en_BE.res" 1260
"../../../Engine/Content/Internationalization/icudt64l/region/en_BE.res" 1261
"../../../Engine/Content/Internationalization/icudt64l/lang/en_BM.res" 1262
"../../../Engine/Content/Internationalization/icudt64l/region/en_BM.res" 1263
"../../../Engine/Content/Internationalization/icudt64l/lang/en_BS.res" 1264
"../../../Engine/Content/Internationalization/icudt64l/region/en_BS.res" 1265
"../../../Engine/Content/Internationalization/icudt64l/lang/en_BW.res" 1266
"../../../Engine/Content/Internationalization/icudt64l/region/en_BW.res" 1267
"../../../Engine/Content/Internationalization/icudt64l/lang/en_BZ.res" 1268
"../../../Engine/Content/Internationalization/icudt64l/region/en_BZ.res" 1269
"../../../Engine/Content/Internationalization/icudt64l/lang/en_CA.res" 1270
"../../../Engine/Content/Internationalization/icudt64l/region/en_CA.res" 1271
"../../../Engine/Content/Internationalization/icudt64l/lang/en_CC.res" 1272
"../../../Engine/Content/Internationalization/icudt64l/region/en_CC.res" 1273
"../../../Engine/Content/Internationalization/icudt64l/lang/en_CH.res" 1274
"../../../Engine/Content/Internationalization/icudt64l/region/en_CH.res" 1275
"../../../Engine/Content/Internationalization/icudt64l/lang/en_CK.res" 1276
"../../../Engine/Content/Internationalization/icudt64l/region/en_CK.res" 1277
"../../../Engine/Content/Internationalization/icudt64l/lang/en_CM.res" 1278
"../../../Engine/Content/Internationalization/icudt64l/region/en_CM.res" 1279
"../../../Engine/Content/Internationalization/icudt64l/lang/en_CX.res" 1280
"../../../Engine/Content/Internationalization/icudt64l/region/en_CX.res" 1281
"../../../Engine/Content/Internationalization/icudt64l/lang/en_CY.res" 1282
"../../../Engine/Content/Internationalization/icudt64l/region/en_CY.res" 1283
"../../../Engine/Content/Internationalization/icudt64l/lang/en_DE.res" 1284
"../../../Engine/Content/Internationalization/icudt64l/region/en_DE.res" 1285
"../../../Engine/Content/Internationalization/icudt64l/lang/en_DG.res" 1286
"../../../Engine/Content/Internationalization/icudt64l/region/en_DG.res" 1287
"../../../Engine/Content/Internationalization/icudt64l/lang/en_DK.res" 1288
"../../../Engine/Content/Internationalization/icudt64l/region/en_DK.res" 1289
"../../../Engine/Content/Internationalization/icudt64l/lang/en_DM.res" 1290
"../../../Engine/Content/Internationalization/icudt64l/region/en_DM.res" 1291
"../../../Engine/Content/Internationalization/icudt64l/lang/en_ER.res" 1292
"../../../Engine/Content/Internationalization/icudt64l/region/en_ER.res" 1293
"../../../Engine/Content/Internationalization/icudt64l/lang/en_FI.res" 1294
"../../../Engine/Content/Internationalization/icudt64l/region/en_FI.res" 1295
"../../../Engine/Content/Internationalization/icudt64l/lang/en_FJ.res" 1296
"../../../Engine/Content/Internationalization/icudt64l/region/en_FJ.res" 1297
"../../../Engine/Content/Internationalization/icudt64l/lang/en_FK.res" 1298
"../../../Engine/Content/Internationalization/icudt64l/region/en_FK.res" 1299
"../../../Engine/Content/Internationalization/icudt64l/lang/en_FM.res" 1300
"../../../Engine/Content/Internationalization/icudt64l/region/en_FM.res" 1301
"../../../Engine/Content/Internationalization/icudt64l/lang/en_GB.res" 1302
"../../../Engine/Content/Internationalization/icudt64l/region/en_GB.res" 1303
"../../../Engine/Content/Internationalization/icudt64l/lang/en_GD.res" 1304
"../../../Engine/Content/Internationalization/icudt64l/region/en_GD.res" 1305
"../../../Engine/Content/Internationalization/icudt64l/lang/en_GG.res" 1306
"../../../Engine/Content/Internationalization/icudt64l/region/en_GG.res" 1307
"../../../Engine/Content/Internationalization/icudt64l/lang/en_GH.res" 1308
"../../../Engine/Content/Internationalization/icudt64l/region/en_GH.res" 1309
"../../../Engine/Content/Internationalization/icudt64l/lang/en_GI.res" 1310
"../../../Engine/Content/Internationalization/icudt64l/region/en_GI.res" 1311
"../../../Engine/Content/Internationalization/icudt64l/lang/en_GM.res" 1312
"../../../Engine/Content/Internationalization/icudt64l/region/en_GM.res" 1313
"../../../Engine/Content/Internationalization/icudt64l/lang/en_GY.res" 1314
"../../../Engine/Content/Internationalization/icudt64l/region/en_GY.res" 1315
"../../../Engine/Content/Internationalization/icudt64l/lang/en_HK.res" 1316
"../../../Engine/Content/Internationalization/icudt64l/region/en_HK.res" 1317
"../../../Engine/Content/Internationalization/icudt64l/lang/en_IE.res" 1318
"../../../Engine/Content/Internationalization/icudt64l/region/en_IE.res" 1319
"../../../Engine/Content/Internationalization/icudt64l/lang/en_IL.res" 1320
"../../../Engine/Content/Internationalization/icudt64l/region/en_IL.res" 1321
"../../../Engine/Content/Internationalization/icudt64l/lang/en_IM.res" 1322
"../../../Engine/Content/Internationalization/icudt64l/region/en_IM.res" 1323
"../../../Engine/Content/Internationalization/icudt64l/lang/en_IN.res" 1324
"../../../Engine/Content/Internationalization/icudt64l/region/en_IN.res" 1325
"../../../Engine/Content/Internationalization/icudt64l/lang/en_IO.res" 1326
"../../../Engine/Content/Internationalization/icudt64l/region/en_IO.res" 1327
"../../../Engine/Content/Internationalization/icudt64l/lang/en_JE.res" 1328
"../../../Engine/Content/Internationalization/icudt64l/region/en_JE.res" 1329
"../../../Engine/Content/Internationalization/icudt64l/lang/en_JM.res" 1330
"../../../Engine/Content/Internationalization/icudt64l/region/en_JM.res" 1331
"../../../Engine/Content/Internationalization/icudt64l/lang/en_KE.res" 1332
"../../../Engine/Content/Internationalization/icudt64l/region/en_KE.res" 1333
"../../../Engine/Content/Internationalization/icudt64l/lang/en_KI.res" 1334
"../../../Engine/Content/Internationalization/icudt64l/region/en_KI.res" 1335
"../../../Engine/Content/Internationalization/icudt64l/lang/en_KN.res" 1336
"../../../Engine/Content/Internationalization/icudt64l/region/en_KN.res" 1337
"../../../Engine/Content/Internationalization/icudt64l/lang/en_KY.res" 1338
"../../../Engine/Content/Internationalization/icudt64l/region/en_KY.res" 1339
"../../../Engine/Content/Internationalization/icudt64l/lang/en_LC.res" 1340
"../../../Engine/Content/Internationalization/icudt64l/region/en_LC.res" 1341
"../../../Engine/Content/Internationalization/icudt64l/lang/en_LR.res" 1342
"../../../Engine/Content/Internationalization/icudt64l/region/en_LR.res" 1343
"../../../Engine/Content/Internationalization/icudt64l/lang/en_LS.res" 1344
"../../../Engine/Content/Internationalization/icudt64l/region/en_LS.res" 1345
"../../../Engine/Content/Internationalization/icudt64l/lang/en_MG.res" 1346
"../../../Engine/Content/Internationalization/icudt64l/region/en_MG.res" 1347
"../../../Engine/Content/Internationalization/icudt64l/lang/en_MO.res" 1348
"../../../Engine/Content/Internationalization/icudt64l/region/en_MO.res" 1349
"../../../Engine/Content/Internationalization/icudt64l/lang/en_MS.res" 1350
"../../../Engine/Content/Internationalization/icudt64l/region/en_MS.res" 1351
"../../../Engine/Content/Internationalization/icudt64l/lang/en_MT.res" 1352
"../../../Engine/Content/Internationalization/icudt64l/region/en_MT.res" 1353
"../../../Engine/Content/Internationalization/icudt64l/lang/en_MU.res" 1354
"../../../Engine/Content/Internationalization/icudt64l/region/en_MU.res" 1355
"../../../Engine/Content/Internationalization/icudt64l/lang/en_MW.res" 1356
"../../../Engine/Content/Internationalization/icudt64l/region/en_MW.res" 1357
"../../../Engine/Content/Internationalization/icudt64l/lang/en_MY.res" 1358
"../../../Engine/Content/Internationalization/icudt64l/region/en_MY.res" 1359
"../../../Engine/Content/Internationalization/icudt64l/lang/en_NA.res" 1360
"../../../Engine/Content/Internationalization/icudt64l/region/en_NA.res" 1361
"../../../Engine/Content/Internationalization/icudt64l/lang/en_NF.res" 1362
"../../../Engine/Content/Internationalization/icudt64l/region/en_NF.res" 1363
"../../../Engine/Content/Internationalization/icudt64l/lang/en_NG.res" 1364
"../../../Engine/Content/Internationalization/icudt64l/region/en_NG.res" 1365
"../../../Engine/Content/Internationalization/icudt64l/lang/en_NL.res" 1366
"../../../Engine/Content/Internationalization/icudt64l/region/en_NL.res" 1367
"../../../Engine/Content/Internationalization/icudt64l/lang/en_NR.res" 1368
"../../../Engine/Content/Internationalization/icudt64l/region/en_NR.res" 1369
"../../../Engine/Content/Internationalization/icudt64l/lang/en_NU.res" 1370
"../../../Engine/Content/Internationalization/icudt64l/region/en_NU.res" 1371
"../../../Engine/Content/Internationalization/icudt64l/lang/en_NZ.res" 1372
"../../../Engine/Content/Internationalization/icudt64l/region/en_NZ.res" 1373
"../../../Engine/Content/Internationalization/icudt64l/lang/en_PG.res" 1374
"../../../Engine/Content/Internationalization/icudt64l/region/en_PG.res" 1375
"../../../Engine/Content/Internationalization/icudt64l/lang/en_PH.res" 1376
"../../../Engine/Content/Internationalization/icudt64l/region/en_PH.res" 1377
"../../../Engine/Content/Internationalization/icudt64l/lang/en_PK.res" 1378
"../../../Engine/Content/Internationalization/icudt64l/region/en_PK.res" 1379
"../../../Engine/Content/Internationalization/icudt64l/lang/en_PN.res" 1380
"../../../Engine/Content/Internationalization/icudt64l/region/en_PN.res" 1381
"../../../Engine/Content/Internationalization/icudt64l/lang/en_PW.res" 1382
"../../../Engine/Content/Internationalization/icudt64l/region/en_PW.res" 1383
"../../../Engine/Content/Internationalization/icudt64l/lang/en_RW.res" 1384
"../../../Engine/Content/Internationalization/icudt64l/region/en_RW.res" 1385
"../../../Engine/Content/Internationalization/icudt64l/lang/en_SB.res" 1386
"../../../Engine/Content/Internationalization/icudt64l/region/en_SB.res" 1387
"../../../Engine/Content/Internationalization/icudt64l/lang/en_SC.res" 1388
"../../../Engine/Content/Internationalization/icudt64l/region/en_SC.res" 1389
"../../../Engine/Content/Internationalization/icudt64l/lang/en_SD.res" 1390
"../../../Engine/Content/Internationalization/icudt64l/region/en_SD.res" 1391
"../../../Engine/Content/Internationalization/icudt64l/lang/en_SE.res" 1392
"../../../Engine/Content/Internationalization/icudt64l/region/en_SE.res" 1393
"../../../Engine/Content/Internationalization/icudt64l/lang/en_SG.res" 1394
"../../../Engine/Content/Internationalization/icudt64l/region/en_SG.res" 1395
"../../../Engine/Content/Internationalization/icudt64l/lang/en_SH.res" 1396
"../../../Engine/Content/Internationalization/icudt64l/region/en_SH.res" 1397
"../../../Engine/Content/Internationalization/icudt64l/lang/en_SI.res" 1398
"../../../Engine/Content/Internationalization/icudt64l/region/en_SI.res" 1399
"../../../Engine/Content/Internationalization/icudt64l/lang/en_SL.res" 1400
"../../../Engine/Content/Internationalization/icudt64l/region/en_SL.res" 1401
"../../../Engine/Content/Internationalization/icudt64l/lang/en_SS.res" 1402
"../../../Engine/Content/Internationalization/icudt64l/region/en_SS.res" 1403
"../../../Engine/Content/Internationalization/icudt64l/lang/en_SX.res" 1404
"../../../Engine/Content/Internationalization/icudt64l/region/en_SX.res" 1405
"../../../Engine/Content/Internationalization/icudt64l/lang/en_SZ.res" 1406
"../../../Engine/Content/Internationalization/icudt64l/region/en_SZ.res" 1407
"../../../Engine/Content/Internationalization/icudt64l/lang/en_TC.res" 1408
"../../../Engine/Content/Internationalization/icudt64l/region/en_TC.res" 1409
"../../../Engine/Content/Internationalization/icudt64l/lang/en_TK.res" 1410
"../../../Engine/Content/Internationalization/icudt64l/region/en_TK.res" 1411
"../../../Engine/Content/Internationalization/icudt64l/lang/en_TO.res" 1412
"../../../Engine/Content/Internationalization/icudt64l/region/en_TO.res" 1413
"../../../Engine/Content/Internationalization/icudt64l/lang/en_TT.res" 1414
"../../../Engine/Content/Internationalization/icudt64l/region/en_TT.res" 1415
"../../../Engine/Content/Internationalization/icudt64l/lang/en_TV.res" 1416
"../../../Engine/Content/Internationalization/icudt64l/region/en_TV.res" 1417
"../../../Engine/Content/Internationalization/icudt64l/lang/en_TZ.res" 1418
"../../../Engine/Content/Internationalization/icudt64l/region/en_TZ.res" 1419
"../../../Engine/Content/Internationalization/icudt64l/lang/en_UG.res" 1420
"../../../Engine/Content/Internationalization/icudt64l/region/en_UG.res" 1421
"../../../Engine/Content/Internationalization/icudt64l/lang/en_VC.res" 1422
"../../../Engine/Content/Internationalization/icudt64l/region/en_VC.res" 1423
"../../../Engine/Content/Internationalization/icudt64l/lang/en_VG.res" 1424
"../../../Engine/Content/Internationalization/icudt64l/region/en_VG.res" 1425
"../../../Engine/Content/Internationalization/icudt64l/lang/en_VU.res" 1426
"../../../Engine/Content/Internationalization/icudt64l/region/en_VU.res" 1427
"../../../Engine/Content/Internationalization/icudt64l/lang/en_WS.res" 1428
"../../../Engine/Content/Internationalization/icudt64l/region/en_WS.res" 1429
"../../../Engine/Content/Internationalization/icudt64l/lang/en_ZA.res" 1430
"../../../Engine/Content/Internationalization/icudt64l/region/en_ZA.res" 1431
"../../../Engine/Content/Internationalization/icudt64l/lang/en_ZM.res" 1432
"../../../Engine/Content/Internationalization/icudt64l/region/en_ZM.res" 1433
"../../../Engine/Content/Internationalization/icudt64l/lang/en_ZW.res" 1434
"../../../Engine/Content/Internationalization/icudt64l/region/en_ZW.res" 1435
"../../../Engine/Content/Internationalization/icudt64l/lang/eo.res" 1436
"../../../Engine/Content/Internationalization/icudt64l/region/eo.res" 1437
"../../../Engine/Content/Internationalization/icudt64l/lang/es.res" 1438
"../../../Engine/Content/Internationalization/icudt64l/lang/es_419.res" 1439
"../../../Engine/Content/Internationalization/icudt64l/region/es_419.res" 1440
"../../../Engine/Content/Internationalization/icudt64l/region/es.res" 1441
"../../../Engine/Content/Internationalization/icudt64l/lang/es_AR.res" 1442
"../../../Engine/Content/Internationalization/icudt64l/region/es_AR.res" 1443
"../../../Engine/Content/Internationalization/icudt64l/lang/es_BO.res" 1444
"../../../Engine/Content/Internationalization/icudt64l/region/es_BO.res" 1445
"../../../Engine/Content/Internationalization/icudt64l/lang/es_BR.res" 1446
"../../../Engine/Content/Internationalization/icudt64l/region/es_BR.res" 1447
"../../../Engine/Content/Internationalization/icudt64l/lang/es_BZ.res" 1448
"../../../Engine/Content/Internationalization/icudt64l/region/es_BZ.res" 1449
"../../../Engine/Content/Internationalization/icudt64l/lang/es_CL.res" 1450
"../../../Engine/Content/Internationalization/icudt64l/region/es_CL.res" 1451
"../../../Engine/Content/Internationalization/icudt64l/lang/es_CO.res" 1452
"../../../Engine/Content/Internationalization/icudt64l/region/es_CO.res" 1453
"../../../Engine/Content/Internationalization/icudt64l/lang/es_CR.res" 1454
"../../../Engine/Content/Internationalization/icudt64l/region/es_CR.res" 1455
"../../../Engine/Content/Internationalization/icudt64l/lang/es_CU.res" 1456
"../../../Engine/Content/Internationalization/icudt64l/region/es_CU.res" 1457
"../../../Engine/Content/Internationalization/icudt64l/lang/es_DO.res" 1458
"../../../Engine/Content/Internationalization/icudt64l/region/es_DO.res" 1459
"../../../Engine/Content/Internationalization/icudt64l/lang/es_EC.res" 1460
"../../../Engine/Content/Internationalization/icudt64l/region/es_EC.res" 1461
"../../../Engine/Content/Internationalization/icudt64l/lang/es_GT.res" 1462
"../../../Engine/Content/Internationalization/icudt64l/region/es_GT.res" 1463
"../../../Engine/Content/Internationalization/icudt64l/lang/es_HN.res" 1464
"../../../Engine/Content/Internationalization/icudt64l/region/es_HN.res" 1465
"../../../Engine/Content/Internationalization/icudt64l/lang/es_MX.res" 1466
"../../../Engine/Content/Internationalization/icudt64l/region/es_MX.res" 1467
"../../../Engine/Content/Internationalization/icudt64l/lang/es_NI.res" 1468
"../../../Engine/Content/Internationalization/icudt64l/region/es_NI.res" 1469
"../../../Engine/Content/Internationalization/icudt64l/lang/es_PA.res" 1470
"../../../Engine/Content/Internationalization/icudt64l/region/es_PA.res" 1471
"../../../Engine/Content/Internationalization/icudt64l/lang/es_PE.res" 1472
"../../../Engine/Content/Internationalization/icudt64l/region/es_PE.res" 1473
"../../../Engine/Content/Internationalization/icudt64l/lang/es_PR.res" 1474
"../../../Engine/Content/Internationalization/icudt64l/region/es_PR.res" 1475
"../../../Engine/Content/Internationalization/icudt64l/lang/es_PY.res" 1476
"../../../Engine/Content/Internationalization/icudt64l/region/es_PY.res" 1477
"../../../Engine/Content/Internationalization/icudt64l/lang/es_SV.res" 1478
"../../../Engine/Content/Internationalization/icudt64l/region/es_SV.res" 1479
"../../../Engine/Content/Internationalization/icudt64l/lang/es_US.res" 1480
"../../../Engine/Content/Internationalization/icudt64l/region/es_US.res" 1481
"../../../Engine/Content/Internationalization/icudt64l/lang/es_UY.res" 1482
"../../../Engine/Content/Internationalization/icudt64l/region/es_UY.res" 1483
"../../../Engine/Content/Internationalization/icudt64l/lang/es_VE.res" 1484
"../../../Engine/Content/Internationalization/icudt64l/region/es_VE.res" 1485
"../../../Engine/Content/Internationalization/icudt64l/lang/et.res" 1486
"../../../Engine/Content/Internationalization/icudt64l/region/et.res" 1487
"../../../Engine/Content/Internationalization/icudt64l/lang/eu.res" 1488
"../../../Engine/Content/Internationalization/icudt64l/region/eu.res" 1489
"../../../Engine/Content/Internationalization/icudt64l/lang/ewo.res" 1490
"../../../Engine/Content/Internationalization/icudt64l/region/ewo.res" 1491
"../../../Engine/Content/Internationalization/icudt64l/lang/fa.res" 1492
"../../../Engine/Content/Internationalization/icudt64l/lang/fa_AF.res" 1493
"../../../Engine/Content/Internationalization/icudt64l/region/fa_AF.res" 1494
"../../../Engine/Content/Internationalization/icudt64l/region/fa.res" 1495
"../../../Engine/Content/Internationalization/icudt64l/lang/ff.res" 1496
"../../../Engine/Content/Internationalization/icudt64l/lang/ff_Latn.res" 1497
"../../../Engine/Content/Internationalization/icudt64l/region/ff.res" 1498
"../../../Engine/Content/Internationalization/icudt64l/region/ff_Latn.res" 1499
"../../../Engine/Content/Internationalization/icudt64l/lang/ff_CM.res" 1500
"../../../Engine/Content/Internationalization/icudt64l/lang/ff_Latn_CM.res" 1501
"../../../Engine/Content/Internationalization/icudt64l/region/ff_CM.res" 1502
"../../../Engine/Content/Internationalization/icudt64l/region/ff_Latn_CM.res" 1503
"../../../Engine/Content/Internationalization/icudt64l/lang/ff_GN.res" 1504
"../../../Engine/Content/Internationalization/icudt64l/lang/ff_Latn_GN.res" 1505
"../../../Engine/Content/Internationalization/icudt64l/region/ff_GN.res" 1506
"../../../Engine/Content/Internationalization/icudt64l/region/ff_Latn_GN.res" 1507
"../../../Engine/Content/Internationalization/icudt64l/lang/ff_MR.res" 1508
"../../../Engine/Content/Internationalization/icudt64l/lang/ff_Latn_MR.res" 1509
"../../../Engine/Content/Internationalization/icudt64l/region/ff_MR.res" 1510
"../../../Engine/Content/Internationalization/icudt64l/region/ff_Latn_MR.res" 1511
"../../../Engine/Content/Internationalization/icudt64l/lang/ff_SN.res" 1512
"../../../Engine/Content/Internationalization/icudt64l/lang/ff_Latn_SN.res" 1513
"../../../Engine/Content/Internationalization/icudt64l/region/ff_SN.res" 1514
"../../../Engine/Content/Internationalization/icudt64l/region/ff_Latn_SN.res" 1515
"../../../Engine/Content/Internationalization/icudt64l/lang/fi.res" 1516
"../../../Engine/Content/Internationalization/icudt64l/region/fi.res" 1517
"../../../Engine/Content/Internationalization/icudt64l/lang/fil.res" 1518
"../../../Engine/Content/Internationalization/icudt64l/lang/fil_PH.res" 1519
"../../../Engine/Content/Internationalization/icudt64l/region/fil_PH.res" 1520
"../../../Engine/Content/Internationalization/icudt64l/region/fil.res" 1521
"../../../Engine/Content/Internationalization/icudt64l/lang/fo.res" 1522
"../../../Engine/Content/Internationalization/icudt64l/region/fo.res" 1523
"../../../Engine/Content/Internationalization/icudt64l/lang/fr.res" 1524
"../../../Engine/Content/Internationalization/icudt64l/lang/fr_BE.res" 1525
"../../../Engine/Content/Internationalization/icudt64l/region/fr_BE.res" 1526
"../../../Engine/Content/Internationalization/icudt64l/region/fr.res" 1527
"../../../Engine/Content/Internationalization/icudt64l/lang/fr_CA.res" 1528
"../../../Engine/Content/Internationalization/icudt64l/region/fr_CA.res" 1529
"../../../Engine/Content/Internationalization/icudt64l/lang/fr_CH.res" 1530
"../../../Engine/Content/Internationalization/icudt64l/lang/fur.res" 1531
"../../../Engine/Content/Internationalization/icudt64l/region/fur.res" 1532
"../../../Engine/Content/Internationalization/icudt64l/lang/fy.res" 1533
"../../../Engine/Content/Internationalization/icudt64l/region/fy.res" 1534
"../../../Engine/Content/Internationalization/icudt64l/lang/ga.res" 1535
"../../../Engine/Content/Internationalization/icudt64l/region/ga.res" 1536
"../../../Engine/Content/Internationalization/icudt64l/lang/gd.res" 1537
"../../../Engine/Content/Internationalization/icudt64l/region/gd.res" 1538
"../../../Engine/Content/Internationalization/icudt64l/lang/gl.res" 1539
"../../../Engine/Content/Internationalization/icudt64l/region/gl.res" 1540
"../../../Engine/Content/Internationalization/icudt64l/lang/gsw.res" 1541
"../../../Engine/Content/Internationalization/icudt64l/region/gsw.res" 1542
"../../../Engine/Content/Internationalization/icudt64l/lang/gu.res" 1543
"../../../Engine/Content/Internationalization/icudt64l/region/gu.res" 1544
"../../../Engine/Content/Internationalization/icudt64l/lang/guz.res" 1545
"../../../Engine/Content/Internationalization/icudt64l/region/guz.res" 1546
"../../../Engine/Content/Internationalization/icudt64l/lang/gv.res" 1547
"../../../Engine/Content/Internationalization/icudt64l/region/gv.res" 1548
"../../../Engine/Content/Internationalization/icudt64l/lang/ha.res" 1549
"../../../Engine/Content/Internationalization/icudt64l/region/ha.res" 1550
"../../../Engine/Content/Internationalization/icudt64l/lang/ha_NE.res" 1551
"../../../Engine/Content/Internationalization/icudt64l/region/ha_NE.res" 1552
"../../../Engine/Content/Internationalization/icudt64l/lang/haw.res" 1553
"../../../Engine/Content/Internationalization/icudt64l/region/haw.res" 1554
"../../../Engine/Content/Internationalization/icudt64l/lang/he.res" 1555
"../../../Engine/Content/Internationalization/icudt64l/lang/he_IL.res" 1556
"../../../Engine/Content/Internationalization/icudt64l/region/he_IL.res" 1557
"../../../Engine/Content/Internationalization/icudt64l/region/he.res" 1558
"../../../Engine/Content/Internationalization/icudt64l/lang/hi.res" 1559
"../../../Engine/Content/Internationalization/icudt64l/region/hi.res" 1560
"../../../Engine/Content/Internationalization/icudt64l/lang/hr.res" 1561
"../../../Engine/Content/Internationalization/icudt64l/region/hr.res" 1562
"../../../Engine/Content/Internationalization/icudt64l/lang/hsb.res" 1563
"../../../Engine/Content/Internationalization/icudt64l/region/hsb.res" 1564
"../../../Engine/Content/Internationalization/icudt64l/lang/hu.res" 1565
"../../../Engine/Content/Internationalization/icudt64l/region/hu.res" 1566
"../../../Engine/Content/Internationalization/icudt64l/lang/hy.res" 1567
"../../../Engine/Content/Internationalization/icudt64l/region/hy.res" 1568
"../../../Engine/Content/Internationalization/icudt64l/lang/ia.res" 1569
"../../../Engine/Content/Internationalization/icudt64l/region/ia.res" 1570
"../../../Engine/Content/Internationalization/icudt64l/lang/id.res" 1571
"../../../Engine/Content/Internationalization/icudt64l/lang/id_ID.res" 1572
"../../../Engine/Content/Internationalization/icudt64l/region/id_ID.res" 1573
"../../../Engine/Content/Internationalization/icudt64l/region/id.res" 1574
"../../../Engine/Content/Internationalization/icudt64l/lang/ig.res" 1575
"../../../Engine/Content/Internationalization/icudt64l/region/ig.res" 1576
"../../../Engine/Content/Internationalization/icudt64l/lang/ii.res" 1577
"../../../Engine/Content/Internationalization/icudt64l/region/ii.res" 1578
"../../../Engine/Content/Internationalization/icudt64l/lang/is.res" 1579
"../../../Engine/Content/Internationalization/icudt64l/region/is.res" 1580
"../../../Engine/Content/Internationalization/icudt64l/lang/it.res" 1581
"../../../Engine/Content/Internationalization/icudt64l/region/it.res" 1582
"../../../Engine/Content/Internationalization/icudt64l/lang/ja.res" 1583
"../../../Engine/Content/Internationalization/icudt64l/lang/ja_JP.res" 1584
"../../../Engine/Content/Internationalization/icudt64l/region/ja_JP.res" 1585
"../../../Engine/Content/Internationalization/icudt64l/region/ja.res" 1586
"../../../Engine/Content/Internationalization/icudt64l/lang/jgo.res" 1587
"../../../Engine/Content/Internationalization/icudt64l/region/jgo.res" 1588
"../../../Engine/Content/Internationalization/icudt64l/lang/jmc.res" 1589
"../../../Engine/Content/Internationalization/icudt64l/region/jmc.res" 1590
"../../../Engine/Content/Internationalization/icudt64l/lang/jv.res" 1591
"../../../Engine/Content/Internationalization/icudt64l/region/jv.res" 1592
"../../../Engine/Content/Internationalization/icudt64l/lang/ka.res" 1593
"../../../Engine/Content/Internationalization/icudt64l/region/ka.res" 1594
"../../../Engine/Content/Internationalization/icudt64l/lang/kab.res" 1595
"../../../Engine/Content/Internationalization/icudt64l/region/kab.res" 1596
"../../../Engine/Content/Internationalization/icudt64l/lang/kam.res" 1597
"../../../Engine/Content/Internationalization/icudt64l/region/kam.res" 1598
"../../../Engine/Content/Internationalization/icudt64l/lang/kde.res" 1599
"../../../Engine/Content/Internationalization/icudt64l/region/kde.res" 1600
"../../../Engine/Content/Internationalization/icudt64l/lang/kea.res" 1601
"../../../Engine/Content/Internationalization/icudt64l/region/kea.res" 1602
"../../../Engine/Content/Internationalization/icudt64l/lang/khq.res" 1603
"../../../Engine/Content/Internationalization/icudt64l/region/khq.res" 1604
"../../../Engine/Content/Internationalization/icudt64l/lang/ki.res" 1605
"../../../Engine/Content/Internationalization/icudt64l/region/ki.res" 1606
"../../../Engine/Content/Internationalization/icudt64l/lang/kk.res" 1607
"../../../Engine/Content/Internationalization/icudt64l/region/kk.res" 1608
"../../../Engine/Content/Internationalization/icudt64l/lang/kkj.res" 1609
"../../../Engine/Content/Internationalization/icudt64l/region/kkj.res" 1610
"../../../Engine/Content/Internationalization/icudt64l/lang/kl.res" 1611
"../../../Engine/Content/Internationalization/icudt64l/region/kl.res" 1612
"../../../Engine/Content/Internationalization/icudt64l/lang/kln.res" 1613
"../../../Engine/Content/Internationalization/icudt64l/region/kln.res" 1614
"../../../Engine/Content/Internationalization/icudt64l/lang/km.res" 1615
"../../../Engine/Content/Internationalization/icudt64l/region/km.res" 1616
"../../../Engine/Content/Internationalization/icudt64l/lang/kn.res" 1617
"../../../Engine/Content/Internationalization/icudt64l/region/kn.res" 1618
"../../../Engine/Content/Internationalization/icudt64l/lang/ko.res" 1619
"../../../Engine/Content/Internationalization/icudt64l/region/ko_KP.res" 1620
"../../../Engine/Content/Internationalization/icudt64l/region/ko.res" 1621
"../../../Engine/Content/Internationalization/icudt64l/lang/kok.res" 1622
"../../../Engine/Content/Internationalization/icudt64l/region/kok.res" 1623
"../../../Engine/Content/Internationalization/icudt64l/lang/ks.res" 1624
"../../../Engine/Content/Internationalization/icudt64l/region/ks.res" 1625
"../../../Engine/Content/Internationalization/icudt64l/lang/ksb.res" 1626
"../../../Engine/Content/Internationalization/icudt64l/region/ksb.res" 1627
"../../../Engine/Content/Internationalization/icudt64l/lang/ksf.res" 1628
"../../../Engine/Content/Internationalization/icudt64l/region/ksf.res" 1629
"../../../Engine/Content/Internationalization/icudt64l/lang/ksh.res" 1630
"../../../Engine/Content/Internationalization/icudt64l/region/ksh.res" 1631
"../../../Engine/Content/Internationalization/icudt64l/lang/ku.res" 1632
"../../../Engine/Content/Internationalization/icudt64l/region/ku.res" 1633
"../../../Engine/Content/Internationalization/icudt64l/lang/kw.res" 1634
"../../../Engine/Content/Internationalization/icudt64l/region/kw.res" 1635
"../../../Engine/Content/Internationalization/icudt64l/lang/ky.res" 1636
"../../../Engine/Content/Internationalization/icudt64l/region/ky.res" 1637
"../../../Engine/Content/Internationalization/icudt64l/lang/lag.res" 1638
"../../../Engine/Content/Internationalization/icudt64l/region/lag.res" 1639
"../../../Engine/Content/Internationalization/icudt64l/lang/lb.res" 1640
"../../../Engine/Content/Internationalization/icudt64l/region/lb.res" 1641
"../../../Engine/Content/Internationalization/icudt64l/lang/lg.res" 1642
"../../../Engine/Content/Internationalization/icudt64l/region/lg.res" 1643
"../../../Engine/Content/Internationalization/icudt64l/lang/lkt.res" 1644
"../../../Engine/Content/Internationalization/icudt64l/region/lkt.res" 1645
"../../../Engine/Content/Internationalization/icudt64l/lang/ln.res" 1646
"../../../Engine/Content/Internationalization/icudt64l/region/ln.res" 1647
"../../../Engine/Content/Internationalization/icudt64l/lang/lo.res" 1648
"../../../Engine/Content/Internationalization/icudt64l/region/lo.res" 1649
"../../../Engine/Content/Internationalization/icudt64l/lang/lrc.res" 1650
"../../../Engine/Content/Internationalization/icudt64l/region/lrc.res" 1651
"../../../Engine/Content/Internationalization/icudt64l/lang/lt.res" 1652
"../../../Engine/Content/Internationalization/icudt64l/region/lt.res" 1653
"../../../Engine/Content/Internationalization/icudt64l/lang/lu.res" 1654
"../../../Engine/Content/Internationalization/icudt64l/region/lu.res" 1655
"../../../Engine/Content/Internationalization/icudt64l/lang/luo.res" 1656
"../../../Engine/Content/Internationalization/icudt64l/region/luo.res" 1657
"../../../Engine/Content/Internationalization/icudt64l/lang/luy.res" 1658
"../../../Engine/Content/Internationalization/icudt64l/region/luy.res" 1659
"../../../Engine/Content/Internationalization/icudt64l/lang/lv.res" 1660
"../../../Engine/Content/Internationalization/icudt64l/region/lv.res" 1661
"../../../Engine/Content/Internationalization/icudt64l/lang/mas.res" 1662
"../../../Engine/Content/Internationalization/icudt64l/region/mas.res" 1663
"../../../Engine/Content/Internationalization/icudt64l/lang/mer.res" 1664
"../../../Engine/Content/Internationalization/icudt64l/region/mer.res" 1665
"../../../Engine/Content/Internationalization/icudt64l/lang/mfe.res" 1666
"../../../Engine/Content/Internationalization/icudt64l/region/mfe.res" 1667
"../../../Engine/Content/Internationalization/icudt64l/lang/mg.res" 1668
"../../../Engine/Content/Internationalization/icudt64l/region/mg.res" 1669
"../../../Engine/Content/Internationalization/icudt64l/lang/mgh.res" 1670
"../../../Engine/Content/Internationalization/icudt64l/region/mgh.res" 1671
"../../../Engine/Content/Internationalization/icudt64l/lang/mgo.res" 1672
"../../../Engine/Content/Internationalization/icudt64l/region/mgo.res" 1673
"../../../Engine/Content/Internationalization/icudt64l/lang/mi.res" 1674
"../../../Engine/Content/Internationalization/icudt64l/region/mi.res" 1675
"../../../Engine/Content/Internationalization/icudt64l/lang/mk.res" 1676
"../../../Engine/Content/Internationalization/icudt64l/region/mk.res" 1677
"../../../Engine/Content/Internationalization/icudt64l/lang/ml.res" 1678
"../../../Engine/Content/Internationalization/icudt64l/region/ml.res" 1679
"../../../Engine/Content/Internationalization/icudt64l/lang/mn.res" 1680
"../../../Engine/Content/Internationalization/icudt64l/region/mn.res" 1681
"../../../Engine/Content/Internationalization/icudt64l/lang/mr.res" 1682
"../../../Engine/Content/Internationalization/icudt64l/region/mr.res" 1683
"../../../Engine/Content/Internationalization/icudt64l/lang/ms.res" 1684
"../../../Engine/Content/Internationalization/icudt64l/region/ms.res" 1685
"../../../Engine/Content/Internationalization/icudt64l/lang/mt.res" 1686
"../../../Engine/Content/Internationalization/icudt64l/region/mt.res" 1687
"../../../Engine/Content/Internationalization/icudt64l/lang/mua.res" 1688
"../../../Engine/Content/Internationalization/icudt64l/region/mua.res" 1689
"../../../Engine/Content/Internationalization/icudt64l/lang/my.res" 1690
"../../../Engine/Content/Internationalization/icudt64l/region/my.res" 1691
"../../../Engine/Content/Internationalization/icudt64l/lang/mzn.res" 1692
"../../../Engine/Content/Internationalization/icudt64l/region/mzn.res" 1693
"../../../Engine/Content/Internationalization/icudt64l/lang/naq.res" 1694
"../../../Engine/Content/Internationalization/icudt64l/region/naq.res" 1695
"../../../Engine/Content/Internationalization/icudt64l/lang/nb.res" 1696
"../../../Engine/Content/Internationalization/icudt64l/lang/nb_NO.res" 1697
"../../../Engine/Content/Internationalization/icudt64l/region/nb_NO.res" 1698
"../../../Engine/Content/Internationalization/icudt64l/region/nb.res" 1699
"../../../Engine/Content/Internationalization/icudt64l/lang/nd.res" 1700
"../../../Engine/Content/Internationalization/icudt64l/region/nd.res" 1701
"../../../Engine/Content/Internationalization/icudt64l/lang/nds.res" 1702
"../../../Engine/Content/Internationalization/icudt64l/region/nds.res" 1703
"../../../Engine/Content/Internationalization/icudt64l/lang/ne.res" 1704
"../../../Engine/Content/Internationalization/icudt64l/region/ne.res" 1705
"../../../Engine/Content/Internationalization/icudt64l/lang/nl.res" 1706
"../../../Engine/Content/Internationalization/icudt64l/region/nl.res" 1707
"../../../Engine/Content/Internationalization/icudt64l/lang/nmg.res" 1708
"../../../Engine/Content/Internationalization/icudt64l/region/nmg.res" 1709
"../../../Engine/Content/Internationalization/icudt64l/lang/nn.res" 1710
"../../../Engine/Content/Internationalization/icudt64l/lang/nn_NO.res" 1711
"../../../Engine/Content/Internationalization/icudt64l/region/nn_NO.res" 1712
"../../../Engine/Content/Internationalization/icudt64l/region/nn.res" 1713
"../../../Engine/Content/Internationalization/icudt64l/lang/nnh.res" 1714
"../../../Engine/Content/Internationalization/icudt64l/region/nnh.res" 1715
"../../../Engine/Content/Internationalization/icudt64l/lang/nus.res" 1716
"../../../Engine/Content/Internationalization/icudt64l/region/nus.res" 1717
"../../../Engine/Content/Internationalization/icudt64l/lang/nyn.res" 1718
"../../../Engine/Content/Internationalization/icudt64l/region/nyn.res" 1719
"../../../Engine/Content/Internationalization/icudt64l/lang/om.res" 1720
"../../../Engine/Content/Internationalization/icudt64l/region/om.res" 1721
"../../../Engine/Content/Internationalization/icudt64l/lang/or.res" 1722
"../../../Engine/Content/Internationalization/icudt64l/region/or.res" 1723
"../../../Engine/Content/Internationalization/icudt64l/lang/os.res" 1724
"../../../Engine/Content/Internationalization/icudt64l/region/os.res" 1725
"../../../Engine/Content/Internationalization/icudt64l/lang/pa.res" 1726
"../../../Engine/Content/Internationalization/icudt64l/lang/pa_Arab.res" 1727
"../../../Engine/Content/Internationalization/icudt64l/lang/pa_PK.res" 1728
"../../../Engine/Content/Internationalization/icudt64l/lang/pa_Arab_PK.res" 1729
"../../../Engine/Content/Internationalization/icudt64l/region/pa_PK.res" 1730
"../../../Engine/Content/Internationalization/icudt64l/region/pa_Arab_PK.res" 1731
"../../../Engine/Content/Internationalization/icudt64l/region/pa_Arab.res" 1732
"../../../Engine/Content/Internationalization/icudt64l/lang/pa_Guru.res" 1733
"../../../Engine/Content/Internationalization/icudt64l/lang/pa_IN.res" 1734
"../../../Engine/Content/Internationalization/icudt64l/lang/pa_Guru_IN.res" 1735
"../../../Engine/Content/Internationalization/icudt64l/region/pa_IN.res" 1736
"../../../Engine/Content/Internationalization/icudt64l/region/pa_Guru_IN.res" 1737
"../../../Engine/Content/Internationalization/icudt64l/region/pa_Guru.res" 1738
"../../../Engine/Content/Internationalization/icudt64l/region/pa.res" 1739
"../../../Engine/Content/Internationalization/icudt64l/lang/pl.res" 1740
"../../../Engine/Content/Internationalization/icudt64l/region/pl.res" 1741
"../../../Engine/Content/Internationalization/icudt64l/lang/ps.res" 1742
"../../../Engine/Content/Internationalization/icudt64l/region/ps.res" 1743
"../../../Engine/Content/Internationalization/icudt64l/lang/ps_PK.res" 1744
"../../../Engine/Content/Internationalization/icudt64l/region/ps_PK.res" 1745
"../../../Engine/Content/Internationalization/icudt64l/lang/pt.res" 1746
"../../../Engine/Content/Internationalization/icudt64l/lang/pt_AO.res" 1747
"../../../Engine/Content/Internationalization/icudt64l/lang/pt_PT.res" 1748
"../../../Engine/Content/Internationalization/icudt64l/region/pt_AO.res" 1749
"../../../Engine/Content/Internationalization/icudt64l/region/pt_PT.res" 1750
"../../../Engine/Content/Internationalization/icudt64l/region/pt.res" 1751
"../../../Engine/Content/Internationalization/icudt64l/lang/pt_CH.res" 1752
"../../../Engine/Content/Internationalization/icudt64l/region/pt_CH.res" 1753
"../../../Engine/Content/Internationalization/icudt64l/lang/pt_CV.res" 1754
"../../../Engine/Content/Internationalization/icudt64l/region/pt_CV.res" 1755
"../../../Engine/Content/Internationalization/icudt64l/lang/pt_GQ.res" 1756
"../../../Engine/Content/Internationalization/icudt64l/region/pt_GQ.res" 1757
"../../../Engine/Content/Internationalization/icudt64l/lang/pt_GW.res" 1758
"../../../Engine/Content/Internationalization/icudt64l/region/pt_GW.res" 1759
"../../../Engine/Content/Internationalization/icudt64l/lang/pt_LU.res" 1760
"../../../Engine/Content/Internationalization/icudt64l/region/pt_LU.res" 1761
"../../../Engine/Content/Internationalization/icudt64l/lang/pt_MO.res" 1762
"../../../Engine/Content/Internationalization/icudt64l/region/pt_MO.res" 1763
"../../../Engine/Content/Internationalization/icudt64l/lang/pt_MZ.res" 1764
"../../../Engine/Content/Internationalization/icudt64l/region/pt_MZ.res" 1765
"../../../Engine/Content/Internationalization/icudt64l/lang/pt_ST.res" 1766
"../../../Engine/Content/Internationalization/icudt64l/region/pt_ST.res" 1767
"../../../Engine/Content/Internationalization/icudt64l/lang/pt_TL.res" 1768
"../../../Engine/Content/Internationalization/icudt64l/region/pt_TL.res" 1769
"../../../Engine/Content/Internationalization/icudt64l/lang/qu.res" 1770
"../../../Engine/Content/Internationalization/icudt64l/region/qu.res" 1771
"../../../Engine/Content/Internationalization/icudt64l/lang/rm.res" 1772
"../../../Engine/Content/Internationalization/icudt64l/region/rm.res" 1773
"../../../Engine/Content/Internationalization/icudt64l/lang/rn.res" 1774
"../../../Engine/Content/Internationalization/icudt64l/region/rn.res" 1775
"../../../Engine/Content/Internationalization/icudt64l/lang/ro.res" 1776
"../../../Engine/Content/Internationalization/icudt64l/lang/ro_MD.res" 1777
"../../../Engine/Content/Internationalization/icudt64l/region/ro_MD.res" 1778
"../../../Engine/Content/Internationalization/icudt64l/region/ro.res" 1779
"../../../Engine/Content/Internationalization/icudt64l/lang/rof.res" 1780
"../../../Engine/Content/Internationalization/icudt64l/region/rof.res" 1781
"../../../Engine/Content/Internationalization/icudt64l/region/ru_UA.res" 1782
"../../../Engine/Content/Internationalization/icudt64l/lang/rw.res" 1783
"../../../Engine/Content/Internationalization/icudt64l/region/rw.res" 1784
"../../../Engine/Content/Internationalization/icudt64l/lang/rwk.res" 1785
"../../../Engine/Content/Internationalization/icudt64l/region/rwk.res" 1786
"../../../Engine/Content/Internationalization/icudt64l/lang/sah.res" 1787
"../../../Engine/Content/Internationalization/icudt64l/region/sah.res" 1788
"../../../Engine/Content/Internationalization/icudt64l/lang/saq.res" 1789
"../../../Engine/Content/Internationalization/icudt64l/region/saq.res" 1790
"../../../Engine/Content/Internationalization/icudt64l/lang/sbp.res" 1791
"../../../Engine/Content/Internationalization/icudt64l/region/sbp.res" 1792
"../../../Engine/Content/Internationalization/icudt64l/lang/sd.res" 1793
"../../../Engine/Content/Internationalization/icudt64l/region/sd.res" 1794
"../../../Engine/Content/Internationalization/icudt64l/lang/se.res" 1795
"../../../Engine/Content/Internationalization/icudt64l/lang/se_FI.res" 1796
"../../../Engine/Content/Internationalization/icudt64l/region/se_FI.res" 1797
"../../../Engine/Content/Internationalization/icudt64l/region/se.res" 1798
"../../../Engine/Content/Internationalization/icudt64l/lang/seh.res" 1799
"../../../Engine/Content/Internationalization/icudt64l/region/seh.res" 1800
"../../../Engine/Content/Internationalization/icudt64l/lang/ses.res" 1801
"../../../Engine/Content/Internationalization/icudt64l/region/ses.res" 1802
"../../../Engine/Content/Internationalization/icudt64l/lang/sg.res" 1803
"../../../Engine/Content/Internationalization/icudt64l/region/sg.res" 1804
"../../../Engine/Content/Internationalization/icudt64l/lang/shi.res" 1805
"../../../Engine/Content/Internationalization/icudt64l/lang/shi_Latn.res" 1806
"../../../Engine/Content/Internationalization/icudt64l/lang/shi_MA.res" 1807
"../../../Engine/Content/Internationalization/icudt64l/lang/shi_Tfng_MA.res" 1808
"../../../Engine/Content/Internationalization/icudt64l/lang/shi_Tfng.res" 1809
"../../../Engine/Content/Internationalization/icudt64l/region/shi_MA.res" 1810
"../../../Engine/Content/Internationalization/icudt64l/region/shi_Tfng_MA.res" 1811
"../../../Engine/Content/Internationalization/icudt64l/region/shi_Tfng.res" 1812
"../../../Engine/Content/Internationalization/icudt64l/region/shi.res" 1813
"../../../Engine/Content/Internationalization/icudt64l/region/shi_Latn.res" 1814
"../../../Engine/Content/Internationalization/icudt64l/lang/si.res" 1815
"../../../Engine/Content/Internationalization/icudt64l/region/si.res" 1816
"../../../Engine/Content/Internationalization/icudt64l/lang/sk.res" 1817
"../../../Engine/Content/Internationalization/icudt64l/region/sk.res" 1818
"../../../Engine/Content/Internationalization/icudt64l/lang/sl.res" 1819
"../../../Engine/Content/Internationalization/icudt64l/region/sl.res" 1820
"../../../Engine/Content/Internationalization/icudt64l/lang/smn.res" 1821
"../../../Engine/Content/Internationalization/icudt64l/region/smn.res" 1822
"../../../Engine/Content/Internationalization/icudt64l/lang/sn.res" 1823
"../../../Engine/Content/Internationalization/icudt64l/region/sn.res" 1824
"../../../Engine/Content/Internationalization/icudt64l/lang/so.res" 1825
"../../../Engine/Content/Internationalization/icudt64l/region/so.res" 1826
"../../../Engine/Content/Internationalization/icudt64l/lang/sq.res" 1827
"../../../Engine/Content/Internationalization/icudt64l/region/sq.res" 1828
"../../../Engine/Content/Internationalization/icudt64l/lang/sr.res" 1829
"../../../Engine/Content/Internationalization/icudt64l/lang/sr_Cyrl.res" 1830
"../../../Engine/Content/Internationalization/icudt64l/lang/sr_BA.res" 1831
"../../../Engine/Content/Internationalization/icudt64l/lang/sr_Cyrl_BA.res" 1832
"../../../Engine/Content/Internationalization/icudt64l/region/sr_BA.res" 1833
"../../../Engine/Content/Internationalization/icudt64l/region/sr_Cyrl_BA.res" 1834
"../../../Engine/Content/Internationalization/icudt64l/region/sr_Cyrl.res" 1835
"../../../Engine/Content/Internationalization/icudt64l/region/sr.res" 1836
"../../../Engine/Content/Internationalization/icudt64l/lang/sr_ME.res" 1837
"../../../Engine/Content/Internationalization/icudt64l/lang/sr_Latn_ME.res" 1838
"../../../Engine/Content/Internationalization/icudt64l/lang/sr_Latn.res" 1839
"../../../Engine/Content/Internationalization/icudt64l/region/sr_ME.res" 1840
"../../../Engine/Content/Internationalization/icudt64l/region/sr_Latn_ME.res" 1841
"../../../Engine/Content/Internationalization/icudt64l/region/sr_Latn.res" 1842
"../../../Engine/Content/Internationalization/icudt64l/lang/sr_Cyrl_ME.res" 1843
"../../../Engine/Content/Internationalization/icudt64l/region/sr_Cyrl_ME.res" 1844
"../../../Engine/Content/Internationalization/icudt64l/lang/sr_RS.res" 1845
"../../../Engine/Content/Internationalization/icudt64l/lang/sr_Cyrl_RS.res" 1846
"../../../Engine/Content/Internationalization/icudt64l/region/sr_RS.res" 1847
"../../../Engine/Content/Internationalization/icudt64l/region/sr_Cyrl_RS.res" 1848
"../../../Engine/Content/Internationalization/icudt64l/lang/sr_XK.res" 1849
"../../../Engine/Content/Internationalization/icudt64l/lang/sr_Cyrl_XK.res" 1850
"../../../Engine/Content/Internationalization/icudt64l/region/sr_XK.res" 1851
"../../../Engine/Content/Internationalization/icudt64l/region/sr_Cyrl_XK.res" 1852
"../../../Engine/Content/Internationalization/icudt64l/lang/sr_Latn_BA.res" 1853
"../../../Engine/Content/Internationalization/icudt64l/region/sr_Latn_BA.res" 1854
"../../../Engine/Content/Internationalization/icudt64l/lang/sr_Latn_RS.res" 1855
"../../../Engine/Content/Internationalization/icudt64l/region/sr_Latn_RS.res" 1856
"../../../Engine/Content/Internationalization/icudt64l/lang/sr_Latn_XK.res" 1857
"../../../Engine/Content/Internationalization/icudt64l/region/sr_Latn_XK.res" 1858
"../../../Engine/Content/Internationalization/icudt64l/lang/sv.res" 1859
"../../../Engine/Content/Internationalization/icudt64l/region/sv.res" 1860
"../../../Engine/Content/Internationalization/icudt64l/lang/sv_FI.res" 1861
"../../../Engine/Content/Internationalization/icudt64l/lang/sw.res" 1862
"../../../Engine/Content/Internationalization/icudt64l/lang/sw_CD.res" 1863
"../../../Engine/Content/Internationalization/icudt64l/region/sw_CD.res" 1864
"../../../Engine/Content/Internationalization/icudt64l/region/sw.res" 1865
"../../../Engine/Content/Internationalization/icudt64l/lang/sw_KE.res" 1866
"../../../Engine/Content/Internationalization/icudt64l/region/sw_KE.res" 1867
"../../../Engine/Content/Internationalization/icudt64l/lang/ta.res" 1868
"../../../Engine/Content/Internationalization/icudt64l/region/ta.res" 1869
"../../../Engine/Content/Internationalization/icudt64l/lang/te.res" 1870
"../../../Engine/Content/Internationalization/icudt64l/region/te.res" 1871
"../../../Engine/Content/Internationalization/icudt64l/lang/teo.res" 1872
"../../../Engine/Content/Internationalization/icudt64l/region/teo.res" 1873
"../../../Engine/Content/Internationalization/icudt64l/lang/tg.res" 1874
"../../../Engine/Content/Internationalization/icudt64l/region/tg.res" 1875
"../../../Engine/Content/Internationalization/icudt64l/lang/th.res" 1876
"../../../Engine/Content/Internationalization/icudt64l/lang/th_TH.res" 1877
"../../../Engine/Content/Internationalization/icudt64l/region/th_TH.res" 1878
"../../../Engine/Content/Internationalization/icudt64l/region/th.res" 1879
"../../../Engine/Content/Internationalization/icudt64l/lang/ti.res" 1880
"../../../Engine/Content/Internationalization/icudt64l/region/ti.res" 1881
"../../../Engine/Content/Internationalization/icudt64l/lang/tk.res" 1882
"../../../Engine/Content/Internationalization/icudt64l/region/tk.res" 1883
"../../../Engine/Content/Internationalization/icudt64l/lang/to.res" 1884
"../../../Engine/Content/Internationalization/icudt64l/region/to.res" 1885
"../../../Engine/Content/Internationalization/icudt64l/lang/tr.res" 1886
"../../../Engine/Content/Internationalization/icudt64l/region/tr.res" 1887
"../../../Engine/Content/Internationalization/icudt64l/lang/tt.res" 1888
"../../../Engine/Content/Internationalization/icudt64l/region/tt.res" 1889
"../../../Engine/Content/Internationalization/icudt64l/lang/twq.res" 1890
"../../../Engine/Content/Internationalization/icudt64l/region/twq.res" 1891
"../../../Engine/Content/Internationalization/icudt64l/lang/tzm.res" 1892
"../../../Engine/Content/Internationalization/icudt64l/region/tzm.res" 1893
"../../../Engine/Content/Internationalization/icudt64l/lang/ug.res" 1894
"../../../Engine/Content/Internationalization/icudt64l/region/ug.res" 1895
"../../../Engine/Content/Internationalization/icudt64l/lang/uk.res" 1896
"../../../Engine/Content/Internationalization/icudt64l/region/uk.res" 1897
"../../../Engine/Content/Internationalization/icudt64l/lang/ur.res" 1898
"../../../Engine/Content/Internationalization/icudt64l/lang/ur_IN.res" 1899
"../../../Engine/Content/Internationalization/icudt64l/region/ur_IN.res" 1900
"../../../Engine/Content/Internationalization/icudt64l/region/ur.res" 1901
"../../../Engine/Content/Internationalization/icudt64l/lang/uz.res" 1902
"../../../Engine/Content/Internationalization/icudt64l/lang/uz_Arab.res" 1903
"../../../Engine/Content/Internationalization/icudt64l/lang/uz_AF.res" 1904
"../../../Engine/Content/Internationalization/icudt64l/lang/uz_Arab_AF.res" 1905
"../../../Engine/Content/Internationalization/icudt64l/region/uz_AF.res" 1906
"../../../Engine/Content/Internationalization/icudt64l/region/uz_Arab_AF.res" 1907
"../../../Engine/Content/Internationalization/icudt64l/region/uz_Arab.res" 1908
"../../../Engine/Content/Internationalization/icudt64l/lang/uz_Cyrl.res" 1909
"../../../Engine/Content/Internationalization/icudt64l/lang/uz_UZ.res" 1910
"../../../Engine/Content/Internationalization/icudt64l/lang/uz_Latn_UZ.res" 1911
"../../../Engine/Content/Internationalization/icudt64l/lang/uz_Latn.res" 1912
"../../../Engine/Content/Internationalization/icudt64l/region/uz_UZ.res" 1913
"../../../Engine/Content/Internationalization/icudt64l/region/uz_Latn_UZ.res" 1914
"../../../Engine/Content/Internationalization/icudt64l/region/uz_Latn.res" 1915
"../../../Engine/Content/Internationalization/icudt64l/region/uz.res" 1916
"../../../Engine/Content/Internationalization/icudt64l/region/uz_Cyrl.res" 1917
"../../../Engine/Content/Internationalization/icudt64l/lang/vai.res" 1918
"../../../Engine/Content/Internationalization/icudt64l/lang/vai_Latn.res" 1919
"../../../Engine/Content/Internationalization/icudt64l/lang/vai_LR.res" 1920
"../../../Engine/Content/Internationalization/icudt64l/lang/vai_Vaii_LR.res" 1921
"../../../Engine/Content/Internationalization/icudt64l/lang/vai_Vaii.res" 1922
"../../../Engine/Content/Internationalization/icudt64l/region/vai_LR.res" 1923
"../../../Engine/Content/Internationalization/icudt64l/region/vai_Vaii_LR.res" 1924
"../../../Engine/Content/Internationalization/icudt64l/region/vai_Vaii.res" 1925
"../../../Engine/Content/Internationalization/icudt64l/region/vai.res" 1926
"../../../Engine/Content/Internationalization/icudt64l/region/vai_Latn.res" 1927
"../../../Engine/Content/Internationalization/icudt64l/lang/vi.res" 1928
"../../../Engine/Content/Internationalization/icudt64l/region/vi.res" 1929
"../../../Engine/Content/Internationalization/icudt64l/lang/vun.res" 1930
"../../../Engine/Content/Internationalization/icudt64l/region/vun.res" 1931
"../../../Engine/Content/Internationalization/icudt64l/lang/wae.res" 1932
"../../../Engine/Content/Internationalization/icudt64l/region/wae.res" 1933
"../../../Engine/Content/Internationalization/icudt64l/lang/wo.res" 1934
"../../../Engine/Content/Internationalization/icudt64l/region/wo.res" 1935
"../../../Engine/Content/Internationalization/icudt64l/lang/xh.res" 1936
"../../../Engine/Content/Internationalization/icudt64l/region/xh.res" 1937
"../../../Engine/Content/Internationalization/icudt64l/lang/xog.res" 1938
"../../../Engine/Content/Internationalization/icudt64l/region/xog.res" 1939
"../../../Engine/Content/Internationalization/icudt64l/lang/yav.res" 1940
"../../../Engine/Content/Internationalization/icudt64l/region/yav.res" 1941
"../../../Engine/Content/Internationalization/icudt64l/lang/yi.res" 1942
"../../../Engine/Content/Internationalization/icudt64l/region/yi.res" 1943
"../../../Engine/Content/Internationalization/icudt64l/lang/yo.res" 1944
"../../../Engine/Content/Internationalization/icudt64l/lang/yo_BJ.res" 1945
"../../../Engine/Content/Internationalization/icudt64l/region/yo_BJ.res" 1946
"../../../Engine/Content/Internationalization/icudt64l/region/yo.res" 1947
"../../../Engine/Content/Internationalization/icudt64l/lang/yue.res" 1948
"../../../Engine/Content/Internationalization/icudt64l/lang/yue_Hans.res" 1949
"../../../Engine/Content/Internationalization/icudt64l/lang/yue_CN.res" 1950
"../../../Engine/Content/Internationalization/icudt64l/lang/yue_Hans_CN.res" 1951
"../../../Engine/Content/Internationalization/icudt64l/region/yue_CN.res" 1952
"../../../Engine/Content/Internationalization/icudt64l/region/yue_Hans_CN.res" 1953
"../../../Engine/Content/Internationalization/icudt64l/region/yue_Hans.res" 1954
"../../../Engine/Content/Internationalization/icudt64l/lang/yue_Hant.res" 1955
"../../../Engine/Content/Internationalization/icudt64l/lang/yue_HK.res" 1956
"../../../Engine/Content/Internationalization/icudt64l/lang/yue_Hant_HK.res" 1957
"../../../Engine/Content/Internationalization/icudt64l/region/yue_HK.res" 1958
"../../../Engine/Content/Internationalization/icudt64l/region/yue_Hant_HK.res" 1959
"../../../Engine/Content/Internationalization/icudt64l/region/yue_Hant.res" 1960
"../../../Engine/Content/Internationalization/icudt64l/region/yue.res" 1961
"../../../Engine/Content/Internationalization/icudt64l/lang/zgh.res" 1962
"../../../Engine/Content/Internationalization/icudt64l/region/zgh.res" 1963
"../../../Engine/Content/Internationalization/icudt64l/lang/zh.res" 1964
"../../../Engine/Content/Internationalization/icudt64l/lang/zh_Hans.res" 1965
"../../../Engine/Content/Internationalization/icudt64l/lang/zh_CN.res" 1966
"../../../Engine/Content/Internationalization/icudt64l/lang/zh_Hans_CN.res" 1967
"../../../Engine/Content/Internationalization/icudt64l/region/zh_CN.res" 1968
"../../../Engine/Content/Internationalization/icudt64l/region/zh_Hans_CN.res" 1969
"../../../Engine/Content/Internationalization/icudt64l/region/zh_Hans.res" 1970
"../../../Engine/Content/Internationalization/icudt64l/region/zh.res" 1971
"../../../Engine/Content/Internationalization/icudt64l/lang/zh_HK.res" 1972
"../../../Engine/Content/Internationalization/icudt64l/lang/zh_Hant_HK.res" 1973
"../../../Engine/Content/Internationalization/icudt64l/lang/zh_Hant.res" 1974
"../../../Engine/Content/Internationalization/icudt64l/region/zh_HK.res" 1975
"../../../Engine/Content/Internationalization/icudt64l/region/zh_Hant_HK.res" 1976
"../../../Engine/Content/Internationalization/icudt64l/region/zh_Hant.res" 1977
"../../../Engine/Content/Internationalization/icudt64l/lang/zh_MO.res" 1978
"../../../Engine/Content/Internationalization/icudt64l/lang/zh_Hant_MO.res" 1979
"../../../Engine/Content/Internationalization/icudt64l/region/zh_MO.res" 1980
"../../../Engine/Content/Internationalization/icudt64l/region/zh_Hant_MO.res" 1981
"../../../Engine/Content/Internationalization/icudt64l/lang/zh_SG.res" 1982
"../../../Engine/Content/Internationalization/icudt64l/lang/zh_Hans_SG.res" 1983
"../../../Engine/Content/Internationalization/icudt64l/region/zh_SG.res" 1984
"../../../Engine/Content/Internationalization/icudt64l/region/zh_Hans_SG.res" 1985
"../../../Engine/Content/Internationalization/icudt64l/lang/zh_TW.res" 1986
"../../../Engine/Content/Internationalization/icudt64l/lang/zh_Hant_TW.res" 1987
"../../../Engine/Content/Internationalization/icudt64l/region/zh_TW.res" 1988
"../../../Engine/Content/Internationalization/icudt64l/region/zh_Hant_TW.res" 1989
"../../../Engine/Content/Internationalization/icudt64l/lang/zu.res" 1990
"../../../Engine/Content/Internationalization/icudt64l/region/zu.res" 1991
"../../../Engine/Content/Internationalization/icudt64l/lang/no.res" 1992
"../../../Engine/Content/Internationalization/icudt64l/lang/tl.res" 1993
"../../../Engine/Config/Android/DataDrivenPlatformInfo.ini" 1994
"../../../Engine/Config/IOS/DataDrivenPlatformInfo.ini" 1995
"../../../Engine/Config/Linux/DataDrivenPlatformInfo.ini" 1996
"../../../Engine/Config/Mac/DataDrivenPlatformInfo.ini" 1997
"../../../Engine/Config/TVOS/DataDrivenPlatformInfo.ini" 1998
"../../../Engine/Config/Unix/DataDrivenPlatformInfo.ini" 1999
"../../../Engine/Config/VulkanPC/DataDrivenPlatformInfo.ini" 2000
"../../../Engine/Config/Windows/DataDrivenPlatformInfo.ini" 2001
"../../../Engine/Platforms/VisionOS/Config/DataDrivenPlatformInfo.ini" 2002
"../../../Engine/Content/Renderer/TessellationTable.bin" 2003
"../../../Engine/DerivedDataCache/Compressed.ddp" 2004
"C:/Users/fsgkunreal/AppData/Local/UnrealEngine/5.6/Saved/Zen/zen.version" 2005
"C:/Users/fsgkunreal/AppData/Local/UnrealEngine/Common/Zen/Install/zen.version" 2006
"C:/Users/fsgkunreal/AppData/Local/UnrealEngine/Common/Zen/Install/zenserver.runcontext" 2007
"C:/Users/fsgkunreal/AppData/Local/UnrealEngine/Common/DerivedDataCache/TestData/0/TestData_4kb.dat" 2008
"C:/Users/fsgkunreal/AppData/Local/UnrealEngine/Common/DerivedDataCache/TestData/1/TestData_4kb.dat" 2009
"C:/Users/fsgkunreal/AppData/Local/UnrealEngine/Common/DerivedDataCache/TestData/0/TestData_8kb.dat" 2010
"C:/Users/fsgkunreal/AppData/Local/UnrealEngine/Common/DerivedDataCache/TestData/1/TestData_8kb.dat" 2011
"C:/Users/fsgkunreal/AppData/Local/UnrealEngine/Common/DerivedDataCache/TestData/0/TestData_16kb.dat" 2012
"C:/Users/fsgkunreal/AppData/Local/UnrealEngine/Common/DerivedDataCache/TestData/1/TestData_16kb.dat" 2013
"C:/Users/fsgkunreal/AppData/Local/UnrealEngine/Common/DerivedDataCache/TestData/0/TestData_64kb.dat" 2014
"C:/Users/fsgkunreal/AppData/Local/UnrealEngine/Common/DerivedDataCache/TestData/1/TestData_64kb.dat" 2015
"C:/Users/fsgkunreal/AppData/Local/UnrealEngine/Common/DerivedDataCache/TestData/0/TestData_128kb.dat" 2016
"C:/Users/fsgkunreal/AppData/Local/UnrealEngine/Common/DerivedDataCache/TestData/1/TestData_128kb.dat" 2017
"C:/Users/fsgkunreal/AppData/Local/UnrealEngine/Common/DerivedDataCache/TestData/0/TestData_256kb.dat" 2018
"C:/Users/fsgkunreal/AppData/Local/UnrealEngine/Common/DerivedDataCache/TestData/1/TestData_256kb.dat" 2019
"C:/Users/fsgkunreal/AppData/Roaming/Unreal Engine/UnrealBuildTool/BuildConfiguration.xml" 2020
"../../../../../Projects/Squeak/Intermediate/ShaderAutogen/PCD3D_SM6/AutogenShaderHeaders.ush" 2021
"../../../Engine/Shaders/Private/HairStrands/HairStrandsVertexFactory.ush" 2022
"../../../Engine/Shaders/Private/VertexFactoryCommon.ush" 2023
"../../../Engine/Shaders/Private/Common.ush" 2024
"../../../Engine/Shaders/Public/Platform.ush" 2025
"../../../Engine/Shaders/Public/FP16Math.ush" 2026
"../../../Engine/Shaders/Public/Platform/D3D/D3DCommon.ush" 2027
"../../../Engine/Shaders/Shared/HLSLReservedSpaces.h" 2028
"../../../Engine/Shaders/Public/BindlessResources.ush" 2029
"../../../Engine/Shaders/Public/Platform/D3D/PlatformBindlessResources.ush" 2030
"../../../Engine/Shaders/Shared/RayTracingBuiltInResources.h" 2031
"../../../Engine/Shaders/Shared/RayTracingDefinitions.h" 2032
"../../../Engine/Shaders/Public/OverloadMacros.ush" 2033
"../../../Engine/Shaders/Public/ShaderVersion.ush" 2034
"../../../Engine/Shaders/Shared/ThirdParty/NVIDIA/nvHLSLExtns.h" 2035
"../../../Engine/Shaders/Shared/ThirdParty/NVIDIA/nvHLSLExtnsInternal.h" 2036
"../../../Engine/Shaders/Shared/ThirdParty/NVIDIA/nvShaderExtnEnums.h" 2037
"../../../Engine/Shaders/Private/PackUnpack.ush" 2038
"../../../Engine/Shaders/Private/GeneratedUniformBufferTypes.ush" 2039
"../../../Engine/Shaders/Private/Nanite/NanitePackedNaniteView.ush" 2040
"../../../Engine/Shaders/Private/HairStrands/HairStrandsVisibilityCommonStruct.ush" 2041
"../../../Engine/Shaders/Private/HairStrands/HairStrandsVoxelPageCommonStruct.ush" 2042
"../../../Engine/Shaders/Private/HairStrands/HairStrandsDeepShadowCommonStruct.ush" 2043
"../../../Engine/Shaders/Shared/LightSceneData.h" 2044
"../../../Engine/Shaders/Shared/HLSLTypeAliases.h" 2045
"../../../Engine/Shaders/Private/LargeWorldCoordinates.ush" 2046
"../../../Engine/Shaders/Private/DoubleFloat.ush" 2047
"../../../Engine/Shaders/Private/RandomPCG.ush" 2048
"../../../Engine/Shaders/Private/DoubleFloatOperations.ush" 2049
"../../../Engine/Shaders/Private/DoubleFloatVectorDefinition.ush" 2050
"../../../Engine/Shaders/Private/LWCOperations.ush" 2051
"../../../Engine/Shaders/Shared/LightViewData.h" 2052
"../../../Engine/Shaders/Shared/RayTracingTypes.h" 2053
"../../../Engine/Shaders/Shared/HLSLStaticAssert.h" 2054
"../../../Engine/Shaders/Private/CommonViewUniformBuffer.ush" 2055
"../../../Engine/Shaders/Private/InstancedStereo.ush" 2056
"../../../Engine/Shaders/Private/Definitions.usf" 2057
"../../../Engine/Shaders/Private/AssertionMacros.ush" 2058
"../../../Engine/Shaders/Private/FastMath.ush" 2059
"../../../Engine/Shaders/Private/FastMathThirdParty.ush" 2060
"../../../Engine/Shaders/Private/Random.ush" 2061
"../../../Engine/Shaders/Private/RandomInterleavedGradientNoise.ush" 2062
"../../../Engine/Shaders/Private/SceneData.ush" 2063
"../../../Engine/Shaders/Private/OctahedralCommon.ush" 2064
"../../../Engine/Shaders/Private/WaveOpUtil.ush" 2065
"../../../Engine/Shaders/Private/ByteBuffer.ush" 2066
"../../../Engine/Shaders/Shared/SceneDefinitions.h" 2067
"../../../Engine/Shaders/Private/SceneDataMobileLoader.ush" 2068
"../../../Engine/Shaders/Private/LocalVertexFactoryCommon.ush" 2069
"../../../Engine/Shaders/Private/HairStrands/HairStrandsVisibilityCommon.ush" 2070
"../../../Engine/Shaders/Shared/HairStrandsDefinitions.h" 2071
"../../../Engine/Shaders/Private/HairStrands/HairStrandsVertexFactoryCommon.ush" 2072
"../../../Engine/Shaders/Private/HairStrands/HairStrandsPack.ush" 2073
"../../../Engine/Shaders/Private/HairStrands/HairStrandsAttributeCommon.ush" 2074
"../../../Engine/Shaders/Private/HairStrands/HairStrandsAttributeTemplate.ush" 2075
"../../../Engine/Shaders/Private/VertexFactoryDefaultInterface.ush" 2076
"../../../Engine/Shaders/Private/HairStrands/HairCardsVertexFactory.ush" 2077
"../../../Engine/Shaders/Private/HairStrands/HairCardsAttributeCommon.ush" 2078
"../../../Engine/Shaders/Private/RayTracing/RayTracingCommon.ush" 2079
"../../../Engine/Shaders/Private/ShadingCommon.ush" 2080
"../../../Engine/Shaders/Shared/RayTracingPayloadType.h" 2081
"../../../Engine/Shaders/Private/RayTracing/RayTracingRayCone.ush" 2082
"../../../Engine/Shaders/Private/Substrate/Substrate.ush" 2083
"../../../Engine/Shaders/Private/ShadingEnergyConservation.ush" 2084
"../../../Engine/Shaders/Private/ShadingEnergyConservationTemplate.ush" 2085
"../../../Engine/Shaders/Private/BRDF.ush" 2086
"../../../Engine/Shaders/Private/ColorSpace.ush" 2087
"../../../Engine/Shaders/Private/DeferredShadingCommon.ush" 2088
"../../../Engine/Shaders/Private/LightAccumulator.ush" 2089
"../../../Engine/Shaders/Private/SceneTexturesCommon.ush" 2090
"../../../Engine/Shaders/Private/MonteCarlo.ush" 2091
"../../../Engine/Shaders/Private/GBufferHelpers.ush" 2092
"../../../Engine/Shaders/Private/SceneTextureParameters.ush" 2093
"E:/Development/Projects/Squeak/Intermediate/ShaderAutogen/PCD3D_SM6/AutogenShaderHeaders.ush" 2094
"../../../Engine/Shaders/Private/ParticipatingMediaCommon.ush" 2095
"../../../Engine/Shaders/Private/ThinFilmBSDF.ush" 2096
"../../../Engine/Shaders/Private/MortonCode.ush" 2097
"../../../Engine/Shaders/Private/SubsurfaceProfileCommon.ush" 2098
"../../../Engine/Shaders/Private/BurleyNormalizedSSSCommon.ush" 2099
"../../../Engine/Shaders/Private/GammaCorrectionCommon.ush" 2100
"../../../Engine/Shaders/Shared/SubstrateDefinitions.h" 2101
"../../../Engine/Shaders/Private/Substrate/SubstrateStatisticalOperators.ush" 2102
"../../../Engine/Shaders/Private/Substrate/SubstrateSubsurface.ush" 2103
"../../../Engine/Shaders/Private/TransmissionCommon.ush" 2104
"../../../Engine/Shaders/Private/Substrate/SubstrateExportCommon.ush" 2105
"../../../Engine/Shaders/Private/SpecularProfileCommon.ush" 2106
"../../../Engine/Shaders/Private/RayTracing/RayTracingCommonMetal.ush" 2107
"../../../Engine/Shaders/Private/PositionReconstructionCommon.ush" 2108
"../../../Engine/Shaders/Private/RayTracing/TraceRayInline.ush" 2109
"../../../Engine/Shaders/Private/RayTracing/TraceRayInlineCommon.ush" 2110
"../../../Engine/Shaders/Private/RayTracing/TraceRayInlineVulkan.ush" 2111
"../../../Engine/Shaders/Private/RayTracing/TraceRayInlineMetal.ush" 2112
"../../../Engine/Shaders/Private/RayTracing/TraceRayInlineD3D12.ush" 2113
"../../../Engine/Shaders/Private/RayTracing/RayTracingHitGroupCommon.ush" 2114
"../../../Engine/Shaders/Private/Nanite/NaniteRayTrace.ush" 2115
"../../../Engine/Shaders/Private/Nanite/NaniteDataDecode.ush" 2116
"../../../Engine/Shaders/Private/BitPacking.ush" 2117
"../../../Engine/Shaders/Private/BitStreamReaderImplementation.ush" 2118
"../../../Engine/Shaders/Private/BoneTransform.ush" 2119
"../../../Engine/Shaders/Private/Quaternion.ush" 2120
"../../../Engine/Shaders/Shared/NaniteDefinitions.h" 2121
"../../../Engine/Shaders/Shared/SkinningDefinitions.h" 2122
"../../../Engine/Shaders/Private/Nanite/NaniteAttributeDecode.ush" 2123
"../../../Engine/Shaders/Private/Barycentrics.ush" 2124
"../../../Engine/Shaders/Private/DualNumber.ush" 2125
"../../../Engine/Shaders/Shared/ThirdParty/RayTriangleIntersection.h" 2126
"../../../Engine/Shaders/Private/Nanite/NaniteVertexFetch.ush" 2127
"../../../Engine/Shaders/Private/Nanite/NaniteSceneCommon.ush" 2128
"../../../Engine/Plugins/FX/Niagara/Shaders/Private/NiagaraSpriteVertexFactory.ush" 2129
"../../../Engine/Shaders/Private/ParticleVertexFactoryCommon.ush" 2130
"../../../Engine/Plugins/FX/Niagara/Shaders/Private/NiagaraVFCommon.usf" 2131
"../../../Engine/Plugins/FX/Niagara/Shaders/Private/NiagaraVFParticleAccess.usf" 2132
"../../../Engine/Plugins/FX/Niagara/Shaders/Private/NiagaraParticleAccess.ush" 2133
"../../../Engine/Plugins/FX/Niagara/Shaders/Private/NiagaraRibbonVertexFactory.ush" 2134
"../../../Engine/Plugins/FX/Niagara/Shaders/Private/NiagaraMeshVertexFactory.ush" 2135
"../../../Engine/Plugins/FX/Niagara/Shaders/Private/NiagaraCommon.ush" 2136
"../../../Engine/Plugins/FX/Niagara/Shaders/Private/NiagaraMeshParticleUtils.ush" 2137
"../../../Engine/Shaders/Private/VectorFieldVisualizationVertexFactory.ush" 2138
"../../../Engine/Shaders/Private/Nanite/NaniteVertexFactory.ush" 2139
"../../../Engine/Shaders/Private/LightmapData.ush" 2140
"../../../Engine/Shaders/Private/SplineMeshCommon.ush" 2141
"../../../Engine/Shaders/Shared/SplineMeshShaderParams.h" 2142
"../../../Engine/Shaders/Private/ShaderPrint.ush" 2143
"../../../Engine/Shaders/Private/ShaderPrintCommon.ush" 2144
"../../../Engine/Shaders/Private/MiniFontCommon.ush" 2145
"../../../Engine/Shaders/Private/MaterialCache/MaterialCacheCommon.ush" 2146
"../../../Engine/Shaders/Shared/MaterialCacheDefinitions.h" 2147
"../../../Engine/Shaders/Private/Nanite/NaniteVertexDeformation.ush" 2148
"../../../Engine/Shaders/Private/ViewData.ush" 2149
"../../../Engine/Shaders/Shared/ViewDefinitions.h" 2150
"../../../Engine/Shaders/Private/Matrices.ush" 2151
"../../../Engine/Shaders/Private/ParticleSpriteVertexFactory.ush" 2152
"../../../Engine/Shaders/Private/ParticleGPUSpriteVertexFactory.ush" 2153
"../../../Engine/Shaders/Private/ParticleSimulationCommon.ush" 2154
"../../../Engine/Shaders/Private/ParticleBeamTrailVertexFactory.ush" 2155
"../../../Engine/Shaders/Private/MeshParticleVertexFactory.ush" 2156
"../../../Engine/Shaders/Private/LocalVertexFactory.ush" 2157
"../../../Engine/Shaders/Private/GpuSkinCommon.ush" 2158
"../../../Engine/Shaders/Private/GpuSkinVertexFactory.ush" 2159
"../../../Engine/Shaders/Private/GeometryCollectionVertexFactory.ush" 2160
"../../../Engine/Shaders/Private/GeometryCacheVertexFactory.ush" 2161
"../../../Engine/Shaders/Private/LandscapeVertexFactory.ush" 2162
"../../../Engine/Plugins/Experimental/Compositing/CompositeCore/Shaders/Private/CompositeCoreMerge.usf" 2163
"../../../Engine/Shaders/Private/ScreenPass.ush" 2164
"../../../Engine/Shaders/Private/LensDistortion.ush" 2165
"../../../Engine/Plugins/Experimental/Compositing/CompositeCore/Shaders/Private/CompositeCoreDisplayTransform.usf" 2166
"../../../Engine/Plugins/Experimental/Compositing/CompositeCore/Shaders/Private/CompositeCoreDilate.usf" 2167
"../../../Engine/Plugins/Runtime/HairStrands/Shaders/Private/NiagaraCopyVelocityGrid.usf" 2168
"../../../Engine/Plugins/Runtime/HairStrands/Shaders/Private/NiagaraClearVelocityGrid.usf" 2169
"../../../Engine/Plugins/Runtime/HairStrands/Shaders/Private/NiagaraClearPressureGrid.usf" 2170
"../../../Engine/Plugins/Runtime/HairStrands/Shaders/Private/NiagaraInterpolateGroomGuides.usf" 2171
"../../../Engine/Plugins/Runtime/HairStrands/Shaders/Private/NiagaraGroomInterpolationUtils.ush" 2172
"../../../Engine/Plugins/FX/Niagara/Shaders/Private/NiagaraQuaternionUtils.ush" 2173
"../../../Engine/Shaders/Private/HairStrands/HairStrandsMesh.usf" 2174
"../../../Engine/Shaders/Private/HairStrands/HairStrandsBindingCommon.ush" 2175
"../../../Engine/Shaders/Private/HairStrands/HairStrandsFollicleMask.usf" 2176
"../../../Engine/Shaders/Private/HairStrands/HairStrandsSkinUpdate.usf" 2177
"../../../Engine/Shaders/Private/HairStrands/HairStrandsClusterCulling.usf" 2178
"../../../Engine/Shaders/Private/ColorMap.ush" 2179
"../../../Engine/Shaders/Private/HairStrands/HairStrandsAABBCommon.ush" 2180
"../../../Engine/Shaders/Private/HairStrands/HairStrandsClusterCommon.ush" 2181
"../../../Engine/Shaders/Private/ThreadGroupPrefixSum.ush" 2182
"../../../Engine/Shaders/Private/HairStrands/HairStrandsRaytracingGeometry.usf" 2183
"../../../Engine/Shaders/Private/HairStrands/HairStrandsTangent.usf" 2184
"../../../Engine/Shaders/Private/HairStrands/HairCardsDeformation.usf" 2185
"../../../Engine/Shaders/Private/HairStrands/HairStrandsInterpolation.usf" 2186
"../../../Engine/Shaders/Private/HairStrands/HairStrandsGuideDeform.usf" 2187
"../../../Engine/Shaders/Private/HairStrands/HairStrandsTexturesGeneration.usf" 2188
"../../../Engine/Shaders/Private/HairStrands/HairCardsTextureCommon.ush" 2189
"../../../Engine/Shaders/Private/HairStrands/HairStrandsTranscode.usf" 2190
"../../../Engine/Shaders/Private/HairStrands/HairStrandsDebug.usf" 2191
"../../../Engine/Shaders/Private/HairShadingCommon.ush" 2192
"../../../Engine/Shaders/Private/PostProcessCommon.ush" 2193
"../../../Engine/Shaders/Private/ShadingModels.ush" 2194
"../../../Engine/Shaders/Private/CapsuleLight.ush" 2195
"../../../Engine/Shaders/Private/RectLight.ush" 2196
"../../../Engine/Shaders/Private/LightData.ush" 2197
"../../../Engine/Shaders/Shared/LightDefinitions.h" 2198
"../../../Engine/Shaders/Private/AreaLightCommon.ush" 2199
"../../../Engine/Shaders/Private/HairBsdf.ush" 2200
"../../../Engine/Shaders/Private/MobileGGX.ush" 2201
"../../../Engine/Shaders/Private/HairStrands/HairStrandsCommon.ush" 2202
"../../../Engine/Shaders/Private/HairStrands/HairStrandsEnvironmentLightingCommon.ush" 2203
"../../../Engine/Shaders/Private/HairStrands/HairStrandsDeepTransmittanceCommon.ush" 2204
"../../../Engine/Shaders/Private/HairStrands/HairStrandsDeepTransmittanceDualScattering.ush" 2205
"../../../Engine/Shaders/Private/HairStrands/HairStrandsDeepShadowCommon.ush" 2206
"../../../Engine/Shaders/Private/HairStrands/HairStrandsDebugCommonStruct.ush" 2207
"../../../Engine/Plugins/NNE/NNEDenoiser/Shaders/NNEDenoiserShadersTransferFunctionOidn.usf" 2208
"../../../Engine/Plugins/NNE/NNEDenoiser/Shaders/NNEDenoiserShadersMappedCopy.usf" 2209
"../../../Engine/Plugins/NNE/NNEDenoiser/Shaders/NNEDenoiserShadersDefaultIOProcess.usf" 2210
"../../../Engine/Plugins/NNE/NNEDenoiser/Shaders/NNEDenoiserShadersAutoExposureReduceFinal.usf" 2211
"../../../Engine/Plugins/NNE/NNEDenoiser/Shaders/NNEDenoiserShadersAutoExposureReduce.usf" 2212
"../../../Engine/Plugins/NNE/NNEDenoiser/Shaders/NNEDenoiserShadersAutoExposureDownsample.usf" 2213
"../../../Engine/Plugins/Media/WmfMedia/Shaders/Private/MediaHardwareVideoDecoding.usf" 2214
"../../../Engine/Shaders/Private/ColorUtils.ush" 2215
"../../../Engine/Plugins/Media/ImgMedia/Shaders/Private/ExrSwizzler.usf" 2216
"../../../Engine/Plugins/Experimental/NFORDenoise/Shaders/NFORDenoise.usf" 2217
"../../../Engine/Plugins/Experimental/NFORDenoise/Shaders/NFORRegressionCommon.ush" 2218
"../../../Engine/Plugins/Experimental/NFORDenoise/Shaders/NFORRegression.ush" 2219
"../../../Engine/Plugins/Enterprise/GLTFExporter/Shaders/Private/SimpleTexture2DPS.usf" 2220
"../../../Engine/Shaders/Private/SimpleElementNormalMapPixelShader.usf" 2221
"../../../Engine/Plugins/FX/Niagara/Shaders/Private/NiagaraVertexFactoryExport.usf" 2222
"../../../Engine/Shaders/Private/ComputeShaderUtils.ush" 2223
"../../../Engine/Shaders/Private/MaterialTemplate.ush" 2224
"../../../Engine/Shaders/Private/WorldSpaceMath.ush" 2225
"../../../Engine/Shaders/Private/EyeAdaptationCommon.ush" 2226
"../../../Engine/Shaders/Private/SobolRandom.ush" 2227
"../../../Engine/Shaders/Private/DepthOfFieldCommon.ush" 2228
"../../../Engine/Shaders/Private/CircleDOFCommon.ush" 2229
"../../../Engine/Shaders/Private/DistanceField/GlobalDistanceFieldShared.ush" 2230
"../../../Engine/Shaders/Private/PhysicsFieldSampler.ush" 2231
"../../../Engine/Shaders/Private/PhysicsFieldShared.ush" 2232
"../../../Engine/Shaders/Private/SparseVolumeTexture/SparseVolumeTextureCommon.ush" 2233
"../../../Engine/Shaders/Shared/EnvironmentComponentsFlags.h" 2234
"../../../Engine/Shaders/Private/MeshPaintTextureCommon.ush" 2235
"../../../Engine/Shaders/Private/VirtualTextureMaterial.ush" 2236
"../../../Engine/Shaders/Private/MaterialCache/MaterialCacheMaterialCommon.ush" 2237
"../../../Engine/Shaders/Private/MaterialCache/MaterialCacheABuffer.ush" 2238
"../../../Engine/Shaders/Private/SpeedTreeCommon.ush" 2239
"../../../Engine/Shaders/Private/VirtualTextureCommon.ush" 2240
"../../../Engine/Shaders/Private/MaterialTexture.ush" 2241
"../../../Engine/Shaders/Private/MinMaterialTexCoords.ush" 2242
"../../../Engine/Shaders/Private/SkyAtmosphereCommon.ush" 2243
"../../../Engine/Shaders/Private/SingleLayerWaterCommon.ush" 2244
"../../../Engine/Shaders/Private/TextureSampling.ush" 2245
"../../../Engine/Shaders/Private/PaniniProjection.ush" 2246
"../../../Engine/Shaders/Private/DBufferNormalReprojection.ush" 2247
"../../../Engine/Shaders/Public/SubstratePublic.ush" 2248
"../../../Engine/Shaders/Private/Substrate/SubstrateTree.ush" 2249
"../../../Engine/Shaders/Private/Substrate/SubstrateEvaluation.ush" 2250
"../../../Engine/Shaders/Private/Substrate/Glint/GlintThirdParty.ush" 2251
"../../../Engine/Shaders/Private/BlueNoise.ush" 2252
"../../../Engine/Shaders/Private/SHCommon.ush" 2253
"../../../Engine/Shaders/Private/ShadingModelsSampling.ush" 2254
"../../../Engine/Shaders/Private/HairStrands/HairBsdfSample.ush" 2255
"../../../Engine/Shaders/Private/Substrate/SubstrateLegacyConversion.ush" 2256
"../../../Engine/Shaders/Private/DBufferDecalShared.ush" 2257
"../../../Engine/Plugins/FX/Niagara/Shaders/Private/NiagaraSortKeyGen.usf" 2258
"../../../Engine/Plugins/FX/Niagara/Shaders/Private/NiagaraGPURayTracingTransforms.usf" 2259
"../../../Engine/Plugins/FX/Niagara/Shaders/Private/NiagaraDrawIndirectArgsGen.usf" 2260
"../../../Engine/Plugins/FX/Niagara/Shaders/Private/NiagaraDispatchIndirectArgsGen.usf" 2261
"../../../Engine/Plugins/FX/Niagara/Shaders/Private/Stateless/NiagaraStatelessSimulationDefault.usf" 2262
"../../../Engine/Plugins/FX/Niagara/Shaders/Private/Stateless/NiagaraStatelessSimulationTemplate.ush" 2263
"../../../Engine/Plugins/FX/Niagara/Shaders/Private/Stateless/NiagaraStatelessCommon.ush" 2264
"../../../Engine/Plugins/FX/Niagara/Shaders/Shared/NiagaraStatelessDefinitions.h" 2265
"../../../Engine/Plugins/FX/Niagara/Shaders/Shared/NiagaraStatelessBuiltDistribution.h" 2266
"../../../Engine/Plugins/FX/Niagara/Shaders/Private/Stateless/NiagaraStatelessDistribution.ush" 2267
"../../../Engine/Plugins/FX/Niagara/Shaders/Private/Stateless/Modules/NiagaraStatelessModule_CalculateAccurateVelocity.ush" 2268
"../../../Engine/Plugins/FX/Niagara/Shaders/Private/Stateless/Modules/NiagaraStatelessModule_CameraOffset.ush" 2269
"../../../Engine/Plugins/FX/Niagara/Shaders/Private/Stateless/Modules/NiagaraStatelessModule_DynamicMaterialParameters.ush" 2270
"../../../Engine/Plugins/FX/Niagara/Shaders/Private/Stateless/Modules/NiagaraStatelessModule_InitializeParticle.ush" 2271
"../../../Engine/Plugins/FX/Niagara/Shaders/Private/Stateless/Modules/NiagaraStatelessModule_InitialMeshOrientation.ush" 2272
"../../../Engine/Plugins/FX/Niagara/Shaders/Private/Stateless/Modules/NiagaraStatelessModule_MeshIndex.ush" 2273
"../../../Engine/Plugins/FX/Niagara/Shaders/Private/Stateless/Modules/NiagaraStatelessModule_MeshRotationRate.ush" 2274
"../../../Engine/Plugins/FX/Niagara/Shaders/Private/Stateless/Modules/NiagaraStatelessModule_RotateAroundPoint.ush" 2275
"../../../Engine/Plugins/FX/Niagara/Shaders/Private/Stateless/Modules/NiagaraStatelessModule_ShapeLocation.ush" 2276
"../../../Engine/Plugins/FX/Niagara/Shaders/Private/Stateless/Modules/NiagaraStatelessModule_ScaleColor.ush" 2277
"../../../Engine/Plugins/FX/Niagara/Shaders/Private/Stateless/Modules/NiagaraStatelessModule_ScaleRibbonWidth.ush" 2278
"../../../Engine/Plugins/FX/Niagara/Shaders/Private/Stateless/Modules/NiagaraStatelessModule_ScaleSpriteSize.ush" 2279
"../../../Engine/Plugins/FX/Niagara/Shaders/Private/Stateless/Modules/NiagaraStatelessModule_ScaleSpriteSizeBySpeed.ush" 2280
"../../../Engine/Plugins/FX/Niagara/Shaders/Private/Stateless/Modules/NiagaraStatelessModule_ScaleMeshSize.ush" 2281
"../../../Engine/Plugins/FX/Niagara/Shaders/Private/Stateless/Modules/NiagaraStatelessModule_ScaleMeshSizebySpeed.ush" 2282
"../../../Engine/Plugins/FX/Niagara/Shaders/Private/Stateless/Modules/NiagaraStatelessModule_SolveVelocitiesAndForces.ush" 2283
"../../../Engine/Plugins/FX/Niagara/Shaders/Private/Stateless/Modules/NiagaraStatelessModule_SpriteFacingAndAlignment.ush" 2284
"../../../Engine/Plugins/FX/Niagara/Shaders/Private/Stateless/Modules/NiagaraStatelessModule_SpriteRotationRate.ush" 2285
"../../../Engine/Plugins/FX/Niagara/Shaders/Private/Stateless/Modules/NiagaraStatelessModule_SubUVAnimation.ush" 2286
"../../../Engine/Plugins/FX/Niagara/Shaders/Private/NiagaraBlendSVTsToDenseBuffer.usf" 2287
"../../../Engine/Plugins/FX/Niagara/Shaders/Private/NiagaraSVTToDenseBuffer.usf" 2288
"../../../Engine/Plugins/FX/Niagara/Shaders/Private/NiagaraFillIntBuffer.usf" 2289
"../../../Engine/Plugins/FX/Niagara/Shaders/Private/NiagaraComputeFreeIDs.usf" 2290
"../../../Engine/Plugins/FX/Niagara/Shaders/Private/NiagaraInitFreeIDBuffer.usf" 2291
"../../../Engine/Plugins/FX/Niagara/Shaders/Private/NiagaraEmitterInstanceShader.usf" 2292
"../../../Engine/Plugins/FX/Niagara/Shaders/Private/NiagaraShaderVersion.ush" 2293
"../../../Engine/Plugins/FX/Niagara/Shaders/Private/NiagaraPhysicsCommon.ush" 2294
"../../../Engine/Plugins/FX/Niagara/Shaders/Private/Ribbons/NiagaraRibbonAggregationApply.usf" 2295
"../../../Engine/Plugins/FX/Niagara/Shaders/Private/Ribbons/NiagaraRibbonCommon.ush" 2296
"../../../Engine/Plugins/FX/Niagara/Shaders/Private/Ribbons/NiagaraRibbonAggregationStep.usf" 2297
"../../../Engine/Plugins/FX/Niagara/Shaders/Private/Ribbons/NiagaraRibbonGenerateIndices.usf" 2298
"../../../Engine/Plugins/FX/Niagara/Shaders/Private/Ribbons/NiagaraRibbonInitializeIndices.usf" 2299
"../../../Engine/Plugins/FX/Niagara/Shaders/Private/Ribbons/NiagaraRibbonRibbonUVParamCalculation.usf" 2300
"../../../Engine/Plugins/FX/Niagara/Shaders/Private/Ribbons/NiagaraRibbonVertexReductionFinalization.usf" 2301
"../../../Engine/Plugins/FX/Niagara/Shaders/Private/Ribbons/NiagaraRibbonVertexReductionInitialization.usf" 2302
"../../../Engine/Plugins/FX/Niagara/Shaders/Private/Ribbons/NiagaraRibbonSortParticles.usf" 2303
"../../../Engine/Plugins/FX/Niagara/Shaders/Private/NiagaraLWCHelper.usf" 2304
"../../../Engine/Plugins/FX/Niagara/Shaders/Private/NiagaraUpdateMeshGPUSceneInstances.usf" 2305
"../../../Engine/Shaders/Private/GPUScene/GPUSceneWriter.ush" 2306
"../../../Engine/Plugins/FX/Niagara/Shaders/Private/NiagaraGenerateMips.usf" 2307
"../../../Engine/Plugins/FX/Niagara/Shaders/Private/NiagaraDebugDraw.usf" 2308
"../../../Engine/Plugins/FX/Niagara/Shaders/Private/NiagaraDebugDraw.ush" 2309
"../../../Engine/Plugins/FX/Niagara/Shaders/Private/NiagaraVisualizeTexture.usf" 2310
"../../../Engine/Plugins/FX/Niagara/Shaders/Private/NiagaraClearCounts.usf" 2311
"../../../Engine/Plugins/FX/Niagara/Shaders/Private/NiagaraBatchedElements.usf" 2312
"../../../Engine/Plugins/FX/Niagara/Shaders/Private/NiagaraRayTracingShaders.usf" 2313
"../../../Engine/Plugins/FX/Niagara/Shaders/Private/NiagaraAsyncGpuTraceCommon.ush" 2314
"../../../Engine/Shaders/Private/HashTable.ush" 2315
"../../../Engine/Shaders/Private/Hash.ush" 2316
"../../../Engine/Shaders/Private/RayTracing/VFXTraceRay.ush" 2317
"../../../Engine/Plugins/FX/Niagara/Shaders/Private/NiagaraRayMarchingShaders.usf" 2318
"../../../Engine/Plugins/FX/Niagara/Shaders/Private/NiagaraRayTraceCollisionGroupShaders.usf" 2319
"../../../Engine/Plugins/FX/Niagara/Shaders/Private/NiagaraAsyncGpuTraceUtils.usf" 2320
"../../../Engine/Plugins/Compositing/OpenColorIO/Shaders/Private/OpenColorIOInvalidShader.usf" 2321
"../../../Engine/Plugins/Compositing/OpenColorIO/Shaders/Private/OpenColorIOShader.usf" 2322
"../../../Engine/Plugins/Runtime/ComputeFramework/Shaders/Private/ComputeKernel.usf" 2323
"../../../Engine/Plugins/Runtime/ComputeFramework/Shaders/Private/ComputeKernelCommon.ush" 2324
"../../../Engine/Plugins/VirtualProduction/CameraCalibrationCore/Shaders/Private/CrosshairOverlay.usf" 2325
"../../../Engine/Plugins/VirtualProduction/CameraCalibrationCore/Shaders/Private/DisplacementMapBlending.usf" 2326
"../../../Engine/Plugins/VirtualProduction/CameraCalibrationCore/Shaders/Private/RecenterSTDisplacementMaps.usf" 2327
"../../../Engine/Plugins/VirtualProduction/CameraCalibrationCore/Shaders/Private/FillSTDisplacementMap.usf" 2328
"../../../Engine/Plugins/VirtualProduction/CameraCalibrationCore/Shaders/Private/InvertDisplacementMap.usf" 2329
"../../../Engine/Plugins/VirtualProduction/CameraCalibrationCore/Shaders/Private/CropDisplacementMap.usf" 2330
"../../../Engine/Plugins/VirtualProduction/CameraCalibrationCore/Shaders/Private/BlendDisplacementMaps.usf" 2331
"../../../Engine/Plugins/VirtualProduction/CameraCalibrationCore/Shaders/Private/DrawDisplacementMaps.usf" 2332
"../../../Engine/Plugins/VirtualProduction/CameraCalibrationCore/Shaders/Private/UndistortImagePoints.usf" 2333
"../../../Engine/Plugins/VirtualProduction/CameraCalibrationCore/Shaders/Private/DistortionSTMapProcessor.usf" 2334
"../../../Engine/Plugins/PCG/Shaders/Private/PCGTextureReadback.usf" 2335
"../../../Engine/Plugins/PCG/Shaders/Private/PCGSceneWriter.usf" 2336
"../../../Engine/Plugins/PCG/Shaders/Private/PCGGrassMapUnpackerCS.usf" 2337
"../../../Engine/Plugins/PCG/Shaders/Private/PCGDataCollectionAdaptor.usf" 2338
"../../../Engine/Shaders/Private/VirtualTextureAdapter.usf" 2339
"../../../Engine/Shaders/Private/BlockCompressionCommon.ush" 2340
"../../../Engine/Shaders/Private/BCCompressionCommon.ush" 2341
"../../../Engine/Shaders/Private/TranslucentLightingShaders.usf" 2342
"../../../Engine/Shaders/Private/CubemapCommon.ush" 2343
"../../../Engine/Shaders/Private/VectorFieldCompositeShaders.usf" 2344
"../../../Engine/Shaders/Private/UpdateTextureShaders.usf" 2345
"../../../Engine/Shaders/Private/StereoLayerShader.usf" 2346
"../../../Engine/Shaders/Private/SparseVolumeTexture/UpdateSparseVolumeTexture.usf" 2347
"../../../Engine/Shaders/Private/MorphTargets.usf" 2348
"../../../Engine/Shaders/Private/SimpleElementColorChannelMaskPixelShader.usf" 2349
"../../../Engine/Shaders/Private/SimpleElementHitProxyPixelShader.usf" 2350
"../../../Engine/Shaders/Private/SimpleElementPixelShader.usf" 2351
"../../../Engine/Shaders/Private/IESLightProfilesCommon.ush" 2352
"../../../Engine/Shaders/Private/SimpleElementVertexShader.usf" 2353
"../../../Engine/Shaders/Private/ScreenPixelShaderOES.usf" 2354
"../../../Engine/Shaders/Private/ScreenVertexShader.usf" 2355
"../../../Engine/Shaders/Private/ScreenPixelShader.usf" 2356
"../../../Engine/Shaders/Private/SSProfilePreIntegratedMobile.usf" 2357
"../../../Engine/Shaders/Private/SpecularProfile.usf" 2358
"../../../Engine/Shaders/Private/Nanite/NaniteStreaming.usf" 2359
"../../../Engine/Shaders/Private/Nanite/NaniteStreaming.ush" 2360
"../../../Engine/Shaders/Private/Nanite/NaniteTranscode.usf" 2361
"../../../Engine/Shaders/Private/VolumetricLightmapStreaming.usf" 2362
"../../../Engine/Shaders/Private/PhysicsFieldReset.usf" 2363
"../../../Engine/Shaders/Private/PhysicsFieldBuilder.usf" 2364
"../../../Engine/Shaders/Private/PhysicsFieldEval.ush" 2365
"../../../Engine/Shaders/Private/ParticleSortKeyGen.usf" 2366
"../../../Engine/Shaders/Private/ParticleBoundsShader.usf" 2367
"../../../Engine/Shaders/Private/ParticleSimVisualizeShader.usf" 2368
"../../../Engine/Shaders/Private/ParticleInjectionShader.usf" 2369
"../../../Engine/Shaders/Private/ParticleSimulationShader.usf" 2370
"../../../Engine/Shaders/Private/ParticleCurveInjectionShader.usf" 2371
"../../../Engine/Shaders/Private/CopyUIntBuffer.usf" 2372
"../../../Engine/Shaders/Private/RadixSortShaders.usf" 2373
"../../../Engine/Shaders/Private/RecomputeTangentsPerVertexPass.usf" 2374
"../../../Engine/Shaders/Private/RecomputeTangentsCommon.ush" 2375
"../../../Engine/Shaders/Private/RecomputeTangentsPerTrianglePass.usf" 2376
"../../../Engine/Shaders/Private/GpuSkinCacheComputeShader.usf" 2377
"../../../Engine/Shaders/Private/HeightFieldAtlasManagement.usf" 2378
"../../../Engine/Shaders/Private/Landscape/LandscapeEditLayersUtils.usf" 2379
"../../../Engine/Shaders/Private/Landscape/LandscapeCommon.ush" 2380
"../../../Engine/Shaders/Private/Landscape/LandscapeEditLayersWeightmaps.usf" 2381
"../../../Engine/Shaders/Private/Landscape/LandscapeEditLayersHeightmaps.usf" 2382
"../../../Engine/Shaders/Private/Landscape/LandscapeLayersWeightmapsPS.usf" 2383
"../../../Engine/Shaders/Private/Landscape/LandscapeLayersHeightmapsPS.usf" 2384
"../../../Engine/Shaders/Private/LandscapeLayersCS.usf" 2385
"../../../Engine/Shaders/Private/LandscapeLayersPS.usf" 2386
"../../../Engine/Shaders/Private/LandscapeLayersVS.usf" 2387
"../../../Engine/Shaders/Private/LandscapePhysicalMaterial.usf" 2388
"../../../Engine/Shaders/Private/LandscapeGrassWeight.usf" 2389
"../../../Engine/Shaders/Private/Landscape/LandscapeCulling.usf" 2390
"../../../Engine/Shaders/Private/Nanite/NaniteHZBCull.ush" 2391
"../../../Engine/Shaders/Private/HZB.ush" 2392
"../../../Engine/Shaders/Private/Landscape/LandscapeMergeTexturesPS.usf" 2393
"../../../Engine/Shaders/Private/WideCustomResolveShaders.usf" 2394
"../../../Engine/Shaders/Private/WideCustomResolve_Wide.ush" 2395
"../../../Engine/Shaders/Private/WideCustomResolve_Wider.ush" 2396
"../../../Engine/Shaders/Private/WideCustomResolve_Widest.ush" 2397
"../../../Engine/Shaders/Private/WaterInfoTextureBlur.usf" 2398
"../../../Engine/Shaders/Private/WaterInfoTextureMerge.usf" 2399
"../../../Engine/Shaders/Private/PageTableUpdate.usf" 2400
"../../../Engine/Shaders/Private/VirtualTextureCompress.usf" 2401
"../../../Engine/Shaders/Private/ASTCCompressionCommon.ush" 2402
"../../../Engine/Shaders/Private/IntegerSequenceEncoding.ush" 2403
"../../../Engine/Shaders/Private/ETCCompressionCommon.ush" 2404
"../../../Engine/Shaders/Private/VirtualTextureMaterial.usf" 2405
"../../../Engine/Shaders/Private/PixelShaderOutputCommon.ush" 2406
"../../../Engine/Shaders/Private/ShaderOutputCommon.ush" 2407
"../../../Engine/Shaders/Private/VolumetricRenderTarget.usf" 2408
"../../../Engine/Shaders/Private/HeightFogCommon.ush" 2409
"../../../Engine/Shaders/Private/LocalFogVolumes/LocalFogVolumeCommon.ush" 2410
"../../../Engine/Shaders/Private/ReflectionEnvironmentShared.ush" 2411
"../../../Engine/Shaders/Private/VolumetricFogVoxelization.usf" 2412
"../../../Engine/Shaders/Private/VolumetricCloudMaterialPixelCommon.ush" 2413
"../../../Engine/Shaders/Private/VolumetricFogLightFunction.usf" 2414
"../../../Engine/Shaders/Private/LightFunctionCommon.ush" 2415
"../../../Engine/Shaders/Private/VolumetricFog.usf" 2416
"../../../Engine/Shaders/Private/DeferredLightingCommon.ush" 2417
"../../../Engine/Shaders/Private/DynamicLightingCommon.ush" 2418
"../../../Engine/Shaders/Private/CapsuleLightIntegrate.ush" 2419
"../../../Engine/Shaders/Private/CapsuleLightSampling.ush" 2420
"../../../Engine/Shaders/Private/RectLightIntegrate.ush" 2421
"../../../Engine/Shaders/Private/ScreenSpaceShadowRayCast.ush" 2422
"../../../Engine/Shaders/Private/LightFunctionAtlas/LightFunctionAtlasCommon.usf" 2423
"../../../Engine/Shaders/Private/HeterogeneousVolumes/HeterogeneousVolumesAdaptiveVolumetricShadowMapSampling.ush" 2424
"../../../Engine/Shaders/Private/HeterogeneousVolumes/HeterogeneousVolumesAdaptiveVolumetricShadowMapUtils.ush" 2425
"../../../Engine/Shaders/Private/HeterogeneousVolumes/HeterogeneousVolumesRayMarchingUtils.ush" 2426
"../../../Engine/Shaders/Private/HeterogeneousVolumes/HeterogeneousVolumesRayMarchingTypes.ush" 2427
"../../../Engine/Shaders/Private/PathTracing/Utilities/PathTracingRandomSequence.ush" 2428
"../../../Engine/Shaders/Private/HeterogeneousVolumes/HeterogeneousVolumesTracingUtils.ush" 2429
"../../../Engine/Shaders/Private/VelocityCommon.ush" 2430
"../../../Engine/Shaders/Private/HeterogeneousVolumes/HeterogeneousVolumesTransmittanceVolumeUtils.ush" 2431
"../../../Engine/Shaders/Private/ForwardShadowingCommon.ush" 2432
"../../../Engine/Shaders/Private/ShadowFilteringCommon.ush" 2433
"../../../Engine/Shaders/Private/PixelQuadMessagePassing.ush" 2434
"../../../Engine/Shaders/Private/VolumeLightingCommon.ush" 2435
"../../../Engine/Shaders/Private/ShadowProjectionCommon.ush" 2436
"../../../Engine/Shaders/Private/VolumeLightingCommonSampling.ush" 2437
"../../../Engine/Shaders/Private/Lumen/LumenTranslucencyVolumeShared.ush" 2438
"../../../Engine/Shaders/Private/Lumen/LumenRadianceCacheInterpolation.ush" 2439
"../../../Engine/Shaders/Private/HeterogeneousVolumes/HeterogeneousVolumesAdaptiveVolumetricShadowMapSampler.ush" 2440
"../../../Engine/Shaders/Private/LightGridCommon.ush" 2441
"../../../Engine/Shaders/Private/DistanceFieldAOShared.ush" 2442
"../../../Engine/Shaders/Private/IntersectionUtils.ush" 2443
"../../../Engine/Shaders/Private/VolumetricLightmapShared.ush" 2444
"../../../Engine/Shaders/Private/LightDataUniforms.ush" 2445
"../../../Engine/Shaders/Private/VirtualShadowMaps/VirtualShadowMapProjectionCommon.ush" 2446
"../../../Engine/Shaders/Private/VirtualShadowMaps/VirtualShadowMapPageAccessCommon.ush" 2447
"../../../Engine/Shaders/Shared/VirtualShadowMapDefinitions.h" 2448
"../../../Engine/Shaders/Shared/HLSLMathAliases.h" 2449
"../../../Engine/Shaders/Private/VirtualShadowMaps/VirtualShadowMapProjectionStructs.ush" 2450
"../../../Engine/Shaders/Private/VolumetricCloudCommon.ush" 2451
"../../../Engine/Shaders/Private/VolumetricCloud.usf" 2452
"../../../Engine/Shaders/Private/VisualizeVolumetricLightmap.usf" 2453
"../../../Engine/Shaders/Private/VirtualShadowMaps/VirtualShadowMapProjectionComposite.usf" 2454
"../../../Engine/Shaders/Private/LightShaderParameters.ush" 2455
"../../../Engine/Shaders/Private/VirtualShadowMaps/VirtualShadowMapMaskBitsCommon.ush" 2456
"../../../Engine/Shaders/Private/VirtualShadowMaps/VirtualShadowMapLightGrid.ush" 2457
"../../../Engine/Shaders/Private/VirtualShadowMaps/VirtualShadowMapProjection.usf" 2458
"../../../Engine/Shaders/Private/Visualization.ush" 2459
"../../../Engine/Shaders/Private/VirtualShadowMaps/VirtualShadowMapProjectionFilter.ush" 2460
"../../../Engine/Shaders/Private/VirtualShadowMaps/VirtualShadowMapProjectionDirectional.ush" 2461
"../../../Engine/Shaders/Private/VirtualShadowMaps/VirtualShadowMapSMRTCommon.ush" 2462
"../../../Engine/Shaders/Private/VirtualShadowMaps/VirtualShadowMapSMRTTemplate.ush" 2463
"../../../Engine/Shaders/Private/VirtualShadowMaps/VirtualShadowMapProjectionSpot.ush" 2464
"../../../Engine/Shaders/Private/VirtualShadowMaps/VirtualShadowMapTransmissionCommon.ush" 2465
"../../../Engine/Shaders/Private/VirtualShadowMaps/VirtualShadowMapScreenRayTrace.ush" 2466
"../../../Engine/Shaders/Private/VirtualShadowMaps/VirtualShadowMapStats.ush" 2467
"../../../Engine/Shaders/Private/HairStrands/HairStrandsVoxelPageCommon.ush" 2468
"../../../Engine/Shaders/Private/HairStrands/HairStrandsVoxelPageTraversal.ush" 2469
"../../../Engine/Shaders/Private/VirtualShadowMaps/VirtualShadowMapCacheGPUInvalidation.usf" 2470
"../../../Engine/Shaders/Private/VirtualShadowMaps/VirtualShadowMapPageCacheCommon.ush" 2471
"../../../Engine/Shaders/Private/VirtualShadowMaps/VirtualShadowMapCacheInvalidation.ush" 2472
"../../../Engine/Shaders/Private/VirtualShadowMaps/VirtualShadowMapPageOverlap.ush" 2473
"../../../Engine/Shaders/Private/ScreenSpaceDenoise/SSDDefinitions.ush" 2474
"../../../Engine/Shaders/Private/InstanceCulling/InstanceCullingLoadBalancer.ush" 2475
"../../../Engine/Shaders/Private/VirtualShadowMaps/VirtualShadowMapCacheLoadBalancer.usf" 2476
"../../../Engine/Shaders/Private/VirtualShadowMaps/VirtualShadowMapCopyStats.usf" 2477
"../../../Engine/Shaders/Private/VirtualShadowMaps/VirtualShadowMapDebug.usf" 2478
"../../../Engine/Shaders/Private/VirtualShadowMaps/Desaturate.usf" 2479
"../../../Engine/Shaders/Private/VirtualShadowMaps/VirtualShadowMapPhysicalPageManagement.usf" 2480
"../../../Engine/Shaders/Private/ReductionCommon.ush" 2481
"../../../Engine/Shaders/Private/GPUMessaging.ush" 2482
"../../../Engine/Shaders/Private/VirtualShadowMaps/VirtualShadowMapPerPageDispatch.ush" 2483
"../../../Engine/Shaders/Private/VirtualShadowMaps/VirtualShadowMapCompactViews.usf" 2484
"../../../Engine/Shaders/Shared/SceneCullingDefinitions.h" 2485
"../../../Engine/Shaders/Private/VirtualShadowMaps/VirtualShadowMapBuildPerPageDrawCommands.usf" 2486
"../../../Engine/Shaders/Private/Nanite/NaniteCullingCommon.ush" 2487
"../../../Engine/Shaders/Private/Nanite/NaniteCulling.ush" 2488
"../../../Engine/Shaders/Private/Nanite/NaniteHierarchyTraversalCommon.ush" 2489
"../../../Engine/Shaders/Private/InstanceCulling/InstanceCullingCommon.ush" 2490
"../../../Engine/Shaders/Shared/InstanceCullingDefinitions.h" 2491
"../../../Engine/Shaders/Private/VirtualShadowMaps/VirtualShadowMapPrintStats.usf" 2492
"../../../Engine/Shaders/Private/VirtualShadowMaps/VirtualShadowMapPageManagement.usf" 2493
"../../../Engine/Shaders/Private/VirtualShadowMaps/VirtualShadowMapPageMarking.usf" 2494
"../../../Engine/Shaders/Shared/SingleLayerWaterDefinitions.h" 2495
"../../../Engine/Shaders/Private/HairStrands/HairStrandsTileCommon.ush" 2496
"../../../Engine/Shaders/Private/Froxel/Froxel.ush" 2497
"../../../Engine/Shaders/Shared/FroxelDefinitions.h" 2498
"../../../Engine/Shaders/Private/DiaphragmDOF/DOFCommon.ush" 2499
"../../../Engine/Shaders/Private/VariableRateShading/VRSShadingRatePreview.usf" 2500
"../../../Engine/Shaders/Private/VariableRateShading/VRSShadingRateCommon.ush" 2501
"../../../Engine/Shaders/Private/VariableRateShading/VRSShadingRateCombine.usf" 2502
"../../../Engine/Shaders/Private/VariableRateShading/VRSShadingRateFoveated.usf" 2503
"../../../Engine/Shaders/Private/VariableRateShading/VRSShadingRateReproject.usf" 2504
"../../../Engine/Shaders/Private/VariableRateShading/VRSShadingRateCalculate.usf" 2505
"../../../Engine/Shaders/Private/TranslucencyUpsampling.usf" 2506
"../../../Engine/Shaders/Private/ComposeSeparateTranslucency.usf" 2507
"../../../Engine/Shaders/Private/SeparateTranslucency.ush" 2508
"../../../Engine/Shaders/Private/TranslucentLightInjectionShaders.usf" 2509
"../../../Engine/Shaders/Private/TranslucentShadowDepthShaders.usf" 2510
"../../../Engine/Shaders/Private/ShadowDepthCommon.ush" 2511
"../../../Engine/Shaders/Private/RayTracing/RayTracingTest.usf" 2512
"../../../Engine/Shaders/Private/PostprocessSubsurfaceTile.usf" 2513
"../../../Engine/Shaders/Private/PostProcessSubsurfaceCommon.ush" 2514
"../../../Engine/Shaders/Private/Substrate/SubstrateVisualize.usf" 2515
"../../../Engine/Shaders/Private/Substrate/SubstrateTile.ush" 2516
"../../../Engine/Shaders/Shared/SubstrateVisualizeDefinitions.h" 2517
"../../../Engine/Shaders/Private/Substrate/SubstrateVisualizeCommon.ush" 2518
"../../../Engine/Shaders/Private/SkyLightingDiffuseShared.ush" 2519
"../../../Engine/Shaders/Private/SkyLightingShared.ush" 2520
"../../../Engine/Shaders/Private/ClearCoatCommon.ush" 2521
"../../../Engine/Shaders/Private/ReflectionEnvironmentComposite.ush" 2522
"../../../Engine/Shaders/Private/Substrate/SubstrateLightingCommon.ush" 2523
"../../../Engine/Shaders/Private/Substrate/SubstrateRoughRefraction.usf" 2524
"../../../Engine/Shaders/Private/PathTracing/Material/PathTracingFresnel.ush" 2525
"../../../Engine/Shaders/Private/PathTracing/Material/PathTracingGlossy.ush" 2526
"../../../Engine/Shaders/Private/Substrate/SubstrateMaterialSampling.usf" 2527
"../../../Engine/Shaders/Private/Substrate/SubstrateMaterialSampling.ush" 2528
"../../../Engine/Shaders/Private/Lumen/LumenPosition.ush" 2529
"../../../Engine/Shaders/Private/Substrate/SubstrateTile.usf" 2530
"../../../Engine/Shaders/Private/Substrate/SubstrateMaterialClassification.usf" 2531
"../../../Engine/Shaders/Private/Substrate/SubstrateDBuffer.usf" 2532
"../../../Engine/Shaders/Private/StochasticLighting/StochasticLightingDenoising.usf" 2533
"../../../Engine/Shaders/Private/Lumen/LumenMaterial.ush" 2534
"../../../Engine/Shaders/Private/StochasticLighting/StochasticLightingCommon.ush" 2535
"../../../Engine/Shaders/Private/SplineMeshSceneTexture.usf" 2536
"../../../Engine/Shaders/Private/SparseVolumeTexture/VisualizeSparseVolumeTexture.usf" 2537
"../../../Engine/Shaders/Private/SkyAtmosphere.usf" 2538
"../../../Engine/Shaders/Private/Skinning/SkinnedMeshDebug.usf" 2539
"../../../Engine/Shaders/Private/Skinning/AnimBankEval.usf" 2540
"../../../Engine/Shaders/Private/SingleLayerWaterComposite.usf" 2541
"../../../Engine/Shaders/Private/Froxel/FroxelBuild.ush" 2542
"../../../Engine/Shaders/Private/SingleLayerWaterRefractionCulling.usf" 2543
"../../../Engine/Shaders/Private/ScreenSpaceShadows.usf" 2544
"../../../Engine/Shaders/Private/bend_sss_gpu.ush" 2545
"../../../Engine/Shaders/Private/ShadowFactorsUpsampleCommon.ush" 2546
"../../../Engine/Shaders/Private/FirstPersonSelfShadow.usf" 2547
"../../../Engine/Shaders/Private/HZBTracing.ush" 2548
"../../../Engine/Shaders/Private/ShadowProjectionVertexShader.usf" 2549
"../../../Engine/Shaders/Private/ShadowProjectionPixelShader.usf" 2550
"../../../Engine/Shaders/Private/MobileLightingCommon.ush" 2551
"../../../Engine/Shaders/Private/PlanarReflectionShared.ush" 2552
"../../../Engine/Shaders/Private/MobileSSR.ush" 2553
"../../../Engine/Shaders/Private/SSRT/SSRTRayCast.ush" 2554
"../../../Engine/Shaders/Private/ShadowPercentageCloserFiltering.ush" 2555
"../../../Engine/Shaders/Private/TransmissionThickness.ush" 2556
"../../../Engine/Shaders/Private/CopyShadowMaps.usf" 2557
"../../../Engine/Shaders/Private/ShadowDepthPixelShader.usf" 2558
"../../../Engine/Shaders/Private/ShadowDepthVertexShader.usf" 2559
"../../../Engine/Shaders/Private/ShadingEnergyConservationTable.usf" 2560
"../../../Engine/Shaders/Shared/PathTracingDefinitions.h" 2561
"../../../Engine/Shaders/Private/ShadingFurnaceTest.usf" 2562
"../../../Engine/Shaders/Private/Substrate/SubstrateDeferredLighting.ush" 2563
"../../../Engine/Shaders/Private/ShaderPrintDraw.usf" 2564
"../../../Engine/Shaders/Private/ShaderPrintDrawPrimitive.usf" 2565
"../../../Engine/Shaders/Private/DefaultSSRTiles.usf" 2566
"../../../Engine/Shaders/Private/ScreenSpaceReflectionTileCommons.ush" 2567
"../../../Engine/Shaders/Private/SSRT/SSRTDiffuseIndirect.usf" 2568
"../../../Engine/Shaders/Private/SSRT/SSRTTileClassificationBuffer.ush" 2569
"../../../Engine/Shaders/Private/SSRT/SSRTReflections.usf" 2570
"../../../Engine/Shaders/Private/ScreenSpaceDenoise/SSDPublic.ush" 2571
"../../../Engine/Shaders/Private/SSRT/SSRTTileClassification.usf" 2572
"../../../Engine/Shaders/Private/SSRT/SSRTPrevFrameReduction.usf" 2573
"../../../Engine/Shaders/Private/ScreenSpaceDenoise/SSDComposeHarmonics.usf" 2574
"../../../Engine/Shaders/Private/ScreenSpaceDenoise/SSDPublicHarmonics.ush" 2575
"../../../Engine/Shaders/Private/ScreenSpaceDenoise/SSDSignalFramework.ush" 2576
"../../../Engine/Shaders/Private/ScreenSpaceDenoise/SSDCommon.ush" 2577
"../../../Engine/Shaders/Private/SphericalGaussian.ush" 2578
"../../../Engine/Shaders/Public/WaveBroadcastIntrinsics.ush" 2579
"../../../Engine/Shaders/Private/ScreenSpaceDenoise/SSDMetadata.ush" 2580
"../../../Engine/Shaders/Private/ScreenSpaceDenoise/SSDSignalCore.ush" 2581
"../../../Engine/Shaders/Private/ScreenSpaceDenoise/DenoisingCommon.ush" 2582
"../../../Engine/Shaders/Private/ScreenSpaceDenoise/SSDSignalArray.ush" 2583
"../../../Engine/Shaders/Private/ScreenSpaceDenoise/SSDSignalBufferEncoding.ush" 2584
"../../../Engine/Shaders/Private/ScreenSpaceDenoise/SSDPublicBufferEncoding.ush" 2585
"../../../Engine/Shaders/Private/Lumen/LumenBufferEncoding.ush" 2586
"../../../Engine/Shaders/Private/ScreenSpaceDenoise/SSDTemporalAccumulation.usf" 2587
"../../../Engine/Shaders/Private/ScreenSpaceDenoise/SSDSpatialKernel.ush" 2588
"../../../Engine/Shaders/Private/ScreenSpaceDenoise/SSDSignalAccumulatorArray.ush" 2589
"../../../Engine/Shaders/Private/ScreenSpaceDenoise/SSDSignalAccumulator.ush" 2590
"../../../Engine/Shaders/Private/ScreenSpaceDenoise/SSDSignalCompression.ush" 2591
"../../../Engine/Shaders/Private/ScreenSpaceDenoise/SSDSpatialAccumulation.usf" 2592
"../../../Engine/Shaders/Private/ScreenSpaceDenoise/SSDInjest.usf" 2593
"../../../Engine/Shaders/Private/ScreenSpaceDenoise/SSDCompressMetadata.usf" 2594
"../../../Engine/Shaders/Private/DownsampleDepthPixelShader.usf" 2595
"../../../Engine/Shaders/Private/ScreenPass.usf" 2596
"../../../Engine/Shaders/Private/HZB.usf" 2597
"../../../Engine/Shaders/Private/OcclusionFeedbackShaders.usf" 2598
"../../../Engine/Shaders/Private/HZBOcclusion.usf" 2599
"../../../Engine/Shaders/Private/OcclusionQueryPixelShader.usf" 2600
"../../../Engine/Shaders/Private/OcclusionQueryVertexShader.usf" 2601
"../../../Engine/Shaders/Private/HitProxyCopy.usf" 2602
"../../../Engine/Shaders/Private/HitProxyPixelShader.usf" 2603
"../../../Engine/Shaders/Private/HitProxyVertexShader.usf" 2604
"../../../Engine/Shaders/Private/SceneCulling/SceneCullingDebugRender.usf" 2605
"../../../Engine/Shaders/Private/SceneCulling/SceneCulling.ush" 2606
"../../../Engine/Shaders/Private/SceneCulling/SceneCullingBuildExplicitBounds.usf" 2607
"../../../Engine/Shaders/Private/SceneCapturePixelShader.usf" 2608
"../../../Engine/Shaders/Private/RendererUtils.usf" 2609
"../../../Engine/Shaders/Private/RTWriteMaskDecode.usf" 2610
"../../../Engine/Shaders/Private/ReflectionEnvironmentShaders.usf" 2611
"../../../Engine/Shaders/Private/RectLightAtlas.usf" 2612
"../../../Engine/Shaders/Private/RayTracing/TraceRayInlineStatistics.usf" 2613
"../../../Engine/Shaders/Private/RayTracing/CompositeSkyLightPS.usf" 2614
"../../../Engine/Shaders/Private/RayTracing/GenerateSkyLightVisibilityRaysCS.usf" 2615
"../../../Engine/Shaders/Private/RayTracing/RayTracingSkyLightCommon.ush" 2616
"../../../Engine/Shaders/Private/RayTracing/SkyLightVisibilityRaysData.ush" 2617
"../../../Engine/Shaders/Private/Raytracing/RaytracingSkylightRGS.usf" 2618
"../../../Engine/Shaders/Private/HairStrands/HairStrandsRaytracing.ush" 2619
"../../../Engine/Shaders/Private/Raytracing/RayTracingSkyLightEvaluation.ush" 2620
"../../../Engine/Shaders/Private/Raytracing/RayTracingDeferredShadingCommon.ush" 2621
"../../../Engine/Shaders/Private/RayTracing/RayTracingOcclusionRGS.usf" 2622
"../../../Engine/Shaders/Private/RayTracing/RayTracingDirectionalLight.ush" 2623
"../../../Engine/Shaders/Private/RayTracing/RayTracingRectLight.ush" 2624
"../../../Engine/Shaders/Private/RayTracing/RayTracingSphereLight.ush" 2625
"../../../Engine/Shaders/Private/RayTracing/RayTracingCapsuleLight.ush" 2626
"../../../Engine/Shaders/Private/Raytracing/RayTracingFeedback.usf" 2627
"../../../Engine/Shaders/Shared/RayTracingDebugTypes.h" 2628
"../../../Engine/Shaders/Private/RayTracing/RayTracingPrimaryRays.usf" 2629
"../../../Engine/Shaders/Private/RayTracing/RayTracingLightingCommon.ush" 2630
"../../../Engine/Shaders/Private/RayTracing/RayTracingLightCullingCommon.ush" 2631
"../../../Engine/Shaders/Private/RayTracing/RayTracingMaterialDefaultHitShaders.usf" 2632
"../../../Engine/Shaders/Private/RayTracing/RayTracingMaterialHitShaders.usf" 2633
"../../../Engine/Shaders/Private/RayTracing/RayTracingShaderUtils.ush" 2634
"../../../Engine/Shaders/Private/RayTracing/RayTracingCalcInterpolants.ush" 2635
"../../../Engine/Shaders/Private/LightmapCommon.ush" 2636
"../../../Engine/Shaders/Private/Lumen/LumenHardwareRayTracingPayloadCommon.ush" 2637
"../../../Engine/Shaders/Shared/LumenDefinitions.h" 2638
"../../../Engine/Shaders/Private/Substrate/SubstrateExport.ush" 2639
"../../../Engine/Shaders/Private/RayTracing/RayTracingLightingMS.usf" 2640
"../../../Engine/Shaders/Private/Lumen/LumenDiffuseColorBoost.ush" 2641
"../../../Engine/Shaders/Private/RayTracing/RayTracingLightFunctionCommon.ush" 2642
"../../../Engine/Shaders/Private/RayTracing/RayTracingBuildLightGrid.usf" 2643
"../../../Engine/Shaders/Private/Raytracing/RayTracingInstanceBufferUtil.usf" 2644
"../../../Engine/Shaders/Private/RayTracing/RayTracingDynamicMesh.usf" 2645
"../../../Engine/Shaders/Private/RayTracing/RayTracingDefaultDecalHitShader.usf" 2646
"../../../Engine/Shaders/Private/RayTracing/RayTracingDecalMaterialShader.usf" 2647
"../../../Engine/Shaders/Private/PathTracing/PathTracingShaderUtils.ush" 2648
"../../../Engine/Shaders/Private/PathTracing/PathTracingCommon.ush" 2649
"../../../Engine/Shaders/Private/PathTracing/Material/PathTracingMaterialCommon.ush" 2650
"../../../Engine/Shaders/Private/PathTracing/Utilities/PathTracingRIS.ush" 2651
"../../../Engine/Shaders/Private/RayTracing/RayTracingBuildDecalGrid.usf" 2652
"../../../Engine/Shaders/Private/RayTracing/RayTracingDebugHitStatsUtils.usf" 2653
"../../../Engine/Shaders/Private/RayTracing/RayTracingDebugInstanceOverlap.usf" 2654
"../../../Engine/Shaders/Private/RayTracing/RayTracingDebugPicking.usf" 2655
"../../../Engine/Shaders/Private/RayTracing/RayTracingDebugUtils.ush" 2656
"../../../Engine/Shaders/Private/RayTracing/RayTracingDebugTraversal.usf" 2657
"../../../Engine/Shaders/Private/RayTracing/RayTracingDeferredMaterials.ush" 2658
"../../../Engine/Shaders/Shared/ThirdParty/AMD/ags_shader_intrinsics_dx12.h" 2659
"../../../Engine/Shaders/Shared/RayTracingDebugDefinitions.h" 2660
"../../../Engine/Shaders/Private/RayTracing/RayTracingDebugHitStatsCHS.usf" 2661
"../../../Engine/Shaders/Private/RayTracing/RayTracingDebugHitStats.usf" 2662
"../../../Engine/Shaders/Private/RayTracing/RayTracingDebugMS.usf" 2663
"../../../Engine/Shaders/Private/RayTracing/RayTracingDebugCHS.usf" 2664
"../../../Engine/Shaders/Private/RayTracing/RayTracingDebug.usf" 2665
"../../../Engine/Shaders/Private/RayTracing/RayTracingBuiltInShaders.usf" 2666
"../../../Engine/Shaders/Private/RayTracing/RayTracingBarycentrics.usf" 2667
"../../../Engine/Shaders/Private/RayTracing/RayTracingAmbientOcclusionRGS.usf" 2668
"../../../Engine/Shaders/Private/VisualizeShadingModels.usf" 2669
"../../../Engine/Shaders/Private/MotionBlur/VisualizeMotionVectors.usf" 2670
"../../../Engine/Shaders/Private/TemporalSuperResolution/TSRVisualize.usf" 2671
"../../../Engine/Shaders/Private/TemporalSuperResolution/TSRColorSpace.ush" 2672
"../../../Engine/Shaders/Private/TemporalSuperResolution/TSRCommon.ush" 2673
"../../../Engine/Shaders/Public/DualPixelVectorization.ush" 2674
"../../../Engine/Shaders/Private/TemporalSuperResolution/TSRReprojectionField.ush" 2675
"../../../Engine/Shaders/Private/TemporalSuperResolution/TSRResolveHistory.usf" 2676
"../../../Engine/Shaders/Private/TemporalSuperResolution/TSRConvolutionNetwork.ush" 2677
"../../../Engine/Shaders/Private/TemporalSuperResolution/TSRKernels.ush" 2678
"../../../Engine/Shaders/Public/LaneVectorization.ush" 2679
"../../../Engine/Shaders/Private/TemporalSuperResolution/TSRUpdateHistory.usf" 2680
"../../../Engine/Shaders/Private/TemporalSuperResolution/TSRSpatialAntiAliasing.ush" 2681
"../../../Engine/Shaders/Private/TemporalSuperResolution/TSRSpatialAntiAliasing.usf" 2682
"../../../Engine/Shaders/Private/TemporalSuperResolution/TSRRejectShading.usf" 2683
"../../../Engine/Shaders/Private/TemporalSuperResolution/TSRShadingAnalysis.ush" 2684
"../../../Engine/Shaders/Private/TemporalSuperResolution/TSRConvolutionNetworkPass.ush" 2685
"../../../Engine/Shaders/Private/TemporalSuperResolution/TSRDecimateHistory.usf" 2686
"../../../Engine/Shaders/Private/TemporalSuperResolution/TSRDepthVelocityAnalysis.ush" 2687
"../../../Engine/Shaders/Private/TemporalSuperResolution/TSRClosestOccluder.ush" 2688
"../../../Engine/Shaders/Private/TemporalSuperResolution/TSRWeightRelaxation.usf" 2689
"../../../Engine/Shaders/Private/TemporalSuperResolution/TSRThinGeometryCommon.ush" 2690
"../../../Engine/Shaders/Private/TemporalSuperResolution/TSRDetectThinGeometry.usf" 2691
"../../../Engine/Shaders/Private/TemporalSuperResolution/TSRDilateVelocity.usf" 2692
"../../../Engine/Shaders/Private/MotionBlur/MotionBlurVelocityFlatten.ush" 2693
"../../../Engine/Shaders/Private/MotionBlur/MotionBlurCommon.ush" 2694
"../../../Engine/Shaders/Private/TemporalSuperResolution/TSRClearPrevTextures.usf" 2695
"../../../Engine/Shaders/Private/TemporalSuperResolution/TSRMeasureCoverage.usf" 2696
"../../../Engine/Shaders/Private/TemporalSuperResolution/TSRMeasureFlickeringLuma.usf" 2697
"../../../Engine/Shaders/Private/TemporalAA.usf" 2698
"../../../Engine/Shaders/Private/FilterPixelShader.usf" 2699
"../../../Engine/Shaders/Private/FilterVertexShader.usf" 2700
"../../../Engine/Shaders/Private/VisualizeVirtualTexture.usf" 2701
"../../../Engine/Shaders/Private/PostProcessVisualizeBuffer.usf" 2702
"../../../Engine/Shaders/Private/PostProcessVisualizeLocalExposure.usf" 2703
"../../../Engine/Shaders/Private/PostProcessHistogramCommon.ush" 2704
"../../../Engine/Shaders/Private/TonemapCommon.ush" 2705
"../../../Engine/Shaders/Private/ACES/ACESCommon.ush" 2706
"../../../Engine/Shaders/Private/ACES/ACESOutputTransform.ush" 2707
"../../../Engine/Shaders/Private/ACES/ACESUtilities.ush" 2708
"../../../Engine/Shaders/Private/ACES/ACESTonescale.ush" 2709
"../../../Engine/Shaders/Private/ACES/ACESDisplayEncoding.ush" 2710
"../../../Engine/Shaders/Private/ACES/ACES_v1.3.ush" 2711
"../../../Engine/Shaders/Private/PostProcessVisualizeLevelInstance.usf" 2712
"../../../Engine/Shaders/Private/PostProcessVisualizeHDR.usf" 2713
"../../../Engine/Shaders/Private/ShaderComplexityApplyPixelShader.usf" 2714
"../../../Engine/Shaders/Private/QuadOverdraw.ush" 2715
"../../../Engine/Shaders/Private/PostProcessUpscale.usf" 2716
"../../../Engine/Shaders/Private/PostProcessTonemap.usf" 2717
"../../../Engine/Shaders/Private/PostProcessing/FilmGrainPackConstants.usf" 2718
"../../../Engine/Shaders/Private/PostProcessing/FilmGrainReduce.usf" 2719
"../../../Engine/Shaders/Private/PostProcessTestImage.usf" 2720
"../../../Engine/Shaders/Private/PostProcessSubsurface.usf" 2721
"../../../Engine/Shaders/Private/SeparableSSS.ush" 2722
"../../../Engine/Shaders/Private/SubsurfaceBurleyNormalized.ush" 2723
"../../../Engine/Shaders/Private/PostProcessSelectionOutline.usf" 2724
"../../../Engine/Shaders/Private/MotionBlur/MotionBlurVisualize.usf" 2725
"../../../Engine/Shaders/Private/MotionBlur/MotionBlurApply.usf" 2726
"../../../Engine/Shaders/Private/MotionBlur/MotionBlurFilterTileClassify.usf" 2727
"../../../Engine/Shaders/Private/MotionBlur/MotionBlurTileScatter.usf" 2728
"../../../Engine/Shaders/Private/MotionBlur/MotionBlurTileGather.usf" 2729
"../../../Engine/Shaders/Private/MotionBlur/MotionBlurVelocityFlatten.usf" 2730
"../../../Engine/Shaders/Private/PostProcessMobile.usf" 2731
"../../../Engine/Shaders/Private/PostProcessMitchellNetravali.usf" 2732
"../../../Engine/Shaders/Private/PostProcessMaterialShaders.usf" 2733
"../../../Engine/Shaders/Private/NeuralPostProcessCommon.usf" 2734
"../../../Engine/Shaders/Private/PostProcessLocalExposure.usf" 2735
"../../../Engine/Shaders/Private/PostProcessLensFlares.usf" 2736
"../../../Engine/Shaders/Private/PostProcessGBufferHints.usf" 2737
"../../../Engine/Shaders/Private/PostProcessHMD.usf" 2738
"../../../Engine/Shaders/Private/Histogram.usf" 2739
"../../../Engine/Shaders/Private/PostProcessHistogramReduce.usf" 2740
"../../../Engine/Shaders/Private/PostProcessHistogram.usf" 2741
"../../../Engine/Shaders/Private/Bloom/BloomFinalizeApplyConstants.usf" 2742
"../../../Engine/Shaders/Private/Bloom/BloomCommon.ush" 2743
"../../../Engine/Shaders/Private/Bloom/BloomResizeKernel.usf" 2744
"../../../Engine/Shaders/Private/Bloom/BloomDownsampleKernel.usf" 2745
"../../../Engine/Shaders/Private/Bloom/BloomClampKernel.usf" 2746
"../../../Engine/Shaders/Private/Bloom/BloomPackKernelConstants.usf" 2747
"../../../Engine/Shaders/Private/Bloom/BloomSumScatterDispersionEnergy.usf" 2748
"../../../Engine/Shaders/Private/Bloom/BloomReduceKernelSurvey.usf" 2749
"../../../Engine/Shaders/Private/Bloom/BloomSurveyKernelCenterEnergy.usf" 2750
"../../../Engine/Shaders/Private/Bloom/BloomSurveyMaxScatterDispersion.usf" 2751
"../../../Engine/Shaders/Private/Bloom/BloomFindKernelCenter.usf" 2752
"../../../Engine/Shaders/Private/PostProcessEyeAdaptation.usf" 2753
"../../../Engine/Shaders/Private/TranslucencyVolumeCommon.ush" 2754
"../../../Engine/Shaders/Private/PostProcessEyeAdaptationUtils.usf" 2755
"../../../Engine/Shaders/Private/PostProcessDownsample.usf" 2756
"../../../Engine/Shaders/Private/PostProcessDOF.usf" 2757
"../../../Engine/Shaders/Private/PostProcessDeviceEncodingOnly.usf" 2758
"../../../Engine/Shaders/Private/PostProcessCompositePrimitives.usf" 2759
"../../../Engine/Shaders/Private/PostProcessCombineLUTs.usf" 2760
"../../../Engine/Shaders/Private/PostProcessVisualizeDOF.usf" 2761
"../../../Engine/Shaders/Private/PostProcessBloom.usf" 2762
"../../../Engine/Shaders/Private/PostProcessAmbientOcclusionMobile.usf" 2763
"../../../Engine/Shaders/Private/PostProcessAmbientOcclusionCommon.ush" 2764
"../../../Engine/Shaders/Private/FXAAShader.usf" 2765
"../../../Engine/Shaders/Private/Fxaa3_11.ush" 2766
"../../../Engine/Shaders/Private/PaniniProjection.usf" 2767
"../../../Engine/Shaders/Private/DiaphragmDOF/DOFRecombine.usf" 2768
"../../../Engine/Shaders/Private/DiaphragmDOF/DOFHybridScatterPixelShader.usf" 2769
"../../../Engine/Shaders/Private/DiaphragmDOF/DOFHybridScatterCommon.ush" 2770
"../../../Engine/Shaders/Private/DiaphragmDOF/DOFVignetteCommon.ush" 2771
"../../../Engine/Shaders/Private/DiaphragmDOF/DOFHybridScatterVertexShader.usf" 2772
"../../../Engine/Shaders/Private/DiaphragmDOF/DOFPostfiltering.usf" 2773
"../../../Engine/Shaders/Private/DiaphragmDOF/DOFGatherTileSuggest.ush" 2774
"../../../Engine/Shaders/Private/DiaphragmDOF/DOFCocTileCommon.ush" 2775
"../../../Engine/Shaders/Private/DiaphragmDOF/DOFGatherPass.usf" 2776
"../../../Engine/Shaders/Private/DiaphragmDOF/DOFGatherCommon.ush" 2777
"../../../Engine/Shaders/Private/DiaphragmDOF/DOFGatherAccumulator.ush" 2778
"../../../Engine/Shaders/Private/DiaphragmDOF/DOFGatherKernel.ush" 2779
"../../../Engine/Shaders/Private/DiaphragmDOF/DOFBokehLUT.usf" 2780
"../../../Engine/Shaders/Private/DiaphragmDOF/DOFHybridScatterCompilation.usf" 2781
"../../../Engine/Shaders/Private/DiaphragmDOF/DOFReduce.usf" 2782
"../../../Engine/Shaders/Private/DiaphragmDOF/DOFDownsample.ush" 2783
"../../../Engine/Shaders/Private/DiaphragmDOF/DOFHybridScatterCompilation.ush" 2784
"../../../Engine/Shaders/Private/DiaphragmDOF/DOFDownsample.usf" 2785
"../../../Engine/Shaders/Private/DiaphragmDOF/DOFCocTileDilate.usf" 2786
"../../../Engine/Shaders/Private/DiaphragmDOF/DOFCocTileFlatten.usf" 2787
"../../../Engine/Shaders/Private/DiaphragmDOF/DOFSetup.usf" 2788
"../../../Engine/Shaders/Private/Tools/DebugAlphaChannel.usf" 2789
"../../../Engine/Shaders/Private/PostProcessAlphaInvert.usf" 2790
"../../../Engine/Shaders/Private/PlanarReflectionShaders.usf" 2791
"../../../Engine/Shaders/Private/PhysicsFieldVisualizer.usf" 2792
"../../../Engine/Shaders/Private/PathTracing/PathTracingSpatialTemporalDenoising.usf" 2793
"../../../Engine/Shaders/Private/ColorDifference.ush" 2794
"../../../Engine/Shaders/Private/PathTracing/PathTracingCompositingPixelShader.usf" 2795
"../../../Engine/Shaders/Private/PathTracing/PathTracingAdaptiveUtils.ush" 2796
"../../../Engine/Shaders/Private/PathTracing/PathTracingDefaultHitShader.usf" 2797
"../../../Engine/Shaders/Private/PathTracing/PathTracingGPULightmassMaterialHitShader.usf" 2798
"../../../Engine/Shaders/Private/PathTracing/PathTracingMaterialHitShader.usf" 2799
"../../../Engine/Shaders/Private/PathTracing/Material/PathTracingSubstrateCommon.ush" 2800
"../../../Engine/Shaders/Private/PathTracing/PathTracingLightingMissShader.usf" 2801
"../../../Engine/Shaders/Private/PathTracing/PathTracingMissShader.usf" 2802
"../../../Engine/Shaders/Private/PathTracing/PathTracingAdaptiveStart.usf" 2803
"../../../Engine/Shaders/Private/PathTracing/PathTracingBuildAdaptiveError.usf" 2804
"../../../Engine/Shaders/Private/PathTracing/PathTracingVolumetricCloudMaterialShader.usf" 2805
"../../../Engine/Shaders/Private/PathTracing/Volume/PathTracingCloudsMaterialCommon.ush" 2806
"../../../Engine/Shaders/Private/PathTracing/Volume/PathTracingVolumeCommon.ush" 2807
"../../../Engine/Shaders/Private/PathTracing/Volume/PathTracingCloudsCommon.ush" 2808
"../../../Engine/Shaders/Private/PathTracing/Volume/PathTracingFog.ush" 2809
"../../../Engine/Shaders/Private/PathTracing/Volume/PathTracingAtmosphere.ush" 2810
"../../../Engine/Shaders/Private/PathTracing/Volume/PathTracingAtmosphereCommon.ush" 2811
"../../../Engine/Shaders/Private/PathTracing/Volume/PathTracingVolumeSampling.ush" 2812
"../../../Engine/Shaders/Private/PathTracing/PathTracingBuildCloudAccelerationMap.usf" 2813
"../../../Engine/Shaders/Private/PathTracing/PathTracingBuildAtmosphereLUT.usf" 2814
"../../../Engine/Shaders/Private/PathTracing/PathTracingSwizzleScanlines.usf" 2815
"../../../Engine/Shaders/Private/PathTracing/PathTracingInitExtinctionCoefficient.usf" 2816
"../../../Engine/Shaders/Private/PathTracing/PathTracingCopyDepth.usf" 2817
"../../../Engine/Shaders/Private/PathTracing/PathTracingDebug.usf" 2818
"../../../Engine/Shaders/Private/RayTracing/RayTracingDecalGrid.ush" 2819
"../../../Engine/Shaders/Private/PathTracing/Material/PathTracingMaterialSampling.ush" 2820
"../../../Engine/Shaders/Private/PathTracing/Material/PathTracingLambert.ush" 2821
"../../../Engine/Shaders/Private/PathTracing/Material/PathTracingSubstrate.ush" 2822
"../../../Engine/Shaders/Private/PathTracing/Material/PathTracingSubstrateFoliage.ush" 2823
"../../../Engine/Shaders/Private/PathTracing/Material/PathTracingSubstrateSolidGlass.ush" 2824
"../../../Engine/Shaders/Private/PathTracing/Material/PathTracingSubstrateThinGlass.ush" 2825
"../../../Engine/Shaders/Private/PathTracing/Material/PathTracingSolidGlass.ush" 2826
"../../../Engine/Shaders/Private/PathTracing/Material/PathTracingEnergyConservation.ush" 2827
"../../../Engine/Shaders/Private/PathTracing/Material/PathTracingThinGlass.ush" 2828
"../../../Engine/Shaders/Private/PathTracing/Material/PathTracingDefaultLit.ush" 2829
"../../../Engine/Shaders/Private/PathTracing/Material/PathTracingClearCoat.ush" 2830
"../../../Engine/Shaders/Private/PathTracing/Material/PathTracingTwoSidedFoliage.ush" 2831
"../../../Engine/Shaders/Private/PathTracing/Material/PathTracingCloth.ush" 2832
"../../../Engine/Shaders/Private/PathTracing/Material/PathTracingSubsurfaceProfile.ush" 2833
"../../../Engine/Shaders/Private/PathTracing/Material/PathTracingEye.ush" 2834
"../../../Engine/Shaders/Private/PathTracing/Material/PathTracingHair.ush" 2835
"../../../Engine/Shaders/Private/PathTracing/Material/PathTracingMedium.ush" 2836
"../../../Engine/Shaders/Private/PathTracing/Light/PathTracingLightSampling.ush" 2837
"../../../Engine/Shaders/Private/PathTracing/Light/PathTracingLightCommon.ush" 2838
"../../../Engine/Shaders/Private/PathTracing/Light/PathTracingDirectionalLight.ush" 2839
"../../../Engine/Shaders/Private/PathTracing/Light/PathTracingPointLight.ush" 2840
"../../../Engine/Shaders/Private/PathTracing/Light/PathTracingCapsuleLight.ush" 2841
"../../../Engine/Shaders/Private/PathTracing/Light/PathTracingRectLight.ush" 2842
"../../../Engine/Shaders/Private/PathTracing/Light/PathTracingSkyLight.ush" 2843
"../../../Engine/Shaders/Private/PathTracing/Light/PathTracingLightGrid.ush" 2844
"../../../Engine/Shaders/Private/PathTracing/PathTracing.usf" 2845
"../../../Engine/Shaders/Private/PathTracing/PathTracingCore.ush" 2846
"../../../Engine/Shaders/Private/HeterogeneousVolumes/HeterogeneousVolumesVoxelGridTypes.ush" 2847
"../../../Engine/Shaders/Private/PathTracing/Volume/PathTracingVolume.ush" 2848
"../../../Engine/Shaders/Private/PathTracing/Volume/PathTracingClouds.ush" 2849
"../../../Engine/Shaders/Private/PathTracing/Volume/PathTracingHeterogeneousVolumes.ush" 2850
"../../../Engine/Shaders/Private/HeterogeneousVolumes/HeterogeneousVolumesVoxelGridTraversal.ush" 2851
"../../../Engine/Shaders/Private/HeterogeneousVolumes/HeterogeneousVolumesVoxelGridUtils.ush" 2852
"../../../Engine/Shaders/Private/HeterogeneousVolumes/HeterogeneousVolumesFrustumVoxelGridUtils.ush" 2853
"../../../Engine/Shaders/Private/PathTracing/PathTracingBuildLightGrid.usf" 2854
"../../../Engine/Shaders/Private/PathTracing/PathTracingSkylightMISCompensation.usf" 2855
"../../../Engine/Shaders/Private/PathTracing/PathTracingSkylightPrepare.usf" 2856
"../../../Engine/Shaders/Private/OIT/OITSorting.usf" 2857
"../../../Engine/Shaders/Private/OITCombine.usf" 2858
"../../../Engine/Shaders/Private/OITCommon.ush" 2859
"../../../Engine/Shaders/Private/Nanite/Voxel/RasterizeBricks.usf" 2860
"../../../Engine/Shaders/Private/Nanite/Voxel/Brick.ush" 2861
"../../../Engine/Shaders/Private/Nanite/Voxel/Voxel.ush" 2862
"../../../Engine/Shaders/Private/Nanite/Voxel/ScatterBricks.usf" 2863
"../../../Engine/Shaders/Private/Nanite/Voxel/TileBricks.usf" 2864
"../../../Engine/Shaders/Private/Nanite/Voxel/AutoVoxel.usf" 2865
"../../../Engine/Shaders/Private/Nanite/NaniteDebugViews.usf" 2866
"../../../Engine/Shaders/Private/Nanite/NaniteEditorCommon.ush" 2867
"../../../Engine/Shaders/Private/BinarySearch.ush" 2868
"../../../Engine/Shaders/Private/Nanite/NaniteDepthDecode.usf" 2869
"../../../Engine/Shaders/Private/HTileEncoding.ush" 2870
"../../../Engine/Shaders/Private/Nanite/NaniteVisualize.usf" 2871
"../../../Engine/Shaders/Private/Nanite/NaniteStreamOut.usf" 2872
"../../../Engine/Shaders/Private/Nanite/NaniteHierarchyTraversal.ush" 2873
"../../../Engine/Shaders/Private/Nanite/NaniteSkinningUpdateViewData.usf" 2874
"../../../Engine/Shaders/Private/Skinning/TransformProviders.usf" 2875
"../../../Engine/Shaders/Private/Nanite/NaniteShadeBinning.usf" 2876
"../../../Engine/Shaders/Private/Nanite/NaniteShadeCommon.ush" 2877
"../../../Engine/Shaders/Private/Nanite/NaniteFastClear.usf" 2878
"../../../Engine/Shaders/Private/Nanite/NaniteExportGBuffer.usf" 2879
"../../../Engine/Shaders/Private/Nanite/NaniteClusterCulling.usf" 2880
"../../../Engine/Shaders/Private/Nanite/NanitePrintStats.usf" 2881
"../../../Engine/Shaders/Private/Nanite/NaniteRasterizer.usf" 2882
"../../../Engine/Shaders/Private/Nanite/NaniteRasterizationCommon.ush" 2883
"../../../Engine/Shaders/Private/Nanite/NaniteRasterizer.ush" 2884
"../../../Engine/Shaders/Private/Nanite/NaniteWritePixel.ush" 2885
"../../../Engine/Shaders/Private/Nanite/NaniteTessellation.ush" 2886
"../../../Engine/Shaders/Private/WorkDistribution.ush" 2887
"../../../Engine/Shaders/Private/Nanite/NaniteDice.ush" 2888
"../../../Engine/Shaders/Private/ShaderBundleWorkGraphCommon.ush" 2889
"../../../Engine/Shaders/Public/RootConstants.ush" 2890
"../../../Engine/Shaders/Public/Platform/D3D/D3DRootConstants.ush" 2891
"../../../Engine/Shaders/Private/Nanite/NaniteSplit.usf" 2892
"../../../Engine/Shaders/Private/Nanite/NaniteRasterBinning.usf" 2893
"../../../Engine/Shaders/Private/Nanite/NaniteInstanceCulling.usf" 2894
"../../../Engine/Shaders/Private/Nanite/NaniteImposter.ush" 2895
"../../../Engine/Shaders/Private/Nanite/NaniteInstanceHierarchyCulling.usf" 2896
"../../../Engine/Shaders/Private/WorkGroupLoadBalancer.ush" 2897
"../../../Engine/Shaders/Private/Nanite/NanitePrimitiveFilter.usf" 2898
"../../../Engine/Shaders/Private/Nanite/NaniteRasterClear.usf" 2899
"../../../Engine/Shaders/Private/Nanite/NaniteDepthExport.usf" 2900
"../../../Engine/Shaders/Private/Nanite/NaniteEmitShadow.usf" 2901
"../../../Engine/Shaders/Private/MobileDeferredUtils.usf" 2902
"../../../Engine/Shaders/Private/MobileLocalLightsBuffer.usf" 2903
"../../../Engine/Shaders/Private/MobileFog.usf" 2904
"../../../Engine/Shaders/Private/DistortApplyScreenPS.usf" 2905
"../../../Engine/Shaders/Private/MobileDeferredShading.usf" 2906
"../../../Engine/Shaders/Private/MobileBasePassPixelShader.usf" 2907
"../../../Engine/Shaders/Private/MobileBasePassCommon.ush" 2908
"../../../Engine/Shaders/Private/BasePassCommon.ush" 2909
"../../../Engine/Shaders/Private/ShadingModelsMaterial.ush" 2910
"../../../Engine/Shaders/Private/ThinTranslucentCommon.ush" 2911
"../../../Engine/Shaders/Private/SingleLayerWaterShading.ush" 2912
"../../../Engine/Shaders/Private/DistortionCommon.ush" 2913
"../../../Engine/Shaders/Private/Substrate/SubstrateMobileForwardLighting.ush" 2914
"../../../Engine/Shaders/Private/MobileBasePassVertexShader.usf" 2915
"../../../Engine/Shaders/Private/MeshEdges.usf" 2916
"../../../Engine/Shaders/Private/MegaLights/MegaLightsVSMTracing.usf" 2917
"../../../Engine/Shaders/Private/MegaLights/MegaLights.ush" 2918
"../../../Engine/Shaders/Shared/MegaLightsDefinitions.h" 2919
"../../../Engine/Shaders/Private/HairStrands/HairStrandsVisibilityUtils.ush" 2920
"../../../Engine/Shaders/Private/MegaLights/MegaLightsRayTracing.ush" 2921
"../../../Engine/Shaders/Private/MegaLights/MegaLightsRayTracing.usf" 2922
"../../../Engine/Shaders/Private/DistanceField/GlobalDistanceFieldUtils.ush" 2923
"../../../Engine/Shaders/Private/Lumen/LumenScreenTracing.ush" 2924
"../../../Engine/Shaders/Private/MegaLights/MegaLightsVolumeRayTracing.usf" 2925
"../../../Engine/Shaders/Private/MegaLights/MegaLightsVolume.ush" 2926
"../../../Engine/Shaders/Private/MegaLights/MegaLightsVolumeHardwareRayTracing.usf" 2927
"../../../Engine/Shaders/Private/Lumen/LumenHardwareRayTracingCommon.ush" 2928
"../../../Engine/Shaders/Private/RayTracing/RayTracingReflectionEnvironment.ush" 2929
"../../../Engine/Shaders/Private/Lumen/LumenHardwareRayTracingPlatformCommon.ush" 2930
"../../../Engine/Shaders/Private/Lumen/LumenReflectionsCombine.ush" 2931
"../../../Engine/Shaders/Private/Lumen/LumenTracingCommon.ush" 2932
"../../../Engine/Shaders/Private/Lumen/SurfaceCache/LumenSurfaceCacheSampling.ush" 2933
"../../../Engine/Shaders/Private/Lumen/SurfaceCache/LumenSurfaceCache.ush" 2934
"../../../Engine/Shaders/Private/Lumen/LumenCardCommon.ush" 2935
"../../../Engine/Shaders/Private/Lumen/LumenCardTileShadowDownsampleFactor.ush" 2936
"../../../Engine/Shaders/Private/MegaLights/MegaLightsHardwareRayTracing.usf" 2937
"../../../Engine/Shaders/Private/MegaLights/MegaLights.usf" 2938
"../../../Engine/Shaders/Private/MegaLights/MegaLightsShading.ush" 2939
"../../../Engine/Shaders/Private/MegaLights/MegaLightsFilterVisibleLightHash.usf" 2940
"../../../Engine/Shaders/Private/MegaLights/MegaLightsDenoiserSpatial.usf" 2941
"../../../Engine/Shaders/Private/Lumen/LumenReflectionDenoiserCommon.ush" 2942
"../../../Engine/Shaders/Private/MegaLights/MegaLightsDenoiserTemporal.usf" 2943
"../../../Engine/Shaders/Private/MegaLights/MegaLightsShading.usf" 2944
"../../../Engine/Shaders/Private/StochasticLighting/StochasticLightingUpsample.ush" 2945
"../../../Engine/Shaders/Private/MegaLights/MegaLightsVisibleLightHash.usf" 2946
"../../../Engine/Shaders/Private/MegaLights/MegaLightsVolumeShading.usf" 2947
"../../../Engine/Shaders/Private/MegaLights/MegaLightsSampling.usf" 2948
"../../../Engine/Shaders/Private/MegaLights/MegaLightsSampling.ush" 2949
"../../../Engine/Shaders/Private/MegaLights/MegaLightsVolumeSampling.usf" 2950
"../../../Engine/Shaders/Private/MaterialCache/MaterialCacheABufferPages.usf" 2951
"../../../Engine/Shaders/Private/MaterialCache/MaterialCacheShade.usf" 2952
"../../../Engine/Shaders/Private/MaterialCache/MaterialCacheUnwrapNaniteShade.usf" 2953
"../../../Engine/Shaders/Private/MaterialCache/MaterialCacheUnwrapPixelShader.usf" 2954
"../../../Engine/Shaders/Private/MaterialCache/MaterialCacheUnwrapVertexShader.usf" 2955
"../../../Engine/Shaders/Private/Lumen/LumenVisualizeRadianceCache.usf" 2956
"../../../Engine/Shaders/Private/Lumen/LumenRadianceCacheCommon.ush" 2957
"../../../Engine/Shaders/Private/Lumen/LumenVisualizeHardwareRayTracing.usf" 2958
"../../../Engine/Shaders/Private/Lumen/LumenVisualize.ush" 2959
"../../../Engine/Shaders/Private/Lumen/LumenHairTracing.ush" 2960
"../../../Engine/Shaders/Private/Lumen/LumenVisualize.usf" 2961
"../../../Engine/Shaders/Private/Lumen/LumenSoftwareRayTracing.ush" 2962
"../../../Engine/Shaders/Private/DistanceField/GlobalDistanceFieldObjectGrid.ush" 2963
"../../../Engine/Shaders/Private/DistanceFieldLightingShared.ush" 2964
"../../../Engine/Shaders/Private/Lumen/LumenVisualizeTraces.ush" 2965
"../../../Engine/Shaders/Private/Lumen/LumenTranslucencyVolumeLighting.usf" 2966
"../../../Engine/Shaders/Private/Lumen/LumenRadianceCacheMarkCommon.ush" 2967
"../../../Engine/Shaders/Private/Lumen/LumenTranslucencyVolumeLightingShared.ush" 2968
"../../../Engine/Shaders/Private/Lumen/LumenScreenProbeCommon.ush" 2969
"../../../Engine/Shaders/Private/RayTracing/RayGenUtils.ush" 2970
"../../../Engine/Shaders/Private/Lumen/LumenRadianceCacheTracingCommon.ush" 2971
"../../../Engine/Shaders/Private/Lumen/LumenTranslucencyVolumeHardwareRayTracing.usf" 2972
"../../../Engine/Shaders/Private/Lumen/LumenTranslucencyRadianceCacheMarkShaders.usf" 2973
"../../../Engine/Shaders/Private/Lumen/SurfaceCache/LumenSurfaceCache.usf" 2974
"../../../Engine/Shaders/Private/Lumen/LumenShortRangeAOHardwareRayTracing.usf" 2975
"../../../Engine/Shaders/Private/Lumen/LumenScreenSpaceBentNormal.ush" 2976
"../../../Engine/Shaders/Private/Lumen/LumenScreenSpaceBentNormal.usf" 2977
"../../../Engine/Shaders/Private/Lumen/LumenScreenProbeTracing.usf" 2978
"../../../Engine/Shaders/Private/Lumen/LumenScreenProbeTracingCommon.ush" 2979
"../../../Engine/Shaders/Private/Lumen/LumenFloatQuantization.ush" 2980
"../../../Engine/Shaders/Private/Lumen/LumenScreenProbeImportanceSampling.usf" 2981
"../../../Engine/Shaders/Private/Lumen/LumenScreenProbeImportanceSamplingShared.ush" 2982
"../../../Engine/Shaders/Private/Lumen/LumenScreenProbeHardwareRayTracing.usf" 2983
"../../../Engine/Shaders/Private/Lumen/LumenScreenProbeDebug.usf" 2984
"../../../Engine/Shaders/Private/Lumen/LumenScreenProbeGather.usf" 2985
"../../../Engine/Shaders/Private/Lumen/LumenScreenProbeGatherTemporal.usf" 2986
"../../../Engine/Shaders/Private/Lumen/LumenScreenProbeFiltering.usf" 2987
"../../../Engine/Shaders/Private/Lumen/LumenSceneLighting.usf" 2988
"../../../Engine/Shaders/Private/Lumen/LumenCardTile.ush" 2989
"../../../Engine/Shaders/Private/Lumen/LumenSceneLighting.ush" 2990
"../../../Engine/Shaders/Private/Lumen/Radiosity/LumenRadiosity.ush" 2991
"../../../Engine/Shaders/Private/Lumen/LumenSceneLightingDebug.usf" 2992
"../../../Engine/Shaders/Private/Lumen/LumenScene.usf" 2993
"../../../Engine/Shaders/Private/Lumen/LumenSceneDirectLightingHardwareRayTracing.usf" 2994
"../../../Engine/Shaders/Private/Lumen/LumenSceneDirectLightingStochastic.ush" 2995
"../../../Engine/Shaders/Private/Lumen/LumenReflectionCommon.ush" 2996
"../../../Engine/Shaders/Private/Lumen/LumenSceneDirectLighting.ush" 2997
"../../../Engine/Shaders/Private/Lumen/LumenSceneDebugHardwareRayTracing.usf" 2998
"../../../Engine/Shaders/Private/Lumen/LumenSceneDirectLightingStochastic.usf" 2999
"../../../Engine/Shaders/Private/Lumen/LumenSceneDirectLightingSoftwareRayTracing.usf" 3000
"../../../Engine/Shaders/Private/DistanceFieldShadowingShared.ush" 3001
"../../../Engine/Shaders/Private/Lumen/LumenSceneDirectLightingPerLightShadowCommon.ush" 3002
"../../../Engine/Shaders/Private/Lumen/LumenSceneDirectLightingShadowMask.usf" 3003
"../../../Engine/Shaders/Private/Lumen/LumenSceneDirectLighting.usf" 3004
"../../../Engine/Shaders/Private/Lumen/LumenSceneDirectLightingCulling.usf" 3005
"../../../Engine/Shaders/Private/Lumen/LumenCardComputeShader.usf" 3006
"../../../Engine/Shaders/Private/Lumen/LumenCardBasePass.ush" 3007
"../../../Engine/Shaders/Private/Lumen/LumenCardPixelShader.usf" 3008
"../../../Engine/Shaders/Private/Lumen/LumenCardVertexShader.usf" 3009
"../../../Engine/Shaders/Private/Lumen/LumenReSTIRGather.usf" 3010
"../../../Engine/Shaders/Private/Lumen/LumenReflectionTracing.usf" 3011
"../../../Engine/Shaders/Private/Lumen/LumenReflectionDenoiserSpatial.usf" 3012
"../../../Engine/Shaders/Private/Lumen/LumenReflectionDenoiserClear.usf" 3013
"../../../Engine/Shaders/Private/Lumen/LumenReflectionDenoiserTemporal.usf" 3014
"../../../Engine/Shaders/Private/Lumen/LumenReflectionResolve.usf" 3015
"../../../Engine/Shaders/Private/Lumen/LumenReflections.usf" 3016
"../../../Engine/Shaders/Private/Lumen/RayTracedTranslucency.usf" 3017
"../../../Engine/Shaders/Private/Lumen/LumenReflectionHardwareRayTracing.usf" 3018
"../../../Engine/Shaders/Private/Lumen/Radiosity/LumenVisualizeRadiosityProbes.usf" 3019
"../../../Engine/Shaders/Private/Lumen/Radiosity/LumenRadiosity.usf" 3020
"../../../Engine/Shaders/Private/Lumen/Radiosity/LumenRadiosityHardwareRayTracing.usf" 3021
"../../../Engine/Shaders/Private/Lumen/Radiosity/LumenRadiosityCulling.usf" 3022
"../../../Engine/Shaders/Private/Lumen/LumenRadianceCacheHardwareRayTracing.usf" 3023
"../../../Engine/Shaders/Private/Lumen/LumenRadianceCache.usf" 3024
"../../../Engine/Shaders/Private/Lumen/LumenRadianceCacheUpdate.ush" 3025
"../../../Engine/Shaders/Private/Lumen/LumenRadianceCacheDebug.usf" 3026
"../../../Engine/Shaders/Private/Lumen/LumenRadianceCacheUpdate.usf" 3027
"../../../Engine/Shaders/Private/Lumen/LumenMeshSDFCulling.usf" 3028
"../../../Engine/Shaders/Private/HybridIndirectLighting.ush" 3029
"../../../Engine/Shaders/Private/MeshDistanceFieldCommon.ush" 3030
"../../../Engine/Shaders/Private/Lumen/LumenIrradianceFieldGather.usf" 3031
"../../../Engine/Shaders/Private/Lumen/LumenHardwareRayTracingMaterials.usf" 3032
"../../../Engine/Shaders/Private/Lumen/LumenFrontLayerTranslucency.usf" 3033
"../../../Engine/Shaders/Private/LocalFogVolumes/LocalFogVolumeSplat.usf" 3034
"../../../Engine/Shaders/Private/LocalFogVolumes/LocalFogVolumeTiledCulling.usf" 3035
"../../../Engine/Shaders/Private/LightShaftShader.usf" 3036
"../../../Engine/Shaders/Private/StationaryLightOverlapShaders.usf" 3037
"../../../Engine/Shaders/Private/DeferredLightPixelShaders.usf" 3038
"../../../Engine/Shaders/Private/DeferredLightVertexShaders.usf" 3039
"../../../Engine/Shaders/Private/LightMapDensityShader.usf" 3040
"../../../Engine/Shaders/Private/LightGridInjection.usf" 3041
"../../../Engine/Shaders/Shared/LightGridDefinitions.h" 3042
"../../../Engine/Shaders/Private/LightFunctionPixelShader.usf" 3043
"../../../Engine/Shaders/Private/LightFunctionVertexShader.usf" 3044
"../../../Engine/Shaders/Private/LightFunctionAtlas/LightFunctionAtlasRender.usf" 3045
"../../../Engine/Shaders/Private/InstanceCulling/InstanceCullingOcclusionQuery.usf" 3046
"../../../Engine/Shaders/Private/InstanceCulling/InstanceCullingSetup.ush" 3047
"../../../Engine/Shaders/Private/InstanceCulling/BuildInstanceDrawCommands.usf" 3048
"../../../Engine/Shaders/Private/InstanceCulling/InstanceCompactionCommon.ush" 3049
"../../../Engine/Shaders/Private/SceneDataMobileWriter.ush" 3050
"../../../Engine/Shaders/Private/InstanceCulling/CompactVisibleInstances.usf" 3051
"../../../Engine/Shaders/Private/ReflectionEnvironmentPixelShader.usf" 3052
"../../../Engine/Shaders/Private/AmbientCubemapComposite.usf" 3053
"../../../Engine/Shaders/Private/DiffuseIndirectComposite.usf" 3054
"../../../Engine/Shaders/Private/IESAtlas.usf" 3055
"../../../Engine/Shaders/Private/HeterogeneousVolumes/HeterogeneousVolumesVoxelGridShadows.usf" 3056
"../../../Engine/Shaders/Private/HeterogeneousVolumes/HeterogeneousVolumesStochasticFiltering.ush" 3057
"../../../Engine/Shaders/Private/HeterogeneousVolumes/HeterogeneousVolumesVoxelGridRenderingUtils.ush" 3058
"../../../Engine/Shaders/Private/HeterogeneousVolumes/HeterogeneousVolumesLightingUtils.ush" 3059
"../../../Engine/Shaders/Private/HeterogeneousVolumes/HeterogeneousVolumesVoxelGridRendering.usf" 3060
"../../../Engine/Shaders/Private/HeterogeneousVolumes/HeterogeneousVolumesVoxelGridPipeline.usf" 3061
"../../../Engine/Shaders/Private/HeterogeneousVolumes/HeterogeneousVolumesMaterialBakingPipeline.usf" 3062
"../../../Engine/Shaders/Private/HeterogeneousVolumes/HeterogeneousVolumesLiveShadingUtils.ush" 3063
"../../../Engine/Shaders/Private/HeterogeneousVolumes/HeterogeneousVolumesFrustumVoxelGrid.usf" 3064
"../../../Engine/Shaders/Private/HeterogeneousVolumes/HeterogeneousVolumesSparseVoxelPipeline.usf" 3065
"../../../Engine/Shaders/Private/HeterogeneousVolumes/HeterogeneousVolumesSparseVoxelUtils.ush" 3066
"../../../Engine/Shaders/Private/HeterogeneousVolumes/HeterogeneousVolumesSparseVoxelUniformBufferUtils.ush" 3067
"../../../Engine/Shaders/Private/HeterogeneousVolumes/HeterogeneousVolumesPreshadingPipeline.usf" 3068
"../../../Engine/Shaders/Private/HeterogeneousVolumes/HeterogeneousVolumesLiveShadingShadows.usf" 3069
"../../../Engine/Shaders/Private/HeterogeneousVolumes/HeterogeneousVolumesLiveShadingGlobalPipeline.usf" 3070
"../../../Engine/Shaders/Private/HeterogeneousVolumes/HeterogeneousVolumesLiveShadingPipeline.usf" 3071
"../../../Engine/Shaders/Private/HeterogeneousVolumes/HeterogeneousVolumesHardwareRayTracing.usf" 3072
"../../../Engine/Shaders/Private/HeterogeneousVolumes/HeterogeneousVolumesAmbientOcclusionPipeline.usf" 3073
"../../../Engine/Shaders/Private/HeterogeneousVolumes/HeterogeneousVolumesComposite.usf" 3074
"../../../Engine/Shaders/Private/HdrCustomResolveShaders.usf" 3075
"../../../Engine/Shaders/Private/HairStrands/RenderCurveRaster.usf" 3076
"../../../Engine/Shaders/Private/HairStrands/HairStrandsVoxelRasterCompute.usf" 3077
"../../../Engine/Shaders/Private/HairStrands/HairStrandsHitProxy.usf" 3078
"../../../Engine/Shaders/Private/HairStrands/HairStrandsVisibilityRasterComputeNaive.usf" 3079
"../../../Engine/Shaders/Private/HairStrands/HairStrandsVisibilityRasterHW.usf" 3080
"../../../Engine/Shaders/Private/HairStrands/HairStrandsVisibilityRasterCompute.usf" 3081
"../../../Engine/Shaders/Private/HairStrands/HairStrandsVisibilityRasterClassification.usf" 3082
"../../../Engine/Shaders/Private/HairStrands/HairStrandsCoverage.usf" 3083
"../../../Engine/Shaders/Private/HairStrands/HairStrandsVisibilityDepthPS.usf" 3084
"../../../Engine/Shaders/Private/HairStrands/HairStrandsVisibilityTransmittanceDepthPS.usf" 3085
"../../../Engine/Shaders/Private/HairStrands/HairStrandsVisibilityFillOpaqueDepthPS.usf" 3086
"../../../Engine/Shaders/Private/HairStrands/HairStrandsVisibilityCompactionComputeRaster.usf" 3087
"../../../Engine/Shaders/Private/HairStrands/HairStrandsVisibilityCompaction.usf" 3088
"../../../Engine/Shaders/Private/HairStrands/HairStrandsVisibilityCopyIndirectArg.usf" 3089
"../../../Engine/Shaders/Private/HairStrands/HairStrandsVisibilityClearPS.usf" 3090
"../../../Engine/Shaders/Private/HairStrands/HairStrandsVisibilityPS.usf" 3091
"../../../Engine/Shaders/Private/HairStrands/HairStrandsVisibilityVS.usf" 3092
"../../../Engine/Shaders/Private/HairStrands/HairStrandsVelocity.usf" 3093
"../../../Engine/Shaders/Private/HairStrands/HairStrandsVisibilityComputeSampleCoverage.usf" 3094
"../../../Engine/Shaders/Private/HairStrands/HairStrandsMaterialPS.usf" 3095
"../../../Engine/Shaders/Private/HairStrands/HairStrandsMaterialCommon.ush" 3096
"../../../Engine/Shaders/Private/HairStrands/HairStrandsMaterialVS.usf" 3097
"../../../Engine/Shaders/Private/HairStrands/HairStrandsLightSample.usf" 3098
"../../../Engine/Shaders/Private/HairStrands/HairStrandsDeepShadowMask.usf" 3099
"../../../Engine/Shaders/Private/HairStrands/HairStrandsDeepTransmittanceMask.usf" 3100
"../../../Engine/Shaders/Private/HairStrands/HairStrandsVisibilityTile.usf" 3101
"../../../Engine/Shaders/Private/HairStrands/HairStrandsDeepShadowPS.usf" 3102
"../../../Engine/Shaders/Private/HairStrands/HairStrandsDeepShadowVS.usf" 3103
"../../../Engine/Shaders/Private/HairStrands/HairStrandsAABB.usf" 3104
"../../../Engine/Shaders/Private/HairStrands/HairStrandsLUT.usf" 3105
"../../../Engine/Shaders/Private/HairStrands/HairStrandsForwardRaster.usf" 3106
"../../../Engine/Shaders/Private/HairStrands/HairStrandsForwardCulling.usf" 3107
"../../../Engine/Shaders/Private/HairStrands/HairStrandsEnvironmentLighting.usf" 3108
"../../../Engine/Shaders/Private/HairStrands/HairStrandsEnvironmentAO.usf" 3109
"../../../Engine/Shaders/Private/HairStrands/HairStrandsDeepShadowAllocation.usf" 3110
"../../../Engine/Shaders/Private/HairStrands/HairStrandsVoxelDebug.usf" 3111
"../../../Engine/Shaders/Private/HairStrands/HairStrandsComposition.usf" 3112
"../../../Engine/Shaders/Private/HairStrands/HairStrandsGBufferCommon.ush" 3113
"../../../Engine/Shaders/Private/GPUScene/GPUSceneDataManagement.usf" 3114
"../../../Engine/Shaders/Private/GPUSceneDebugRender.usf" 3115
"../../../Engine/Shaders/Private/GPUFeedbackCompaction.usf" 3116
"../../../Engine/Shaders/Private/GPUFastFourierTransform.usf" 3117
"../../../Engine/Shaders/Private/GPUFastFourierTransform2DCore.ush" 3118
"../../../Engine/Shaders/Private/GPUFastFourierTransformCore.ush" 3119
"../../../Engine/Shaders/Private/GPUBenchmark.usf" 3120
"../../../Engine/Shaders/Private/DistanceField/GlobalDistanceFieldDebug.usf" 3121
"../../../Engine/Shaders/Private/DistanceField/GlobalDistanceFieldUpdate.ush" 3122
"../../../Engine/Shaders/Private/DistanceField/GlobalDistanceFieldMip.usf" 3123
"../../../Engine/Shaders/Private/DistanceField/GlobalDistanceField.usf" 3124
"../../../Engine/Shaders/Private/DistanceField/GlobalDistanceFieldCompositeObjects.usf" 3125
"../../../Engine/Shaders/Private/DistanceField/GlobalDistanceFieldHeightfields.usf" 3126
"../../../Engine/Shaders/Private/HeightfieldLightingShared.ush" 3127
"../../../Engine/Shaders/Private/GenerateConservativeDepth.usf" 3128
"../../../Engine/Shaders/Private/HeightFogPixelShader.usf" 3129
"../../../Engine/Shaders/Private/HeightFogVertexShader.usf" 3130
"../../../Engine/Shaders/Private/DistortFiltering.usf" 3131
"../../../Engine/Shaders/Private/DistortAccumulatePS.usf" 3132
"../../../Engine/Shaders/Private/DistortAccumulateVS.usf" 3133
"../../../Engine/Shaders/Private/DistanceFieldVisualization.usf" 3134
"../../../Engine/Shaders/Private/DistanceFieldStreaming.usf" 3135
"../../../Engine/Shaders/Private/DistanceFieldShadowing.usf" 3136
"../../../Engine/Shaders/Private/DistanceFieldScreenGridLighting.usf" 3137
"../../../Engine/Shaders/Private/DistanceFieldObjectCulling.usf" 3138
"../../../Engine/Shaders/Private/DistanceFieldLightingPost.usf" 3139
"../../../Engine/Shaders/Private/DitheredTransitionStencil.usf" 3140
"../../../Engine/Shaders/Private/CopyDepthTexture.usf" 3141
"../../../Engine/Shaders/Private/CopyDepthTextureCS.usf" 3142
"../../../Engine/Shaders/Private/DeferredDecal.usf" 3143
"../../../Engine/Shaders/Private/DecalCommon.ush" 3144
"../../../Engine/Shaders/Private/DebugViewModeVertexShader.usf" 3145
"../../../Engine/Shaders/Private/DebugViewModeCommon.ush" 3146
"../../../Engine/Shaders/Private/DebugViewModePixelShader.usf" 3147
"../../../Engine/Shaders/Private/DebugProbes.usf" 3148
"../../../Engine/Shaders/Private/MeshDecals.usf" 3149
"../../../Engine/Shaders/Private/PostProcessAmbientOcclusion.usf" 3150
"../../../Engine/Shaders/Private/ClusteredDeferredShadingPixelShader.usf" 3151
"../../../Engine/Shaders/Private/ClusteredDeferredShadingVertexShader.usf" 3152
"../../../Engine/Shaders/Private/CapsuleShadowShaders.usf" 3153
"../../../Engine/Shaders/Private/BasePassPixelShader.usf" 3154
"../../../Engine/Shaders/Private/ForwardLightingCommon.ush" 3155
"../../../Engine/Shaders/Private/Substrate/SubstrateForwardLighting.ush" 3156
"../../../Engine/Shaders/Private/ComputeShaderOutputCommon.ush" 3157
"../../../Engine/Shaders/Private/BasePassVertexShader.usf" 3158
"../../../Engine/Shaders/Private/BasePassVertexCommon.ush" 3159
"../../../Engine/Shaders/Private/SimpleElementVolumeTexturePreviewPixelShader.usf" 3160
"../../../Engine/Shaders/Private/SimpleElementTexture2DPreviewPixelShader.usf" 3161
"../../../Engine/Shaders/Private/meshpaintdilatepixelshader.usf" 3162
"../../../Engine/Shaders/Private/meshpaintdilatevertexshader.usf" 3163
"../../../Engine/Shaders/Private/MeshPaintPixelShader.usf" 3164
"../../../Engine/Shaders/Private/MeshPaintVertexShader.usf" 3165
"../../../Engine/Shaders/Private/SlateElementPixelShader.usf" 3166
"../../../Engine/Shaders/Private/SlateShaderCommon.ush" 3167
"../../../Engine/Shaders/Private/SlateMaskingShader.usf" 3168
"../../../Engine/Shaders/Private/SlateVertexShader.usf" 3169
"../../../Engine/Shaders/Private/CompositeUIPixelShader.usf" 3170
"../../../Engine/Shaders/Private/ColorDeficiency.ush" 3171
"../../../Engine/Shaders/Private/SlatePostProcessColorDeficiencyPixelShader.usf" 3172
"../../../Engine/Shaders/Private/SlatePostProcessPixelShader.usf" 3173
"../../../Engine/Shaders/Private/Tools/VisualizeTexture.usf" 3174
"../../../Engine/Shaders/Private/UpdateDescriptorHandle.usf" 3175
"../../../Engine/Shaders/Private/ByteBuffer.usf" 3176
"../../../Engine/Shaders/Private/ShaderBundleWorkGraphDispatch.usf" 3177
"../../../Engine/Shaders/Private/ShaderBundleDispatch.usf" 3178
"../../../Engine/Shaders/Private/ResolveVertexShader.usf" 3179
"../../../Engine/Shaders/Private/ResolvePixelShader.usf" 3180
"../../../Engine/Shaders/Private/Tools/SetupIndirectArgs.usf" 3181
"../../../Engine/Shaders/Private/ClearReplacementShaders.usf" 3182
"../../../Engine/Shaders/Private/Tools/DrawTexture.usf" 3183
"../../../Engine/Shaders/Private/RayTracing/RayTracingValidation.usf" 3184
"../../../Engine/Shaders/Private/RenderGraphUtilities.usf" 3185
"../../../Engine/Shaders/Private/OneColorShader.usf" 3186
"../../../Engine/Shaders/Private/OculusShaders.usf" 3187
"../../../Engine/Shaders/Private/MediaShaders.usf" 3188
"../../../Engine/Shaders/Private/GPUMessaging.usf" 3189
"../../../Engine/Shaders/Private/Tools/GPUDebugCrashUtils.usf" 3190
"../../../Engine/Shaders/Private/NullPixelShader.usf" 3191
"../../../Engine/Shaders/Private/ComputeGenerateMips.usf" 3192
"../../../Engine/Shaders/Private/Tools/DumpTexture.usf" 3193
"../../../Engine/Shaders/Private/CopyTextureShaders.usf" 3194
"../../../Engine/Shaders/Private/Tools/FullscreenVertexShader.usf" 3195
"../../../Engine/Shaders/Private/RayTracing/RayTracingDispatchDesc.usf" 3196
"../../../Engine/Shaders/Private/Bink.usf" 3197
"../../../Engine/Shaders/Private/VelocityShader.usf" 3198
"../../../Engine/Shaders/Private/DepthOnlyPixelShader.usf" 3199
"../../../Engine/Shaders/Private/PositionOnlyDepthVertexShader.usf" 3200
"../../../Engine/Shaders/Private/DepthOnlyVertexShader.usf" 3201
"../../../Engine/Shaders/Private/AnisotropyPassShader.usf" 3202
"E:/Development/Projects/Squeak/Content/Med_Ticket_Machine/Textures/T_Med_Ticket_Screen_Normal.uasset" 3203
"E:/Development/Projects/Squeak/Content/Med_Ticket_Machine/Textures/T_Med_Ticket_Screen_BaseColor.uasset" 3204
"E:/Development/Projects/Squeak/Content/Med_Ticket_Machine/Textures/T_Med_Ticket_Screen_Height.uasset" 3205
"E:/Development/Projects/Squeak/Content/Med_Ticket_Machine/Textures/T_Med_Ticket_Screen_Metallic.uasset" 3206
"E:/Development/Projects/Squeak/Content/Med_Ticket_Machine/Textures/T_Med_Ticket_Screen_Roughness.uasset" 3207
"E:/Development/Projects/Squeak/Content/Med_Ticket_Machine/Textures/T_Med_Ticket_Screen_Emissive.uasset" 3208
"E:/Development/Projects/Squeak/Content/Med_Ticket_Machine/Textures/T_Med_Ticket_Screen_AO.uasset" 3209
"E:/Development/Projects/Squeak/Content/Med_Ticket_Machine/Textures/T_Med_Ticket_Machine_Roughness.uasset" 3210
"E:/Development/Projects/Squeak/Content/Med_Ticket_Machine/Textures/T_Med_Ticket_Machine_Normal.uasset" 3211
"E:/Development/Projects/Squeak/Content/Med_Ticket_Machine/Textures/T_Med_Ticket_Machine_Metallic.uasset" 3212
"E:/Development/Projects/Squeak/Content/Med_Ticket_Machine/Textures/T_Med_Ticket_Machine_Height.uasset" 3213
"E:/Development/Projects/Squeak/Content/Med_Ticket_Machine/Textures/T_Med_Ticket_Machine_Emissive.uasset" 3214
"E:/Development/Projects/Squeak/Content/Med_Ticket_Machine/Textures/T_Med_Ticket_Machine_BaseColor.uasset" 3215
"E:/Development/Projects/Squeak/Content/Med_Ticket_Machine/Textures/T_Med_Ticket_Machine_AO.uasset" 3216
"E:/Development/Projects/Squeak/Content/Med_Ticket_Machine/Materials/M_Med_Ticket_Machine.uasset" 3217
"E:/Development/Projects/Squeak/Content/Med_Ticket_Machine/StaticMesh/SM_Med_Ticket_Machine.uasset" 3218
"E:/Development/Projects/Squeak/Content/Med_Ticket_Machine/Maps/Showcase_Map.umap" 3219
"E:/Development/Projects/Squeak/Content/Med_Ticket_Machine/Maps/Showcase_Map_BuiltData.uasset" 3220
"E:/Development/Projects/Squeak/Content/Med_Ticket_Machine/Materials/M_Med_Ticket_Machine_Screen.uasset" 3221
"/Engine/EngineResources/WhiteSquareTexture" 3222
"../../../Engine/Content/EngineResources/WhiteSquareTexture.uasset" 3223
"/Engine/EngineResources/GradientTexture0" 3224
"../../../Engine/Content/EngineResources/GradientTexture0.uasset" 3225
"/Engine/EngineResources/Black" 3226
"../../../Engine/Content/EngineResources/Black.uasset" 3227
"/Engine/EditorResources/S_Actor" 3228
"../../../Engine/Content/EditorResources/S_Actor.uasset" 3229
"/Engine/EngineFonts/RobotoDistanceField" 3230
"../../../Engine/Content/EngineFonts/RobotoDistanceField.uasset" 3231
"/Engine/EngineMaterials/DefaultTextMaterialOpaque" 3232
"../../../Engine/Content/EngineMaterials/DefaultTextMaterialOpaque.uasset" 3233
"/Engine/Functions/Engine_MaterialFunctions01/Shading/PowerToRoughness" 3234
"../../../Engine/Content/Functions/Engine_MaterialFunctions01/Shading/PowerToRoughness.uasset" 3235
"/Engine/Functions/Engine_MaterialFunctions01/Shading/ConvertFromDiffSpec" 3236
"../../../Engine/Content/Functions/Engine_MaterialFunctions01/Shading/ConvertFromDiffSpec.uasset" 3237
"/Engine/EngineMaterials/WorldGridMaterial" 3238
"../../../Engine/Content/EngineMaterials/WorldGridMaterial.uasset" 3239
"../../../Engine/Content/Functions/Engine_MaterialFunctions01/Opacity/CameraDepthFade.uasset" 3240
"../../../Engine/Content/EngineMaterials/T_Default_Material_Grid_M.uasset" 3241
"../../../Engine/Content/EngineMaterials/T_Default_Material_Grid_N.uasset" 3242
"/Engine/EngineMaterials/DefaultDeferredDecalMaterial" 3243
"../../../Engine/Content/EngineMaterials/DefaultDeferredDecalMaterial.uasset" 3244
"../../../Engine/Content/EngineMaterials/DefaultDiffuse.uasset" 3245
"/Engine/EngineMaterials/DefaultLightFunctionMaterial" 3246
"../../../Engine/Content/EngineMaterials/DefaultLightFunctionMaterial.uasset" 3247
"/Engine/EngineMaterials/DefaultPostProcessMaterial" 3248
"../../../Engine/Content/EngineMaterials/DefaultPostProcessMaterial.uasset" 3249
"../../../Engine/Content/Functions/Engine_MaterialFunctions02/Utility/BreakOutFloat2Components.uasset" 3250
"/Engine/EditorResources/S_Trigger" 3251
"../../../Engine/Content/EditorResources/S_Trigger.uasset" 3252
"/Engine/EditorResources/S_BoxReflectionCapture" 3253
"../../../Engine/Content/EditorResources/S_BoxReflectionCapture.uasset" 3254
"/Engine/EngineResources/DefaultTexture" 3255
"../../../Engine/Content/EngineResources/DefaultTexture.uasset" 3256
"/Engine/EditorResources/S_TriggerBox" 3257
"../../../Engine/Content/EditorResources/S_TriggerBox.uasset" 3258
"/Engine/EditorResources/S_TriggerCapsule" 3259
"../../../Engine/Content/EditorResources/S_TriggerCapsule.uasset" 3260
"/Engine/EditorResources/S_TriggerSphere" 3261
"../../../Engine/Content/EditorResources/S_TriggerSphere.uasset" 3262
"/Engine/EngineDamageTypes/DmgTypeBP_Environmental" 3263
"../../../Engine/Content/EngineDamageTypes/DmgTypeBP_Environmental.uasset" 3264
"/Engine/EngineMeshes/Sphere" 3265
"../../../Engine/Content/EngineMeshes/Sphere.uasset" 3266
"/Engine/EngineResources/DefaultTextureCube" 3267
"../../../Engine/Content/EngineResources/DefaultTextureCube.uasset" 3268
"/Engine/EngineResources/DefaultVolumeTexture" 3269
"../../../Engine/Content/EngineResources/DefaultVolumeTexture.uasset" 3270
"../../../Engine/Content/EngineResources/DefaultVolumeTexture2D.uasset" 3271
"/Engine/VREditor/TransformGizmo/SM_Sequencer_Node" 3272
"../../../Engine/Content/VREditor/TransformGizmo/SM_Sequencer_Node.uasset" 3273
"../../../Engine/Content/VREditor/TransformGizmo/Main.uasset" 3274
"../../../Engine/Content/VREditor/TransformGizmo/Xray.uasset" 3275
"/Engine/EditorResources/S_Solver" 3276
"../../../Engine/Content/EditorResources/S_Solver.uasset" 3277
"/Engine/EngineDebugMaterials/VolumeToRender" 3278
"../../../Engine/Content/EngineDebugMaterials/VolumeToRender.uasset" 3279
"/Engine/EngineDebugMaterials/M_VolumeRenderSphereTracePP" 3280
"../../../Engine/Content/EngineDebugMaterials/M_VolumeRenderSphereTracePP.uasset" 3281
"../../../Engine/Content/Functions/Engine_MaterialFunctions02/Utility/CameraDirectionVector.uasset" 3282
"/Engine/EditorMeshes/Camera/SM_CraneRig_Base" 3283
"../../../Engine/Content/EditorMeshes/Camera/SM_CraneRig_Base.uasset" 3284
"../../../Engine/Content/EditorMaterials/Camera/MI_CineMat_Rig.uasset" 3285
"../../../Engine/Content/EditorMaterials/Camera/CineMat.uasset" 3286
"/Engine/EditorMeshes/Camera/SM_CraneRig_Arm" 3287
"../../../Engine/Content/EditorMeshes/Camera/SM_CraneRig_Arm.uasset" 3288
"/Engine/EditorMeshes/Camera/SM_CraneRig_Mount" 3289
"../../../Engine/Content/EditorMeshes/Camera/SM_CraneRig_Mount.uasset" 3290
"/Engine/EditorMeshes/Camera/SM_CraneRig_Body" 3291
"../../../Engine/Content/EditorMeshes/Camera/SM_CraneRig_Body.uasset" 3292
"/Engine/EditorMeshes/Camera/SM_RailRig_Track" 3293
"../../../Engine/Content/EditorMeshes/Camera/SM_RailRig_Track.uasset" 3294
"/Engine/EditorMeshes/Camera/SM_RailRig_Mount" 3295
"../../../Engine/Content/EditorMeshes/Camera/SM_RailRig_Mount.uasset" 3296
"/Engine/EditorLandscapeResources/SplineEditorMesh" 3297
"../../../Engine/Content/EditorLandscapeResources/SplineEditorMesh.uasset" 3298
"../../../Engine/Content/EditorLandscapeResources/SplineEditorMeshMat.uasset" 3299
"/Engine/BasicShapes/Cube" 3300
"../../../Engine/Content/BasicShapes/Cube.uasset" 3301
"/CameraCalibrationCore/Materials/M_DefaultOddSquare" 3302
"../../Plugins/VirtualProduction/CameraCalibrationCore/Content/Materials/M_DefaultOddSquare.uasset" 3303
"/CameraCalibrationCore/Materials/M_DefaultEvenSquare" 3304
"../../Plugins/VirtualProduction/CameraCalibrationCore/Content/Materials/M_DefaultEvenSquare.uasset" 3305
"/HairStrands/Materials/HairDebugMaterial" 3306
"../../Plugins/Runtime/HairStrands/Content/Materials/HairDebugMaterial.uasset" 3307
"../../../Engine/Content/Functions/Engine_MaterialFunctions02/Utility/MakeFloat2.uasset" 3308
"../../../Engine/Content/Functions/Engine_MaterialFunctions02/Utility/MakeFloat3.uasset" 3309
"../../../Engine/Content/EngineMaterials/HairColorMap.uasset" 3310
"../../../Engine/Content/EngineMaterials/HairDebugColor.uasset" 3311
"../../Plugins/Runtime/HairStrands/Content/Materials/HairGroupColors.uasset" 3312
"/HairStrands/Materials/HairDefaultMaterial" 3313
"../../Plugins/Runtime/HairStrands/Content/Materials/HairDefaultMaterial.uasset" 3314
"/HairStrands/Materials/HairCardsDefaultMaterial" 3315
"../../Plugins/Runtime/HairStrands/Content/Materials/HairCardsDefaultMaterial.uasset" 3316
"/HairStrands/Materials/HairMeshesDefaultMaterial" 3317
"../../Plugins/Runtime/HairStrands/Content/Materials/HairMeshesDefaultMaterial.uasset" 3318
"/Engine/EngineMaterials/Widget3DPassThrough_Translucent" 3319
"../../../Engine/Content/EngineMaterials/Widget3DPassThrough_Translucent.uasset" 3320
"../../../Engine/Content/EngineMaterials/Widget3DPassThrough.uasset" 3321
"/Engine/EngineMaterials/Widget3DPassThrough_Translucent_OneSided" 3322
"../../../Engine/Content/EngineMaterials/Widget3DPassThrough_Translucent_OneSided.uasset" 3323
"/Engine/EngineMaterials/Widget3DPassThrough_Opaque" 3324
"../../../Engine/Content/EngineMaterials/Widget3DPassThrough_Opaque.uasset" 3325
"/Engine/EngineMaterials/Widget3DPassThrough_Opaque_OneSided" 3326
"../../../Engine/Content/EngineMaterials/Widget3DPassThrough_Opaque_OneSided.uasset" 3327
"/Engine/EngineMaterials/Widget3DPassThrough_Masked" 3328
"../../../Engine/Content/EngineMaterials/Widget3DPassThrough_Masked.uasset" 3329
"/Engine/EngineMaterials/Widget3DPassThrough_Masked_OneSided" 3330
"../../../Engine/Content/EngineMaterials/Widget3DPassThrough_Masked_OneSided.uasset" 3331
"/Engine/VREditor/ViewportInteractionAssetContainerData" 3332
"../../../Engine/Content/VREditor/ViewportInteractionAssetContainerData.uasset" 3333
"../../../Engine/Content/VREditor/SnapGrid/SnapGridMaterial.uasset" 3334
"../../../Engine/Content/VREditor/TransformGizmo/TransformGizmoMaterial_Inst.uasset" 3335
"../../../Engine/Content/VREditor/TransformGizmo/TranslucentTransformGizmoMaterial_Inst.uasset" 3336
"../../../Engine/Content/VREditor/SnapGrid/SnapGridPlaneMesh.uasset" 3337
"../../../Engine/Content/VREditor/Sounds/UI/Drop_Item_From_ContentBrowser.uasset" 3338
"../../../Engine/Content/VREditor/Sounds/UI/Gizmo_Handle_Clicked.uasset" 3339
"../../../Engine/Content/VREditor/Sounds/UI/Object_PickUp.uasset" 3340
"../../../Engine/Content/VREditor/Sounds/UI/Object_Snaps_To_Another_Actor.uasset" 3341
"../../../Engine/Content/VREditor/Sounds/UI/Object_Snaps_To_Grid.uasset" 3342
"../../../Engine/Content/VREditor/Sounds/UI/Scaling_Down.uasset" 3343
"../../../Engine/Content/VREditor/Sounds/UI/Scaling_Up.uasset" 3344
"../../../Engine/Content/VREditor/Sounds/UI/Selection_Changes.uasset" 3345
"../../../Engine/Content/VREditor/TransformGizmo/PlaneTranslationHandle.uasset" 3346
"../../../Engine/Content/VREditor/TransformGizmo/RotationHandleFull.uasset" 3347
"../../../Engine/Content/VREditor/TransformGizmo/RotationHandleIndicator.uasset" 3348
"../../../Engine/Content/VREditor/TransformGizmo/RotationHandleQuarter.uasset" 3349
"../../../Engine/Content/VREditor/TransformGizmo/StartRotationHandleIndicator.uasset" 3350
"../../../Engine/Content/VREditor/TransformGizmo/TransformGizmoFreeRotation.uasset" 3351
"../../../Engine/Content/VREditor/TransformGizmo/TranslateArrowHandle.uasset" 3352
"../../../Engine/Content/VREditor/TransformGizmo/UniformScaleHandle.uasset" 3353
"../../../Engine/Content/Functions/Engine_MaterialFunctions02/Math/Transform3x3Matrix.uasset" 3354
"../../../Engine/Content/Functions/Engine_MaterialFunctions02/SplitComponents.uasset" 3355
"../../../Engine/Content/VREditor/TransformGizmo/TransformGizmoMaterial.uasset" 3356
"../../../Engine/Content/VREditor/TransformGizmo/TranslucentTransformGizmoMaterial.uasset" 3357
"../../../Engine/Content/Functions/Engine_MaterialFunctions02/Utility/BreakOutFloat3Components.uasset" 3358
"../../../Engine/Content/VREditor/LaserPointer/VR_LaserPower_01.uasset" 3359
"/Engine/VREditor/TransformGizmo/BoundingBoxCorner" 3360
"../../../Engine/Content/VREditor/TransformGizmo/BoundingBoxCorner.uasset" 3361
"/Engine/VREditor/TransformGizmo/BoundingBoxEdge" 3362
"../../../Engine/Content/VREditor/TransformGizmo/BoundingBoxEdge.uasset" 3363
"/Engine/ArtTools/RenderToTexture/Meshes/S_1_Unit_Plane" 3364
"../../../Engine/Content/ArtTools/RenderToTexture/Meshes/S_1_Unit_Plane.uasset" 3365
"/Engine/EngineDebugMaterials/M_SimpleUnlitTranslucent" 3366
"../../../Engine/Content/EngineDebugMaterials/M_SimpleUnlitTranslucent.uasset" 3367
"/Engine/EngineFonts/Roboto" 3368
"../../../Engine/Content/EngineFonts/Roboto.uasset" 3369
"../../../Engine/Content/EngineFonts/Faces/DroidSansFallback.uasset" 3370
"../../../Engine/Content/EngineFonts/Faces/RobotoBold.uasset" 3371
"../../../Engine/Content/EngineFonts/Faces/RobotoBoldItalic.uasset" 3372
"../../../Engine/Content/EngineFonts/Faces/RobotoItalic.uasset" 3373
"../../../Engine/Content/EngineFonts/Faces/RobotoLight.uasset" 3374
"../../../Engine/Content/EngineFonts/Faces/RobotoRegular.uasset" 3375
"/Engine/EditorMaterials/ParticleSystems/PSysThumbnail_NoImage" 3376
"../../../Engine/Content/EditorMaterials/ParticleSystems/PSysThumbnail_NoImage.uasset" 3377
"/Engine/EditorMaterials/ParticleSystems/PSysThumbnail_OOD" 3378
"../../../Engine/Content/EditorMaterials/ParticleSystems/PSysThumbnail_OOD.uasset" 3379
"/Engine/EngineResources/LandscapeVisibilityLayerInfo" 3380
"../../../Engine/Content/EngineResources/LandscapeVisibilityLayerInfo.uasset" 3381
"../../../Engine/Content/Internationalization/icudt64l/coll/en.res" 3382
"/ACLPlugin/ACLAnimBoneCompressionSettings" 3383
"../../Plugins/Animation/ACLPlugin/Content/ACLAnimBoneCompressionSettings.uasset" 3384
"/Engine/Animation/DefaultRecorderBoneCompression" 3385
"../../../Engine/Content/Animation/DefaultRecorderBoneCompression.uasset" 3386
"/ACLPlugin/ACLAnimCurveCompressionSettings" 3387
"../../Plugins/Animation/ACLPlugin/Content/ACLAnimCurveCompressionSettings.uasset" 3388
"/Engine/Animation/DefaultVariableFrameStrippingSettings" 3389
"../../../Engine/Content/Animation/DefaultVariableFrameStrippingSettings.uasset" 3390
"E:/Development/Projects/Squeak/Config/Tags/foamside.ini" 3391
"/Paper2D/MaskedUnlitSpriteMaterial" 3392
"../../Plugins/2D/Paper2D/Content/MaskedUnlitSpriteMaterial.uasset" 3393
"../../Plugins/2D/Paper2D/Content/DefaultSpriteMaterial.uasset" 3394
"../../Plugins/2D/Paper2D/Content/PlaceholderTextures/DummySpriteTexture.uasset" 3395
"/Paper2D/OpaqueUnlitSpriteMaterial" 3396
"../../Plugins/2D/Paper2D/Content/OpaqueUnlitSpriteMaterial.uasset" 3397
"/Paper2D/DefaultPaperTerrainMaterial" 3398
"../../Plugins/2D/Paper2D/Content/DefaultPaperTerrainMaterial.uasset" 3399
"../../Plugins/2D/Paper2D/Content/DummySprite.uasset" 3400
"/ControlRig/Controls/ControlRigXRayMaterial" 3401
"../../Plugins/Animation/ControlRig/Content/Controls/ControlRigXRayMaterial.uasset" 3402
"/ControlRig/Controls/DefaultGizmoLibraryNormalized" 3403
"../../Plugins/Animation/ControlRig/Content/Controls/DefaultGizmoLibraryNormalized.uasset" 3404
"/ControlRig/M_Manip" 3405
"../../Plugins/Animation/ControlRig/Content/M_Manip.uasset" 3406
"../../../Engine/Content/Functions/Engine_MaterialFunctions02/WorldPositionOffset/CameraOffset.uasset" 3407
"/AudioWidgets/Resources/ScrubHandleDown_Clamped" 3408
"../../Plugins/Runtime/AudioWidgets/Content/Resources/ScrubHandleDown_Clamped.uasset" 3409
"/PCG/ComputeSources/PCGCS_ShaderUtils" 3410
"../../Plugins/PCG/Content/ComputeSources/PCGCS_ShaderUtils.uasset" 3411
"/PCG/ComputeSources/PCGCS_ShaderUtilsInternal" 3412
"../../Plugins/PCG/Content/ComputeSources/PCGCS_ShaderUtilsInternal.uasset" 3413
"/PCG/ComputeSources/PCGCS_Quaternion" 3414
"../../Plugins/PCG/Content/ComputeSources/PCGCS_Quaternion.uasset" 3415
"../../../Engine/Intermediate/ProjectFiles/PrimaryProjectPath.txt" 3416
"/SpeedTreeImporter/SpeedTree9/SpeedTreeMaster" 3417
"../../Plugins/Editor/SpeedTreeImporter/Content/SpeedTree9/SpeedTreeMaster.uasset" 3418
"../../../Engine/Content/Functions/Engine_MaterialFunctions02/ObjectLocalBounds.uasset" 3419
"../../../Engine/Content/Functions/Engine_MaterialFunctions02/SafeNormalize.uasset" 3420
"../../../Engine/Content/Functions/Engine_MaterialFunctions02/Utility/VectorLength.uasset" 3421
"../../../Engine/Content/Functions/Engine_MaterialFunctions02/UVs/BoundingBoxBased_0-1_UVW.uasset" 3422
"../../../Engine/Content/Functions/Engine_MaterialFunctions02/WorldPositionOffset/ObjectScale.uasset" 3423
"../../Plugins/Editor/SpeedTreeImporter/Content/SpeedTree9/SpeedTreeBranchMotion.uasset" 3424
"../../Plugins/Editor/SpeedTreeImporter/Content/SpeedTree9/SpeedTreeCameraFacing.uasset" 3425
"../../Plugins/Editor/SpeedTreeImporter/Content/SpeedTree9/SpeedTreeWind.uasset" 3426
"../../Plugins/Editor/SpeedTreeImporter/Content/SpeedTree9/SpeedTreeWindMotion.uasset" 3427
"../../Plugins/Editor/SpeedTreeImporter/Content/SpeedTree9/UnpackDirection.uasset" 3428
"../../Plugins/Editor/SpeedTreeImporter/Content/SpeedTree9/UnpackInteger3.uasset" 3429
"../../Plugins/Editor/SpeedTreeImporter/Content/SpeedTree9/Empty.uasset" 3430
"../../Plugins/Editor/SpeedTreeImporter/Content/SpeedTree9/EmptyNormal.uasset" 3431
"../../Plugins/Editor/SpeedTreeImporter/Content/SpeedTree9/game_wind_noise.uasset" 3432
"/SpeedTreeImporter/SpeedTree9/SpeedTreeBillboardMaster" 3433
"../../Plugins/Editor/SpeedTreeImporter/Content/SpeedTree9/SpeedTreeBillboardMaster.uasset" 3434
"../../Plugins/Editor/SpeedTreeImporter/Content/SpeedTree9/SpeedTreeBillboard.uasset" 3435
"/MediaPlate/SM_MediaPlateScreen" 3436
"../../Plugins/Media/MediaPlate/Content/SM_MediaPlateScreen.uasset" 3437
"E:/Development/Projects/Squeak/Config/DefaultEngine.ini" 3438
"/Engine/BasicShapes/BasicShapeMaterial" 3439
"../../../Engine/Content/BasicShapes/BasicShapeMaterial.uasset" 3440
"/Engine/EditorMaterials/Dataflow/DataflowVertexMaterial" 3441
"../../../Engine/Content/EditorMaterials/Dataflow/DataflowVertexMaterial.uasset" 3442
"/Engine/EditorMaterials/Dataflow/DataflowTwoSidedVertexMaterial" 3443
"../../../Engine/Content/EditorMaterials/Dataflow/DataflowTwoSidedVertexMaterial.uasset" 3444
"/DarkerNodes/Materials/SolidColor" 3445
"../../../../../Projects/Squeak/Plugins/DarkerNo914d061a7b62V11/Content/Materials/SolidColor.uasset" 3446
"/DarkerNodes/Materials/Box" 3447
"../../../../../Projects/Squeak/Plugins/DarkerNo914d061a7b62V11/Content/Materials/Box.uasset" 3448
"../../../Engine/Content/Functions/Engine_MaterialFunctions02/Utility/BreakOutFloat4Components.uasset" 3449
"../../../Engine/Content/Functions/UserInterface/GetUserInterfaceUV.uasset" 3450
"/DarkerNodes/Materials/HeaderBox" 3451
"../../../../../Projects/Squeak/Plugins/DarkerNo914d061a7b62V11/Content/Materials/HeaderBox.uasset" 3452
"/DarkerNodes/Materials/Panel" 3453
"../../../../../Projects/Squeak/Plugins/DarkerNo914d061a7b62V11/Content/Materials/Panel.uasset" 3454
"E:/Development/Projects/Squeak/Plugins/DarkerNo914d061a7b62V11/UpdateConfig.ini" 3455
"/Engine/EditorLandscapeResources/LayerVisMaterial" 3456
"../../../Engine/Content/EditorLandscapeResources/LayerVisMaterial.uasset" 3457
"../../../Engine/Content/EditorLandscapeResources/WhiteSquareTexture.uasset" 3458
"/Engine/EditorLandscapeResources/SelectBrushMaterial_Selected" 3459
"../../../Engine/Content/EditorLandscapeResources/SelectBrushMaterial_Selected.uasset" 3460
"../../../Engine/Content/EditorLandscapeResources/SelectBrushMaterial.uasset" 3461
"../../../Engine/Content/Functions/Engine_MaterialFunctions03/Math/WithinRangeFloat2.uasset" 3462
"../../../Engine/Content/EditorLandscapeResources/DefaultAlphaTexture.uasset" 3463
"/Engine/EditorLandscapeResources/SelectBrushMaterial_SelectedRegion" 3464
"../../../Engine/Content/EditorLandscapeResources/SelectBrushMaterial_SelectedRegion.uasset" 3465
"/Engine/EditorLandscapeResources/MaskBrushMaterial_MaskedRegion" 3466
"../../../Engine/Content/EditorLandscapeResources/MaskBrushMaterial_MaskedRegion.uasset" 3467
"../../../Engine/Content/EditorLandscapeResources/MaskBrushMaterial.uasset" 3468
"/Engine/EditorLandscapeResources/ColorMaskBrushMaterial_MaskedRegion" 3469
"../../../Engine/Content/EditorLandscapeResources/ColorMaskBrushMaterial_MaskedRegion.uasset" 3470
"../../../Engine/Content/EditorLandscapeResources/ColorMaskBrushMaterial.uasset" 3471
"/Engine/EditorLandscapeResources/LandscapeDirtyMaterial" 3472
"../../../Engine/Content/EditorLandscapeResources/LandscapeDirtyMaterial.uasset" 3473
"/Engine/EditorLandscapeResources/LandscapeLayerUsageMaterial" 3474
"../../../Engine/Content/EditorLandscapeResources/LandscapeLayerUsageMaterial.uasset" 3475
"../../../Engine/Content/Functions/Engine_MaterialFunctions01/Debug/DebugIntValues.uasset" 3476
"../../../Engine/Content/Functions/Engine_MaterialFunctions01/Texturing/ScaleUVsByCenter.uasset" 3477
"../../../Engine/Content/Functions/Engine_MaterialFunctions02/WorldPositionOffset/LocalPosition.uasset" 3478
"../../../Engine/Content/Functions/Engine_MaterialFunctions01/Texturing/TextureCropping.uasset" 3479
"../../../Engine/Content/Functions/Engine_MaterialFunctions02/ExampleContent/DebugNumberStrip.uasset" 3480
"C:/Users/fsgkunreal/AppData/Local/UnrealEngine/Editor/UInteractiveToolsPresetCollectionAsset_DefaultCollection.json" 3481
"/Engine/EngineMaterials/NaniteHiddenSectionMaterial" 3482
"../../../Engine/Content/EngineMaterials/NaniteHiddenSectionMaterial.uasset" 3483
"/Engine/EngineMaterials/RemoveSurfaceMaterial" 3484
"../../../Engine/Content/EngineMaterials/RemoveSurfaceMaterial.uasset" 3485
"/Engine/EngineDebugMaterials/DebugMeshMaterial" 3486
"../../../Engine/Content/EngineDebugMaterials/DebugMeshMaterial.uasset" 3487
"/Engine/EngineMaterials/EmissiveMeshMaterial" 3488
"../../../Engine/Content/EngineMaterials/EmissiveMeshMaterial.uasset" 3489
"../../../Engine/Content/EngineMaterials/DefaultWhiteGrid_Low.uasset" 3490
"/Engine/EngineMaterials/M_InvalidLightmapSettings" 3491
"../../../Engine/Content/EngineMaterials/M_InvalidLightmapSettings.uasset" 3492
"../../../Engine/Content/EngineMaterials/InvalidLightmapSettings.uasset" 3493
"/Engine/EngineMaterials/GizmoMaterial" 3494
"../../../Engine/Content/EngineMaterials/GizmoMaterial.uasset" 3495
"/Engine/EngineMaterials/PhAT_JointLimitMaterial" 3496
"../../../Engine/Content/EngineMaterials/PhAT_JointLimitMaterial.uasset" 3497
"/Engine/EngineMaterials/FlattenMaterial" 3498
"../../../Engine/Content/EngineMaterials/FlattenMaterial.uasset" 3499
"../../../Engine/Content/EngineMaterials/BaseFlattenDiffuseMap.uasset" 3500
"../../../Engine/Content/EngineMaterials/BaseFlattenEmissiveMap.uasset" 3501
"../../../Engine/Content/EngineMaterials/BaseFlattenGrayscaleMap.uasset" 3502
"../../../Engine/Content/EngineMaterials/BaseFlattenLinearColor.uasset" 3503
"../../../Engine/Content/EngineMaterials/BaseFlattenNormalMap.uasset" 3504
"../../../Engine/Content/Functions/Engine_MaterialFunctions02/PivotPainter2/Black_1x1_EXR_Texture.uasset" 3505
"/Engine/EngineMaterials/FlattenMaterial_VT" 3506
"../../../Engine/Content/EngineMaterials/FlattenMaterial_VT.uasset" 3507
"../../../Engine/Content/EngineMaterials/BaseFlattenDiffuseMap_VT.uasset" 3508
"../../../Engine/Content/EngineMaterials/BaseFlattenEmissiveMap_VT.uasset" 3509
"../../../Engine/Content/EngineMaterials/BaseFlattenGrayscaleMap_VT.uasset" 3510
"../../../Engine/Content/EngineMaterials/BaseFlattenLinearColor_VT.uasset" 3511
"../../../Engine/Content/EngineMaterials/BaseFlattenNormalMap_VT.uasset" 3512
"../../../Engine/Content/EngineMaterials/Black_1x1_EXR_Texture_VT.uasset" 3513
"/Engine/EngineMaterials/FlattenMaterial_WS_Normal_VT" 3514
"../../../Engine/Content/EngineMaterials/FlattenMaterial_WS_Normal_VT.uasset" 3515
"/Engine/EngineMaterials/Good64x64TilingNoiseHighFreq" 3516
"../../../Engine/Content/EngineMaterials/Good64x64TilingNoiseHighFreq.uasset" 3517
"/Engine/EngineMaterials/DefaultBokeh" 3518
"../../../Engine/Content/EngineMaterials/DefaultBokeh.uasset" 3519
"/Engine/EngineMaterials/MiniFont" 3520
"../../../Engine/Content/EngineMaterials/MiniFont.uasset" 3521
"/Engine/EngineMaterials/WeightMapPlaceholderTexture" 3522
"../../../Engine/Content/EngineMaterials/WeightMapPlaceholderTexture.uasset" 3523
"/Engine/EngineMaterials/WeightMapArrayPlaceholderTexture" 3524
"../../../Engine/Content/EngineMaterials/WeightMapArrayPlaceholderTexture.uasset" 3525
"/Engine/EngineMaterials/DefaultWhiteGrid" 3526
"../../../Engine/Content/EngineMaterials/DefaultWhiteGrid.uasset" 3527
"/Engine/EngineMaterials/PreintegratedSkinBRDF" 3528
"../../../Engine/Content/EngineMaterials/PreintegratedSkinBRDF.uasset" 3529
"/Engine/EngineMaterials/LTC/GGX_LTCAmp" 3530
"../../../Engine/Content/EngineMaterials/LTC/GGX_LTCAmp.uasset" 3531
"/Engine/EngineMaterials/LTC/GGX_LTCMat" 3532
"../../../Engine/Content/EngineMaterials/LTC/GGX_LTCMat.uasset" 3533
"/Engine/EngineMaterials/EnergyConservation/GGX_ReflectionEnergy" 3534
"../../../Engine/Content/EngineMaterials/EnergyConservation/GGX_ReflectionEnergy.uasset" 3535
"/Engine/EngineMaterials/EnergyConservation/GGX_TransmissionEnergyArray" 3536
"../../../Engine/Content/EngineMaterials/EnergyConservation/GGX_TransmissionEnergyArray.uasset" 3537
"/Engine/EngineMaterials/EnergyConservation/SheenLegacy_Energy" 3538
"../../../Engine/Content/EngineMaterials/EnergyConservation/SheenLegacy_Energy.uasset" 3539
"/Engine/EngineMaterials/DefaultPhysicalMaterial" 3540
"../../../Engine/Content/EngineMaterials/DefaultPhysicalMaterial.uasset" 3541
"/Engine/EngineMaterials/DefaultDestructiblePhysicalMaterial" 3542
"../../../Engine/Content/EngineMaterials/DefaultDestructiblePhysicalMaterial.uasset" 3543
"C:/Users/fsgkunreal/AppData/Local/UnrealEngine/Editor/ProjectEditorRecords.json" 3544
"/Niagara/ParameterDefinitions/SpriteRenderer" 3545
"../../Plugins/FX/Niagara/Content/ParameterDefinitions/SpriteRenderer.uasset" 3546
"/Niagara/ParameterDefinitions/RibbonRenderer" 3547
"../../Plugins/FX/Niagara/Content/ParameterDefinitions/RibbonRenderer.uasset" 3548
"/Niagara/ParameterDefinitions/MeshRenderer" 3549
"../../Plugins/FX/Niagara/Content/ParameterDefinitions/MeshRenderer.uasset" 3550
"/Niagara/ParameterDefinitions/LightRenderer" 3551
"../../Plugins/FX/Niagara/Content/ParameterDefinitions/LightRenderer.uasset" 3552
"/Niagara/ParameterDefinitions/DecalRenderer" 3553
"../../Plugins/FX/Niagara/Content/ParameterDefinitions/DecalRenderer.uasset" 3554
"/Niagara/ParameterDefinitions/CoreParameters" 3555
"../../Plugins/FX/Niagara/Content/ParameterDefinitions/CoreParameters.uasset" 3556
"/DeformerGraph/Deformers/DG_LinearBlendSkin_Morph_Cloth" 3557
"../../Plugins/Animation/DeformerGraph/Content/Deformers/DG_LinearBlendSkin_Morph_Cloth.uasset" 3558
"../../Plugins/Animation/DeformerGraph/Content/DeformerFunctions/DG_Function_LinearBlendSkin_Morph_Cloth.uasset" 3559
"/DeformerGraph/Deformers/DG_LinearBlendSkin_Morph_Cloth_RecomputeNormals" 3560
"../../Plugins/Animation/DeformerGraph/Content/Deformers/DG_LinearBlendSkin_Morph_Cloth_RecomputeNormals.uasset" 3561
"../../Plugins/Animation/DeformerGraph/Content/DeformerFunctions/DG_Function_ComputeNormalsTangents.uasset" 3562
"../../Plugins/Animation/DeformerGraph/Content/DeformerFunctions/DG_Function_LinearBlendSkin_Morph_Cloth_PositionOnly.uasset" 3563
"/Engine/EngineFonts/DroidSansMono" 3564
"../../../Engine/Content/EngineFonts/DroidSansMono.uasset" 3565
"../../../Engine/Content/EngineFonts/Faces/DroidSansMono.uasset" 3566
"/Engine/BasicShapes/Sphere" 3567
"../../../Engine/Content/BasicShapes/Sphere.uasset" 3568
"../../../Engine/Content/EngineMaterials/DefaultMaterial.uasset" 3569
"/Engine/BasicShapes/Cylinder" 3570
"../../../Engine/Content/BasicShapes/Cylinder.uasset" 3571
"/Engine/BasicShapes/Cone" 3572
"../../../Engine/Content/BasicShapes/Cone.uasset" 3573
"/Engine/BasicShapes/Plane" 3574
"../../../Engine/Content/BasicShapes/Plane.uasset" 3575
"../../../Engine/Documentation/Source/Shared/Types/ABrush/ABrush.INT.udn" 3576
"../../../Engine/Content/Internationalization/icudt64l/brkitr/ru.res" 3577
"../../../Engine/Content/Internationalization/icudt64l/brkitr/root.res" 3578
"../../../Engine/Content/Internationalization/icudt64l/brkitr/char.brk" 3579
"../../../Engine/Content/Internationalization/icudt64l/brkitr/word.brk" 3580
"/Engine/EditorResources/SequenceRecorder/Countdown" 3581
"../../../Engine/Content/EditorResources/SequenceRecorder/Countdown.uasset" 3582
"/Engine/EditorResources/SequenceRecorder/RecordingIndicator" 3583
"../../../Engine/Content/EditorResources/SequenceRecorder/RecordingIndicator.uasset" 3584
"/Engine/EditorMaterials/PhAT_UnselectedMaterial" 3585
"../../../Engine/Content/EditorMaterials/PhAT_UnselectedMaterial.uasset" 3586
"/Engine/EditorMaterials/PhAT_NoCollisionMaterial" 3587
"../../../Engine/Content/EditorMaterials/PhAT_NoCollisionMaterial.uasset" 3588
"/Engine/EditorResources/S_Terrain" 3589
"../../../Engine/Content/EditorResources/S_Terrain.uasset" 3590
"../../../Engine/Plugins/FX/Niagara/Shaders/Private/NiagaraDataInterfaceTexture2DArrayTemplate.ush" 3591
"../../../Engine/Plugins/FX/Niagara/Shaders/Private/NiagaraDataInterfaceActorComponentTemplate.ush" 3592
"../../../Engine/Plugins/FX/Niagara/Shaders/Private/NiagaraDataInterfaceArrayTemplate.ush" 3593
"../../../Engine/Plugins/FX/Niagara/Shaders/Private/NiagaraDataInterfaceArrayRWTemplate.ush" 3594
"../../../Engine/Plugins/FX/Niagara/Shaders/Private/NiagaraDataInterfaceAsyncGpuTrace.ush" 3595
"../../../Engine/Plugins/FX/Niagara/Shaders/Private/NiagaraDataInterfaceAsyncGpuTraceTemplate.ush" 3596
"../../../Engine/Plugins/FX/Niagara/Shaders/Private/NiagaraDataInterfaceCamera.ush" 3597
"../../../Engine/Plugins/Experimental/ChaosNiagara/Shaders/NiagaraDataInterfaceChaosDestruction.ush" 3598
"../../../Engine/Plugins/FX/Niagara/Shaders/Private/NiagaraDataInterfaceCollisionQuery.ush" 3599
"E:/Development/Projects/Squeak/Intermediate/ShaderAutogen/PCD3D_SM5/AutogenShaderHeaders.ush" 3600
"../../../Engine/Plugins/FX/Niagara/Shaders/Private/NiagaraDataInterfaceCollisionQueryTemplate.ush" 3601
"../../../Engine/Plugins/FX/Niagara/Shaders/Private/NiagaraDataInterfaceCurveTemplate.ush" 3602
"../../../Engine/Plugins/FX/Niagara/Shaders/Private/NiagaraDataInterfaceCubeTextureTemplate.ush" 3603
"../../../Engine/Plugins/FX/Niagara/Shaders/Private/DataChannel/NiagaraDataInterfaceDataChannelCommon.ush" 3604
"../../../Engine/Plugins/FX/Niagara/Shaders/Private/DataChannel/NiagaraDataInterfaceDataChannelTemplateCommon.ush" 3605
"../../../Engine/Plugins/FX/Niagara/Shaders/Private/DataChannel/NiagaraDataInterfaceDataChannelTemplateReadCommon.ush" 3606
"../../../Engine/Plugins/FX/Niagara/Shaders/Private/DataChannel/NiagaraDataInterfaceDataChannelTemplate_Read.ush" 3607
"../../../Engine/Plugins/FX/Niagara/Shaders/Private/DataChannel/NiagaraDataInterfaceDataChannelTemplate_Consume.ush" 3608
"../../../Engine/Plugins/FX/Niagara/Shaders/Private/DataChannel/NiagaraDataInterfaceDataChannelTemplateWriteCommon.ush" 3609
"../../../Engine/Plugins/FX/Niagara/Shaders/Private/DataChannel/NiagaraDataInterfaceDataChannelTemplate_Append.ush" 3610
"../../../Engine/Plugins/FX/Niagara/Shaders/Private/NiagaraDataInterfaceDataTableTemplate.ush" 3611
"../../../Engine/Plugins/FX/Niagara/Shaders/Private/NiagaraDataInterfaceDebugDraw.ush" 3612
"../../../Engine/Plugins/FX/Niagara/Shaders/Private/NiagaraDataInterfaceDebugDrawTemplate.ush" 3613
"../../../Engine/Plugins/FX/Niagara/Shaders/Private/NiagaraDataInterfaceDynamicMeshTemplate.ush" 3614
"../../../Engine/Plugins/FX/Niagara/Shaders/Private/NiagaraDataInterfaceEmitterPropertiesTemplate.ush" 3615
"../../../Engine/Plugins/FX/Niagara/Shaders/Private/NiagaraDataInterfaceExportTemplate.ush" 3616
"../../../Engine/Plugins/FX/Niagara/Shaders/Private/NiagaraDataInterfaceGBufferTemplate.ush" 3617
"../../../Engine/Plugins/Experimental/ChaosNiagara/Shaders/NiagaraDataInterfaceGeometryCollection.ush" 3618
"../../../Engine/Plugins/FX/Niagara/Shaders/Private/NiagaraTransformUtils.ush" 3619
"../../../Engine/Plugins/Runtime/HairStrands/Shaders/Private/NiagaraStrandsExternalForce.ush" 3620
"../../../Engine/Plugins/Runtime/HairStrands/Shaders/Private/NiagaraHookeSpringMaterial.ush" 3621
"../../../Engine/Plugins/Runtime/HairStrands/Shaders/Private/NiagaraAngularSpringMaterial.ush" 3622
"../../../Engine/Plugins/Runtime/HairStrands/Shaders/Private/NiagaraConstantVolumeMaterial.ush" 3623
"../../../Engine/Plugins/Runtime/HairStrands/Shaders/Private/NiagaraCosseratRodMaterial.ush" 3624
"../../../Engine/Plugins/Runtime/HairStrands/Shaders/Private/NiagaraStaticCollisionConstraint.ush" 3625
"../../../Engine/Plugins/Runtime/HairStrands/Shaders/Private/NiagaraDataInterfaceHairStrands.ush" 3626
"../../../Engine/Plugins/Runtime/HairStrands/Shaders/Private/NiagaraDataInterfaceHairStrandsTemplate.ush" 3627
"../../../Engine/Plugins/FX/Niagara/Shaders/Private/NiagaraDataInterfaceIntRenderTarget2D.ush" 3628
"../../../Engine/Plugins/FX/Niagara/Shaders/Private/NiagaraDataInterfaceLandscape.ush" 3629
"../../../Engine/Plugins/FX/Niagara/Shaders/Private/NiagaraDataInterfaceMemoryBufferTemplate.ush" 3630
"../../../Engine/Plugins/FX/Niagara/Shaders/Private/NiagaraDataInterfaceMeshRendererInfoTemplate.ush" 3631
"../../../Engine/Plugins/FX/Niagara/Shaders/Private/NiagaraDataInterfaceOcclusion.ush" 3632
"../../../Engine/Plugins/FX/Niagara/Shaders/Private/NiagaraDataInterfacePhysicsAsset.ush" 3633
"../../../Engine/Plugins/Experimental/ChaosNiagara/Shaders/NiagaraDataInterfacePhysicsField.ush" 3634
"../../../Engine/Plugins/FX/Niagara/Shaders/Private/NiagaraDataInterfacePlatformSetTemplate.ush" 3635
"../../../Engine/Plugins/Runtime/HairStrands/Shaders/Private/NiagaraDataInterfaceVelocityGrid.ush" 3636
"../../../Engine/Plugins/Runtime/HairStrands/Shaders/Private/NiagaraDataInterfaceVelocityGridTemplate.ush" 3637
"../../../Engine/Plugins/Runtime/HairStrands/Shaders/Private/NiagaraDataInterfacePressureGrid.ush" 3638
"../../../Engine/Plugins/Runtime/HairStrands/Shaders/Private/NiagaraDataInterfacePressureGridTemplate.ush" 3639
"../../../Engine/Plugins/FX/Niagara/Shaders/Private/NiagaraDataInterfaceRenderTarget2DTemplate.ush" 3640
"../../../Engine/Plugins/FX/Niagara/Shaders/Private/NiagaraDataInterfaceRenderTarget2DArrayTemplate.ush" 3641
"../../../Engine/Plugins/FX/Niagara/Shaders/Private/NiagaraDataInterfaceRenderTargetCubeTemplate.ush" 3642
"../../../Engine/Plugins/FX/Niagara/Shaders/Private/NiagaraDataInterfaceRenderTargetVolumeTemplate.ush" 3643
"../../../Engine/Plugins/FX/Niagara/Shaders/Private/NiagaraDataInterfaceRigidMeshCollisionQuery.ush" 3644
"../../../Engine/Plugins/FX/Niagara/Shaders/Private/NiagaraDistanceFieldQueries.ush" 3645
"../../../Engine/Plugins/FX/Niagara/Shaders/Private/NiagaraDataInterfaceSceneCapture2DTemplate.ush" 3646
"../../../Engine/Plugins/FX/Niagara/Shaders/Private/NiagaraDataInterfaceSimCacheReaderTemplate.ush" 3647
"../../../Engine/Plugins/FX/Niagara/Shaders/Private/NiagaraDataInterfaceSimpleCounterTemplate.ush" 3648
"../../../Engine/Plugins/FX/Niagara/Shaders/Private/NiagaraDataInterfaceSkeletalMesh.ush" 3649
"../../../Engine/Plugins/FX/Niagara/Shaders/Private/NiagaraBaryCentricUtils.ush" 3650
"../../../Engine/Plugins/FX/Niagara/Shaders/Private/NiagaraDataInterfaceSkeletalMeshTemplate.ush" 3651
"../../../Engine/Plugins/FX/Niagara/Shaders/Private/NiagaraDataInterfaceSocketReaderTemplate.ush" 3652
"../../../Engine/Plugins/FX/Niagara/Shaders/Private/NiagaraDataInterfaceSparseVolumeTextureTemplate.ush" 3653
"../../../Engine/Plugins/FX/Niagara/Shaders/Private/NiagaraDataInterfaceSplineTemplate.ush" 3654
"../../../Engine/Plugins/FX/Niagara/Shaders/Private/NiagaraDataInterfaceSpriteRendererInfoTemplate.ush" 3655
"../../../Engine/Plugins/FX/Niagara/Shaders/Private/NiagaraDataInterfaceStaticMeshTemplate.ush" 3656
"../../../Engine/Plugins/FX/Niagara/Shaders/Private/NiagaraDataInterfaceTextureTemplate.ush" 3657
"../../../Engine/Plugins/FX/Niagara/Shaders/Private/NiagaraDataInterfaceVirtualTexture.ush" 3658
"../../../Engine/Plugins/FX/Niagara/Shaders/Private/NiagaraDataInterfaceVirtualTextureTemplate.ush" 3659
"../../../Engine/Plugins/FX/Niagara/Shaders/Private/NiagaraDataInterfaceVolumeCache.ush" 3660
"../../../Engine/Plugins/FX/Niagara/Shaders/Private/NiagaraDataInterfaceVolumeTextureTemplate.ush" 3661
"E:/Development/Projects/Squeak/Plugins/Blueprin620e60375159V10/Binaries/Win64/UnrealEditor-BlueprintIniFiles.dll" 3662
"E:/Development/Projects/Squeak/Plugins/DarkerNo914d061a7b62V11/Binaries/Win64/UnrealEditor-DarkerNodes.dll" 3663
"E:/Development/Projects/Squeak/Plugins/SteamIntebc22a685b96V7/Binaries/Win64/UnrealEditor-OnlineSubsystemSteam.dll" 3664
"E:/Development/Projects/Squeak/Plugins/SteamIntebc22a685b96V7/Binaries/Win64/UnrealEditor-SteamController.dll" 3665
"E:/Development/Projects/Squeak/Plugins/SteamIntebc22a685b96V7/Binaries/Win64/UnrealEditor-SteamEditor.dll" 3666
"E:/Development/Projects/Squeak/Plugins/SteamIntebc22a685b96V7/Binaries/Win64/UnrealEditor-SteamIntegrationKit.dll" 3667
"E:/Development/Projects/Squeak/Plugins/SteamIntebc22a685b96V7/Binaries/Win64/UnrealEditor-SteamIntegrationShared.dll" 3668
"E:/Development/Projects/Squeak/Plugins/SteamIntebc22a685b96V7/Binaries/Win64/UnrealEditor-SteamSockets.dll" 3669
"E:/Development/Projects/Squeak/Plugins/SteamIntebc22a685b96V7/Binaries/Win64/UnrealEditor-SteamWeb.dll" 3670
"../../../../../Projects/Squeak/Intermediate/ShaderAutogen/PCD3D_SM5/AutogenShaderHeaders.ush" 3671
"E:/Development/Projects/Squeak/Content/content_2/RoomEditor/Material/New/M_Floor_New.uasset" 3672
"E:/Development/Projects/Squeak/Content/content_2/RoomEditor/Material/New/M_Floor_New_Inst.uasset" 3673
"E:/Development/Projects/Squeak/Content/content_2/AbandonedHospital/Additional/Textures/T_BrokenDisplay.uasset" 3674
"E:/Development/Projects/Squeak/Content/content_2/AbandonedHospital/Additional/Materials/FUNITURE_018_MAT.uasset" 3675
"E:/Development/Projects/Squeak/Content/content_2/AbandonedHospital/Additional/StaticMeshes/reception_sofa.uasset" 3676
"E:/Development/Projects/Squeak/Content/content_2/AbandonedHospital/Additional/Textures/FURNITURE_018_BaseColor.uasset" 3677
"E:/Development/Projects/Squeak/Content/content_2/AbandonedHospital/Additional/Textures/FURNITURE_018_Metallic-FURNITURE_018_Roughness.uasset" 3678
"E:/Development/Projects/Squeak/Content/content_2/AbandonedHospital/Additional/Materials/M_Monitor_Screen_Broken.uasset" 3679
"E:/Development/Projects/Squeak/Content/content_2/AbandonedHospital/Additional/StaticMeshes/SM_Coffe_Table.uasset" 3680
"E:/Development/Projects/Squeak/Content/content_2/AbandonedHospital/Additional/Textures/FURNITURE_018_Normal.uasset" 3681
"E:/Development/Projects/Squeak/Content/content_2/AbandonedHospital/Additional/Textures/T_Gaming_Monitors_Screen_Emissive.uasset" 3682
"E:/Development/Projects/Squeak/Content/content_2/AbandonedHospital/Additional/Textures/T_Gaming_Monitors_Screen_BaseColor.uasset" 3683
"E:/Development/Projects/Squeak/Content/content_2/AbandonedHospital/Additional/Textures/T_Gaming_Monitors_Screen_Normal.uasset" 3684
"E:/Development/Projects/Squeak/Content/content_2/AbandonedHospital/Additional/Textures/T_Gaming_Monitors_Screen_ORM.uasset" 3685
"E:/Development/Projects/Squeak/Content/content_2/AbandonedHospital/Additional/Materials/M_Gaming_Monitors_Screen.uasset" 3686
"E:/Development/Projects/Squeak/Content/content_2/AbandonedHospital/Additional/Textures/T_Gaming_Monitors_BaseColor.uasset" 3687
"E:/Development/Projects/Squeak/Content/content_2/AbandonedHospital/Additional/Textures/T_Gaming_Monitors_Emissive.uasset" 3688
"E:/Development/Projects/Squeak/Content/content_2/AbandonedHospital/Additional/Textures/T_Gaming_Monitors_Normal.uasset" 3689
"E:/Development/Projects/Squeak/Content/content_2/AbandonedHospital/Additional/Textures/T_Gaming_Monitors_ORM.uasset" 3690
"E:/Development/Projects/Squeak/Content/content_2/AbandonedHospital/Additional/Materials/M_Gaming_Monitors.uasset" 3691
"E:/Development/Projects/Squeak/Content/content_2/AbandonedHospital/Additional/StaticMeshes/SM_Gaming_Monitors.uasset" 3692
"E:/Development/Projects/Squeak/Content/content_2/AbandonedHospital/Additional/Textures/womb_chair_texture_2.uasset" 3693
"E:/Development/Projects/Squeak/Content/content_2/AbandonedHospital/Additional/Textures/womb_chair_texture_1.uasset" 3694
"E:/Development/Projects/Squeak/Content/content_2/AbandonedHospital/Additional/Textures/womb_chair_texture_0.uasset" 3695
"E:/Development/Projects/Squeak/Content/content_2/AbandonedHospital/Additional/Materials/material.uasset" 3696
"E:/Development/Projects/Squeak/Content/content_2/AbandonedHospital/Additional/StaticMeshes/womb_chair.uasset" 3697
"E:/Development/Projects/Squeak/Content/content_2/AbandonedHospital/Additional/Materials/TilesMosaicPennyround001_2K.uasset" 3698
"E:/Development/Projects/Squeak/Content/content_2/AbandonedHospital/Additional/SM_Coffe_Mug.uasset" 3699
"E:/Development/Projects/Squeak/Content/content_2/ThrowableObject/BP_Throwable_Samll_Coffe_Mug.uasset" 3700
"E:/Development/Projects/Squeak/Content/content_2/AbandonedHospital/Additional/Materials/lid.uasset" 3701
"E:/Development/Projects/Squeak/Content/content_2/AbandonedHospital/Additional/Materials/Cup_001.uasset" 3702
"E:/Development/Projects/Squeak/Content/content_2/AbandonedHospital/Additional/Materials/Base_Cup.uasset" 3703
"/Game/content_2/RoomEditor/Material/New/M_Floor_New" 3704
"../../../Engine/Content/Functions/Engine_MaterialFunctions01/ImageAdjustment/CheapContrast_RGB.uasset" 3705
"../../../Engine/Content/Functions/Engine_MaterialFunctions02/WorldPositionOffset/V2/ObjectScale.uasset" 3706
"../../../Engine/Content/EngineDebugMaterials/HeatmapGradient.uasset" 3707
"../../../../../Projects/Squeak/Content/content_2/AbandonedHospital/Textures/T_Baseboard_01_OcclusionRoughnessMetallic.uasset" 3708
"../../../../../Projects/Squeak/Content/content_2/AbandonedHospital/Textures/T_Dirty_Concrete_03_Normal.uasset" 3709
"../../../../../Projects/Squeak/Content/content_2/AbandonedHospital/Textures/T_Epoxy_01_BaseColor.uasset" 3710
"../../../../../Projects/Squeak/Content/content_2/AbandonedHospital/Textures/T_EpoxyDetails.uasset" 3711
"/Game/content_2/RoomEditor/Material/New/M_Floor_New_Inst" 3712
"/Game/content_2/AbandonedHospital/Additional/Textures/T_BrokenDisplay" 3713
"/Game/content_2/AbandonedHospital/Additional/Materials/M_Monitor_Screen_Broken" 3714
"../../../../../Projects/Squeak/Content/content_2/AbandonedHospital/Additional/Materials/M_Monitor_Screen.uasset" 3715
"../../Plugins/Interchange/Assets/Content/gltf/MaterialInstances/MI_Default_Opaque_DS.uasset" 3716
"../../../../../Projects/Squeak/Content/content_2/AbandonedHospital/Additional/Textures/T_Monitor_Screen_BaseColor.uasset" 3717
"../../../../../Projects/Squeak/Content/content_2/AbandonedHospital/Additional/Textures/T_Monitor_Screen_Emissive1.uasset" 3718
"../../../../../Projects/Squeak/Content/content_2/AbandonedHospital/Additional/Textures/T_Monitor_Screen_Metallic-T_Monitor_Screen_Roughness.uasset" 3719
"../../Plugins/Interchange/Assets/Content/gltf/M_Default.uasset" 3720
"../../../Engine/Content/Functions/Engine_MaterialFunctions03/Math/RemapValueRange.uasset" 3721
"../../Plugins/Interchange/Assets/Content/Functions/MF_Iridescence.uasset" 3722
"../../Plugins/Interchange/Assets/Content/gltf/MaterialBodies/MF_Default_Body.uasset" 3723
"../../Plugins/Interchange/Assets/Content/gltf/MaterialFunctions/MF_BaseColor.uasset" 3724
"../../Plugins/Interchange/Assets/Content/gltf/MaterialFunctions/MF_Emissive.uasset" 3725
"../../Plugins/Interchange/Assets/Content/gltf/MaterialFunctions/MF_IOR.uasset" 3726
"../../Plugins/Interchange/Assets/Content/gltf/MaterialFunctions/MF_Iridescence.uasset" 3727
"../../Plugins/Interchange/Assets/Content/gltf/MaterialFunctions/MF_MetallicRoughness.uasset" 3728
"../../Plugins/Interchange/Assets/Content/gltf/MaterialFunctions/MF_Normals.uasset" 3729
"../../Plugins/Interchange/Assets/Content/gltf/MaterialFunctions/MF_Occlusion.uasset" 3730
"../../Plugins/Interchange/Assets/Content/gltf/MaterialFunctions/MF_RotateNormals_TS.uasset" 3731
"../../Plugins/Interchange/Assets/Content/gltf/MaterialFunctions/MF_RotateV2.uasset" 3732
"../../Plugins/Interchange/Assets/Content/gltf/MaterialFunctions/MF_ScaleNormal.uasset" 3733
"../../Plugins/Interchange/Assets/Content/gltf/MaterialFunctions/MF_Specular.uasset" 3734
"../../Plugins/Interchange/Assets/Content/gltf/MaterialFunctions/MF_SpecularAnisotropy.uasset" 3735
"../../Plugins/Interchange/Assets/Content/gltf/MaterialFunctions/MF_TransformUVs.uasset" 3736
"../../Plugins/Interchange/Assets/Content/gltf/Textures/T_Anisotropy_Direction_Linear.uasset" 3737
"../../Plugins/Interchange/Assets/Content/gltf/Textures/T_Generic_N.uasset" 3738
"../../Plugins/Interchange/Assets/Content/gltf/Textures/T_White_Linear.uasset" 3739
"../../Plugins/Interchange/Assets/Content/gltf/Textures/T_White_srgb.uasset" 3740
"../../Plugins/Interchange/Assets/Content/Utilities/New_LUT.uasset" 3741
"../../Plugins/Interchange/Assets/Content/Functions/MF_IridescenceNoLUT.uasset" 3742
"/Game/content_2/AbandonedHospital/Additional/Textures/FURNITURE_018_BaseColor" 3743
"/Game/content_2/AbandonedHospital/Additional/Textures/FURNITURE_018_Metallic-FURNITURE_018_Roughness" 3744
"/Game/content_2/AbandonedHospital/Additional/Textures/FURNITURE_018_Normal" 3745
"/Game/content_2/AbandonedHospital/Additional/Materials/FUNITURE_018_MAT" 3746
"/Game/content_2/AbandonedHospital/Additional/StaticMeshes/reception_sofa" 3747
"/Game/content_2/AbandonedHospital/Additional/StaticMeshes/SM_Coffe_Table" 3748
"../../../../../Projects/Squeak/Content/content_2/RoomEditor/Material/New/M_Interier_Base.uasset" 3749
"../../../../../Projects/Squeak/Content/content_2/RoomEditor/Material/New/M_Interier_Second.uasset" 3750
"../../../../../Projects/Squeak/Content/content_2/RoomEditor/Material/New/M_Wall_Base.uasset" 3751
"../../../../../Projects/Squeak/Content/content_2/RoomEditor/Material/New/M_AlignBase.uasset" 3752
"../../../../../Projects/Squeak/Content/content_2/AbandonedHospital/Textures/T_Plastic_Tile_BaseColor.uasset" 3753
"/Game/content_2/AbandonedHospital/Additional/Textures/T_Gaming_Monitors_Screen_BaseColor" 3754
"/Game/content_2/AbandonedHospital/Additional/Textures/T_Gaming_Monitors_Screen_Emissive" 3755
"/Game/content_2/AbandonedHospital/Additional/Textures/T_Gaming_Monitors_Screen_Normal" 3756
"/Game/content_2/AbandonedHospital/Additional/Textures/T_Gaming_Monitors_Screen_ORM" 3757
"/Game/content_2/AbandonedHospital/Additional/Materials/M_Gaming_Monitors_Screen" 3758
"/Game/content_2/AbandonedHospital/Additional/Textures/T_Gaming_Monitors_BaseColor" 3759
"/Game/content_2/AbandonedHospital/Additional/Textures/T_Gaming_Monitors_Emissive" 3760
"/Game/content_2/AbandonedHospital/Additional/Textures/T_Gaming_Monitors_Normal" 3761
"/Game/content_2/AbandonedHospital/Additional/Textures/T_Gaming_Monitors_ORM" 3762
"/Game/content_2/AbandonedHospital/Additional/Materials/M_Gaming_Monitors" 3763
"/Game/content_2/AbandonedHospital/Additional/StaticMeshes/SM_Gaming_Monitors" 3764
"/Game/content_2/AbandonedHospital/Additional/Textures/womb_chair_texture_2" 3765
"/Game/content_2/AbandonedHospital/Additional/Textures/womb_chair_texture_1" 3766
"/Game/content_2/AbandonedHospital/Additional/Materials/lid" 3767
"E:/Development/Projects/Squeak/Content/content_2/AbandonedHospital/Additional/Coffee_cup.uasset" 3768
"E:/Development/Projects/Squeak/Content/content_2/ThrowableObject/BP_Throwable_Samll_Coffe_Cup.uasset" 3769
"E:/Development/Projects/Squeak/Content/content_2/StorageHouse/Textures/T_CratePlastic_A_D.uasset" 3770
"E:/Development/Projects/Squeak/Content/content_2/StorageHouse/Textures/T_CratePlastic_A_M.uasset" 3771
"E:/Development/Projects/Squeak/Content/content_2/StorageHouse/Meshes/Props/SM_BottlePlasticD_02.uasset" 3772
"E:/Development/Projects/Squeak/Content/content_2/StorageHouse/Textures/T_CratePlastic_A_N.uasset" 3773
"E:/Development/Projects/Squeak/Content/content_2/StorageHouse/Meshes/Props/SM_BottlePlasticE_02.uasset" 3774
"E:/Development/Projects/Squeak/Content/content_2/StorageHouse/Meshes/Props/SM_CratePlastic_A_01.uasset" 3775
"E:/Development/Projects/Squeak/Content/content_2/StorageHouse/Meshes/Props/SM_BottlePlasticB_02.uasset" 3776
"/Game/content_2/AbandonedHospital/Additional/Textures/womb_chair_texture_0" 3777
"E:/Development/Projects/Squeak/Content/content_2/StorageHouse/Textures/T_CratePlastic_A_ORM.uasset" 3778
"E:/Development/Projects/Squeak/Content/content_2/StorageHouse/Materials/MI_CratePlasticA_03.uasset" 3779
"/Game/content_2/AbandonedHospital/Additional/Materials/material" 3780
"E:/Development/Projects/Squeak/Content/content_2/StorageHouse/Meshes/Props/SM_CratePlastic_A_02.uasset" 3781
"/Game/content_2/AbandonedHospital/Additional/StaticMeshes/womb_chair" 3782
"/Game/content_2/AbandonedHospital/Additional/Materials/TilesMosaicPennyround001_2K" 3783
"../../Plugins/Interchange/Assets/Content/Functions/MF_PhongToMetalRoughness.uasset" 3784
"E:/Development/Projects/Squeak/Content/content_2/StorageHouse/Textures/T_CratePlastic_B_D.uasset" 3785
"E:/Development/Projects/Squeak/Content/content_2/StorageHouse/Textures/T_CratePlastic_B_M.uasset" 3786
"E:/Development/Projects/Squeak/Content/content_2/StorageHouse/Textures/T_CratePlastic_B_N.uasset" 3787
"E:/Development/Projects/Squeak/Content/content_2/StorageHouse/Textures/T_CratePlastic_B_ORM.uasset" 3788
"E:/Development/Projects/Squeak/Content/content_2/StorageHouse/Materials/MI_CratePlasticB_06.uasset" 3789
"E:/Development/Projects/Squeak/Content/content_2/StorageHouse/Meshes/Props/SM_CratePlastic_B_01.uasset" 3790
"E:/Development/Projects/Squeak/Content/content_2/StorageHouse/Textures/T_BeamsA_M.uasset" 3791
"E:/Development/Projects/Squeak/Content/content_2/StorageHouse/Textures/T_BeamsA_N.uasset" 3792
"E:/Development/Projects/Squeak/Content/content_2/StorageHouse/Textures/T_BeamsA_ORM.uasset" 3793
"E:/Development/Projects/Squeak/Content/content_2/StorageHouse/Materials/M_BeamsA.uasset" 3794
"E:/Development/Projects/Squeak/Content/content_2/StorageHouse/Textures/T_CratePlastic_C_D.uasset" 3795
"E:/Development/Projects/Squeak/Content/content_2/StorageHouse/Textures/T_CratePlastic_C_M.uasset" 3796
"/Game/content_2/AbandonedHospital/Additional/SM_Coffe_Mug" 3797
"/Game/content_2/ThrowableObject/BP_Throwable_Samll_Coffe_Mug" 3798
"../../../../../Projects/Squeak/Content/content_0/base/throwable/BP_Throwable.uasset" 3799
"../../../../../Projects/Squeak/Content/content_2/sfx/hit/plastic_cup/sfxm_hit_plasticCup.uasset" 3800
"../../../Engine/Content/EngineMaterials/PhysMat_Rubber.uasset" 3801
"../../../Engine/Content/EditorBlueprintResources/StandardMacros.uasset" 3802
"../../../../../Projects/Squeak/Content/content_0/base/controllers/BP_Controller_Base.uasset" 3803
"../../../../../Projects/Squeak/Content/content_0/base/game_instance/MyGameInstance.uasset" 3804
"../../../../../Projects/Squeak/Content/content_0/base/throwable/BP_ForceBorder.uasset" 3805
"../../../../../Projects/Squeak/Content/content_0/base/throwable/BP_ForcedInicator.uasset" 3806
"../../../../../Projects/Squeak/Content/content_0/base/throwable/BP_InteractiveBorder.uasset" 3807
"../../../../../Projects/Squeak/Content/content_0/interfaces/BP_Interactive.uasset" 3808
"../../../../../Projects/Squeak/Content/content_2/InteractiveObject/Effects/MI_Outline.uasset" 3809
"../../../../../Projects/Squeak/Content/content_2/SplineVFX/NS/NS_Spline_EnergyLoop.uasset" 3810
"../../../../../Projects/Squeak/Content/content_0/base/game_instance/E_ControlLayout.uasset" 3811
"../../../../../Projects/Squeak/Content/content_2/sfx/hit/plastic_cup/source/plastic_cup_fall_01.uasset" 3812
"../../../../../Projects/Squeak/Content/content_2/sfx/hit/plastic_cup/source/plastic_cup_fall_02.uasset" 3813
"../../../../../Projects/Squeak/Content/content_0/base/pawn/BP_Player_Pawn.uasset" 3814
"../../../../../Projects/Squeak/Content/content_0/interfaces/BP_Movable.uasset" 3815
"../../../../../Projects/Squeak/Content/content_0/input/action/IA_Card_1.uasset" 3816
"../../../../../Projects/Squeak/Content/content_0/input/action/IA_Card_2.uasset" 3817
"../../../../../Projects/Squeak/Content/content_0/input/action/IA_Card_3.uasset" 3818
"../../../../../Projects/Squeak/Content/content_0/input/action/IA_Interaction_Additional.uasset" 3819
"../../../../../Projects/Squeak/Content/content_0/input/action/IA_Interaction_Focus.uasset" 3820
"../../../../../Projects/Squeak/Content/content_0/input/action/IA_Interaction_Main.uasset" 3821
"../../../../../Projects/Squeak/Content/content_0/input/action/IA_Interaction_Main_Hold.uasset" 3822
"../../../../../Projects/Squeak/Content/content_0/input/action/IA_Interaction_Second.uasset" 3823
"../../../../../Projects/Squeak/Content/content_0/input/action/IA_Interaction_Second_Hold.uasset" 3824
"../../../../../Projects/Squeak/Content/content_0/input/action/IA_Move_Qwerty.uasset" 3825
"../../../../../Projects/Squeak/Content/content_0/input/action/IA_Rotate.uasset" 3826
"../../../../../Projects/Squeak/Content/content_0/input/action/IA_RotateOnHoldAction.uasset" 3827
"../../../../../Projects/Squeak/Content/content_0/input/action/IA_Zoom.uasset" 3828
"../../../../../Projects/Squeak/Content/content_0/input/IMC_Actions.uasset" 3829
"../../../../../Projects/Squeak/Content/content_0/input/IMC_Movement.uasset" 3830
"../../../../../Projects/Squeak/Content/content_0/base/controllers/enum/E_InteractionActionType.uasset" 3831
"../../../../../Projects/Squeak/Content/content_2/SplineVFX/NS/NS_ForceBorder.uasset" 3832
"../../../../../Projects/Squeak/Content/content_2/PlayerAuraEffect/Materials/M_MASTER_Aura_Masked.uasset" 3833
"../../../../../Projects/Squeak/Content/content_2/PlayerAuraEffect/Materials/Textures/T_LowResBlurredNoise.uasset" 3834
"../../../../../Projects/Squeak/Content/content_2/PlayerAuraEffect/Materials/Textures/T_TilingNoise05.uasset" 3835
"../../Plugins/FX/Niagara/Content/DefaultAssets/DefaultSpriteMaterial.uasset" 3836
"../../../../../Projects/Squeak/Content/content_2/SplineVFX/_GenericSource/Material/MI/MI_Vfx_Basic_center_03.uasset" 3837
"../../Plugins/FX/Niagara/Content/DynamicInputs/Add/Add_Float.uasset" 3838
"../../Plugins/FX/Niagara/Content/DynamicInputs/Add/Add_Vector2.uasset" 3839
"../../Plugins/FX/Niagara/Content/DynamicInputs/Angles/Sine.uasset" 3840
"../../Plugins/FX/Niagara/Content/DynamicInputs/Bool/Boolean_NotOperation.uasset" 3841
"../../Plugins/FX/Niagara/Content/DynamicInputs/Divide/Divide_Float.uasset" 3842
"../../Plugins/FX/Niagara/Content/DynamicInputs/Lerp/Lerp_Float.uasset" 3843
"../../Plugins/FX/Niagara/Content/DynamicInputs/Multiply/Multiply_Float.uasset" 3844
"../../Plugins/FX/Niagara/Content/DynamicInputs/TypeConversions/MakeFloatFromInt.uasset" 3845
"../../Plugins/FX/Niagara/Content/DynamicInputs/TypeConversions/MakeIntFromFloat.uasset" 3846
"../../Plugins/FX/Niagara/Content/DynamicInputs/TypeConversions/MakeVector.uasset" 3847
"../../Plugins/FX/Niagara/Content/DynamicInputs/TypeConversions/Vector2DFromFloat.uasset" 3848
"../../Plugins/FX/Niagara/Content/DynamicInputs/TypeConversions/VectorFromFloat.uasset" 3849
"../../Plugins/FX/Niagara/Content/DynamicInputs/UniformRange/V2/RandomRangeFloat.uasset" 3850
"../../Plugins/FX/Niagara/Content/DynamicInputs/ValueFromCurve/FloatFromCurve.uasset" 3851
"../../Plugins/FX/Niagara/Content/Modules/Emitter/EmitterState.uasset" 3852
"../../Plugins/FX/Niagara/Content/Modules/Emitter/SpawnRate.uasset" 3853
"../../Plugins/FX/Niagara/Content/Modules/Solvers/SolveForcesAndVelocity.uasset" 3854
"../../Plugins/FX/Niagara/Content/Modules/Spawn/Initialization/V2/InitializeParticle.uasset" 3855
"../../Plugins/FX/Niagara/Content/Modules/Spawn/Location/V2/ShapeLocation.uasset" 3856
"../../Plugins/FX/Niagara/Content/Modules/System/SystemState.uasset" 3857
"../../Plugins/FX/Niagara/Content/Modules/Update/Color/ScaleColor.uasset" 3858
"../../Plugins/FX/Niagara/Content/Modules/Update/Forces/Drag.uasset" 3859
"../../Plugins/FX/Niagara/Content/Modules/Update/Forces/GravityForce.uasset" 3860
"../../Plugins/FX/Niagara/Content/Modules/Update/Forces/V2/CurlNoiseForce.uasset" 3861
"../../Plugins/FX/Niagara/Content/Modules/Update/Lifetime/KillParticles.uasset" 3862
"../../Plugins/FX/Niagara/Content/Modules/Update/Lifetime/ParticleState.uasset" 3863
"../../Plugins/FX/Niagara/Content/Modules/Update/Size/ScaleSpriteSize.uasset" 3864
"../../Plugins/FX/Niagara/Content/Modules/Update/Size/ScaleSpriteSizeBySpeed.uasset" 3865
"../../Plugins/FX/Niagara/Content/Enums/Angles/ENiagara_AngleInput.uasset" 3866
"../../Plugins/FX/Niagara/Content/Enums/ENiagara_AttributeSamplingApplyOutput.uasset" 3867
"../../Plugins/FX/Niagara/Content/Enums/ENiagara_ColorInitializationMode.uasset" 3868
"../../Plugins/FX/Niagara/Content/Enums/ENiagara_EmitterStateOptions.uasset" 3869
"../../Plugins/FX/Niagara/Content/Enums/ENiagara_InfiniteLoopDuration.uasset" 3870
"../../Plugins/FX/Niagara/Content/Enums/ENiagara_LifetimeMode.uasset" 3871
"../../Plugins/FX/Niagara/Content/Enums/ENiagara_MassInitializationMode.uasset" 3872
"../../Plugins/FX/Niagara/Content/Enums/ENiagara_PositionInitializationMode.uasset" 3873
"../../Plugins/FX/Niagara/Content/Enums/ENiagara_SizeScaleMode.uasset" 3874
"../../Plugins/FX/Niagara/Content/Enums/ENiagara_SpriteRotationMode.uasset" 3875
"../../Plugins/FX/Niagara/Content/Enums/ENiagara_UVFlippingMode.uasset" 3876
"../../Plugins/FX/Niagara/Content/Enums/ENiagaraChannelCorrelation.uasset" 3877
"../../Plugins/FX/Niagara/Content/Enums/ENiagaraCurlNoiseQuality.uasset" 3878
"../../Plugins/FX/Niagara/Content/Enums/ENiagaraEmitterLifeCycleMode.uasset" 3879
"../../Plugins/FX/Niagara/Content/Enums/ENiagaraEmitterScalabilityMode_Limited.uasset" 3880
"../../Plugins/FX/Niagara/Content/Enums/ENiagaraInactiveMode.uasset" 3881
"../../Plugins/FX/Niagara/Content/Enums/ENiagaraRandomnessEvaluation.uasset" 3882
"../../Plugins/FX/Niagara/Content/Enums/ENiagaraRandomnessMode.uasset" 3883
"../../Plugins/FX/Niagara/Content/Enums/ENiagaraScaleColorMode.uasset" 3884
"../../Plugins/FX/Niagara/Content/Enums/ENiagaraShapeTorusMode.uasset" 3885
"../../Plugins/FX/Niagara/Content/Enums/ENiagaraSphereDistributionMode.uasset" 3886
"../../Plugins/FX/Niagara/Content/Enums/ENiagaraSystemInactiveMode.uasset" 3887
"../../Plugins/FX/Niagara/Content/Enums/ENiagaraTorusDistributionMode.uasset" 3888
"../../Plugins/FX/Niagara/Content/Enums/Location/ENiagara_BoxPlaneMode.uasset" 3889
"../../Plugins/FX/Niagara/Content/Enums/Location/ENiagara_ConeMode.uasset" 3890
"../../Plugins/FX/Niagara/Content/Enums/Location/ENiagara_CylinderMode.uasset" 3891
"../../Plugins/FX/Niagara/Content/Enums/Location/ENiagara_LocationShapes.uasset" 3892
"../../Plugins/FX/Niagara/Content/Enums/Location/ENiagaraRingDiscMode.uasset" 3893
"../../Plugins/FX/Niagara/Content/Enums/Ribbons/ENiagara_UnsetDirectSet.uasset" 3894
"../../Plugins/FX/Niagara/Content/Enums/Ribbons/ENiagara_UnsetDirectSetRandom.uasset" 3895
"../../Plugins/FX/Niagara/Content/Enums/SpriteRenderer/ENiagara_ScaleSpriteSize.uasset" 3896
"../../Plugins/FX/Niagara/Content/Enums/Transforms/ENiagara_OffsetMode.uasset" 3897
"../../Plugins/FX/Niagara/Content/Enums/Transforms/ENiagara_RotationMode.uasset" 3898
"../../Plugins/FX/Niagara/Content/Enums/Transforms/ENiagara_ScaleMode.uasset" 3899
"../../Plugins/FX/Niagara/Content/Enums/Transforms/ENiagara_TransformOrder.uasset" 3900
"../../Plugins/FX/Niagara/Content/Enums/Transforms/ENiagara_TransformType.uasset" 3901
"../../Plugins/FX/Niagara/Content/Enums/Utility/ENiagara_IntegerConversion.uasset" 3902
"../../Plugins/FX/Niagara/Content/VectorFields/Assets/TilingCurl32.uasset" 3903
"../../../../../Projects/Squeak/Content/content_1/scripts/systems/minigameSystem/minigameManager.uasset" 3904
"../../../../../Projects/Squeak/Content/content_0/input/action/IA_Rotate_Modifier.uasset" 3905
"../../../../../Projects/Squeak/Content/content_2/SplineVFX/_GenericSource/Material/MI/MI_Vfx_FocusBelt_Tangent.uasset" 3906
"../../../../../Projects/Squeak/Content/content_2/SplineVFX/_GenericSource/Material/MI/MI_Vfx_FocusBelt_Tangent1.uasset" 3907
"../../../../../Projects/Squeak/Content/content_2/SplineVFX/_GenericSource/Material/MI/MI_Vfx_FocusBelt_Tangent2.uasset" 3908
"../../Plugins/FX/Niagara/Content/DynamicInputs/Execution/ReturnNormalizedExecIndex.uasset" 3909
"../../Plugins/FX/Niagara/Content/DynamicInputs/Subtract/Subtract_Float.uasset" 3910
"../../Plugins/FX/Niagara/Content/Modules/Emitter/SpawnBurst_Instantaneous.uasset" 3911
"../../Plugins/FX/Niagara/Content/Modules/Update/Material/DynamicMaterialParameters.uasset" 3912
"../../../Engine/Content/Functions/Engine_MaterialFunctions03/ComplexMotion/Motion_4WayChaos.uasset" 3913
"../../../../../Projects/Squeak/Content/content_2/PlayerAuraEffect/Materials/Textures/T_WidgetGridVertexColorMaterial.uasset" 3914
"../../../../../Projects/Squeak/Content/content_2/SplineVFX/_GenericSource/Material/M_Vfx_Basic.uasset" 3915
"../../../../../Projects/Squeak/Content/content_2/SplineVFX/_GenericSource/Texture/T_Vfx_center_03.uasset" 3916
"../../Plugins/FX/Niagara/Content/Functions/V2/CalculateRandomRangeFloat.uasset" 3917
"../../Plugins/FX/Niagara/Content/Functions/Emitter/EmitterChangeState.uasset" 3918
"../../Plugins/FX/Niagara/Content/Icons/Modules/T_Icon_Scalability_Emitter.uasset" 3919
"../../Plugins/FX/Niagara/Content/Icons/Modules/T_Icon_Scalability_System.uasset" 3920
"../../Plugins/FX/Niagara/Content/Functions/RandomRangeFloat.uasset" 3921
"../../Plugins/FX/Niagara/Content/Functions/DirectionAndLengthSafe.uasset" 3922
"../../Plugins/FX/Niagara/Content/Functions/Drag/DragVelocity.uasset" 3923
"../../Plugins/FX/Niagara/Content/Functions/Math/CentimeterMeterConversion.uasset" 3924
"../../Plugins/FX/Niagara/Content/Functions/Rotation/MultiplyVectorWithQuaternion.uasset" 3925
"../../Plugins/FX/Niagara/Content/Modules/Solvers/ApplyRotationVector.uasset" 3926
"../../Plugins/FX/Niagara/Content/Icons/Modules/T_Icon_Solver_LimitAccel.uasset" 3927
"../../Plugins/FX/Niagara/Content/Icons/Modules/T_Icon_Solver_LimitSpeed.uasset" 3928
"../../Plugins/FX/Niagara/Content/Icons/Modules/T_Icon_Solver_RotationalSolve.uasset" 3929
"../../Plugins/FX/Niagara/Content/Functions/LinearColor/HueShiftLinearColor.uasset" 3930
"../../Plugins/FX/Niagara/Content/Functions/Localspace/SimulationPosition.uasset" 3931
"../../Plugins/FX/Niagara/Content/Functions/Localspace/TransformVector.uasset" 3932
"../../Plugins/FX/Niagara/Content/Functions/V2/CalculateRandomBool.uasset" 3933
"../../Plugins/FX/Niagara/Content/Functions/V2/CalculateRandomRange.uasset" 3934
"../../Plugins/FX/Niagara/Content/Functions/V2/CalculateRandomRangeInteger.uasset" 3935
"../../Plugins/FX/Niagara/Content/Functions/Localspace/TransformPosition.uasset" 3936
"../../Plugins/FX/Niagara/Content/Functions/Math/CalculateRandomPointInConeSphereIntersection.uasset" 3937
"../../Plugins/FX/Niagara/Content/Functions/Math/SaturateFloat.uasset" 3938
"../../Plugins/FX/Niagara/Content/Functions/NormalizedExecutionIndex.uasset" 3939
"../../Plugins/FX/Niagara/Content/Functions/ParametricTorus.uasset" 3940
"../../Plugins/FX/Niagara/Content/Functions/ParametricTorusKnot.uasset" 3941
"../../Plugins/FX/Niagara/Content/Functions/PolarToCartesianCoordinates.uasset" 3942
"../../Plugins/FX/Niagara/Content/Functions/RandomPointInBox.uasset" 3943
"../../Plugins/FX/Niagara/Content/Functions/Rotation/AngleUnitConverter.uasset" 3944
"../../Plugins/FX/Niagara/Content/Functions/Rotation/RotateVector2D.uasset" 3945
"../../Plugins/FX/Niagara/Content/Functions/Rotation/TransformStack/TransformStack_Rotation.uasset" 3946
"../../Plugins/FX/Niagara/Content/Functions/SphericalToCartesianCoordinates.uasset" 3947
"../../Plugins/FX/Niagara/Content/Functions/V2/RemapRange.uasset" 3948
"../../Plugins/FX/Niagara/Content/Enums/ENiagaraExpansionMode.uasset" 3949
"../../Plugins/FX/Niagara/Content/Functions/System/SystemChangeState.uasset" 3950
"../../Plugins/FX/Niagara/Content/Functions/Localspace/PositionToVector.uasset" 3951
"../../Plugins/FX/Niagara/Content/Functions/V2/ConeMask.uasset" 3952
"../../Plugins/FX/Niagara/Content/VectorFields/Assets/TilingCurl16.uasset" 3953
"../../Plugins/FX/Niagara/Content/VectorFields/Assets/TilingCurl64.uasset" 3954
"../../Plugins/FX/Niagara/Content/Icons/Modules/T_Icon_Particle_InfiniteLife.uasset" 3955
"../../../../../Projects/Squeak/Content/content_1/scripts/systems/minigameSystem/QTE/PDA_QTE_Preset.uasset" 3956
"../../../../../Projects/Squeak/Content/content_1/scripts/systems/minigameSystem/QTE/QTE_Base.uasset" 3957
"../../../../../Projects/Squeak/Content/content_1/scripts/ui/QTE/uw_qte_base.uasset" 3958
"../../../../../Projects/Squeak/Content/content_2/SplineVFX/_GenericSource/Material/M_Vfx_FocusBelt.uasset" 3959
"../../../../../Projects/Squeak/Content/content_2/SplineVFX/_GenericSource/Texture/T_Vfx_Noise_Tendril.uasset" 3960
"../../../../../Projects/Squeak/Content/content_2/SplineVFX/_GenericSource/Texture/T_Vfx_Noise_07.uasset" 3961
"../../../../../Projects/Squeak/Content/content_2/SplineVFX/_GenericSource/Texture/T_Vfx_Noise_fire04.uasset" 3962
"../../Plugins/FX/Niagara/Content/Enums/Utility/ENiagara_DynamicMaterialParametersInputMode.uasset" 3963
"../../../Engine/Content/Functions/Engine_MaterialFunctions02/Utility/Swizzle.uasset" 3964
"../../../../../Projects/Squeak/Content/content_2/SplineVFX/_GenericSource/Texture/T_Vfx_BasicDot.uasset" 3965
"../../Plugins/FX/Niagara/Content/Functions/GetRandomInfo.uasset" 3966
"../../Plugins/FX/Niagara/Content/Functions/Rotation/AxisAngleToQuaternion.uasset" 3967
"../../Plugins/FX/Niagara/Content/Functions/Rotation/MultiplyQuaternion.uasset" 3968
"../../Plugins/FX/Niagara/Content/Functions/Localspace/TransformBase.uasset" 3969
"../../Plugins/FX/Niagara/Content/Functions/Rotation/FindQuatBetween.uasset" 3970
"../../Plugins/FX/Niagara/Content/Functions/IsolateLongestVectorComponent.uasset" 3971
"../../Plugins/FX/Niagara/Content/Functions/Rotation/InvertQuaternion.uasset" 3972
"../../Plugins/FX/Niagara/Content/Functions/Rotation/MakeQuaternionFrom3BasisVectors.uasset" 3973
"../../Plugins/FX/Niagara/Content/Functions/Rotation/XYZRotationToQuaternion.uasset" 3974
"../../Plugins/FX/Niagara/Content/Functions/ChannelMasks/SelectV4Channel.uasset" 3975
"../../Plugins/FX/Niagara/Content/Enums/ENiagaraVector4_Channels.uasset" 3976
"../../Plugins/FX/Niagara/Content/Functions/FindAngleBetweenVectors.uasset" 3977
"../../../../../Projects/Squeak/Content/content_1/scripts/systems/minigameSystem/QTE/Curve_QTE_Base.uasset" 3978
"../../../../../Projects/Squeak/Content/content_1/scripts/systems/minigameSystem/QTE/STRUCT_QTE_Slot.uasset" 3979
"../../../../../Projects/Squeak/Content/content_1/scripts/ui/QTE/uw_qte_slot.uasset" 3980
"../../../Engine/Content/Functions/Engine_MaterialFunctions01/Density/ExponentialDensity.uasset" 3981
"../../../Engine/Content/Functions/Engine_MaterialFunctions01/Gradient/RadialGradientExponential.uasset" 3982
"../../../Engine/Content/Functions/Engine_MaterialFunctions02/Utility/AppendMany.uasset" 3983
"../../../../../Projects/Squeak/Content/content_2/SplineVFX/_GenericSource/Texture/T_Vfx_Noise_caustic_02.uasset" 3984
"../../Plugins/FX/Niagara/Content/Functions/Rotation/MatrixToQuaternion.uasset" 3985
"../../../../../Projects/Squeak/Content/content_1/scripts/libs/lib_game.uasset" 3986
"../../../../../Projects/Squeak/Content/content_1/scripts/ui/QTE/m_qte_indicator_Inst.uasset" 3987
"../../../../../Projects/Squeak/Content/ControllerIconPack/Textures/Macro_Icons/XB_Controller/Light/T_XB_Base_A_Light_128x128.uasset" 3988
"../../../../../Projects/Squeak/Content/content_1/scripts/ui/QTE/DataTable_Keys.uasset" 3989
"../../../../../Projects/Squeak/Content/content_1/scripts/systems/minigameSystem/QTE/keyData_struct.uasset" 3990
"../../../../../Projects/Squeak/Content/content_1/scripts/ui/QTE/m_qte_indicator.uasset" 3991
"../../../../../Projects/Squeak/Content/ControllerIconPack/Textures/Macro_Icons/PC_Controller/Light/T_PC_0_Light_128x128.uasset" 3992
"../../../../../Projects/Squeak/Content/ControllerIconPack/Textures/Macro_Icons/PC_Controller/Light/T_PC_1_Light_128x128.uasset" 3993
"../../../../../Projects/Squeak/Content/ControllerIconPack/Textures/Macro_Icons/PC_Controller/Light/T_PC_2_Light_128x128.uasset" 3994
"../../../../../Projects/Squeak/Content/ControllerIconPack/Textures/Macro_Icons/PC_Controller/Light/T_PC_3_Light_128x128.uasset" 3995
"../../../../../Projects/Squeak/Content/ControllerIconPack/Textures/Macro_Icons/PC_Controller/Light/T_PC_4_Light_128x128.uasset" 3996
"../../../../../Projects/Squeak/Content/ControllerIconPack/Textures/Macro_Icons/PC_Controller/Light/T_PC_5_Light_128x128.uasset" 3997
"../../../../../Projects/Squeak/Content/ControllerIconPack/Textures/Macro_Icons/PC_Controller/Light/T_PC_6_Light_128x128.uasset" 3998
"../../../../../Projects/Squeak/Content/ControllerIconPack/Textures/Macro_Icons/PC_Controller/Light/T_PC_7_Light_128x128.uasset" 3999
"../../../../../Projects/Squeak/Content/ControllerIconPack/Textures/Macro_Icons/PC_Controller/Light/T_PC_8_Light_128x128.uasset" 4000
"../../../../../Projects/Squeak/Content/ControllerIconPack/Textures/Macro_Icons/PC_Controller/Light/T_PC_9_Light_128x128.uasset" 4001
"../../../../../Projects/Squeak/Content/ControllerIconPack/Textures/Macro_Icons/PC_Controller/Light/T_PC_A_Light_128x128.uasset" 4002
"../../../../../Projects/Squeak/Content/ControllerIconPack/Textures/Macro_Icons/PC_Controller/Light/T_PC_D_Light_128x128.uasset" 4003
"../../../../../Projects/Squeak/Content/ControllerIconPack/Textures/Macro_Icons/PC_Controller/Light/T_PC_Q_Light_128x128.uasset" 4004
"../../../../../Projects/Squeak/Content/ControllerIconPack/Textures/Macro_Icons/PC_Controller/Light/T_PC_S_Light_128x128.uasset" 4005
"../../../../../Projects/Squeak/Content/ControllerIconPack/Textures/Macro_Icons/PC_Controller/Light/T_PC_W_Light_128x128.uasset" 4006
"../../../../../Projects/Squeak/Content/ControllerIconPack/Textures/Macro_Icons/PC_Controller/Light/T_PC_Z_Light_128x128.uasset" 4007
"../../../../../Projects/Squeak/Content/ControllerIconPack/Textures/Macro_Icons/XB_Controller/Light/T_XB_Base_B_Light_128x128.uasset" 4008
"../../../../../Projects/Squeak/Content/ControllerIconPack/Textures/Macro_Icons/XB_Controller/Light/T_XB_Base_X_Light_128x128.uasset" 4009
"../../../../../Projects/Squeak/Content/ControllerIconPack/Textures/Macro_Icons/XB_Controller/Light/T_XB_Base_Y_Light_128x128.uasset" 4010
"/Game/content_2/AbandonedHospital/Additional/Materials/Cup_001" 4011
"/Game/content_2/AbandonedHospital/Additional/Materials/Base_Cup" 4012
"E:/Development/Projects/Squeak/Content/content_2/StorageHouse/Textures/T_CratePlastic_C_N.uasset" 4013
"E:/Development/Projects/Squeak/Content/content_2/StorageHouse/Textures/T_CratePlastic_C_ORM.uasset" 4014
"E:/Development/Projects/Squeak/Content/content_2/StorageHouse/Materials/MI_CratePlasticC_01.uasset" 4015
"E:/Development/Projects/Squeak/Content/content_2/StorageHouse/Meshes/Props/SM_CratePlastic_C_02.uasset" 4016
"E:/Development/Projects/Squeak/Content/content_2/StorageHouse/Meshes/Props/SM_CratePlastic_E_03.uasset" 4017
"/Game/content_2/StorageHouse/Textures/T_CratePlastic_C_M" 4018
"E:/Development/Projects/Squeak/Content/content_2/AbandonedHospital/Additional/SM_Med_Wall_Display/Textures/T_Med_Wall_Display_BaseColor.uasset" 4019
"E:/Development/Projects/Squeak/Content/content_2/AbandonedHospital/Additional/SM_Med_Wall_Display/Textures/T_Med_Wall_Display_Emissive.uasset" 4020
"E:/Development/Projects/Squeak/Content/content_2/AbandonedHospital/Additional/SM_Med_Wall_Display/Textures/T_Med_Wall_Display_Metallic-T_Med_Wall_Display_Roughness.uasset" 4021
"/Game/content_2/StorageHouse/Textures/T_CratePlastic_C_D" 4022
"/Game/content_2/StorageHouse/Materials/M_BeamsA" 4023
"../../../../../Projects/Squeak/Content/content_2/StorageHouse/Textures/T_Floor_01_D.uasset" 4024
"/Game/content_2/StorageHouse/Meshes/Props/SM_CratePlastic_B_01" 4025
"/Game/content_2/StorageHouse/Meshes/Props/SM_CratePlastic_A_02" 4026
"/Game/content_2/StorageHouse/Meshes/Props/SM_CratePlastic_A_01" 4027
"/Game/content_2/StorageHouse/Meshes/Props/SM_BottlePlasticE_02" 4028
"../../../../../Projects/Squeak/Content/content_2/StorageHouse/Materials/MI_BottlesPlastic_01.uasset" 4029
"../../../../../Projects/Squeak/Content/content_2/StorageHouse/Materials/M_MasterProps.uasset" 4030
"../../../../../Projects/Squeak/Content/content_2/StorageHouse/Textures/T_BottlesPlastic_D.uasset" 4031
"../../../../../Projects/Squeak/Content/content_2/StorageHouse/Textures/T_BottlesPlastic_N.uasset" 4032
"../../../../../Projects/Squeak/Content/content_2/StorageHouse/Textures/T_BottlesPlastic_ORM.uasset" 4033
"../../../../../Projects/Squeak/Content/content_2/StorageHouse/Textures/T_Floor_01_N.uasset" 4034
"/Game/content_2/StorageHouse/Meshes/Props/SM_BottlePlasticD_02" 4035
"/Game/content_2/StorageHouse/Meshes/Props/SM_BottlePlasticB_02" 4036
"/Game/content_2/ThrowableObject/BP_Throwable_Samll_Coffe_Cup" 4037
"E:/Development/Projects/Squeak/Content/content_2/AbandonedHospital/Additional/SM_Med_Wall_Display/Textures/T_Med_Wall_Display_Normal.uasset" 4038
"E:/Development/Projects/Squeak/Content/content_2/AbandonedHospital/Additional/SM_Med_Wall_Display/Materials/M_Med_Wall_Display.uasset" 4039
"E:/Development/Projects/Squeak/Content/content_2/AbandonedHospital/Additional/SM_Med_Wall_Display/Textures/T_Med_Wall_Display_Screen_Emissive1.uasset" 4040
"E:/Development/Projects/Squeak/Content/content_2/AbandonedHospital/Additional/SM_Med_Wall_Display/Textures/T_Med_Wall_Display_Screen_Normal.uasset" 4041
"E:/Development/Projects/Squeak/Content/content_2/AbandonedHospital/Additional/SM_Med_Wall_Display/Textures/T_Med_Wall_Display_Screen_Metallic-T_Med_Wall_Display_Screen_Roughness.uasset" 4042
"E:/Development/Projects/Squeak/Content/content_2/AbandonedHospital/Additional/SM_Med_Wall_Display/Materials/M_Med_Wall_Display_Screen.uasset" 4043
"E:/Development/Projects/Squeak/Content/content_2/AbandonedHospital/Additional/SM_Med_Wall_Display/StaticMeshes/SM_Med_Wall_Display.uasset" 4044
"E:/Development/Projects/Squeak/Content/content_2/AbandonedHospital/Additional/StaticMeshes/Lamp/SM_Lamp_29_Head_Lamp_29_0.uasset" 4045
"E:/Development/Projects/Squeak/Content/content_2/AbandonedHospital/Additional/StaticMeshes/Lamp/SM_Lamp_29_Base_Lamp_29_0.uasset" 4046
"E:/Development/Projects/Squeak/Content/content_2/AbandonedHospital/Additional/SM_Med_Wall_Display/Textures/T_Med_Wall_Display_Screen_BaseColor.uasset" 4047
"/Game/content_2/AbandonedHospital/Additional/SM_Med_Wall_Display/Textures/T_Med_Wall_Display_Metallic-T_Med_Wall_Display_Roughness" 4048
"E:/Development/Projects/Squeak/Content/content_2/AbandonedHospital/Additional/StaticMeshes/Lamp/SM_Lamp_29_J2_Lamp_29_0.uasset" 4049
"E:/Development/Projects/Squeak/Content/content_2/AbandonedHospital/Additional/StaticMeshes/Lamp/SM_Lamp_29_J1_Lamp_29_0.uasset" 4050
"E:/Development/Projects/Squeak/Content/content_2/AbandonedHospital/Additional/StaticMeshes/Lamp/SM_Lamp_29_J3_Lamp_29_0.uasset" 4051
"E:/Development/Projects/Squeak/Content/content_2/AbandonedHospital/Additional/Textures/lamp_29_texture_3.uasset" 4052
"/Game/content_2/AbandonedHospital/Additional/SM_Med_Wall_Display/Textures/T_Med_Wall_Display_Emissive" 4053
"E:/Development/Projects/Squeak/Content/content_2/AbandonedHospital/Additional/Textures/lamp_29_texture_2.uasset" 4054
"E:/Development/Projects/Squeak/Content/content_2/AbandonedHospital/Additional/Textures/lamp_29_texture_1.uasset" 4055
"/Game/content_2/AbandonedHospital/Additional/SM_Med_Wall_Display/Textures/T_Med_Wall_Display_BaseColor" 4056
"E:/Development/Projects/Squeak/Content/content_2/AbandonedHospital/Additional/Textures/lamp_29_texture_0.uasset" 4057
"E:/Development/Projects/Squeak/Content/content_2/AbandonedHospital/Additional/Materials/Lamp_29.uasset" 4058
"E:/Development/Projects/Squeak/Content/content_2/AbandonedHospital/Additional/StaticMeshes/Lamp/SM_Lamp_29_J4_Lamp_29_0.uasset" 4059
"E:/Development/Projects/Squeak/Content/content_2/AbandonedHospital/Additional/StaticMeshes/Lamp/BP_LampTable.uasset" 4060
"/Game/content_2/StorageHouse/Meshes/Props/SM_CratePlastic_E_03" 4061
"E:/Development/Projects/Squeak/Content/content_2/StorageHouse/Meshes/Props/SM_BottlePlasticA_02.uasset" 4062
"E:/Development/Projects/Squeak/Content/content_2/StorageHouse/Meshes/Props/SM_BottlePlasticA_01.uasset" 4063
"E:/Development/Projects/Squeak/Content/content_2/StorageHouse/Textures/T_CardBoxB_D.uasset" 4064
"../../../../../Projects/Squeak/Content/content_2/StorageHouse/Materials/MI_CratePlasticE_01.uasset" 4065
"E:/Development/Projects/Squeak/Content/content_2/StorageHouse/Textures/T_CardBoxB_N.uasset" 4066
"../../../../../Projects/Squeak/Content/content_2/StorageHouse/Materials/M_BarelPlasticA.uasset" 4067
"../../../../../Projects/Squeak/Content/content_2/StorageHouse/Textures/T_CratePlastic_E_D.uasset" 4068
"../../../../../Projects/Squeak/Content/content_2/StorageHouse/Textures/T_CratePlastic_E_M.uasset" 4069
"../../../../../Projects/Squeak/Content/content_2/StorageHouse/Textures/T_CratePlastic_E_N.uasset" 4070
"../../../../../Projects/Squeak/Content/content_2/StorageHouse/Textures/T_CratePlastic_E_ORM.uasset" 4071
"../../../../../Projects/Squeak/Content/content_2/StorageHouse/Textures/T_BarelPlasticA_D.uasset" 4072
"../../../../../Projects/Squeak/Content/content_2/StorageHouse/Textures/T_BarelPlasticA_M.uasset" 4073
"../../../../../Projects/Squeak/Content/content_2/StorageHouse/Textures/T_BarelPlasticA_N.uasset" 4074
"../../../../../Projects/Squeak/Content/content_2/StorageHouse/Textures/T_BarelPlasticA_ORM.uasset" 4075
"/Game/content_2/StorageHouse/Meshes/Props/SM_CratePlastic_C_02" 4076
"E:/Development/Projects/Squeak/Content/content_2/StorageHouse/Textures/T_CardBoxB_ORM.uasset" 4077
"E:/Development/Projects/Squeak/Content/content_2/StorageHouse/Meshes/Props/SM_CardBoxC_01.uasset" 4078
"E:/Development/Projects/Squeak/Content/content_2/StorageHouse/Materials/MI_CardBoxC.uasset" 4079
"E:/Development/Projects/Squeak/Content/content_2/StorageHouse/Textures/T_CardBoxC_ORM.uasset" 4080
"E:/Development/Projects/Squeak/Content/content_2/StorageHouse/Textures/T_CardBoxC_N.uasset" 4081
"/Game/content_2/StorageHouse/Meshes/Props/SM_BottlePlasticA_01" 4082
"E:/Development/Projects/Squeak/Content/content_2/StorageHouse/Materials/MI_CardBoxB.uasset" 4083
"E:/Development/Projects/Squeak/Content/content_2/StorageHouse/Textures/T_CardBoxC_D.uasset" 4084
"E:/Development/Projects/Squeak/Content/content_2/StorageHouse/Meshes/Props/SM_CardBoxB_01.uasset" 4085
"/Game/content_2/AbandonedHospital/Additional/StaticMeshes/Lamp/BP_LampTable" 4086
"/Game/content_2/AbandonedHospital/Additional/SM_Med_Wall_Display/StaticMeshes/SM_Med_Wall_Display" 4087
"/Game/content_2/StorageHouse/Meshes/Props/SM_BottlePlasticA_02" 4088
"/Game/content_2/StorageHouse/Textures/T_CardBoxB_D" 4089
"/Game/content_2/StorageHouse/Textures/T_CardBoxB_N" 4090
"E:/Development/Projects/Squeak/Content/content_2/StorageHouse/Meshes/Props/SM_CardBoxD_04.uasset" 4091
"E:/Development/Projects/Squeak/Content/content_2/StorageHouse/Textures/T_CardBoxD_D.uasset" 4092
"E:/Development/Projects/Squeak/Content/content_2/StorageHouse/Textures/T_CardBoxD_N.uasset" 4093
"E:/Development/Projects/Squeak/Content/content_2/StorageHouse/Materials/MI_CardBoxD.uasset" 4094
"E:/Development/Projects/Squeak/Content/content_2/StorageHouse/Meshes/Props/SM_CardBoxD_05.uasset" 4095
"E:/Development/Projects/Squeak/Content/content_2/StorageHouse/Materials/MI_CratePlasticE_02.uasset" 4096
"/Game/content_2/StorageHouse/Materials/MI_CardBoxC" 4097
"E:/Development/Projects/Squeak/Content/content_2/StorageHouse/Meshes/Props/SM_CratePlastic_E_01.uasset" 4098
"E:/Development/Projects/Squeak/Content/content_2/StorageHouse/Textures/T_CardBoxD_ORM.uasset" 4099
"E:/Development/Projects/Squeak/Content/content_2/StorageHouse/Meshes/Props/SM_CardBoxD_01.uasset" 4100
"E:/Development/Projects/Squeak/Content/content_2/StorageHouse/Meshes/Props/SM_CardBoxC_02.uasset" 4101
"E:/Development/Projects/Squeak/Content/content_2/StorageHouse/Meshes/Props/SM_CratePlastic_E_02.uasset" 4102
"E:/Development/Projects/Squeak/Content/content_2/StorageHouse/Meshes/Props/SM_FirstAidKit_Disifectant_01.uasset" 4103
"E:/Development/Projects/Squeak/Content/content_2/StorageHouse/Textures/T_FirstAid_D.uasset" 4104
"E:/Development/Projects/Squeak/Content/content_2/StorageHouse/Textures/T_FirstAid_N.uasset" 4105
"E:/Development/Projects/Squeak/Content/content_2/StorageHouse/Textures/T_FirstAid_ORM.uasset" 4106
"E:/Development/Projects/Squeak/Content/content_2/StorageHouse/Materials/MI_FirstAid_01.uasset" 4107
"E:/Development/Projects/Squeak/Content/content_2/StorageHouse/Meshes/Props/SM_FirstAidKit_Disifectant_02.uasset" 4108
"E:/Development/Projects/Squeak/Content/content_2/AbandonedHospital/Additional/Security_Cam/StaticMeshes/SM_Sequrty_Camera.uasset" 4109
"E:/Development/Projects/Squeak/Content/content_2/AbandonedHospital/Additional/Security_Cam/Textures/security_camera_texture_2.uasset" 4110
"E:/Development/Projects/Squeak/Content/content_2/AbandonedHospital/Additional/Security_Cam/Textures/security_camera_texture_1.uasset" 4111
"E:/Development/Projects/Squeak/Content/content_2/AbandonedHospital/Additional/Security_Cam/Textures/security_camera_texture_0.uasset" 4112
"E:/Development/Projects/Squeak/Content/content_2/AbandonedHospital/Additional/Security_Cam/Materials/DefaultMaterial.uasset" 4113
"E:/Development/Projects/Squeak/Content/content_2/AbandonedHospital/Additional/Security_Cam/StaticMeshes/SM_Sequrty_Camera_Body.uasset" 4114
"E:/Development/Projects/Squeak/Content/content_2/AbandonedHospital/Additional/Security_Cam/BP_Security_Camera.uasset" 4115
"/Game/content_2/StorageHouse/Meshes/Props/SM_CardBoxC_01" 4116
"/Game/content_2/StorageHouse/Meshes/Props/SM_CardBoxB_01" 4117
"E:/Development/Projects/Squeak/Content/content_2/AbandonedHospital/Meshes/StaticMeshes/SM_Photocopier.uasset" 4118
"E:/Development/Projects/Squeak/Content/content_2/AbandonedHospital/Meshes/StaticMeshes/SM_Reception_Counter_01.uasset" 4119
"E:/Development/Projects/Squeak/Content/content_2/AbandonedHospital/Materials/POM/MI_POM_Color_DarkBlue.uasset" 4120
"E:/Development/Projects/Squeak/Content/content_2/AbandonedHospital/Additional/StaticMeshes/Cylinder002_Material__27_0.uasset" 4121
"E:/Development/Projects/Squeak/Content/content_2/AbandonedHospital/Additional/SM_WallGuard_Stairs_02.uasset" 4122
"E:/Development/Projects/Squeak/Content/content_2/AbandonedHospital/Additional/SM_Laboratory_BigDesk_02.uasset" 4123
"E:/Development/Projects/Squeak/Content/content_2/AbandonedHospital/Additional/SM_Lab_Shel.uasset" 4124
"E:/Development/Projects/Squeak/Content/content_2/AbandonedHospital/Additional/StaticMeshes/Cylinder001_Material__26_0.uasset" 4125
"/Game/content_2/AbandonedHospital/Additional/Security_Cam/StaticMeshes/SM_Sequrty_Camera" 4126
"/Game/content_2/StorageHouse/Meshes/Props/SM_FirstAidKit_Disifectant_02" 4127
"/Game/content_2/StorageHouse/Meshes/Props/SM_FirstAidKit_Disifectant_01" 4128
"/Game/content_2/StorageHouse/Meshes/Props/SM_CratePlastic_E_02" 4129
"/Game/content_2/StorageHouse/Meshes/Props/SM_CratePlastic_E_01" 4130
"/Game/content_2/StorageHouse/Meshes/Props/SM_CardBoxD_05" 4131
"/Game/content_2/AbandonedHospital/Additional/SM_WallGuard_Stairs_02" 4132
"../../../../../Projects/Squeak/Content/content_2/AbandonedHospital/Materials/MI_DirtyDecal_02.uasset" 4133
"../../../../../Projects/Squeak/Content/content_2/AbandonedHospital/Materials/MI_Window_Aluminum_01.uasset" 4134
"../../../../../Projects/Squeak/Content/content_2/RoomEditor/Material/New/M_Wall_Second.uasset" 4135
"../../../../../Projects/Squeak/Content/content_2/AbandonedHospital/Materials/M_BaseDecal_01.uasset" 4136
"../../../../../Projects/Squeak/Content/content_2/AbandonedHospital/Textures/T_WallLeak_01_BaseColor.uasset" 4137
"../../../../../Projects/Squeak/Content/content_2/AbandonedHospital/Textures/T_WallLeak_02_Opacity.uasset" 4138
"../../../../../Projects/Squeak/Content/content_2/AbandonedHospital/Materials/M_BaseMaterials.uasset" 4139
"../../../../../Projects/Squeak/Content/content_2/AbandonedHospital/Textures/T_Aluminim_01_OcclusionRoughnessMetallic.uasset" 4140
"../../../../../Projects/Squeak/Content/content_2/AbandonedHospital/Textures/T_Dirty_Concrete_02_Normal.uasset" 4141
"../../../../../Projects/Squeak/Content/content_2/AbandonedHospital/Textures/T_TextureSet_01.uasset" 4142
"../../../../../Projects/Squeak/Content/content_2/AbandonedHospital/Textures/T_WallLeak_01_Opacity.uasset" 4143
"/Game/content_2/AbandonedHospital/Meshes/StaticMeshes/SM_Reception_Counter_01" 4144
"../../../../../Projects/Squeak/Content/content_2/AbandonedHospital/Materials/MI_DirtyDecal_03.uasset" 4145
"../../../../../Projects/Squeak/Content/content_2/AbandonedHospital/Materials/MI_Plastic_Tile_Blue.uasset" 4146
"../../../../../Projects/Squeak/Content/content_2/AbandonedHospital/Materials/MI_Window_Aluminum_03.uasset" 4147
"../../../../../Projects/Squeak/Content/content_2/AbandonedHospital/Materials/MI_Plastic_Tile_White.uasset" 4148
"../../../../../Projects/Squeak/Content/content_2/AbandonedHospital/Materials/MI_Window_Aluminum_02.uasset" 4149
"../../../../../Projects/Squeak/Content/content_2/AbandonedHospital/Textures/T_Plastic_Tile_Normal.uasset" 4150
"../../../../../Projects/Squeak/Content/content_2/AbandonedHospital/Textures/T_Plastic_Tile_OcclusionRoughnessMetallic.uasset" 4151
"/Game/content_2/StorageHouse/Meshes/Props/SM_CardBoxD_04" 4152
"/Game/content_2/StorageHouse/Meshes/Props/SM_CardBoxD_01" 4153
"/Game/content_2/StorageHouse/Meshes/Props/SM_CardBoxC_02" 4154
"/Game/content_2/AbandonedHospital/Additional/Security_Cam/StaticMeshes/SM_Sequrty_Camera_Body" 4155
"/Game/content_2/AbandonedHospital/Additional/Security_Cam/BP_Security_Camera" 4156
"E:/Development/Projects/Squeak/Content/content_2/DustBox/Samples/Textures/T_GrungySurface_slnneipc_4K_MR.uasset" 4157
"E:/Development/Projects/Squeak/Content/content_2/Doors_And_Drawers_SFX/Elevator/Elevator_Door_Open/WAV_Elevator_Door_Open_1.uasset" 4158
"E:/Development/Projects/Squeak/Content/content_2/AbandonedHospital/Additional/SM_Reception_Counter_03.uasset" 4159
"E:/Development/Projects/Squeak/Content/content_2/AmbulancePropPack/Meshes/SetDressing/Ambulance_Equipment/SM_AmbulanceTray02c.uasset" 4160
"../../../Engine/Content/OpenWorldTemplate/LandscapeMaterial/MF_RSquareGradient.uasset" 4161
"E:/Development/Projects/Squeak/Content/content_2/DustBox/Samples/Materials/M_Tile.uasset" 4162
"E:/Development/Projects/Squeak/Content/content_2/AbandonedHospital/Additional/SM_Reception_Counter_02.uasset" 4163
"E:/Development/Projects/Squeak/Content/content_2/AbandonedHospital/Meshes/StaticMeshes/SM_BedsideCabinet_07.uasset" 4164
"/Game/content_2/AbandonedHospital/Additional/SM_Laboratory_BigDesk_02" 4165
"E:/Development/Projects/Squeak/Content/content_2/DustBox/Samples/Materials/MI_TileBlack.uasset" 4166
"E:/Development/Projects/Squeak/Content/content_2/InteractiveObject/Elevator/SM_Elevator_Body.uasset" 4167
"E:/Development/Projects/Squeak/Content/content_2/InteractiveObject/Elevator/SM_Elevator_Door_Left.uasset" 4168
"E:/Development/Projects/Squeak/Content/content_2/InteractiveObject/Elevator/SM_Elevator_Door_Right.uasset" 4169
"E:/Development/Projects/Squeak/Content/content_2/AbandonedHospital/Meshes/StaticMeshes/SM_ElevatorBoard_01.uasset" 4170
"E:/Development/Projects/Squeak/Content/content_2/AbandonedHospital/Meshes/StaticMeshes/SM_ElevatorBoard_02.uasset" 4171
"E:/Development/Projects/Squeak/Content/content_2/RoomEditor/StaticMesh/Wall_Placeholder_Connector_2.uasset" 4172
"../../../../../Projects/Squeak/Content/content_2/AbandonedHospital/Materials/MI_Plastic_Tile_Black.uasset" 4173
"E:/Development/Projects/Squeak/Content/content_2/AbandonedHospital/Textures/T_Epoxy_01_Normal.uasset" 4174
"E:/Development/Projects/Squeak/Content/content_2/RoomEditor/Material/New/M_Floor_Align.uasset" 4175
"E:/Development/Projects/Squeak/Content/content_2/RoomEditor/Material/New/M_Floor_Epoxy.uasset" 4176
"E:/Development/Projects/Squeak/Content/content_2/InteractiveObject/Elevator/BP_Elevator.uasset" 4177
"E:/Development/Projects/Squeak/Content/content_2/Doors_And_Drawers_SFX/Metal/WAW_Metal_Ring.uasset" 4178
"E:/Development/Projects/Squeak/Content/content_2/StorageHouse/Meshes/Props/SM_FireExtinguisher_Part_02.uasset" 4179
"E:/Development/Projects/Squeak/Content/content_2/StorageHouse/Meshes/Props/SM_FireExtinguisher_Part_09.uasset" 4180
"E:/Development/Projects/Squeak/Content/content_2/StorageHouse/Textures/T_FireExtinguisher_D.uasset" 4181
"E:/Development/Projects/Squeak/Content/content_2/StorageHouse/Textures/T_FireExtinguisher_N.uasset" 4182
"E:/Development/Projects/Squeak/Content/content_2/StorageHouse/Textures/T_FireExtinguisher_ORM.uasset" 4183
"E:/Development/Projects/Squeak/Content/content_2/StorageHouse/Materials/MI_FireExtinguisher_01.uasset" 4184
"../../../../../Projects/Squeak/Content/content_2/AbandonedHospital/Materials/MI_TextDecalBase_Bright.uasset" 4185
"../../../../../Projects/Squeak/Content/content_2/AbandonedHospital/Materials/POM/MI_POM_Color_Metal.uasset" 4186
"../../../../../Projects/Squeak/Content/content_2/AbandonedHospital/Materials/MI_Plastic_Tile_Grey.uasset" 4187
"../../../../../Projects/Squeak/Content/content_2/AbandonedHospital/Materials/M_TextBase.uasset" 4188
"../../../../../Projects/Squeak/Content/content_2/AbandonedHospital/Materials/POM/M_POM.uasset" 4189
"../../../../../Projects/Squeak/Content/content_2/AbandonedHospital/Textures/T_Decal_Opacity_Detail.uasset" 4190
"../../../../../Projects/Squeak/Content/content_2/AbandonedHospital/Textures/T_Text_Decal_01.uasset" 4191
"../../../Engine/Content/Functions/Engine_MaterialFunctions01/Texturing/ParallaxOcclusionMapping.uasset" 4192
"../../../Engine/Content/Functions/Engine_MaterialFunctions02/Math/CreateThirdOrthogonalVector.uasset" 4193
"../../../Engine/Content/Functions/Engine_MaterialFunctions02/Math/InverseTransformMatrix.uasset" 4194
"../../../Engine/Content/Functions/Engine_MaterialFunctions02/Math/TransformToZVector.uasset" 4195
"../../../Engine/Content/Functions/Engine_MaterialFunctions02/Texturing/ScreenAlignedPixelToPixelUVs.uasset" 4196
"../../../Engine/Content/Functions/Engine_MaterialFunctions02/Utility/DitherTemporalAA.uasset" 4197
"../../../Engine/Content/EngineVolumetrics/Fogsheet/Materials/T_EV_BlankWhite_01.uasset" 4198
"../../../../../Projects/Squeak/Content/content_2/AbandonedHospital/Textures/POM/T_POM_AO.uasset" 4199
"../../../../../Projects/Squeak/Content/content_2/AbandonedHospital/Textures/POM/T_POM_Height.uasset" 4200
"../../../../../Projects/Squeak/Content/content_2/AbandonedHospital/Textures/POM/T_POM_Normal.uasset" 4201
"../../../../../Projects/Squeak/Content/content_2/AbandonedHospital/Textures/POM/T_POM_Opacity.uasset" 4202
"/Game/content_2/AbandonedHospital/Additional/SM_Lab_Shel" 4203
"/Game/content_2/AbandonedHospital/Meshes/StaticMeshes/SM_Photocopier" 4204
"../../../../../Projects/Squeak/Content/content_2/AbandonedHospital/Materials/MI_PlasticColor_03.uasset" 4205
"../../../../../Projects/Squeak/Content/content_2/AbandonedHospital/Materials/MI_PlasticColor_04.uasset" 4206
"../../../../../Projects/Squeak/Content/content_2/AbandonedHospital/Materials/MI_TextDecalBase_Dark.uasset" 4207
"../../../../../Projects/Squeak/Content/content_2/AbandonedHospital/Materials/POM/MI_POM_Color_Grey.uasset" 4208
"../../../../../Projects/Squeak/Content/content_2/AbandonedHospital/Materials/MI_PlasticColor_02.uasset" 4209
"../../../../../Projects/Squeak/Content/content_2/AbandonedHospital/Materials/POM/MI_POM_Color_Blue.uasset" 4210
"../../../../../Projects/Squeak/Content/content_2/AbandonedHospital/Materials/MI_PlasticColor_01.uasset" 4211
"../../../../../Projects/Squeak/Content/content_2/AbandonedHospital/Materials/M_BaseColor_01.uasset" 4212
"/Game/content_2/AbandonedHospital/Additional/StaticMeshes/Cylinder002_Material__27_0" 4213
"/Game/content_2/AbandonedHospital/Additional/StaticMeshes/Cylinder001_Material__26_0" 4214
"E:/Development/Projects/Squeak/Content/content_2/PlayerAuraEffect/Audio/Sounds_Cue/A_DashWoosh04_Cue.uasset" 4215
"E:/Development/Projects/Squeak/Content/VdbSmokePackP1/Sources/VDB_Sources/SVT_VDBSmoke1.uasset" 4216
"E:/Development/Projects/Squeak/Content/content_2/InteractiveObject/Fire/BP_FireExtinguisher.uasset" 4217
"E:/Development/Projects/Squeak/Content/content_2/PlayerAuraEffect/Audio/Sounds_Wav/A_DashWoosh04.uasset" 4218
"E:/Development/Projects/Squeak/Content/content_2/AbandonedHospital/Meshes/StaticMeshes/SM_WallAccessories_FireExtinguisher_Sign_01.uasset" 4219
"E:/Development/Projects/Squeak/Content/content_2/StorageHouse/Meshes/Props/SM_FireExtinguisher_Part_10.uasset" 4220
"/Game/content_2/StorageHouse/Meshes/Props/SM_FireExtinguisher_Part_09" 4221
"/Game/content_2/StorageHouse/Meshes/Props/SM_FireExtinguisher_Part_02" 4222
"/Game/content_2/Doors_And_Drawers_SFX/Metal/WAW_Metal_Ring" 4223
"/Game/content_2/InteractiveObject/Elevator/BP_Elevator" 4224
"../../../../../Projects/Squeak/Content/content_2/RoomEditor/StaticMesh/SM_Wall_Main_Hospital.uasset" 4225
"../../../../../Projects/Squeak/Content/content_2/RoomEditor/Material/BeadboardPanel01A/Materials/MI_BeadboardPanel01A.uasset" 4226
"../../../Engine/Content/Functions/Engine_MaterialFunctions01/Gradient/BoxMask-2D.uasset" 4227
"../../../Engine/Content/Functions/Engine_MaterialFunctions01/Gradient/LinearGradient.uasset" 4228
"../../../Engine/Content/Functions/Engine_MaterialFunctions01/ImageAdjustment/CheapContrast.uasset" 4229
"../../../Engine/Content/Functions/Engine_MaterialFunctions01/Texturing/WorldAlignedTexture.uasset" 4230
"../../../Engine/Content/Functions/Engine_MaterialFunctions01/Texturing/WorldAlignedNormal.uasset" 4231
"../../../Engine/Content/Functions/Engine_MaterialFunctions02/WorldAlignedNormals_HighQuality.uasset" 4232
"../../../Engine/Content/EngineMaterials/DefaultNormal_Uncompressed.uasset" 4233
"../../../../../Projects/Squeak/Content/content_2/RoomEditor/Material/BeadboardPanel01A/Materials/MM_TileMaterial.uasset" 4234
"../../../../../Projects/Squeak/Content/content_2/RoomEditor/Material/BeadboardPanel01A/Textures/T_BeadboardPanel01A_C.uasset" 4235
"../../../../../Projects/Squeak/Content/content_2/RoomEditor/Material/BeadboardPanel01A/Textures/T_BeadboardPanel01A_N.uasset" 4236
"../../../../../Projects/Squeak/Content/content_2/RoomEditor/Material/BeadboardPanel01A/Textures/T_BeadboardPanel01A_V.uasset" 4237
"../../../Engine/Content/Functions/Engine_MaterialFunctions01/Texturing/WorldAlignedTexture_SeperateChannels.uasset" 4238
"/Game/content_2/AbandonedHospital/Meshes/StaticMeshes/SM_BedsideCabinet_07" 4239
"/Game/content_2/AmbulancePropPack/Meshes/SetDressing/Ambulance_Equipment/SM_AmbulanceTray02c" 4240
"../../../../../Projects/Squeak/Content/content_2/AmbulancePropPack/Materials/SetDressing/Ambulance_Equipment/MI_AmbulanceEquipment01.uasset" 4241
"../../../../../Projects/Squeak/Content/content_2/AmbulancePropPack/Materials/SetDressing/Ambulance_Equipment/MI_AmbulanceTrays01.uasset" 4242
"../../../../../Projects/Squeak/Content/content_2/AmbulancePropPack/Materials/SetDressing/Ambulance_Equipment/MI_Clutter_Ambulance01.uasset" 4243
"../../../../../Projects/Squeak/Content/content_2/AmbulancePropPack/Materials/SetDressing/M_PropMASTER.uasset" 4244
"../../../../../Projects/Squeak/Content/content_2/AmbulancePropPack/Textures/SetDressing/Ambulance_Equipment/T_AmbulanceProps01_BC.uasset" 4245
"../../../../../Projects/Squeak/Content/content_2/AmbulancePropPack/Textures/SetDressing/Ambulance_Equipment/T_AmbulanceProps01_MR.uasset" 4246
"../../../../../Projects/Squeak/Content/content_2/AmbulancePropPack/Textures/SetDressing/Ambulance_Equipment/T_AmbulanceProps01_N.uasset" 4247
"../../../../../Projects/Squeak/Content/content_2/AmbulancePropPack/Textures/SetDressing/Ambulance_Equipment/T_AmbulanceTray01_BC.uasset" 4248
"../../../../../Projects/Squeak/Content/content_2/AmbulancePropPack/Textures/SetDressing/Ambulance_Equipment/T_AmbulanceTray01_MRM.uasset" 4249
"../../../../../Projects/Squeak/Content/content_2/AmbulancePropPack/Textures/SetDressing/Ambulance_Equipment/T_AmbulanceTray01_N.uasset" 4250
"../../../../../Projects/Squeak/Content/content_2/AmbulancePropPack/Textures/SetDressing/Ambulance_Equipment/T_Clutter_Ambulance01_BC.uasset" 4251
"../../../../../Projects/Squeak/Content/content_2/AmbulancePropPack/Textures/SetDressing/Ambulance_Equipment/T_Clutter_Ambulance01_MRM.uasset" 4252
"../../../../../Projects/Squeak/Content/content_2/AmbulancePropPack/Textures/SetDressing/Ambulance_Equipment/T_Clutter_Ambulance01_N.uasset" 4253
"../../../Engine/Content/Functions/Engine_MaterialFunctions01/AlphaBlend/WorldAlignedBlend.uasset" 4254
"../../../Engine/Content/Functions/Engine_MaterialFunctions01/Texturing/DetailTexturing.uasset" 4255
"../../../../../Projects/Squeak/Content/content_2/AmbulancePropPack/Materials/Functions/MF_LayerBlendDust.uasset" 4256
"../../../../../Projects/Squeak/Content/content_2/AmbulancePropPack/Materials/MPC_Dust.uasset" 4257
"../../../../../Projects/Squeak/Content/content_2/AmbulancePropPack/Textures/SetDressing/Ambulance_Equipment/T_OxygenBag01_BC.uasset" 4258
"../../../../../Projects/Squeak/Content/content_2/AmbulancePropPack/Textures/SetDressing/Ambulance_Equipment/T_OxygenBag01_MRM.uasset" 4259
"../../../../../Projects/Squeak/Content/content_2/AmbulancePropPack/Textures/SetDressing/Ambulance_Equipment/T_OxygenBag01_N.uasset" 4260
"../../../../../Projects/Squeak/Content/content_2/AmbulancePropPack/Textures/T_BlankTexture_Emissive.uasset" 4261
"../../../../../Projects/Squeak/Content/content_2/AmbulancePropPack/Textures/T_DetailNormal_Default_N.uasset" 4262
"../../../../../Projects/Squeak/Content/content_2/AmbulancePropPack/Textures/T_LayerBlendDust_Mask.uasset" 4263
"/Game/content_2/AbandonedHospital/Additional/SM_Reception_Counter_03" 4264
"/Game/content_2/AbandonedHospital/Additional/SM_Reception_Counter_02" 4265
"E:/Development/Projects/Squeak/Content/VdbSmokePackP1/Sources/VDB_Sources/VDBSmoke7.uasset" 4266
"E:/Development/Projects/Squeak/Content/VdbSmokePackP1/Sources/VDB_Sources/VDBSmoke8.uasset" 4267
"E:/Development/Projects/Squeak/Content/VdbSmokePackP1/Sources/Materials/Instance/MI_VdbSmoke_09.uasset" 4268
"E:/Development/Projects/Squeak/Content/VdbSmokePackP1/Sources/VDB_Sources/VDBSmoke6.uasset" 4269
"E:/Development/Projects/Squeak/Content/VdbSmokePackP1/Sources/Materials/Instance/MI_VdbSmoke_07.uasset" 4270
"E:/Development/Projects/Squeak/Content/VdbSmokePackP1/Sources/Materials/Instance/MI_VdbSmoke_01.uasset" 4271
"E:/Development/Projects/Squeak/Content/VdbSmokePackP1/Blueprints/Enum_SmokeFxList.uasset" 4272
"E:/Development/Projects/Squeak/Content/VdbSmokePackP1/Sources/Materials/Instance/MI_VdbSmoke_08.uasset" 4273
"E:/Development/Projects/Squeak/Content/VdbSmokePackP1/Sources/Materials/Instance/MI_VdbSmoke_06.uasset" 4274
"/Game/VdbSmokePackP1/Sources/VDB_Sources/SVT_VDBSmoke1" 4275
"E:/Development/Projects/Squeak/Content/VdbSmokePackP1/Sources/VDB_Sources/VDBSmoke5.uasset" 4276
"E:/Development/Projects/Squeak/Content/VdbSmokePackP1/Sources/Materials/Instance/MI_VdbSmoke_05.uasset" 4277
"E:/Development/Projects/Squeak/Content/VdbSmokePackP1/Sources/VDB_Sources/SVT_VDBSmoke3.uasset" 4278
"E:/Development/Projects/Squeak/Content/VdbSmokePackP1/Sources/Materials/Instance/MI_VdbSmoke_03.uasset" 4279
"E:/Development/Projects/Squeak/Content/VdbSmokePackP1/Sources/Materials/Instance/MI_VdbSmoke_02.uasset" 4280
"E:/Development/Projects/Squeak/Content/VdbSmokePackP1/Sources/VDB_Sources/VDBSmoke10.uasset" 4281
"E:/Development/Projects/Squeak/Content/VdbSmokePackP1/Sources/Materials/Instance/MI_VdbSmoke_10.uasset" 4282
"E:/Development/Projects/Squeak/Content/VdbSmokePackP1/Sources/Materials/MPC/MPC_VdbControl.uasset" 4283
"../../../Engine/Content/EngineResources/EmptySparseVolumeTexture.uasset" 4284
"E:/Development/Projects/Squeak/Content/VdbSmokePackP1/Sources/Materials/Master/M_SparseVolumeMaterial.uasset" 4285
"E:/Development/Projects/Squeak/Content/VdbSmokePackP1/Sources/VDB_Sources/SVT_VDBSmoke4.uasset" 4286
"E:/Development/Projects/Squeak/Content/VdbSmokePackP1/Sources/Materials/Instance/MI_VdbSmoke_04.uasset" 4287
"E:/Development/Projects/Squeak/Content/VdbSmokePackP1/Blueprints/BP_VDB_Smoke.uasset" 4288
"E:/Development/Projects/Squeak/Content/content_2/InteractiveObject/BedsideCabinet/SM_BedsideCabinet_07_Body.uasset" 4289
"E:/Development/Projects/Squeak/Content/content_2/InteractiveObject/BP_Bedsidecabinet.uasset" 4290
"E:/Development/Projects/Squeak/Content/content_2/InteractiveObject/CabinetDesk/SM_CabinetDesk_Body.uasset" 4291
"E:/Development/Projects/Squeak/Content/content_2/InteractiveObject/BP_CabinetDesk.uasset" 4292
"/Game/content_2/AbandonedHospital/Meshes/StaticMeshes/SM_WallAccessories_FireExtinguisher_Sign_01" 4293
"../../../../../Projects/Squeak/Content/content_2/AbandonedHospital/Materials/MI_Plastic_Tile_Red.uasset" 4294
"/Game/content_2/PlayerAuraEffect/Audio/Sounds_Cue/A_DashWoosh04_Cue" 4295
"/Game/content_2/StorageHouse/Meshes/Props/SM_FireExtinguisher_Part_10" 4296
"../../../Engine/Plugins/FX/Niagara/Content/Functions/Rotation/QuaternionToRotationMatrix.uasset" 4297
"E:/Development/Projects/Squeak/Content/content_2/PlayerAuraEffect/Materials/M_MASTER_Niagara_Ovrly.uasset" 4298
"../../../Engine/Plugins/FX/Niagara/Content/Functions/Localspace/TransformQuaternion.uasset" 4299
"../../../Engine/Plugins/FX/Niagara/Content/DynamicInputs/UniformRange/V2/RandomRangeVector.uasset" 4300
"/Game/content_2/InteractiveObject/BP_CabinetDesk" 4301
"../../../Engine/Plugins/FX/Niagara/Content/Modules/Spawn/Location/V2/SkeletalMeshLocation.uasset" 4302
"../../../../../Projects/Squeak/Content/content_0/base/drawer/BP_Cabinet.uasset" 4303
"../../../../../Projects/Squeak/Content/content_2/InteractiveObject/BedsideCabinet/BP_Drawer_BedsideCabinet.uasset" 4304
"../../../../../Projects/Squeak/Content/content_2/InteractiveObject/BedsideCabinet/BP_Drawer_Low_BedsideCabinet.uasset" 4305
"../../../../../Projects/Squeak/Content/content_0/base/drawer/BP_Drawer.uasset" 4306
"../../../../../Projects/Squeak/Content/content_2/InteractiveObject/Effects/N_Cabinet.uasset" 4307
"../../../../../Projects/Squeak/Content/content_2/InteractiveObject/BedsideCabinet/SM_BedsideCabinet_07_Drawer_High.uasset" 4308
"../../../../../Projects/Squeak/Content/content_2/InteractiveObject/BedsideCabinet/SM_BedsideCabinet_07_Drawer_Low.uasset" 4309
"../../../../../Projects/Squeak/Content/content_2/ThrowableObject/BP_Throwable_Samll_Bottle_1.uasset" 4310
"../../../../../Projects/Squeak/Content/content_2/Doors_And_Drawers_SFX/Cutlery_Drawer_Empty/Cutlery_Drawer_Empty_Open/WAV_Culery_Drawer_Empty_Open_1.uasset" 4311
"../../../../../Projects/Squeak/Content/content_2/Doors_And_Drawers_SFX/Cutlery_Drawer_Empty/Cutlery_Drawer_Empty_Open/WAV_Culery_Drawer_Empty_Open_3.uasset" 4312
"../../../../../Projects/Squeak/Content/content_2/PlayerAuraEffect/Materials/M_MASTER_Niagara_Ovrly.uasset" 4313
"../../Plugins/FX/Niagara/Content/DynamicInputs/TypeConversions/MakeVectorFromLinearColorRGB.uasset" 4314
"../../Plugins/FX/Niagara/Content/DynamicInputs/UniformRange/V2/RandomRangeVector.uasset" 4315
"../../Plugins/FX/Niagara/Content/Modules/Spawn/Location/V2/SkeletalMeshLocation.uasset" 4316
"../../Plugins/FX/Niagara/Content/Modules/Spawn/Velocity/AddVelocity.uasset" 4317
"../../Plugins/FX/Niagara/Content/Modules/Update/Forces/AerodynamicDrag.uasset" 4318
"../../Plugins/FX/Niagara/Content/Modules/Update/Forces/WindForce.uasset" 4319
"../../Plugins/FX/Niagara/Content/Enums/ENiagaraAerodynamicDragPivotMode.uasset" 4320
"../../Plugins/FX/Niagara/Content/Enums/ENiagaraBoneSamplingMode.uasset" 4321
"../../Plugins/FX/Niagara/Content/Enums/ENiagaraBoneSocketSamplingMode.uasset" 4322
"../../Plugins/FX/Niagara/Content/Enums/ENiagaraDragCoefficientShapeMode.uasset" 4323
"../../Plugins/FX/Niagara/Content/Enums/ENiagaraSkelMeshPositionSamplingMode.uasset" 4324
"../../Plugins/FX/Niagara/Content/Enums/ENiagaraSkelMeshTransforms.uasset" 4325
"../../Plugins/FX/Niagara/Content/Enums/ENiagaraSkelSamplingModeFull.uasset" 4326
"../../Plugins/FX/Niagara/Content/Enums/ENiagaraSocketSamplingMode.uasset" 4327
"../../Plugins/FX/Niagara/Content/Enums/ENiagaraTriangleSamplingMode.uasset" 4328
"../../Plugins/FX/Niagara/Content/Enums/ENiagaraVertexSamplingMode.uasset" 4329
"../../Plugins/FX/Niagara/Content/Enums/Utility/ENiagara_VelocityMode.uasset" 4330
"../../Plugins/FX/Niagara/Content/Enums/Wind/ENiagaraWindCombingMode.uasset" 4331
"../../Plugins/FX/Niagara/Content/Enums/Wind/ENiagaraWindFrictionDistanceMode.uasset" 4332
"../../Plugins/FX/Niagara/Content/Enums/Wind/ENiagaraWindFrictionMode.uasset" 4333
"../../Plugins/FX/Niagara/Content/Enums/Wind/ENiagaraWindGroundMaskMode.uasset" 4334
"../../Plugins/FX/Niagara/Content/Enums/Wind/ENiagaraWindOffsetMode.uasset" 4335
"../../Plugins/FX/Niagara/Content/Enums/Wind/ENiagaraWindTurbulenceContributionMode.uasset" 4336
"../../Plugins/FX/Niagara/Content/Enums/Wind/ENiagaraWindTurbulenceFrequencyMode.uasset" 4337
"../../Plugins/FX/Niagara/Content/Enums/Wind/ENiagaraWindTurbulenceMode.uasset" 4338
"../../../../../Projects/Squeak/Content/content_2/AbandonedHospital/Meshes/StaticMeshes/Dirty/SM_Dirty_PlasticPillBottle_01.uasset" 4339
"../../Plugins/FX/Niagara/Content/Functions/Localspace/TransformQuaternion.uasset" 4340
"../../Plugins/FX/Niagara/Content/Enums/ENiagaraMeshTransforms.uasset" 4341
"../../Plugins/FX/Niagara/Content/Functions/V2/CalculateRandomUnitVector.uasset" 4342
"../../Plugins/FX/Niagara/Content/Functions/V2/DistanceBasedFalloff.uasset" 4343
"../../Plugins/FX/Niagara/Content/Functions/DirectionAndLength.uasset" 4344
"../../../../../Projects/Squeak/Content/content_2/AbandonedHospital/Materials/MI_MedicineBox.uasset" 4345
"../../Plugins/FX/Niagara/Content/Functions/Rotation/QuaternionToRotationMatrix.uasset" 4346
"../../Plugins/FX/Niagara/Content/Functions/NormalizeDistanceRange.uasset" 4347
"../../../../../Projects/Squeak/Content/content_2/AbandonedHospital/Textures/T_Baseboard_01_Normal.uasset" 4348
"../../../../../Projects/Squeak/Content/content_2/AbandonedHospital/Textures/T_MedicineBox_01.uasset" 4349
"/Game/content_2/InteractiveObject/BP_Bedsidecabinet" 4350
"/Game/VdbSmokePackP1/Blueprints/BP_VDB_Smoke" 4351
"/Game/content_2/InteractiveObject/Fire/BP_FireExtinguisher" 4352
"E:/Development/Projects/Squeak/Content/content_2/ThrowableObject/BP_Throwable_Medium_Bottle_3.uasset" 4353
"E:/Development/Projects/Squeak/Content/content_2/ThrowableObject/BP_Throwable_Medium_Bottle_2.uasset" 4354
"E:/Development/Projects/Squeak/Content/content_2/AmbulancePropPack/Textures/SetDressing/Ambulance_Equipment/T_MedCase_Orange_MRM.uasset" 4355
"E:/Development/Projects/Squeak/Content/content_2/ThrowableObject/BP_Throwable_Medium_Bottle_1.uasset" 4356
"E:/Development/Projects/Squeak/Content/content_2/AmbulancePropPack/Materials/SetDressing/Ambulance_Equipment/MI_MedCase_Orange.uasset" 4357
"E:/Development/Projects/Squeak/Content/content_2/AmbulancePropPack/Textures/SetDressing/Ambulance_Equipment/T_MedCase_Orange_N.uasset" 4358
"E:/Development/Projects/Squeak/Content/content_2/InteractiveObject/Medcase/SM_Medcase_Lower.uasset" 4359
"E:/Development/Projects/Squeak/Content/content_2/InteractiveObject/Medcase/BP_Medcase.uasset" 4360
"E:/Development/Projects/Squeak/Content/content_2/InteractiveObject/Medcase/SM_Medcase_Upper.uasset" 4361
"E:/Development/Projects/Squeak/Content/content_2/AmbulancePropPack/Textures/SetDressing/Ambulance_Equipment/T_MedCase_Orange_BC.uasset" 4362
"E:/Development/Projects/Squeak/Content/content_2/AmbulancePropPack/Meshes/SetDressing/Ambulance_Equipment/SM_Syringe01.uasset" 4363
"E:/Development/Projects/Squeak/Content/content_2/AmbulancePropPack/Meshes/SetDressing/Ambulance_Equipment/SM_SodiumChloride.uasset" 4364
"E:/Development/Projects/Squeak/Content/content_2/AmbulancePropPack/Meshes/SetDressing/Ambulance_Equipment/SM_RubbingAlcohol.uasset" 4365
"E:/Development/Projects/Squeak/Content/content_2/AmbulancePropPack/Meshes/SetDressing/Ambulance_Equipment/SM_HydrogenPeroxide.uasset" 4366
"E:/Development/Projects/Squeak/Content/content_2/AmbulancePropPack/Meshes/SetDressing/Ambulance_Equipment/SM_AmbulanceTray02a.uasset" 4367
"E:/Development/Projects/Squeak/Content/content_2/AmbulancePropPack/Meshes/SetDressing/Ambulance_Equipment/SM_AmbulanceTray01d.uasset" 4368
"E:/Development/Projects/Squeak/Content/content_2/AmbulancePropPack/Meshes/SetDressing/Ambulance_Equipment/SM_AmbulanceTray01b.uasset" 4369
"E:/Development/Projects/Squeak/Content/content_2/AmbulancePropPack/Meshes/SetDressing/Ambulance_Equipment/SM_AmbulanceTray01a.uasset" 4370
"E:/Development/Projects/Squeak/Content/content_2/AmbulancePropPack/Meshes/SetDressing/Ambulance_Equipment/SM_AmbulanceTray01.uasset" 4371
"E:/Development/Projects/Squeak/Content/content_2/AmbulancePropPack/Textures/SetDressing/Ambulance_Equipment/T_AmbulanceProps02_BC.uasset" 4372
"E:/Development/Projects/Squeak/Content/content_2/AmbulancePropPack/Textures/SetDressing/Ambulance_Equipment/T_AmbulanceProps02_MRM.uasset" 4373
"E:/Development/Projects/Squeak/Content/content_2/AmbulancePropPack/Textures/SetDressing/Ambulance_Equipment/T_AmbulanceProps02_N.uasset" 4374
"E:/Development/Projects/Squeak/Content/content_2/AmbulancePropPack/Materials/SetDressing/Ambulance_Equipment/MI_AmbulanceEquipment02.uasset" 4375
"E:/Development/Projects/Squeak/Content/content_2/AmbulancePropPack/Meshes/SetDressing/Ambulance_Equipment/SM_PrescriptionPillBottle01.uasset" 4376
"E:/Development/Projects/Squeak/Content/content_2/ThrowableObject/BP_Throwable_Samll_Bottle_7.uasset" 4377
"E:/Development/Projects/Squeak/Content/content_2/ThrowableObject/BP_Throwable_Samll_Bottle_6.uasset" 4378
"E:/Development/Projects/Squeak/Content/content_2/ThrowableObject/BP_Throwable_Samll_Bottle_5.uasset" 4379
"E:/Development/Projects/Squeak/Content/content_2/ThrowableObject/BP_Throwable_Samll_Bottle_4.uasset" 4380
"E:/Development/Projects/Squeak/Content/content_1/vfx/post_process/ppm_noisy.uasset" 4381
"E:/Development/Projects/Squeak/Content/content_1/vfx/post_process/ppm_noisy_Inst.uasset" 4382
"E:/Development/Projects/Squeak/Content/content_2/AbandonedHospital/Additional/StaticMeshes/Flashlight/FL_Handle_T_Flashlight_0.uasset" 4383
"E:/Development/Projects/Squeak/Content/content_2/AbandonedHospital/Additional/StaticMeshes/Flashlight/FL_End_1_T_Flashlight_0.uasset" 4384
"/Game/content_2/AmbulancePropPack/Meshes/SetDressing/Ambulance_Equipment/SM_AmbulanceTray01b" 4385
"/Game/content_2/AmbulancePropPack/Meshes/SetDressing/Ambulance_Equipment/SM_AmbulanceTray01d" 4386
"/Game/content_2/AmbulancePropPack/Meshes/SetDressing/Ambulance_Equipment/SM_AmbulanceTray02a" 4387
"/Game/content_2/AmbulancePropPack/Meshes/SetDressing/Ambulance_Equipment/SM_HydrogenPeroxide" 4388
"/Game/content_2/AmbulancePropPack/Meshes/SetDressing/Ambulance_Equipment/SM_AmbulanceTray01a" 4389
"/Game/content_2/AmbulancePropPack/Meshes/SetDressing/Ambulance_Equipment/SM_RubbingAlcohol" 4390
"/Game/content_2/AmbulancePropPack/Meshes/SetDressing/Ambulance_Equipment/SM_SodiumChloride" 4391
"/Game/content_2/AmbulancePropPack/Meshes/SetDressing/Ambulance_Equipment/SM_Syringe01" 4392
"/Game/content_2/InteractiveObject/Medcase/BP_Medcase" 4393
"/Game/content_2/ThrowableObject/BP_Throwable_Medium_Bottle_1" 4394
"/Game/content_2/ThrowableObject/BP_Throwable_Medium_Bottle_2" 4395
"/Game/content_2/ThrowableObject/BP_Throwable_Medium_Bottle_3" 4396
"/Game/content_2/AmbulancePropPack/Meshes/SetDressing/Ambulance_Equipment/SM_AmbulanceTray01" 4397
"/Game/content_2/AbandonedHospital/Additional/StaticMeshes/Flashlight/FL_End_1_T_Flashlight_0" 4398
"../../../../../Projects/Squeak/Content/content_2/AbandonedHospital/Additional/Materials/T_Flashlight.uasset" 4399
"../../Plugins/Interchange/Assets/Content/gltf/MaterialInstances/MI_ClearCoat_Blend.uasset" 4400
"../../../../../Projects/Squeak/Content/content_2/AbandonedHospital/Additional/Textures/tactical_flashlight_texture_0.uasset" 4401
"../../../../../Projects/Squeak/Content/content_2/AbandonedHospital/Additional/Textures/tactical_flashlight_texture_1.uasset" 4402
"../../../../../Projects/Squeak/Content/content_2/AbandonedHospital/Additional/Textures/tactical_flashlight_texture_2.uasset" 4403
"../../Plugins/Interchange/Assets/Content/gltf/M_ClearCoat.uasset" 4404
"../../../Engine/Content/Functions/Engine_MaterialFunctions01/Texturing/FlattenNormal.uasset" 4405
"../../Plugins/Interchange/Assets/Content/gltf/MaterialBodies/MF_ClearCoat_Body.uasset" 4406
"../../Plugins/Interchange/Assets/Content/gltf/MaterialFunctions/MF_Clearcoat.uasset" 4407
"/Game/content_2/AbandonedHospital/Additional/StaticMeshes/Flashlight/FL_Handle_T_Flashlight_0" 4408
"/Game/content_1/vfx/post_process/ppm_noisy_Inst" 4409
"/Game/content_2/ThrowableObject/BP_Throwable_Samll_Bottle_4" 4410
"../../../../../Projects/Squeak/Content/content_2/AbandonedHospital/Meshes/StaticMeshes/Dirty/SM_Dirty_PlasticPillBottle_05.uasset" 4411
"/Game/content_2/AmbulancePropPack/Meshes/SetDressing/Ambulance_Equipment/SM_PrescriptionPillBottle01" 4412
"/Game/content_2/ThrowableObject/BP_Throwable_Samll_Bottle_7" 4413
"/Game/content_2/ThrowableObject/BP_Throwable_Samll_Bottle_6" 4414
"../../../../../Projects/Squeak/Content/content_2/AbandonedHospital/Meshes/StaticMeshes/Dirty/SM_Dirty_PlasticPillBottle_07.uasset" 4415
"/Game/content_2/ThrowableObject/BP_Throwable_Samll_Bottle_5" 4416
"../../../../../Projects/Squeak/Content/content_2/AbandonedHospital/Meshes/StaticMeshes/Dirty/SM_Dirty_PlasticPillBottle_06.uasset" 4417
"E:/Development/Projects/Squeak/Content/content_2/AbandonedHospital/Additional/StaticMeshes/BP_Flashlight.uasset" 4418
"E:/Development/Projects/Squeak/Content/content_2/RoomEditor/Material/MetalGrid01B/Materials/M_Light_Test.uasset" 4419
"E:/Development/Projects/Squeak/Content/content_2/AbandonedHospital/Additional/StaticMeshes/Flashlight/FL_Clip_T_Flashlight_0.uasset" 4420
"E:/Development/Projects/Squeak/Content/content_2/AbandonedHospital/Meshes/StaticMeshes/Dirty/SM_Dirty_ConcretePieces_012.uasset" 4421
"E:/Development/Projects/Squeak/Content/content_2/AbandonedHospital/Meshes/StaticMeshes/SM_Air_Curtain_01.uasset" 4422
"E:/Development/Projects/Squeak/Content/content_2/AbandonedHospital/Meshes/StaticMeshes/SM_BedsideCabinet_05.uasset" 4423
"E:/Development/Projects/Squeak/Content/content_2/AbandonedHospital/Materials/MI_Plastic_09.uasset" 4424
"E:/Development/Projects/Squeak/Content/content_2/AbandonedHospital/Additional/StaticMeshes/Flashlight/FL_Neck_1_T_Flashlight_0.uasset" 4425
"E:/Development/Projects/Squeak/Content/content_2/AbandonedHospital/Meshes/StaticMeshes/SM_FloorSign_01.uasset" 4426
"E:/Development/Projects/Squeak/Content/content_2/AbandonedHospital/Meshes/StaticMeshes/SM_HospitalTrolley_01.uasset" 4427
"E:/Development/Projects/Squeak/Content/content_2/AbandonedHospital/Textures/T_BaseColor_Normal.uasset" 4428
"E:/Development/Projects/Squeak/Content/content_2/AbandonedHospital/Textures/T_SmallBox_BaseColor.uasset" 4429
"E:/Development/Projects/Squeak/Content/content_2/AbandonedHospital/Materials/MI_SmallBox.uasset" 4430
"E:/Development/Projects/Squeak/Content/content_2/AbandonedHospital/Meshes/StaticMeshes/SM_SmallBox.uasset" 4431
"E:/Development/Projects/Squeak/Content/content_2/AbandonedHospital/Materials/MI_Window_Aluminum_04.uasset" 4432
"E:/Development/Projects/Squeak/Content/content_2/AbandonedHospital/Meshes/StaticMeshes/SM_test.uasset" 4433
"../../../Engine/Content/Functions/Engine_MaterialFunctions01/Units/Km-to-Cm.uasset" 4434
"../../../Engine/Content/EngineSky/VolumetricClouds/VT_Lightning.uasset" 4435
"../../../Engine/Content/Functions/Engine_MaterialFunctions02/Utility/MakeFloat4.uasset" 4436
"../../../Engine/Content/EngineSky/VolumetricClouds/m_SimpleVolumetricCloud.uasset" 4437
"../../../Engine/Content/EngineSky/VolumetricClouds/T_CloudMask.uasset" 4438
"../../../Engine/Content/EngineSky/VolumetricClouds/T_CloudPattern.uasset" 4439
"../../../Engine/Content/EngineSky/VolumetricClouds/T_Profile_08.uasset" 4440
"../../../Engine/Content/EngineSky/VolumetricClouds/m_SimpleVolumetricCloud_Inst.uasset" 4441
"../../../Engine/Content/EngineSky/VolumetricClouds/VT_PerlinWorley_Balanced.uasset" 4442
"E:/Development/Projects/Squeak/Content/content_2/RoomEditor/StaticMesh/BP_Wall_Light.uasset" 4443
"E:/Development/Projects/Squeak/Content/content_0/base/seal/texture/T_Seal_Hard.uasset" 4444
"E:/Development/Projects/Squeak/Content/content_2/RitualsDecalsPack/Textures/Non-Modular/T_RitualsDecalsPack_Occult_D_001.uasset" 4445
"E:/Development/Projects/Squeak/Content/content_2/RitualsDecalsPack/Textures/Non-Modular/T_RitualsDecalsPack_Occult_H_001.uasset" 4446
"E:/Development/Projects/Squeak/Content/content_2/RitualsDecalsPack/Textures/Non-Modular/T_RitualsDecalsPack_Occult_M_001.uasset" 4447
"E:/Development/Projects/Squeak/Content/content_2/RitualsDecalsPack/Textures/Non-Modular/T_RitualsDecalsPack_Occult_N_001.uasset" 4448
"E:/Development/Projects/Squeak/Content/content_2/RitualsDecalsPack/Functions/MF_ParallaxOcclusionMapping_ForDecals.uasset" 4449
"/Engine/EngineSky/VolumetricClouds/T_CloudMask" 4450
"/Engine/EngineSky/VolumetricClouds/m_SimpleVolumetricCloud" 4451
"/Game/content_2/AbandonedHospital/Meshes/StaticMeshes/SM_test" 4452
"/Game/content_2/AbandonedHospital/Meshes/StaticMeshes/SM_SmallBox" 4453
"/Game/content_2/AbandonedHospital/Meshes/StaticMeshes/SM_HospitalTrolley_01" 4454
"../../../../../Projects/Squeak/Content/content_2/AbandonedHospital/Materials/MI_Window_Aluminum_05.uasset" 4455
"/Game/content_2/AbandonedHospital/Meshes/StaticMeshes/SM_FloorSign_01" 4456
"../../../../../Projects/Squeak/Content/content_2/AbandonedHospital/Materials/MI_Plastic_08.uasset" 4457
"../../../../../Projects/Squeak/Content/content_2/AbandonedHospital/Materials/MI_Plastic_07.uasset" 4458
"../../../../../Projects/Squeak/Content/content_2/AbandonedHospital/Materials/MI_Plastic_04.uasset" 4459
"../../../../../Projects/Squeak/Content/content_2/AbandonedHospital/Materials/MI_Plastic_03.uasset" 4460
"../../../../../Projects/Squeak/Content/content_2/AbandonedHospital/Materials/MI_Plastic_02.uasset" 4461
"../../../../../Projects/Squeak/Content/content_2/AbandonedHospital/Textures/T_Plastic_01_BaseColor.uasset" 4462
"../../../../../Projects/Squeak/Content/content_2/AbandonedHospital/Textures/T_Plastic_01_Normal.uasset" 4463
"../../../../../Projects/Squeak/Content/content_2/AbandonedHospital/Textures/T_Plastic_01_OcclusionRoughnessMetallic.uasset" 4464
"/Game/content_2/AbandonedHospital/Meshes/StaticMeshes/SM_BedsideCabinet_05" 4465
"/Game/content_2/AbandonedHospital/Meshes/StaticMeshes/SM_Air_Curtain_01" 4466
"/Game/content_2/RitualsDecalsPack/Functions/MF_ParallaxOcclusionMapping_ForDecals" 4467
"/Game/content_2/RitualsDecalsPack/Textures/Non-Modular/T_RitualsDecalsPack_Occult_N_001" 4468
"/Game/content_2/RitualsDecalsPack/Textures/Non-Modular/T_RitualsDecalsPack_Occult_M_001" 4469
"/Game/content_2/RitualsDecalsPack/Textures/Non-Modular/T_RitualsDecalsPack_Occult_H_001" 4470
"/Game/content_2/RitualsDecalsPack/Textures/Non-Modular/T_RitualsDecalsPack_Occult_D_001" 4471
"/Game/content_2/AbandonedHospital/Meshes/StaticMeshes/Dirty/SM_Dirty_ConcretePieces_012" 4472
"../../../../../Projects/Squeak/Content/content_2/AbandonedHospital/Materials/MI_DirtyWall_Mat_03.uasset" 4473
"../../../../../Projects/Squeak/Content/content_2/AbandonedHospital/Materials/MI_DirtyWall_Mat_White.uasset" 4474
"../../../../../Projects/Squeak/Content/content_2/AbandonedHospital/Textures/T_Dirty_Concrete_01_BaseColor.uasset" 4475
"../../../../../Projects/Squeak/Content/content_2/AbandonedHospital/Textures/T_Dirty_Concrete_04_OcclusionRoughnessMetallic.uasset" 4476
"../../../../../Projects/Squeak/Content/content_2/AbandonedHospital/Textures/T_DirtyFloor_03_OcclusionRoughnessMetallic.uasset" 4477
"../../../../../Projects/Squeak/Content/content_2/AbandonedHospital/Materials/M_DirtyWall_Mat.uasset" 4478
"../../../../../Projects/Squeak/Content/content_2/AbandonedHospital/Textures/T_Plaster_01_BaseColor.uasset" 4479
"../../../../../Projects/Squeak/Content/content_2/AbandonedHospital/Textures/T_Plaster_01_Normal.uasset" 4480
"../../../../../Projects/Squeak/Content/content_2/AbandonedHospital/Textures/T_Plaster_01_OcclusionRoughnessMetallic.uasset" 4481
"../../../../../Projects/Squeak/Content/content_2/AbandonedHospital/Textures/T_Plaster_03_BaseColor.uasset" 4482
"../../../../../Projects/Squeak/Content/content_2/AbandonedHospital/Textures/T_Plaster_03_Normal.uasset" 4483
"../../../../../Projects/Squeak/Content/content_2/AbandonedHospital/Textures/T_Plaster_03_OcclusionRoughnessMetallic.uasset" 4484
"../../../Engine/Content/Functions/Engine_MaterialFunctions02/Texturing/HeightLerp.uasset" 4485
"../../../../../Projects/Squeak/Content/content_2/AbandonedHospital/Textures/T_Black.uasset" 4486
"../../../../../Projects/Squeak/Content/content_2/AbandonedHospital/Textures/T_Dirty_Concrete_01_Normal.uasset" 4487
"../../../../../Projects/Squeak/Content/content_2/AbandonedHospital/Textures/T_Dirty_Concrete_01_OcclusionRoughnessMetallic.uasset" 4488
"../../../../../Projects/Squeak/Content/content_2/AbandonedHospital/Textures/T_Dirty_Concrete_03_BaseColor.uasset" 4489
"../../../../../Projects/Squeak/Content/content_2/AbandonedHospital/Textures/T_Dirty_Concrete_03_OcclusionRoughnessMetallic.uasset" 4490
"/Game/content_2/AbandonedHospital/Additional/StaticMeshes/BP_Flashlight" 4491
"/Game/content_0/base/seal/texture/T_Seal_Hard" 4492
"/Game/content_2/RoomEditor/StaticMesh/BP_Wall_Light" 4493
"/Engine/EngineSky/VolumetricClouds/m_SimpleVolumetricCloud_Inst" 4494
"E:/Development/Projects/Squeak/Content/content_0/base/seal/M_Seal_Hard.uasset" 4495
"E:/Development/Projects/Squeak/Content/content_0/base/seal/effects/N_OnReveal_Hard.uasset" 4496
"E:/Development/Projects/Squeak/Content/content_2/PlayerAuraEffect/Materials/M_Glow2.uasset" 4497
"../../../Engine/Plugins/FX/Niagara/Content/Modules/Update/Camera/CameraOffset.uasset" 4498
"E:/Development/Projects/Squeak/Content/content_2/RitualsDecalsPack/Decals/Master/MM_RitualsDecalsPack.uasset" 4499
"../../../Engine/Plugins/FX/Niagara/Content/Modules/Update/Forces/VortexForce.uasset" 4500
"../../../Engine/Plugins/FX/Niagara/Content/Modules/Update/Forces/AccelerationForce.uasset" 4501
"E:/Development/Projects/Squeak/Content/content_0/base/seal/BP_Seal_Hard.uasset" 4502
"../../../Engine/Plugins/FX/Niagara/Content/Functions/ChannelMasks/SelectV3Channel.uasset" 4503
"E:/Development/Projects/Squeak/Content/content_2/PlayerAuraEffect/Materials/Textures/T_Greyscale.uasset" 4504
"../../../Engine/Plugins/FX/Niagara/Content/Enums/ENiagaraVector3_Channels.uasset" 4505
"/Game/content_2/PlayerAuraEffect/Materials/Textures/T_Greyscale" 4506
"../../../Engine/Plugins/FX/Niagara/Content/DynamicInputs/TypeConversions/MakeFloatFromVector.uasset" 4507
"../../../Engine/Plugins/FX/Niagara/Content/DynamicInputs/ValueFromCurve/ColorFromCurve.uasset" 4508
"E:/Development/Projects/Squeak/Content/content_0/base/seal/effects/N_RevealCompleted_Hard.uasset" 4509
"/Niagara/Modules/Update/Camera/CameraOffset" 4510
"E:/Development/Projects/Squeak/Content/content_2/PlayerAuraEffect/Audio/Sounds_Wav/A_ScaleRocks02.uasset" 4511
"../../../Engine/Content/Functions/Engine_MaterialFunctions01/Gradient/DiamondGradient.uasset" 4512
"E:/Development/Projects/Squeak/Content/content_2/PlayerAuraEffect/Materials/M_GlowingStar.uasset" 4513
"E:/Development/Projects/Squeak/Content/content_2/PlayerAuraEffect/Materials/MaterialFunctions/MF_RadialGradient.uasset" 4514
"E:/Development/Projects/Squeak/Content/content_2/PlayerAuraEffect/Materials/M_Circle.uasset" 4515
"../../../Engine/Plugins/FX/Niagara/Content/Functions/Rotation/RandomQuaternion.uasset" 4516
"/Niagara/DynamicInputs/TypeConversions/MakeFloatFromVector" 4517
"../../../Engine/Plugins/FX/Niagara/Content/Modules/Spawn/Orientation/V3/InitialMeshOrientation.uasset" 4518
"../../../Engine/Plugins/FX/Niagara/Content/DynamicInputs/LinearColor/HueShiftLinearColor.uasset" 4519
"../../../Engine/Plugins/FX/Niagara/Content/DynamicInputs/Multiply/Multiply_FloatByInt.uasset" 4520
"../../../Engine/Plugins/FX/Niagara/Content/Enums/Transforms/ENiagara_MeshOrientationOptions.uasset" 4521
"../../../Engine/Plugins/FX/Niagara/Content/Modules/Update/Orientation/AlignSpriteToMeshOrientation.uasset" 4522
"E:/Development/Projects/Squeak/Content/content_2/PlayerAuraEffect/NiagaraSystems/N_Ground09.uasset" 4523
"E:/Development/Projects/Squeak/Content/content_2/PlayerAuraEffect/Audio/SoundsLoop_Wav/A_FieldLoop03A.uasset" 4524
"E:/Development/Projects/Squeak/Content/content_2/PlayerAuraEffect/Audio/SoundsLoop_Wav/A_WormHole-Alien01-Loop.uasset" 4525
"E:/Development/Projects/Squeak/Content/content_2/PlayerAuraEffect/Audio/Sounds_Wav/A_DashWoosh01.uasset" 4526
"E:/Development/Projects/Squeak/Content/content_2/PlayerAuraEffect/Audio/Sounds_Wav/A_Instant26.uasset" 4527
"E:/Development/Projects/Squeak/Content/content_2/PlayerAuraEffect/Audio/Sounds_Wav/A_TransitionShort06.uasset" 4528
"/Niagara/Modules/Update/Forces/AccelerationForce" 4529
"E:/Development/Projects/Squeak/Content/content_2/PlayerAuraEffect/Audio/Sounds_Wav/A_WormHole-01C-Transition.uasset" 4530
"E:/Development/Projects/Squeak/Content/content_2/PlayerAuraEffect/Audio/SoundsLoop_Wav/A_LoopReactor02.uasset" 4531
"E:/Development/Projects/Squeak/Content/content_2/PlayerAuraEffect/Materials/Textures/T_Burst_M.uasset" 4532
"/Game/content_2/PlayerAuraEffect/Materials/M_Glow2" 4533
"/Game/content_0/base/seal/BP_Seal_Hard" 4534
"../../../../../Projects/Squeak/Content/content_0/base/seal/BP_Seal.uasset" 4535
"../../../../../Projects/Squeak/Content/content_0/base/status_effects/BP_ModifierManagerComponent.uasset" 4536
"../../../../../Projects/Squeak/Content/content_0/base/seal/enum/E_SealTier.uasset" 4537
"../../../../../Projects/Squeak/Content/content_0/base/ward/BP_Character_Ward.uasset" 4538
"../../../../../Projects/Squeak/Content/content_1/scripts/ai/characters/character_base.uasset" 4539
"../../../../../Projects/Squeak/Content/content_0/base/seal/effects/N_OnReveal_Hard.uasset" 4540
"../../../../../Projects/Squeak/Content/content_0/base/seal/effects/N_RevealCompleted_Hard.uasset" 4541
"../../../../../Projects/Squeak/Content/content_2/PlayerAuraEffect/NiagaraSystems/N_Ground09.uasset" 4542
"../../../../../Projects/Squeak/Content/content_2/PlayerAuraEffect/NiagaraSystems/N_Ground13.uasset" 4543
"../../../../../Projects/Squeak/Content/content_2/PlayerAuraEffect/Audio/Sounds_Wav/A_DashWoosh01.uasset" 4544
"../../../../../Projects/Squeak/Content/content_2/PlayerAuraEffect/Audio/Sounds_Wav/A_Instant26.uasset" 4545
"../../../../../Projects/Squeak/Content/content_2/PlayerAuraEffect/Audio/Sounds_Wav/A_ScaleRocks02.uasset" 4546
"../../../../../Projects/Squeak/Content/content_2/PlayerAuraEffect/Audio/Sounds_Wav/A_TransitionShort06.uasset" 4547
"../../../../../Projects/Squeak/Content/content_2/PlayerAuraEffect/Audio/Sounds_Wav/A_WormHole-01C-Transition.uasset" 4548
"../../../../../Projects/Squeak/Content/content_2/PlayerAuraEffect/Audio/SoundsLoop_Wav/A_FieldLoop03A.uasset" 4549
"../../../../../Projects/Squeak/Content/content_2/PlayerAuraEffect/Audio/SoundsLoop_Wav/A_LoopReactor02.uasset" 4550
"../../../../../Projects/Squeak/Content/content_2/PlayerAuraEffect/Audio/SoundsLoop_Wav/A_WormHole-Alien01-Loop.uasset" 4551
"../../../../../Projects/Squeak/Content/content_0/base/status_effects/BP_StatusEffect.uasset" 4552
"../../../../../Projects/Squeak/Content/content_0/base/status_effects/enum/E_ModifierOperation.uasset" 4553
"../../../../../Projects/Squeak/Content/content_0/base/status_effects/enum/E_SelfStackingRule.uasset" 4554
"../../../../../Projects/Squeak/Content/content_0/base/status_effects/structure/F_Modifier.uasset" 4555
"../../../../../Projects/Squeak/Content/content_0/base/status_effects/structure/F_ModifierHandle.uasset" 4556
"../../../../../Projects/Squeak/Content/content_0/base/status_effects/structure/F_StatusEffectHandle.uasset" 4557
"../../../../../Projects/Squeak/Content/content_1/scripts/ai/ai_controller_ward.uasset" 4558
"../../../../../Projects/Squeak/Content/content_0/base/status_effects/Test/DA_ConflictHigh.uasset" 4559
"../../../../../Projects/Squeak/Content/content_0/base/status_effects/Test/DA_ConflictLow.uasset" 4560
"../../../../../Projects/Squeak/Content/content_0/base/stress_system/data_asset/DA_Calm.uasset" 4561
"../../../../../Projects/Squeak/Content/content_0/base/stress_system/data_asset/DA_Mobilization.uasset" 4562
"../../../../../Projects/Squeak/Content/content_0/base/stress_system/data_asset/DA_OnTheEdge.uasset" 4563
"../../../../../Projects/Squeak/Content/content_0/base/stress_system/data_asset/DA_Panic.uasset" 4564
"../../../../../Projects/Squeak/Content/content_0/base/stress_system/enum/StressSourceType.uasset" 4565
"../../../../../Projects/Squeak/Content/content_1/scripts/animations/AnimBP_Manniq.uasset" 4566
"../../../../../Projects/Squeak/Content/content_1/scripts/animations/animations/manniq/anim_generic_interact_dev_Montage.uasset" 4567
"../../../../../Projects/Squeak/Content/content_1/scripts/ai/ai_controller_base.uasset" 4568
"../../../../../Projects/Squeak/Content/content_1/scripts/animations/I_CharacterAnimations.uasset" 4569
"../../../../../Projects/Squeak/Content/content_1/scripts/base/gamemode_base.uasset" 4570
"../../../../../Projects/Squeak/Content/content_1/scripts/navigation/Door.uasset" 4571
"../../../../../Projects/Squeak/Content/content_1/scripts/navigation/Room.uasset" 4572
"../../../../../Projects/Squeak/Content/content_1/scripts/systems/SmoothTransitionComponent.uasset" 4573
"../../../../../Projects/Squeak/Content/content_1/meshes/character/manniq/SkelMesh_Manniq.uasset" 4574
"../../../../../Projects/Squeak/Content/content_1/scripts/ai/memory/struct_DoorMem.uasset" 4575
"../../../../../Projects/Squeak/Content/content_1/scripts/ai/memory/struct_RoomMem.uasset" 4576
"../../Plugins/FX/Niagara/Content/DynamicInputs/ValueFromCurve/ColorFromCurve.uasset" 4577
"../../Plugins/FX/Niagara/Content/Modules/Collision/Collision.uasset" 4578
"../../Plugins/FX/Niagara/Content/Modules/Update/Color/Color.uasset" 4579
"../../Plugins/FX/Niagara/Content/Modules/Update/Forces/VortexForce.uasset" 4580
"../../Plugins/FX/Niagara/Content/Enums/ENiagara_CPUCollisionType.uasset" 4581
"../../Plugins/FX/Niagara/Content/Enums/ENiagara_GPUCollisionType.uasset" 4582
"../../Plugins/FX/Niagara/Content/Enums/ENiagaraCalculateRadiusOptions.uasset" 4583
"../../Plugins/FX/Niagara/Content/Enums/ENiagaraCollisionRadiusOptions.uasset" 4584
"../../Plugins/FX/Niagara/Content/Enums/ENiagaraFrictionMergeType.uasset" 4585
"../../Plugins/FX/Niagara/Content/Enums/ENiagaraRestitutionMergeType.uasset" 4586
"../../../../../Projects/Squeak/Content/content_2/PlayerAuraEffect/Materials/M_Burst.uasset" 4587
"../../../../../Projects/Squeak/Content/content_2/PlayerAuraEffect/Materials/M_Circle.uasset" 4588
"../../../../../Projects/Squeak/Content/content_2/PlayerAuraEffect/Materials/M_GlowingStar.uasset" 4589
"../../Plugins/FX/Niagara/Content/DynamicInputs/Clamp/ClampFloat.uasset" 4590
"../../Plugins/FX/Niagara/Content/DynamicInputs/LinearColor/HueShiftLinearColor.uasset" 4591
"../../Plugins/FX/Niagara/Content/DynamicInputs/LinearColor/MakeLinearColorFromVectorAndFloat.uasset" 4592
"../../Plugins/FX/Niagara/Content/DynamicInputs/Multiply/Multiply_FloatByInt.uasset" 4593
"../../Plugins/FX/Niagara/Content/Modules/Spawn/Location/SystemLocation.uasset" 4594
"../../Plugins/FX/Niagara/Content/Modules/Spawn/Orientation/V3/InitialMeshOrientation.uasset" 4595
"../../Plugins/FX/Niagara/Content/Modules/Update/Orientation/AlignSpriteToMeshOrientation.uasset" 4596
"../../Plugins/FX/Niagara/Content/Enums/Transforms/ENiagara_MeshOrientationOptions.uasset" 4597
"../../Plugins/FX/Niagara/Content/DynamicInputs/Add/Add_Vector.uasset" 4598
"../../Plugins/FX/Niagara/Content/DynamicInputs/Multiply/Multiply_Vector.uasset" 4599
"../../Plugins/FX/Niagara/Content/DynamicInputs/ValueFromCurve/VectorFromCurve.uasset" 4600
"../../../../../Projects/Squeak/Content/content_1/scripts/animations/AnimBS_Movement.uasset" 4601
"../../../../../Projects/Squeak/Content/content_1/meshes/character/manniq/manniq_skeleton.uasset" 4602
"../../../../../Projects/Squeak/Content/content_1/scripts/animations/animations/manniq/anim_generic_interact_dev.uasset" 4603
"../../../../../Projects/Squeak/Content/content_1/scripts/ai/trees/bt_ward_basic.uasset" 4604
"../../../../../Projects/Squeak/Content/content_1/scripts/ai/bb_base.uasset" 4605
"../../../../../Projects/Squeak/Content/content_1/scripts/ai/characters/humans/character_enemy_doctor.uasset" 4606
"../../../../../Projects/Squeak/Content/content_1/scripts/ui/hud_base.uasset" 4607
"../../../../../Projects/Squeak/Content/content_1/scripts/navigation/smart_objects/SOD_Door.uasset" 4608
"../../../../../Projects/Squeak/Content/content_1/scripts/systems/Curve_SmoothTransition_Linear.uasset" 4609
"../../../../../Projects/Squeak/Content/content_1/meshes/character/manniq/m_manniq_body.uasset" 4610
"../../../../../Projects/Squeak/Content/content_1/meshes/character/manniq/m_manniq_joints.uasset" 4611
"../../../../../Projects/Squeak/Content/content_1/meshes/character/manniq/PA_manniq.uasset" 4612
"../../Plugins/FX/Niagara/Content/Functions/CalculateMeshRadius.uasset" 4613
"../../Plugins/FX/Niagara/Content/Functions/CalculateRadiusFromSpriteSize.uasset" 4614
"../../Plugins/FX/Niagara/Content/Functions/Helpers/DoOnce_fn.uasset" 4615
"../../Plugins/FX/Niagara/Content/Functions/ProjectVectorOnPlane.uasset" 4616
"../../Plugins/FX/Niagara/Content/Modules/Collision/CollisionQueryAndResponse.uasset" 4617
"../../Plugins/FX/Niagara/Content/Enums/Collision/SceneDepthCollisionQueryMethod.uasset" 4618
"../../../../../Projects/Squeak/Content/content_2/PlayerAuraEffect/Materials/Textures/T_Burst_M.uasset" 4619
"../../../../../Projects/Squeak/Content/content_2/PlayerAuraEffect/Materials/MaterialFunctions/MF_RadialGradient.uasset" 4620
"../../Plugins/FX/Niagara/Content/Functions/Rotation/RandomQuaternion.uasset" 4621
"../../../../../Projects/Squeak/Content/content_1/scripts/animations/animations/anim_generic_idle_calm.uasset" 4622
"../../../../../Projects/Squeak/Content/content_1/scripts/animations/animations/anim_generic_walk_calm.uasset" 4623
"../../../../../Projects/Squeak/Content/content_1/scripts/ai/trees/BTT_DoHearingEvent.uasset" 4624
"../../../../../Projects/Squeak/Content/content_1/scripts/ai/trees/decorators/BTDecorator_CharacterStatus.uasset" 4625
"../../../../../Projects/Squeak/Content/content_1/scripts/ai/trees/decorators/BTDecorator_SameRoom.uasset" 4626
"../../../../../Projects/Squeak/Content/content_1/scripts/ai/trees/tasks/behaviour/BTT_CheckRoomByMemory.uasset" 4627
"../../../../../Projects/Squeak/Content/content_1/scripts/ai/trees/tasks/behaviour/BTT_DoReaction.uasset" 4628
"../../../../../Projects/Squeak/Content/content_1/scripts/ai/trees/tasks/behaviour/BTT_ExploreNewRoom.uasset" 4629
"../../../../../Projects/Squeak/Content/content_1/scripts/ai/trees/tasks/behaviour/BTT_SetStatus.uasset" 4630
"../../../../../Projects/Squeak/Content/content_1/scripts/ai/trees/tasks/behaviour/BTT_StopHiding.uasset" 4631
"../../../../../Projects/Squeak/Content/content_1/scripts/ai/trees/tasks/behaviour/BTT_WardHide.uasset" 4632
"../../../../../Projects/Squeak/Content/content_1/scripts/ai/trees/tasks/nav/BTT_BuildAdvancedPath.uasset" 4633
"../../../../../Projects/Squeak/Content/content_1/scripts/ai/trees/tasks/nav/BTT_Explore_SelectDoor.uasset" 4634
"../../../../../Projects/Squeak/Content/content_1/scripts/ai/trees/tasks/nav/BTT_FindEscapePath.uasset" 4635
"../../../../../Projects/Squeak/Content/content_1/scripts/ai/trees/tasks/nav/BTT_FindRecentAvailableRoom.uasset" 4636
"../../../../../Projects/Squeak/Content/content_1/scripts/ai/trees/tasks/nav/BTT_GetRoomByLocation.uasset" 4637
"../../../../../Projects/Squeak/Content/content_1/scripts/ai/trees/tasks/nav/BTT_MoveAdvanced.uasset" 4638
"../../../../../Projects/Squeak/Content/content_1/scripts/ai/EQS/EQ_WardChaseDoorSelect.uasset" 4639
"../../../../../Projects/Squeak/Content/content_1/scripts/animations/AnimBP_CrazyDoctor.uasset" 4640
"../../../../../Projects/Squeak/Content/content_2/CrazyDoctor/Animations/AM_CrazyDoctor_DoorWayInner_Speed.uasset" 4641
"../../../../../Projects/Squeak/Content/content_2/CrazyDoctor/Animations/AM_CrazyDoctor_DoorWayOuter_Speed.uasset" 4642
"../../../../../Projects/Squeak/Content/content_2/CrazyDoctor/Animations/AS_CrazyDoctor_Doorway_Inner_Calm.uasset" 4643
"../../../../../Projects/Squeak/Content/content_1/scripts/ai/characters/character_enemy_human_base.uasset" 4644
"../../../../../Projects/Squeak/Content/content_2/CrazyDoctor/Meshes/SK_CrazyDoctor.uasset" 4645
"../../../../../Projects/Squeak/Content/content_1/scripts/ui/uw_gameplay.uasset" 4646
"../../../../../Projects/Squeak/Content/content_1/scripts/navigation/smart_objects/configs/SOConfig_Door.uasset" 4647
"../../Plugins/FX/Niagara/Content/Functions/Collision/PlaneSphereCollisionDetection.uasset" 4648
"../../Plugins/FX/Niagara/Content/Functions/Collision/RandomizeCollisionNormals.uasset" 4649
"../../Plugins/FX/Niagara/Content/Functions/ReflectVector.uasset" 4650
"../../Plugins/FX/Niagara/Content/Functions/Textures/CalculateA_VolumeTexturesDistanceFieldGradient.uasset" 4651
"../../Plugins/FX/Niagara/Content/Modules/Collision/NiagaraDistanceFieldCollisions.uasset" 4652
"../../Plugins/FX/Niagara/Content/Modules/Collision/SceneDepthTest.uasset" 4653
"../../Plugins/FX/Niagara/Content/Enums/ENiagara_Float4Channel.uasset" 4654
"../../../../../Projects/Squeak/Content/content_1/scripts/animations/animations/manniq/anim_generic_idle_calm.uasset" 4655
"../../../../../Projects/Squeak/Content/content_1/scripts/animations/animations/manniq/anim_generic_walk_calm.uasset" 4656
"../../../../../Projects/Squeak/Content/content_1/scripts/level/hide_places/hide_base.uasset" 4657
"../../../../../Projects/Squeak/Content/content_1/scripts/libs/lib_environment.uasset" 4658
"../../../../../Projects/Squeak/Content/content_1/scripts/animations/AnimBP_Ward_Laraine.uasset" 4659
"../../../../../Projects/Squeak/Content/content_1/scripts/animations/animations/laraine/AM_HideUnderTable_End.uasset" 4660
"../../../../../Projects/Squeak/Content/content_1/scripts/navigation/RoomQueryActor.uasset" 4661
"../../../../../Projects/Squeak/Content/content_0/base/door/BP_Door.uasset" 4662
"../../../../../Projects/Squeak/Content/content_1/scripts/ai/EQS/context/EQSContext_EnemyCharacter.uasset" 4663
"../../../../../Projects/Squeak/Content/content_1/scripts/ai/EQS/generator/EQGenerator_DoorsByRoom.uasset" 4664
"../../../../../Projects/Squeak/Content/content_1/scripts/animations/AnimBS_CrazyDoctor_Movement.uasset" 4665
"../../../../../Projects/Squeak/Content/content_1/scripts/animations/IK_CrazyDoctor.uasset" 4666
"../../../../../Projects/Squeak/Content/content_2/CrazyDoctor/Meshes/SKL_CrazyDoctor.uasset" 4667
"../../../../../Projects/Squeak/Content/content_2/CrazyDoctor/Animations/AS_CrazyDoctor_SpeedWalk.uasset" 4668
"../../../../../Projects/Squeak/Content/content_1/scripts/animations/NotifState/ANS_DoorOpenHand.uasset" 4669
"../../../../../Projects/Squeak/Content/content_1/scripts/animations/NotifState/ANS_DoorOpenRotation.uasset" 4670
"../../../../../Projects/Squeak/Content/content_2/CrazyDoctor/Animations/AS_CrazyDoctor_Walk.uasset" 4671
"../../../../../Projects/Squeak/Content/content_1/scripts/ai/characters/character_enemy_base.uasset" 4672
"../../../../../Projects/Squeak/Content/content_2/CrazyDoctor/Materials/MI_Belt.uasset" 4673
"../../../../../Projects/Squeak/Content/content_2/CrazyDoctor/Materials/MI_Body.uasset" 4674
"../../../../../Projects/Squeak/Content/content_2/CrazyDoctor/Materials/MI_Eyes.uasset" 4675
"../../../../../Projects/Squeak/Content/content_2/CrazyDoctor/Materials/MI_Glass.uasset" 4676
"../../../../../Projects/Squeak/Content/content_2/CrazyDoctor/Materials/MI_Hair.uasset" 4677
"../../../../../Projects/Squeak/Content/content_2/CrazyDoctor/Materials/MI_Head.uasset" 4678
"../../../../../Projects/Squeak/Content/content_2/CrazyDoctor/Materials/MI_HeadTools.uasset" 4679
"../../../../../Projects/Squeak/Content/content_2/CrazyDoctor/Materials/MI_Jacket01.uasset" 4680
"../../../../../Projects/Squeak/Content/content_2/CrazyDoctor/Materials/MI_Pants_Boots.uasset" 4681
"../../../../../Projects/Squeak/Content/content_2/CrazyDoctor/Materials/MI_Teeth_Tongue.uasset" 4682
"../../../../../Projects/Squeak/Content/content_2/CrazyDoctor/Materials/MI_Wristband.uasset" 4683
"../../../../../Projects/Squeak/Content/content_2/CrazyDoctor/Meshes/PA_CrazyDoctor.uasset" 4684
"../../../../../Projects/Squeak/Content/content_2/CrazyDoctor/Meshes/PACC_CrazyDoctor.uasset" 4685
"../../../../../Projects/Squeak/Content/content_1/scripts/navigation/smart_objects/behaviours/SOBehaviour_Door.uasset" 4686
"../../../../../Projects/Squeak/Content/content_1/scripts/navigation/smart_objects/SOD_HidePlace.uasset" 4687
"../../../../../Projects/Squeak/Content/content_2/AbandonedHospital/Meshes/StaticMeshes/SM_CabinetDesk_01.uasset" 4688
"../../../../../Projects/Squeak/Content/content_1/scripts/animations/animations/laraine/anims/ANMS_FemHrrSrvHideUnderTableEnd.uasset" 4689
"../../../../../Projects/Squeak/Content/content_1/scripts/animations/animations/laraine/anims/ANMS_FemHrrSrvHideUnderTableLoop.uasset" 4690
"../../../../../Projects/Squeak/Content/content_1/scripts/animations/animations/laraine/anims/ANMS_FemHrrSrvHideUnderTableStart.uasset" 4691
"../../../../../Projects/Squeak/Content/content_1/scripts/animations/animations/laraine/anims/ANMS_FemHrrSrvHideUnderTableStart_Reverse.uasset" 4692
"../../../../../Projects/Squeak/Content/content_1/scripts/animations/AnimBS_Laraine_Movement.uasset" 4693
"../../../../../Projects/Squeak/Content/content_1/scripts/animations/AnimBS_Reaction_Laraine.uasset" 4694
"../../../../../Projects/Squeak/Content/content_1/scripts/ai/characters/humans/ward_loraine.uasset" 4695
"../../../../../Projects/Squeak/Content/content_1/scripts/animations/IK_Laraine.uasset" 4696
"../../../../../Projects/Squeak/Content/content_2/SurvivalGirlLaraine/Mesh/SK_SurvivalGirlLaraine_Skeleton.uasset" 4697
"../../../../../Projects/Squeak/Content/content_0/base/door/Door_2.uasset" 4698
"../../../../../Projects/Squeak/Content/content_0/base/door/HandleBase.uasset" 4699
"../../../../../Projects/Squeak/Content/content_0/base/door/SM_Handle.uasset" 4700
"../../../../../Projects/Squeak/Content/content_2/Doors_And_Drawers_SFX/Closet_Door/Closet_Door_Close/WAV_Closet_Door_Close_1.uasset" 4701
"../../../../../Projects/Squeak/Content/content_2/Doors_And_Drawers_SFX/Closet_Door/Closet_Door_Close/WAV_Closet_Door_Close_2.uasset" 4702
"../../../../../Projects/Squeak/Content/content_2/Doors_And_Drawers_SFX/Lock/WAV_Lock_15.uasset" 4703
"../../../../../Projects/Squeak/Content/content_2/Doors_And_Drawers_SFX/Wooden_Door/Wooden_Door_Close/WAV_Wooden_Door_Close_1.uasset" 4704
"../../../../../Projects/Squeak/Content/content_2/Doors_And_Drawers_SFX/Wooden_Door/Wooden_Door_Close/WAV_Wooden_Door_Close_4.uasset" 4705
"../../../../../Projects/Squeak/Content/content_2/CrazyDoctor/Demo/Mannequin/Animations/ThirdPersonIdle.uasset" 4706
"../../../Engine/Content/Animation/DefaultAnimBoneCompressionSettings.uasset" 4707
"../../../../../Projects/Squeak/Content/content_0/base/door/BP_Door_Default.uasset" 4708
"../../../../../Projects/Squeak/Content/content_1/scripts/ai/ai_controller_enemy.uasset" 4709
"../../../../../Projects/Squeak/Content/content_2/CrazyDoctor/Materials/MasterMaterials/M_Generic.uasset" 4710
"../../../../../Projects/Squeak/Content/content_2/CrazyDoctor/Textures/T_Belt_BC.uasset" 4711
"../../../../../Projects/Squeak/Content/content_2/CrazyDoctor/Textures/T_Belt_N.uasset" 4712
"../../../../../Projects/Squeak/Content/content_2/CrazyDoctor/Textures/T_Belt_ORM.uasset" 4713
"../../../../../Projects/Squeak/Content/content_2/CrazyDoctor/Textures/T_Skin_sss.uasset" 4714
"../../../../../Projects/Squeak/Content/content_2/CrazyDoctor/Textures/T_Body_BC.uasset" 4715
"../../../../../Projects/Squeak/Content/content_2/CrazyDoctor/Textures/T_Body_N.uasset" 4716
"../../../../../Projects/Squeak/Content/content_2/CrazyDoctor/Textures/T_Body_ORM.uasset" 4717
"../../../../../Projects/Squeak/Content/content_2/CrazyDoctor/Materials/MasterMaterials/M_EyeRefractive.uasset" 4718
"../../../../../Projects/Squeak/Content/content_2/CrazyDoctor/Materials/MasterMaterials/M_Glass.uasset" 4719
"../../../../../Projects/Squeak/Content/content_2/CrazyDoctor/Materials/MasterMaterials/M_Hair.uasset" 4720
"../../../../../Projects/Squeak/Content/content_2/CrazyDoctor/Textures/T_Hair_M.uasset" 4721
"../../../../../Projects/Squeak/Content/content_2/CrazyDoctor/Textures/T_HeightHair_M.uasset" 4722
"../../../../../Projects/Squeak/Content/content_2/CrazyDoctor/Textures/T_IDHair_M.uasset" 4723
"../../../../../Projects/Squeak/Content/content_2/CrazyDoctor/Textures/T_RootHair_M.uasset" 4724
"../../../../../Projects/Squeak/Content/content_2/CrazyDoctor/Textures/T_Head_BC.uasset" 4725
"../../../../../Projects/Squeak/Content/content_2/CrazyDoctor/Textures/T_Head_N.uasset" 4726
"../../../../../Projects/Squeak/Content/content_2/CrazyDoctor/Textures/T_Head_ORM.uasset" 4727
"../../../../../Projects/Squeak/Content/content_2/CrazyDoctor/Textures/T_HeadTools_BC.uasset" 4728
"../../../../../Projects/Squeak/Content/content_2/CrazyDoctor/Textures/T_HeadTools_N.uasset" 4729
"../../../../../Projects/Squeak/Content/content_2/CrazyDoctor/Textures/T_HeadTools_ORM.uasset" 4730
"../../../../../Projects/Squeak/Content/content_2/CrazyDoctor/Textures/T_Jacket_BC.uasset" 4731
"../../../../../Projects/Squeak/Content/content_2/CrazyDoctor/Textures/T_Jacket_N.uasset" 4732
"../../../../../Projects/Squeak/Content/content_2/CrazyDoctor/Textures/T_Jacket_ORM.uasset" 4733
"../../../../../Projects/Squeak/Content/content_2/CrazyDoctor/Textures/T_Pants_Boots_BC.uasset" 4734
"../../../../../Projects/Squeak/Content/content_2/CrazyDoctor/Textures/T_Pants_Boots_N.uasset" 4735
"../../../../../Projects/Squeak/Content/content_2/CrazyDoctor/Textures/T_Pants_Boots_ORM.uasset" 4736
"../../../../../Projects/Squeak/Content/content_2/CrazyDoctor/Textures/T_Teeth_Tongue_BC.uasset" 4737
"../../../../../Projects/Squeak/Content/content_2/CrazyDoctor/Textures/T_Teeth_Tongue_N.uasset" 4738
"../../../../../Projects/Squeak/Content/content_2/CrazyDoctor/Textures/T_Teeth_Tongue_ORM.uasset" 4739
"../../../../../Projects/Squeak/Content/content_2/CrazyDoctor/Textures/T_Wristband_BC.uasset" 4740
"../../../../../Projects/Squeak/Content/content_2/CrazyDoctor/Textures/T_Wristband_N.uasset" 4741
"../../../../../Projects/Squeak/Content/content_2/CrazyDoctor/Textures/T_Wristband_ORM.uasset" 4742
"../../../../../Projects/Squeak/Content/content_1/scripts/navigation/smart_objects/configs/SO_HidePlaceConfig.uasset" 4743
"../../../Engine/Content/Animation/DefaultAnimCurveCompressionSettings.uasset" 4744
"../../../../../Projects/Squeak/Content/content_1/scripts/animations/animations/ANMS_FemHrrSrvIdle.uasset" 4745
"../../../../../Projects/Squeak/Content/content_1/scripts/animations/animations/ANMS_FemHrrSrvInjuredRunForward.uasset" 4746
"../../../../../Projects/Squeak/Content/content_1/scripts/animations/animations/ANMS_FemHrrSrvInjuredWalkForward.uasset" 4747
"../../../../../Projects/Squeak/Content/content_1/scripts/animations/animations/ANMS_FemHrrSrvRunForward.uasset" 4748
"../../../../../Projects/Squeak/Content/content_1/scripts/animations/animations/ANMS_FemHrrSrvWalkForward.uasset" 4749
"../../../../../Projects/Squeak/Content/content_1/scripts/animations/animations/anim_reaction_back_left1.uasset" 4750
"../../../../../Projects/Squeak/Content/content_1/scripts/animations/animations/anim_reaction_back_right1.uasset" 4751
"../../../../../Projects/Squeak/Content/content_1/scripts/animations/animations/anim_reaction_side_left1.uasset" 4752
"../../../../../Projects/Squeak/Content/content_1/scripts/animations/animations/anim_reaction_side_right1.uasset" 4753
"../../../../../Projects/Squeak/Content/content_1/scripts/animations/animations/laraine/anim_doorOpenInner_calm_Montage.uasset" 4754
"../../../../../Projects/Squeak/Content/content_1/scripts/animations/animations/laraine/anim_doorOpenOuter_calm_Montage.uasset" 4755
"../../../../../Projects/Squeak/Content/content_1/scripts/animations/animations/laraine/anim_doorOpenOuter_panic.uasset" 4756
"../../../../../Projects/Squeak/Content/content_1/scripts/animations/animations/laraine/ANMS_FemHrrSrvInteractPanicDoorOpen_Montage.uasset" 4757
"../../../../../Projects/Squeak/Content/content_1/scripts/animations/animations/laraine/Looking_Around_Montage.uasset" 4758
"../../../../../Projects/Squeak/Content/content_2/SurvivalGirlLaraine/Mesh/Separated/SK_Boots.uasset" 4759
"../../../../../Projects/Squeak/Content/content_2/SurvivalGirlLaraine/Mesh/Separated/SK_Hair.uasset" 4760
"../../../../../Projects/Squeak/Content/content_2/SurvivalGirlLaraine/Mesh/Separated/SK_Hands.uasset" 4761
"../../../../../Projects/Squeak/Content/content_2/SurvivalGirlLaraine/Mesh/Separated/SK_Head.uasset" 4762
"../../../../../Projects/Squeak/Content/content_2/SurvivalGirlLaraine/Mesh/Separated/SK_Jacket.uasset" 4763
"../../../../../Projects/Squeak/Content/content_2/SurvivalGirlLaraine/Mesh/Separated/SK_Pants.uasset" 4764
"../../../../../Projects/Squeak/Content/content_2/AbandonedHospital/Materials/MI_BrokenGlass_01.uasset" 4765
"../../../../../Projects/Squeak/Content/content_1/scripts/ai/trees/bt_enemy_basic.uasset" 4766
"../../../Engine/Content/Functions/Engine_MaterialFunctions01/ImageAdjustment/Contrast_Preserve_Color.uasset" 4767
"../../../../../Projects/Squeak/Content/content_2/CrazyDoctor/MaterialFunctions/MF_Blood.uasset" 4768
"../../../../../Projects/Squeak/Content/content_2/CrazyDoctor/Textures/T_Blood_BC.uasset" 4769
"../../../../../Projects/Squeak/Content/content_2/CrazyDoctor/Textures/TexturesSample/T_Sample_Textures_BC.uasset" 4770
"../../../../../Projects/Squeak/Content/content_2/CrazyDoctor/Textures/TexturesSample/T_Sample_Textures_N.uasset" 4771
"../../../../../Projects/Squeak/Content/content_2/CrazyDoctor/Textures/TexturesSample/T_Sample_Textures_R.uasset" 4772
"../../../Engine/Content/Functions/Engine_MaterialFunctions02/TangentBasis.uasset" 4773
"../../../../../Projects/Squeak/Content/content_2/CrazyDoctor/Materials/MaterialFunctions/ML_EyeRefraction.uasset" 4774
"../../../../../Projects/Squeak/Content/content_2/CrazyDoctor/Textures/HDRI/T_Panorama_HDR.uasset" 4775
"../../../../../Projects/Squeak/Content/content_2/CrazyDoctor/Textures/T_Eye_BC.uasset" 4776
"../../../../../Projects/Squeak/Content/content_2/CrazyDoctor/Textures/TexturesSample/T_EYE_NORMALS_N.uasset" 4777
"../../../../../Projects/Squeak/Content/content_2/CrazyDoctor/Textures/TexturesSample/T_Eye_Wet_Normal.uasset" 4778
"../../../../../Projects/Squeak/Content/content_2/CrazyDoctor/Textures/TexturesSample/T_EyeMidPlaneDisp_Ex_M.uasset" 4779
"../../../../../Projects/Squeak/Content/content_2/CrazyDoctor/Textures/TexturesSample/T_EyeScleraBaseColor_Example_2_BC.uasset" 4780
"../../../../../Projects/Squeak/Content/content_2/CrazyDoctor/Textures/TexturesSample/T_Sphere_EYE_NORMALS_N.uasset" 4781
"../../../Engine/Content/Functions/Engine_MaterialFunctions01/Shading/MetallicShading.uasset" 4782
"../../../Engine/Content/Functions/Engine_MaterialFunctions02/HueShift.uasset" 4783
"../../../Engine/Content/Functions/Engine_MaterialFunctions02/Math/MultiplyAdd.uasset" 4784
"../../../Engine/Content/Functions/Engine_MaterialFunctions03/Blends/Lerp_ScratchGrime.uasset" 4785
"../../../Engine/Content/Functions/MaterialLayerFunctions/MatLayerBlend_BreakBaseColor.uasset" 4786
"../../../Engine/Content/Functions/MaterialLayerFunctions/MatLayerBlend_Emissive.uasset" 4787
"../../../Engine/Content/Functions/MaterialLayerFunctions/MatLayerBlend_OverrideBaseColor.uasset" 4788
"../../../Engine/Content/Functions/MaterialLayerFunctions/MatLayerBlend_Standard.uasset" 4789
"../../../Engine/Content/Functions/MaterialLayerFunctions/MatLayerBlend_Tint.uasset" 4790
"../../../../../Projects/Squeak/Content/content_2/CrazyDoctor/Materials/MaterialFunctions/MaterialLayerConstructors/MLC_ScratchAndGrime.uasset" 4791
"../../../../../Projects/Squeak/Content/content_2/CrazyDoctor/Materials/MaterialFunctions/MaterialLayerConstructors/MLC_Standard.uasset" 4792
"../../../../../Projects/Squeak/Content/content_2/CrazyDoctor/Materials/MaterialFunctions/MaterialLayers/Metal/ML_blue_Metal.uasset" 4793
"../../../../../Projects/Squeak/Content/content_2/CrazyDoctor/Materials/MaterialFunctions/MaterialLayers/ML__Blank.uasset" 4794
"../../../../../Projects/Squeak/Content/content_2/CrazyDoctor/Materials/MaterialFunctions/MF_BlendHairColorsWithParam.uasset" 4795
"../../../../../Projects/Squeak/Content/content_2/CrazyDoctor/Materials/MaterialFunctions/MF_BrightnessAdjust.uasset" 4796
"../../../../../Projects/Squeak/Content/content_2/CrazyDoctor/Materials/MaterialFunctions/MF_CharacterEffects.uasset" 4797
"../../../../../Projects/Squeak/Content/content_2/CrazyDoctor/Materials/MaterialFunctions/MF_CharacterHairWind.uasset" 4798
"../../../../../Projects/Squeak/Content/content_2/CrazyDoctor/Materials/MaterialFunctions/MF_DeathFade.uasset" 4799
"../../../../../Projects/Squeak/Content/content_2/CrazyDoctor/Materials/MaterialFunctions/MF_HitFlash.uasset" 4800
"../../../../../Projects/Squeak/Content/content_2/CrazyDoctor/Materials/MaterialFunctions/MF_OrionRimlight.uasset" 4801
"../../../../../Projects/Squeak/Content/content_2/CrazyDoctor/Materials/MaterialFunctions/ParameterCollections/OrionGlobalGameplayCollection.uasset" 4802
"../../../Engine/Content/EditorMaterials/Cascade/CASC_Solo_On.uasset" 4803
"../../../Engine/Content/EngineMaterials/DefaultNormal.uasset" 4804
"../../../../../Projects/Squeak/Content/content_2/CrazyDoctor/Materials/MaterialFunctions/MaterialLayers/T_TestML_Mask.uasset" 4805
"../../../../../Projects/Squeak/Content/content_2/CrazyDoctor/Textures/TexturesSample/T_AtmosphericCloudNoise01_M.uasset" 4806
"../../../../../Projects/Squeak/Content/content_2/CrazyDoctor/Textures/TexturesSample/T_AtmosphericCloudNoise01_N.uasset" 4807
"../../../../../Projects/Squeak/Content/content_2/CrazyDoctor/Textures/TexturesSample/T_AtmosphericCloudNoise03_M.uasset" 4808
"../../../../../Projects/Squeak/Content/content_2/CrazyDoctor/Textures/TexturesSample/T_Blank_N.uasset" 4809
"../../../../../Projects/Squeak/Content/content_2/CrazyDoctor/Textures/TexturesSample/T_Blue_Metal02.uasset" 4810
"../../../../../Projects/Squeak/Content/content_2/CrazyDoctor/Textures/TexturesSample/T_Caustics_2_M.uasset" 4811
"../../../../../Projects/Squeak/Content/content_2/CrazyDoctor/Textures/TexturesSample/T_Fire_Tiled_D.uasset" 4812
"../../../../../Projects/Squeak/Content/content_2/CrazyDoctor/Textures/TexturesSample/T_gradient_stasis.uasset" 4813
"../../../../../Projects/Squeak/Content/content_2/CrazyDoctor/Textures/TexturesSample/T_HairClump02_Alpha.uasset" 4814
"../../../../../Projects/Squeak/Content/content_2/CrazyDoctor/Textures/TexturesSample/T_HairClump02_Depth.uasset" 4815
"../../../../../Projects/Squeak/Content/content_2/CrazyDoctor/Textures/TexturesSample/T_HairClump02_DyeMask.uasset" 4816
"../../../../../Projects/Squeak/Content/content_2/CrazyDoctor/Textures/TexturesSample/T_HairClump02_ID.uasset" 4817
"../../../../../Projects/Squeak/Content/content_2/CrazyDoctor/Textures/TexturesSample/T_HairClump02_Roots.uasset" 4818
"../../../../../Projects/Squeak/Content/content_2/CrazyDoctor/Textures/TexturesSample/T_PyroPhoenix_Front_Feather_Pattern_M.uasset" 4819
"../../../../../Projects/Squeak/Content/content_2/CrazyDoctor/Textures/TexturesSample/T_TwinblastHair_Flow.uasset" 4820
"../../../../../Projects/Squeak/Content/content_1/scripts/navigation/smart_objects/behaviours/SO_HidePlaceBehaviour.uasset" 4821
"../../../../../Projects/Squeak/Content/content_1/scripts/animations/animations/laraine/anims/ANMS_FemHrrSrvIdle.uasset" 4822
"../../../../../Projects/Squeak/Content/content_1/scripts/animations/animations/laraine/anims/ANMS_FemHrrSrvInjuredRunForward.uasset" 4823
"../../../../../Projects/Squeak/Content/content_1/scripts/animations/animations/laraine/anims/ANMS_FemHrrSrvInjuredWalkForward.uasset" 4824
"../../../../../Projects/Squeak/Content/content_1/scripts/animations/animations/laraine/anims/ANMS_FemHrrSrvRunForward.uasset" 4825
"../../../../../Projects/Squeak/Content/content_1/scripts/animations/animations/laraine/anims/ANMS_FemHrrSrvWalkForward.uasset" 4826
"../../../../../Projects/Squeak/Content/content_1/scripts/animations/animations/laraine/anims/anim_reaction_back_left1.uasset" 4827
"../../../../../Projects/Squeak/Content/content_1/scripts/animations/animations/laraine/anims/anim_reaction_back_right1.uasset" 4828
"../../../../../Projects/Squeak/Content/content_1/scripts/animations/animations/laraine/anims/anim_reaction_side_left1.uasset" 4829
"../../../../../Projects/Squeak/Content/content_1/scripts/animations/animations/laraine/anims/anim_reaction_side_right1.uasset" 4830
"../../../../../Projects/Squeak/Content/content_1/scripts/animations/animations/laraine/anims/anim_doorOpenInner_calm.uasset" 4831
"../../../../../Projects/Squeak/Content/content_1/scripts/animations/animations/laraine/anims/ANMS_FemHrrSrvWalkForward_RootMotion.uasset" 4832
"../../../../../Projects/Squeak/Content/content_1/scripts/animations/animations/laraine/anims/ANMS_FemHrrSrvRunForward_RootMotion.uasset" 4833
"../../../../../Projects/Squeak/Content/content_1/scripts/animations/animations/laraine/anims/ANMS_FemHrrSrvInteractPanicDoorOpen_Clean_02.uasset" 4834
"../../../../../Projects/Squeak/Content/content_1/scripts/animations/NotifState/ANS_LeftHandIK.uasset" 4835
"../../../../../Projects/Squeak/Content/content_1/scripts/animations/animations/laraine/anims/Looking_Around.uasset" 4836
"../../../../../Projects/Squeak/Content/content_2/SurvivalGirlLaraine/Materials/M_SGL_Boots.uasset" 4837
"../../../../../Projects/Squeak/Content/content_2/SurvivalGirlLaraine/Mesh/SK_SurvivalGirlLaraine_PhysicsAsset.uasset" 4838
"../../../../../Projects/Squeak/Content/content_2/SurvivalGirlLaraine/Materials/M_SGL_Hair.uasset" 4839
"../../../../../Projects/Squeak/Content/content_2/SurvivalGirlLaraine/Materials/M_SGL_Body.uasset" 4840
"../../../../../Projects/Squeak/Content/content_2/SurvivalGirlLaraine/Materials/M_SGL_Eyes.uasset" 4841
"../../../../../Projects/Squeak/Content/content_2/SurvivalGirlLaraine/Materials/M_SGL_EyesGlass.uasset" 4842
"../../../../../Projects/Squeak/Content/content_2/SurvivalGirlLaraine/Materials/M_SGL_EyesShadow.uasset" 4843
"../../../../../Projects/Squeak/Content/content_2/SurvivalGirlLaraine/Materials/M_SGL_Head.uasset" 4844
"../../../../../Projects/Squeak/Content/content_2/SurvivalGirlLaraine/Materials/M_SGL_Lashes.uasset" 4845
"../../../../../Projects/Squeak/Content/content_2/SurvivalGirlLaraine/Materials/M_SGL_Teeth.uasset" 4846
"../../../../../Projects/Squeak/Content/content_2/SurvivalGirlLaraine/Materials/M_SGL_Jacket.uasset" 4847
"../../../../../Projects/Squeak/Content/content_2/SurvivalGirlLaraine/Materials/M_SGL_Pants.uasset" 4848
"../../../../../Projects/Squeak/Content/content_2/AbandonedHospital/Materials/M_GlassBase.uasset" 4849
"../../../../../Projects/Squeak/Content/content_1/scripts/ai/trees/decorators/BTDecorator_Distance.uasset" 4850
"../../../../../Projects/Squeak/Content/content_1/scripts/ai/trees/services/BTService_ClearPath.uasset" 4851
"../../../../../Projects/Squeak/Content/content_1/scripts/ai/trees/tasks/behaviour/BTT_EnemyHit.uasset" 4852
"../../../../../Projects/Squeak/Content/content_1/scripts/ai/trees/tasks/behaviour/BTT_FinishChase.uasset" 4853
"../../../../../Projects/Squeak/Content/content_1/scripts/ai/trees/tasks/nav/BTT_Explore_Enemy_SelectRoom.uasset" 4854
"../../../../../Projects/Squeak/Content/content_1/scripts/ai/trees/tasks/workflow/BTT_Delay.uasset" 4855
"../../../../../Projects/Squeak/Content/content_1/scripts/animations/animations/laraine/AM_HideUnderTable_Start.uasset" 4856
"../../../../../Projects/Squeak/Content/content_1/scripts/animations/Notify/AnimNotify_PlayFootstep.uasset" 4857
"../../../../../Projects/Squeak/Content/content_2/cplomedia_FootstepsPack/SingleSteps/ConcreteSteps/ward_run_concrete.uasset" 4858
"../../../../../Projects/Squeak/Content/content_2/cplomedia_FootstepsPack/SingleSteps/ConcreteSteps/ward_walking_concrete.uasset" 4859
"../../../../../Projects/Squeak/Content/content_2/SurvivalGirlLaraine/Materials/MF_SGL_DirtMaterialFunction.uasset" 4860
"../../../../../Projects/Squeak/Content/content_2/SurvivalGirlLaraine/Textures/T_Boots_BaseColor.uasset" 4861
"../../../../../Projects/Squeak/Content/content_2/SurvivalGirlLaraine/Textures/T_Boots_DirtSnowRain.uasset" 4862
"../../../../../Projects/Squeak/Content/content_2/SurvivalGirlLaraine/Textures/T_Boots_ID.uasset" 4863
"../../../../../Projects/Squeak/Content/content_2/SurvivalGirlLaraine/Textures/T_Boots_NormalDirectX.uasset" 4864
"../../../../../Projects/Squeak/Content/content_2/SurvivalGirlLaraine/Textures/T_Boots_OcclusionRoughnessMetallic.uasset" 4865
"../../../../../Projects/Squeak/Content/content_2/SurvivalGirlLaraine/Textures/T_Hair_BaseColor.uasset" 4866
"../../../../../Projects/Squeak/Content/content_2/SurvivalGirlLaraine/Textures/T_Hair_Depth.uasset" 4867
"../../../../../Projects/Squeak/Content/content_2/SurvivalGirlLaraine/Textures/T_Hair_Flow.uasset" 4868
"../../../../../Projects/Squeak/Content/content_2/SurvivalGirlLaraine/Textures/T_Hair_ID.uasset" 4869
"../../../../../Projects/Squeak/Content/content_2/SurvivalGirlLaraine/Textures/T_Hair_Opacity.uasset" 4870
"../../../../../Projects/Squeak/Content/content_2/SurvivalGirlLaraine/Textures/T_Hair_Root.uasset" 4871
"../../../../../Projects/Squeak/Content/content_2/SurvivalGirlLaraine/Materials/SGL_SubsurfaceProfile.uasset" 4872
"../../../../../Projects/Squeak/Content/content_2/SurvivalGirlLaraine/Textures/T_Body_BaseColor.uasset" 4873
"../../../../../Projects/Squeak/Content/content_2/SurvivalGirlLaraine/Textures/T_Body_DirtSnowRain.uasset" 4874
"../../../../../Projects/Squeak/Content/content_2/SurvivalGirlLaraine/Textures/T_Body_ID.uasset" 4875
"../../../../../Projects/Squeak/Content/content_2/SurvivalGirlLaraine/Textures/T_Body_NormalDirectX.uasset" 4876
"../../../../../Projects/Squeak/Content/content_2/SurvivalGirlLaraine/Textures/T_Body_OcclusionRoughnessMetallic.uasset" 4877
"../../../../../Projects/Squeak/Content/content_2/SurvivalGirlLaraine/Textures/T_Body_SSS.uasset" 4878
"../../../../../Projects/Squeak/Content/content_2/SurvivalGirlLaraine/Textures/T_Eyes_BaseColor.uasset" 4879
"../../../../../Projects/Squeak/Content/content_2/SurvivalGirlLaraine/Textures/T_Eyes_Emissive.uasset" 4880
"../../../../../Projects/Squeak/Content/content_2/SurvivalGirlLaraine/Textures/T_Eyes_ID.uasset" 4881
"../../../../../Projects/Squeak/Content/content_2/SurvivalGirlLaraine/Textures/T_Eyes_NormalDirectX.uasset" 4882
"../../../../../Projects/Squeak/Content/content_2/SurvivalGirlLaraine/Textures/T_Eyes_OcclusionRoughnessMetallic.uasset" 4883
"../../../../../Projects/Squeak/Content/content_2/SurvivalGirlLaraine/Textures/T_EyesShadow_BaseColor.uasset" 4884
"../../../../../Projects/Squeak/Content/content_2/SurvivalGirlLaraine/Textures/T_Head_BaseColor.uasset" 4885
"../../../../../Projects/Squeak/Content/content_2/SurvivalGirlLaraine/Textures/T_Head_DirtSnowRain.uasset" 4886
"../../../../../Projects/Squeak/Content/content_2/SurvivalGirlLaraine/Textures/T_Head_ID.uasset" 4887
"../../../../../Projects/Squeak/Content/content_2/SurvivalGirlLaraine/Textures/T_Head_NormalDirectX.uasset" 4888
"../../../../../Projects/Squeak/Content/content_2/SurvivalGirlLaraine/Textures/T_Head_OcclusionRoughnessMetallic.uasset" 4889
"../../../../../Projects/Squeak/Content/content_2/SurvivalGirlLaraine/Textures/T_Head_SSS.uasset" 4890
"../../../../../Projects/Squeak/Content/content_2/SurvivalGirlLaraine/Textures/T_Lashes_BaseColor.uasset" 4891
"../../../../../Projects/Squeak/Content/content_2/SurvivalGirlLaraine/Textures/T_Lashes_ID.uasset" 4892
"../../../../../Projects/Squeak/Content/content_2/SurvivalGirlLaraine/Textures/T_Lashes_NormalDirectX.uasset" 4893
"../../../../../Projects/Squeak/Content/content_2/SurvivalGirlLaraine/Textures/T_Lashes_OcclusionRoughnessMetallic.uasset" 4894
"../../../../../Projects/Squeak/Content/content_2/SurvivalGirlLaraine/Textures/T_Teeth_BaseColor.uasset" 4895
"../../../../../Projects/Squeak/Content/content_2/SurvivalGirlLaraine/Textures/T_Teeth_NormalDirectX.uasset" 4896
"../../../../../Projects/Squeak/Content/content_2/SurvivalGirlLaraine/Textures/T_Teeth_OcclusionRoughnessMetallic.uasset" 4897
"../../../../../Projects/Squeak/Content/content_2/SurvivalGirlLaraine/Textures/T_Jacket_BaseColor.uasset" 4898
"../../../../../Projects/Squeak/Content/content_2/SurvivalGirlLaraine/Textures/T_Jacket_DirtSnowRain.uasset" 4899
"../../../../../Projects/Squeak/Content/content_2/SurvivalGirlLaraine/Textures/T_Jacket_ID.uasset" 4900
"../../../../../Projects/Squeak/Content/content_2/SurvivalGirlLaraine/Textures/T_Jacket_NormalDirectX.uasset" 4901
"../../../../../Projects/Squeak/Content/content_2/SurvivalGirlLaraine/Textures/T_Jacket_OcclusionRoughnessMetallic.uasset" 4902
"../../../../../Projects/Squeak/Content/content_2/SurvivalGirlLaraine/Textures/T_Pants_BaseColor.uasset" 4903
"../../../../../Projects/Squeak/Content/content_2/SurvivalGirlLaraine/Textures/T_Pants_DirtSnowRain.uasset" 4904
"../../../../../Projects/Squeak/Content/content_2/SurvivalGirlLaraine/Textures/T_Pants_ID.uasset" 4905
"../../../../../Projects/Squeak/Content/content_2/SurvivalGirlLaraine/Textures/T_Pants_NormalDirectX.uasset" 4906
"../../../../../Projects/Squeak/Content/content_2/SurvivalGirlLaraine/Textures/T_Pants_OcclusionRoughnessMetallic.uasset" 4907
"../../../../../Projects/Squeak/Content/content_2/AbandonedHospital/Textures/T_BrokenGlass01_BaseColor.uasset" 4908
"../../../../../Projects/Squeak/Content/content_2/AbandonedHospital/Textures/T_BrokenGlass01_OcclusionRoughnessMetallic.uasset" 4909
"../../../../../Projects/Squeak/Content/content_1/scripts/ai/enums/E_MathCondition.uasset" 4910
"../../../../../Projects/Squeak/Content/content_2/CrazyDoctor/Animations/AS_CrazyDoctor_Attack01_Montage.uasset" 4911
"../../../../../Projects/Squeak/Content/content_2/CrazyDoctor/Animations/AS_CrazyDoctor_Attack02_Montage.uasset" 4912
"../../../../../Projects/Squeak/Content/content_2/CrazyDoctor/Animations/Attack_01.uasset" 4913
"../../../../../Projects/Squeak/Content/content_2/cplomedia_FootstepsPack/SingleSteps/ConcreteSteps/WAV/WAV_ConcreteSingelSteps45.uasset" 4914
"../../../../../Projects/Squeak/Content/content_2/cplomedia_FootstepsPack/SingleSteps/ConcreteSteps/WAV/WAV_ConcreteSingelSteps46.uasset" 4915
"../../../../../Projects/Squeak/Content/content_2/cplomedia_FootstepsPack/SingleSteps/ConcreteSteps/WAV/WAV_ConcreteSingelSteps47.uasset" 4916
"../../../../../Projects/Squeak/Content/content_2/cplomedia_FootstepsPack/SingleSteps/ConcreteSteps/WAV/WAV_ConcreteSingelSteps49.uasset" 4917
"../../../../../Projects/Squeak/Content/content_2/cplomedia_FootstepsPack/SingleSteps/ConcreteSteps/WAV/WAV_ConcreteSingelSteps50.uasset" 4918
"../../../../../Projects/Squeak/Content/content_2/cplomedia_FootstepsPack/SingleSteps/ConcreteSteps/WAV/WAV_ConcreteSingelSteps51.uasset" 4919
"../../../../../Projects/Squeak/Content/content_2/cplomedia_FootstepsPack/SingleSteps/ConcreteSteps/WAV/WAV_ConcreteSingelSteps52.uasset" 4920
"../../../../../Projects/Squeak/Content/content_2/cplomedia_FootstepsPack/SingleSteps/ConcreteSteps/WAV/WAV_ConcreteSingelSteps01.uasset" 4921
"../../../../../Projects/Squeak/Content/content_2/cplomedia_FootstepsPack/SingleSteps/ConcreteSteps/WAV/WAV_ConcreteSingelSteps02.uasset" 4922
"../../../../../Projects/Squeak/Content/content_2/cplomedia_FootstepsPack/SingleSteps/ConcreteSteps/WAV/WAV_ConcreteSingelSteps03.uasset" 4923
"../../../../../Projects/Squeak/Content/content_2/cplomedia_FootstepsPack/SingleSteps/ConcreteSteps/WAV/WAV_ConcreteSingelSteps04.uasset" 4924
"../../../../../Projects/Squeak/Content/content_2/cplomedia_FootstepsPack/SingleSteps/ConcreteSteps/WAV/WAV_ConcreteSingelSteps05.uasset" 4925
"../../../../../Projects/Squeak/Content/content_2/cplomedia_FootstepsPack/SingleSteps/ConcreteSteps/WAV/WAV_ConcreteSingelSteps06.uasset" 4926
"../../../../../Projects/Squeak/Content/content_2/cplomedia_FootstepsPack/SingleSteps/ConcreteSteps/WAV/WAV_ConcreteSingelSteps07.uasset" 4927
"../../../../../Projects/Squeak/Content/content_2/cplomedia_FootstepsPack/SingleSteps/ConcreteSteps/WAV/WAV_ConcreteSingelSteps08.uasset" 4928
"../../../../../Projects/Squeak/Content/content_2/CrazyDoctor/Animations/AS_CrazyDoctor_Attack01.uasset" 4929
"../../../../../Projects/Squeak/Content/content_2/CrazyDoctor/Animations/AS_CrazyDoctor_Attack02.uasset" 4930
"../../../../../Projects/Squeak/Content/content_2/CrazyDoctor/Animations/Standing_Melee_Attack_Downward.uasset" 4931
"E:/Development/Projects/Squeak/Content/content_2/AbandonedHospital/Additional/Textures/rgb_wkeyboard_ultimate_ultra_instinct_awakeing_texture_1.uasset" 4932
"E:/Development/Projects/Squeak/Content/content_2/AbandonedHospital/Additional/Materials/PRPT_RKJ_keyboard_MAT.uasset" 4933
"E:/Development/Projects/Squeak/Content/content_2/AbandonedHospital/Additional/Textures/rgb_wkeyboard_ultimate_ultra_instinct_awakeing_texture_2.uasset" 4934
"E:/Development/Projects/Squeak/Content/content_2/AbandonedHospital/Additional/StaticMeshes/rgb_wkeyboard_ultimate_ultra_instinct_awakeing.uasset" 4935
"E:/Development/Projects/Squeak/Content/content_2/AbandonedHospital/Additional/Textures/rgb_wkeyboard_ultimate_ultra_instinct_awakeing_texture_3.uasset" 4936
"E:/Development/Projects/Squeak/Content/content_2/AbandonedHospital/Additional/Textures/T_Carm_Screens_Emissive.uasset" 4937
"E:/Development/Projects/Squeak/Content/content_2/AbandonedHospital/Additional/Textures/rgb_wkeyboard_ultimate_ultra_instinct_awakeing_texture_0.uasset" 4938
"E:/Development/Projects/Squeak/Content/content_2/AbandonedHospital/Additional/Textures/T_Carm_Screens_BaseColor.uasset" 4939
"E:/Development/Projects/Squeak/Content/content_2/AbandonedHospital/Additional/Textures/T_Carm_Screens_Metallic-T_Carm_Screens_Roughness.uasset" 4940
"E:/Development/Projects/Squeak/Content/content_2/AbandonedHospital/Additional/Materials/M_Carm_Screens.uasset" 4941
"E:/Development/Projects/Squeak/Content/content_2/AbandonedHospital/Additional/Textures/T_Carm_Screens_Normal.uasset" 4942
"/Game/content_2/AbandonedHospital/Additional/Textures/rgb_wkeyboard_ultimate_ultra_instinct_awakeing_texture_3" 4943
"E:/Development/Projects/Squeak/Content/content_2/AbandonedHospital/Additional/Textures/T_Carm_Body_BaseColor.uasset" 4944
"E:/Development/Projects/Squeak/Content/content_2/AbandonedHospital/Additional/Textures/T_Carm_Body_Metallic-T_Carm_Body_Roughness.uasset" 4945
"E:/Development/Projects/Squeak/Content/content_2/AbandonedHospital/Additional/Textures/T_Carm_Body_Normal.uasset" 4946
"E:/Development/Projects/Squeak/Content/content_2/AbandonedHospital/Additional/Materials/M_Carm_Body.uasset" 4947
"/Game/content_2/AbandonedHospital/Additional/Textures/rgb_wkeyboard_ultimate_ultra_instinct_awakeing_texture_1" 4948
"E:/Development/Projects/Squeak/Content/content_2/AbandonedHospital/Additional/Textures/T_Carm_Addons_BaseColor.uasset" 4949
"E:/Development/Projects/Squeak/Content/content_2/AbandonedHospital/Additional/Textures/T_Carm_Addons_Metallic-T_Carm_Addons_Roughness.uasset" 4950
"/Game/content_2/AbandonedHospital/Additional/Textures/rgb_wkeyboard_ultimate_ultra_instinct_awakeing_texture_2" 4951
"E:/Development/Projects/Squeak/Content/content_2/AbandonedHospital/Additional/Textures/T_Carm_Addons_Normal.uasset" 4952
"E:/Development/Projects/Squeak/Content/content_2/AbandonedHospital/Additional/Materials/M_Carm_Addons.uasset" 4953
"/Game/content_2/AbandonedHospital/Additional/Textures/T_Carm_Body_BaseColor" 4954
"E:/Development/Projects/Squeak/Content/content_2/AbandonedHospital/Additional/StaticMeshes/SM_C-ARM.uasset" 4955
"E:/Development/Projects/Squeak/Content/content_2/AbandonedHospital/Additional/Textures/T_Monitor_Case_BaseColor.uasset" 4956
"E:/Development/Projects/Squeak/Content/content_2/AbandonedHospital/Additional/Textures/T_Monitor_Case_Emissive.uasset" 4957
"E:/Development/Projects/Squeak/Content/content_2/AbandonedHospital/Additional/Textures/T_Monitor_Case_Metallic-T_Monitor_Case_Roughness.uasset" 4958
"/Game/content_2/AbandonedHospital/Additional/Materials/PRPT_RKJ_keyboard_MAT" 4959
"E:/Development/Projects/Squeak/Content/content_2/AbandonedHospital/Additional/Textures/T_Monitor_Case_Normal.uasset" 4960
"E:/Development/Projects/Squeak/Content/content_2/AbandonedHospital/Additional/Materials/M_Monitor_Case.uasset" 4961
"E:/Development/Projects/Squeak/Content/content_2/AbandonedHospital/Additional/StaticMeshes/SM_Med_PC_Monitor.uasset" 4962
"E:/Development/Projects/Squeak/Content/content_2/AbandonedHospital/Additional/Textures/T_Med_Reception_Desk_BaseColor.uasset" 4963
"E:/Development/Projects/Squeak/Content/content_2/AbandonedHospital/Additional/Textures/T_Med_Reception_Desk_Metallic-T_Med_Reception_Desk_Roughness.uasset" 4964
"/Game/content_2/AbandonedHospital/Additional/Textures/T_Carm_Screens_BaseColor" 4965
"E:/Development/Projects/Squeak/Content/content_2/AbandonedHospital/Additional/Textures/T_Med_Reception_Desk_Normal.uasset" 4966
"E:/Development/Projects/Squeak/Content/content_2/AbandonedHospital/Additional/Materials/M_Med_Reception_Desk.uasset" 4967
"E:/Development/Projects/Squeak/Content/content_2/AbandonedHospital/Additional/StaticMeshes/SM_Med_Reception_Desk.uasset" 4968
"E:/Development/Projects/Squeak/Content/content_2/AbandonedHospital/Additional/Textures/T_Med_Reception_Desk_L_BaseColor.uasset" 4969
"/Game/content_2/AbandonedHospital/Additional/StaticMeshes/rgb_wkeyboard_ultimate_ultra_instinct_awakeing" 4970
"E:/Development/Projects/Squeak/Content/content_2/AbandonedHospital/Additional/Textures/T_Med_Reception_Desk_L_Metallic-T_Med_Reception_Desk_L_Roughness.uasset" 4971
"E:/Development/Projects/Squeak/Content/content_2/AbandonedHospital/Additional/Textures/T_Med_Reception_Desk_L_Normal.uasset" 4972
"E:/Development/Projects/Squeak/Content/content_2/AbandonedHospital/Additional/Materials/M_Med_Reception_Desk_L.uasset" 4973
"E:/Development/Projects/Squeak/Content/content_2/AbandonedHospital/Additional/Textures/T_Med_Reception_Desk_Glass_BaseColor-T_Med_Reception_Desk_Glass_Opacity.uasset" 4974
"/Game/content_2/AbandonedHospital/Additional/Textures/T_Carm_Screens_Emissive" 4975
"/Game/content_2/AbandonedHospital/Additional/Materials/M_Carm_Screens" 4976
"../../../Engine/Plugins/Interchange/Assets/Content/gltf/MaterialInstances/MI_Default_Blend_DS.uasset" 4977
"E:/Development/Projects/Squeak/Content/content_2/AbandonedHospital/Additional/StaticMeshes/SM_Med_Reception_Desk_L.uasset" 4978
"E:/Development/Projects/Squeak/Content/content_2/AbandonedHospital/Additional/Materials/M_Med_Reception_Desk_Glass.uasset" 4979
"E:/Development/Projects/Squeak/Content/content_2/AbandonedHospital/Additional/Textures/T_Medical_Wall_Panel_BaseColor.uasset" 4980
"E:/Development/Projects/Squeak/Content/content_2/AbandonedHospital/Meshes/StaticMeshes/SM_AnesthesiaMachine_01.uasset" 4981
"E:/Development/Projects/Squeak/Content/content_2/AbandonedHospital/Additional/StaticMeshes/BP_AnesthesiaMachine.uasset" 4982
"E:/Development/Projects/Squeak/Content/content_2/AbandonedHospital/Additional/Textures/T_Medical_Wall_Panel_Normal.uasset" 4983
"E:/Development/Projects/Squeak/Content/content_2/AbandonedHospital/Additional/Textures/T_Medical_Wall_Panel_Metallic-T_Medical_Wall_Panel_Roughness.uasset" 4984
"/Game/content_2/AbandonedHospital/Additional/Textures/T_Med_Reception_Desk_Glass_BaseColor-T_Med_Reception_Desk_Glass_Opacity" 4985
"/Game/content_2/AbandonedHospital/Additional/Materials/M_Med_Reception_Desk_L" 4986
"/Game/content_2/AbandonedHospital/Additional/Materials/M_Med_Reception_Desk" 4987
"/Game/content_2/AbandonedHospital/Additional/StaticMeshes/SM_Med_PC_Monitor" 4988
"/Game/content_2/AbandonedHospital/Additional/StaticMeshes/SM_C-ARM" 4989
"E:/Development/Projects/Squeak/Content/content_2/AbandonedHospital/Additional/StaticMeshes/SM_Medical_Wall_Panel.uasset" 4990
"E:/Development/Projects/Squeak/Content/content_2/AbandonedHospital/Additional/Textures/T_Med_PC_Mouse_Emissive.uasset" 4991
"E:/Development/Projects/Squeak/Content/content_2/AbandonedHospital/Additional/Materials/M_Medical_Wall_Panel.uasset" 4992
"E:/Development/Projects/Squeak/Content/content_2/AbandonedHospital/Additional/Textures/T_Med_PC_Mouse_Metallic-T_Med_PC_Mouse_Roughness.uasset" 4993
"E:/Development/Projects/Squeak/Content/content_2/AbandonedHospital/Additional/Textures/T_Med_PC_Mouse_Normal.uasset" 4994
"E:/Development/Projects/Squeak/Content/content_2/AbandonedHospital/Additional/Materials/M_Med_PC_Mouse_001.uasset" 4995
"E:/Development/Projects/Squeak/Content/content_2/AbandonedHospital/Additional/Textures/T_Med_PC_Mouse_BaseColor.uasset" 4996
"E:/Development/Projects/Squeak/Content/content_2/AbandonedHospital/Additional/StaticMeshes/BP_Medical_Wall_Panel.uasset" 4997
"/Game/content_2/AbandonedHospital/Additional/StaticMeshes/SM_Med_Reception_Desk" 4998
"E:/Development/Projects/Squeak/Content/content_2/AbandonedHospital/Additional/StaticMeshes/Med_PC_Mouse.uasset" 4999
"E:/Development/Projects/Squeak/Content/content_2/AbandonedHospital/Meshes/StaticMeshes/Dirty/SM_Dirty_ConcretePieces_01.uasset" 5000
"E:/Development/Projects/Squeak/Content/content_2/AbandonedHospital/Meshes/StaticMeshes/Dirty/SM_Dirty_ConcretePieces_011.uasset" 5001
"E:/Development/Projects/Squeak/Content/content_2/AbandonedHospital/Meshes/StaticMeshes/Dirty/SM_Dirty_ConcretePieces_02.uasset" 5002
"E:/Development/Projects/Squeak/Content/content_2/AbandonedHospital/Meshes/StaticMeshes/Dirty/SM_Dirty_ConcretePieces_05.uasset" 5003
"E:/Development/Projects/Squeak/Content/content_2/AbandonedHospital/Meshes/StaticMeshes/Dirty/SM_Dirty_ConcretePieces_09.uasset" 5004
"E:/Development/Projects/Squeak/Content/content_2/AbandonedHospital/Meshes/StaticMeshes/Dirty/SM_Dirty_PillBox_02.uasset" 5005
"E:/Development/Projects/Squeak/Content/content_2/AbandonedHospital/Meshes/StaticMeshes/Dirty/SM_Dirty_PillBox_03.uasset" 5006
"E:/Development/Projects/Squeak/Content/content_2/AbandonedHospital/Meshes/StaticMeshes/Dirty/SM_Dirty_PillBox_04.uasset" 5007
"E:/Development/Projects/Squeak/Content/content_2/AbandonedHospital/Meshes/StaticMeshes/Dirty/SM_Dirty_PlasticPillBottle_008.uasset" 5008
"E:/Development/Projects/Squeak/Content/content_2/AbandonedHospital/Meshes/StaticMeshes/Dirty/SM_Dirty_Plate_01.uasset" 5009
"E:/Development/Projects/Squeak/Content/content_2/AbandonedHospital/Meshes/StaticMeshes/Dirty/SM_Dirty_Plate_03.uasset" 5010
"E:/Development/Projects/Squeak/Content/content_2/AbandonedHospital/Meshes/StaticMeshes/Dirty/SM_Dirty_Syringe_01.uasset" 5011
"/Game/content_2/AbandonedHospital/Additional/StaticMeshes/SM_Med_Reception_Desk_L" 5012
"E:/Development/Projects/Squeak/Content/content_2/AbandonedHospital/Materials/MI_DirtyDecal_04.uasset" 5013
"E:/Development/Projects/Squeak/Content/content_2/AbandonedHospital/Meshes/StaticMeshes/SM_BedsideCabinet_01.uasset" 5014
"/Game/content_2/AbandonedHospital/Meshes/StaticMeshes/SM_AnesthesiaMachine_01" 5015
"/Game/content_2/AbandonedHospital/Additional/StaticMeshes/BP_AnesthesiaMachine" 5016
"/Game/content_2/AbandonedHospital/Additional/Textures/T_Medical_Wall_Panel_BaseColor" 5017
"/Game/content_2/AbandonedHospital/Additional/Textures/T_Medical_Wall_Panel_Metallic-T_Medical_Wall_Panel_Roughness" 5018
"/Game/content_2/AbandonedHospital/Additional/Textures/T_Medical_Wall_Panel_Normal" 5019
"E:/Development/Projects/Squeak/Content/content_2/AbandonedHospital/Meshes/StaticMeshes/SM_FacialSteamer.uasset" 5020
"E:/Development/Projects/Squeak/Content/content_2/AbandonedHospital/Meshes/StaticMeshes/SM_HospitalTable_01.uasset" 5021
"E:/Development/Projects/Squeak/Content/content_2/AbandonedHospital/Materials/MI_Plastic_01.uasset" 5022
"E:/Development/Projects/Squeak/Content/content_2/AbandonedHospital/Meshes/StaticMeshes/Dirty/SM_Dirty_PlasticPillBottle_03.uasset" 5023
"E:/Development/Projects/Squeak/Content/content_2/AbandonedHospital/Meshes/StaticMeshes/SM_CabinetDesk_02.uasset" 5024
"E:/Development/Projects/Squeak/Content/content_2/AbandonedHospital/Meshes/StaticMeshes/SM_Laboratory_BigDesk_01.uasset" 5025
"/Game/content_2/AbandonedHospital/Meshes/StaticMeshes/SM_BedsideCabinet_01" 5026
"E:/Development/Projects/Squeak/Content/content_2/AbandonedHospital/Meshes/StaticMeshes/SM_WasteBin_02.uasset" 5027
"E:/Development/Projects/Squeak/Content/content_2/AbandonedHospital/Additional/Textures/T_CT_Table_BaseColor.uasset" 5028
"E:/Development/Projects/Squeak/Content/content_2/AbandonedHospital/Additional/Textures/T_CT_Table_Emissive.uasset" 5029
"/Game/content_2/AbandonedHospital/Meshes/StaticMeshes/Dirty/SM_Dirty_Syringe_01" 5030
"/Game/content_2/AbandonedHospital/Meshes/StaticMeshes/Dirty/SM_Dirty_Plate_03" 5031
"/Game/content_2/AbandonedHospital/Meshes/StaticMeshes/Dirty/SM_Dirty_Plate_01" 5032
"/Game/content_2/AbandonedHospital/Meshes/StaticMeshes/Dirty/SM_Dirty_PlasticPillBottle_008" 5033
"/Game/content_2/AbandonedHospital/Meshes/StaticMeshes/Dirty/SM_Dirty_PillBox_04" 5034
"/Game/content_2/AbandonedHospital/Meshes/StaticMeshes/Dirty/SM_Dirty_PillBox_03" 5035
"/Game/content_2/AbandonedHospital/Meshes/StaticMeshes/Dirty/SM_Dirty_PillBox_02" 5036
"/Game/content_2/AbandonedHospital/Meshes/StaticMeshes/Dirty/SM_Dirty_ConcretePieces_09" 5037
"/Game/content_2/AbandonedHospital/Meshes/StaticMeshes/Dirty/SM_Dirty_ConcretePieces_05" 5038
"/Game/content_2/AbandonedHospital/Meshes/StaticMeshes/Dirty/SM_Dirty_ConcretePieces_02" 5039
"/Game/content_2/AbandonedHospital/Meshes/StaticMeshes/Dirty/SM_Dirty_ConcretePieces_011" 5040
"/Game/content_2/AbandonedHospital/Meshes/StaticMeshes/Dirty/SM_Dirty_ConcretePieces_01" 5041
"/Game/content_2/AbandonedHospital/Additional/StaticMeshes/Med_PC_Mouse" 5042
"/Game/content_2/AbandonedHospital/Additional/StaticMeshes/BP_Medical_Wall_Panel" 5043
"E:/Development/Projects/Squeak/Content/content_2/AbandonedHospital/Additional/Textures/T_CT_Table_Metallic-T_CT_Table_Roughness.uasset" 5044
"E:/Development/Projects/Squeak/Content/content_2/AbandonedHospital/Additional/Textures/T_CT_Table_Normal.uasset" 5045
"E:/Development/Projects/Squeak/Content/content_2/AbandonedHospital/Additional/Textures/T_CT_Scanner_Metallic-T_CT_Scanner_Roughness.uasset" 5046
"E:/Development/Projects/Squeak/Content/content_2/AbandonedHospital/Additional/Textures/T_CT_Scanner_Normal.uasset" 5047
"E:/Development/Projects/Squeak/Content/content_2/AbandonedHospital/Additional/Textures/T_CT_Scanner_Emissive.uasset" 5048
"E:/Development/Projects/Squeak/Content/content_2/AbandonedHospital/Additional/Materials/M_CT_Scanner.uasset" 5049
"E:/Development/Projects/Squeak/Content/content_2/AbandonedHospital/Additional/Textures/T_CT_Scanner_BaseColor.uasset" 5050
"/Game/content_2/AbandonedHospital/Additional/Textures/T_CT_Table_Emissive" 5051
"E:/Development/Projects/Squeak/Content/content_2/AbandonedHospital/Additional/Materials/M_CT_Table.uasset" 5052
"E:/Development/Projects/Squeak/Content/content_2/AbandonedHospital/Additional/StaticMeshes/CT_Scanner.uasset" 5053
"E:/Development/Projects/Squeak/Content/content_2/AbandonedHospital/Additional/Textures/T_Operating_Table_BaseColor.uasset" 5054
"/Game/content_2/AbandonedHospital/Additional/Textures/T_CT_Table_BaseColor" 5055
"E:/Development/Projects/Squeak/Content/content_2/AbandonedHospital/Additional/Textures/T_Operating_Table_Emissive.uasset" 5056
"E:/Development/Projects/Squeak/Content/content_2/AbandonedHospital/Additional/Textures/T_Operating_Table_Metallic-T_Operating_Table_Roughness.uasset" 5057
"E:/Development/Projects/Squeak/Content/content_2/AbandonedHospital/Additional/Textures/T_Operating_Table_Normal.uasset" 5058
"/Game/content_2/AbandonedHospital/Meshes/StaticMeshes/SM_Laboratory_BigDesk_01" 5059
"E:/Development/Projects/Squeak/Content/content_2/AbandonedHospital/Additional/Materials/M_Operating_Table.uasset" 5060
"E:/Development/Projects/Squeak/Content/content_2/AbandonedHospital/Additional/StaticMeshes/Operating_Table.uasset" 5061
"E:/Development/Projects/Squeak/Content/content_0/base/door/DoorBox.uasset" 5062
"E:/Development/Projects/Squeak/Content/content_0/base/door/WallBox.uasset" 5063
"E:/Development/Projects/Squeak/Content/content_2/AbandonedHospital/Meshes/StaticMeshes/SM_Reception_FloorConnection_01.uasset" 5064
"E:/Development/Projects/Squeak/Content/content_2/AbandonedHospital/Meshes/StaticMeshes/SM_WallAccessories_FireDevice_01.uasset" 5065
"E:/Development/Projects/Squeak/Content/content_0/base/door/BP_Door_Hispital.uasset" 5066
"E:/Development/Projects/Squeak/Content/content_1/scripts/systems/constructionSystem/scripts/data/DA_Door_Hospital.uasset" 5067
"E:/Development/Projects/Squeak/Content/content_1/scripts/systems/constructionSystem/scripts/data/RS_Hospital.uasset" 5068
"E:/Development/Projects/Squeak/Content/content_1/scripts/systems/constructionSystem/meshes/const_floor.uasset" 5069
"/Game/content_2/AbandonedHospital/Meshes/StaticMeshes/SM_CabinetDesk_02" 5070
"/Game/content_2/AbandonedHospital/Meshes/StaticMeshes/SM_HospitalTable_01" 5071
"/Game/content_2/AbandonedHospital/Meshes/StaticMeshes/Dirty/SM_Dirty_PlasticPillBottle_03" 5072
"/Game/content_2/AbandonedHospital/Meshes/StaticMeshes/SM_WasteBin_02" 5073
"/Game/content_2/AbandonedHospital/Meshes/StaticMeshes/SM_FacialSteamer" 5074
"../../../../../Projects/Squeak/Content/content_2/AbandonedHospital/Materials/MI_Window_Aluminum_06.uasset" 5075
"E:/Development/Projects/Squeak/Content/content_2/DustBox/Data/DataAssets/Custom.uasset" 5076
"E:/Development/Projects/Squeak/Content/content_1/scripts/systems/constructionSystem/scripts/pda_room_preset.uasset" 5077
"E:/Development/Projects/Squeak/Content/content_1/scripts/systems/constructionSystem/scripts/scripts/const_wall_struct.uasset" 5078
"E:/Development/Projects/Squeak/Content/content_2/DustBox/Materials/MF/MF_HeightMask_WithMPC.uasset" 5079
"E:/Development/Projects/Squeak/Content/content_2/DustBox/Materials/MM/M_SparseVolumeFog.uasset" 5080
"E:/Development/Projects/Squeak/Content/content_2/RoomEditor/PCG/PCG_Conrcete_Floor.uasset" 5081
"/Game/content_1/scripts/systems/constructionSystem/meshes/const_floor" 5082
"E:/Development/Projects/Squeak/Content/content_2/DustBox/Textures/VDB_Fog_Perlin.uasset" 5083
"E:/Development/Projects/Squeak/Content/content_2/DustBox/Materials/MI/MI_SparseVolumeFog.uasset" 5084
"E:/Development/Projects/Squeak/Content/content_2/DustBox/Materials/MI/MI_VolumeFog.uasset" 5085
"/Game/content_1/scripts/systems/constructionSystem/scripts/data/RS_Hospital" 5086
"../../../../../Projects/Squeak/Content/content_1/scripts/systems/constructionSystem/scripts/data/data_const_door.uasset" 5087
"../../../../../Projects/Squeak/Content/content_1/scripts/systems/constructionSystem/scripts/RoomStylePreset.uasset" 5088
"../../../../../Projects/Squeak/Content/content_0/base/door/Placheodler_2.uasset" 5089
"../../../../../Projects/Squeak/Content/content_1/scripts/systems/constructionSystem/scripts/data/da_door_test.uasset" 5090
"../../../../../Projects/Squeak/Content/content_1/scripts/systems/constructionSystem/meshes/const_wall_edge_double.uasset" 5091
"../../../../../Projects/Squeak/Content/content_1/scripts/systems/constructionSystem/meshes/const_wall_inner_double.uasset" 5092
"../../../../../Projects/Squeak/Content/content_1/scripts/systems/constructionSystem/meshes/const_wall_outer.uasset" 5093
"../../../../../Projects/Squeak/Content/content_1/scripts/systems/constructionSystem/meshes/const_wall_placeholder_inner.uasset" 5094
"../../../../../Projects/Squeak/Content/content_1/scripts/systems/constructionSystem/meshes/const_wall_placeholder_outer.uasset" 5095
"../../../../../Projects/Squeak/Content/content_1/scripts/systems/constructionSystem/meshes/materials/m_wall_basic.uasset" 5096
"/Game/content_2/AbandonedHospital/Additional/StaticMeshes/Operating_Table" 5097
"/Game/content_2/AbandonedHospital/Additional/StaticMeshes/CT_Scanner" 5098
"../../../Engine/Plugins/FX/Niagara/Content/Functions/Helpers/IsPointAbovePlane.uasset" 5099
"E:/Development/Projects/Squeak/Content/content_2/DustBox/Data/Structures/STRUCT_DustTex.uasset" 5100
"E:/Development/Projects/Squeak/Content/content_2/DustBox/Materials/MPC/MPC_Fog.uasset" 5101
"E:/Development/Projects/Squeak/Content/content_2/DustBox/Materials/MPC/MPC_SurfaceDust.uasset" 5102
"E:/Development/Projects/Squeak/Content/content_2/DustBox/Data/Structures/STRUCT_Particles.uasset" 5103
"E:/Development/Projects/Squeak/Content/content_2/DustBox/Data/Structures/STRUCT_Global.uasset" 5104
"../../../Engine/Plugins/FX/Niagara/Content/Functions/Helpers/IsPointBetweenSlabs.uasset" 5105
"../../../Engine/Plugins/FX/Niagara/Content/Functions/Helpers/IsPointInsideBox.uasset" 5106
"E:/Development/Projects/Squeak/Content/content_2/DustBox/Data/Structures/STRUCT_Fog.uasset" 5107
"../../../Engine/Plugins/FX/Niagara/Content/Functions/Helpers/IsPointInsideCone.uasset" 5108
"/Game/content_2/DustBox/Materials/MI/MI_VolumeFog" 5109
"../../../Engine/Plugins/FX/Niagara/Content/Functions/Helpers/IsPointInsideSphere.uasset" 5110
"../../../Engine/Plugins/FX/Niagara/Content/Functions/Localspace/OwnerAxes.uasset" 5111
"../../../Engine/Plugins/FX/Niagara/Content/Modules/Update/Lifetime/KillParticlesInVolume.uasset" 5112
"../../../Engine/Plugins/FX/Niagara/Content/Enums/ENiagaraKillVolumeOptions.uasset" 5113
"../../../../../Projects/Squeak/Content/content_2/DustBox/Materials/MM/M_VolumeFog.uasset" 5114
"E:/Development/Projects/Squeak/Content/content_2/DustBox/Niagara/NS_Motes.uasset" 5115
"E:/Development/Projects/Squeak/Content/content_2/DustBox/Textures/RT_DustMask1.uasset" 5116
"E:/Development/Projects/Squeak/Content/content_2/DustBox/Textures/RT_DustMask2.uasset" 5117
"E:/Development/Projects/Squeak/Content/content_2/DustBox/Data/PDA/PDA_DustBox.uasset" 5118
"../../../Engine/Content/Functions/Engine_MaterialFunctions02/Texturing/CustomRotator.uasset" 5119
"E:/Development/Projects/Squeak/Content/content_2/DustBox/Materials/MM/M_DrawVolumeToRT.uasset" 5120
"E:/Development/Projects/Squeak/Content/content_2/DustBox/Materials/MF/MF_MoveOverTime.uasset" 5121
"E:/Development/Projects/Squeak/Content/content_2/DustBox/Materials/MF/MF_HeightMask.uasset" 5122
"../../../Engine/Content/EngineSky/VolumetricClouds/T_NoiseShape.uasset" 5123
"../../../../../Projects/Squeak/Content/content_2/DustBox/Materials/MF/MF_HeightMask.uasset" 5124
"../../../../../Projects/Squeak/Content/content_2/DustBox/Materials/MF/MF_MoveOverTime.uasset" 5125
"../../../Engine/Content/EngineSky/VolumetricClouds/T_VolumeNoiseShape128.uasset" 5126
"/Game/content_2/DustBox/Textures/VDB_Fog_Perlin" 5127
"/Game/content_2/DustBox/Materials/MF/MF_HeightMask_WithMPC" 5128
"/Game/content_2/RoomEditor/PCG/PCG_Conrcete_Floor" 5129
"/Game/content_1/scripts/systems/constructionSystem/scripts/pda_room_preset" 5130
"../../../../../Projects/Squeak/Content/content_1/scripts/systems/constructionSystem/scripts/scripts/const_door_struct.uasset" 5131
"../../../../../Projects/Squeak/Content/content_1/scripts/systems/constructionSystem/scripts/scripts/const_wall_type.uasset" 5132
"/Game/content_1/scripts/systems/constructionSystem/scripts/data/da_door_test" 5133
"/Niagara/Functions/Helpers/IsPointAbovePlane" 5134
"E:/Development/Projects/Squeak/Content/content_2/DustBox/Textures/T_Mote_02.uasset" 5135
"../../../Engine/Content/EngineVolumetrics/LightBeam/Materials/T_EV_LightBeam_Falloff_02.uasset" 5136
"E:/Development/Projects/Squeak/Content/content_2/DustBox/Textures/T_Mote_03.uasset" 5137
"E:/Development/Projects/Squeak/Content/content_2/DustBox/Materials/MF/MF_Iridescence_Simple.uasset" 5138
"/Game/content_2/DustBox/Materials/MI/MI_SparseVolumeFog" 5139
"E:/Development/Projects/Squeak/Content/content_2/DustBox/Textures/T_Mote_04.uasset" 5140
"E:/Development/Projects/Squeak/Content/content_2/DustBox/Materials/MM/M_Motes.uasset" 5141
"E:/Development/Projects/Squeak/Content/content_2/DustBox/Textures/T_Mote.uasset" 5142
"E:/Development/Projects/Squeak/Content/content_2/DustBox/Materials/MI/MI_Mote_01.uasset" 5143
"/Game/content_2/DustBox/Data/DataAssets/Custom" 5144
"/Niagara/Modules/Update/Lifetime/KillParticlesInVolume" 5145
"/Game/content_2/DustBox/Materials/MPC/MPC_SurfaceDust" 5146
"/Game/content_2/DustBox/Data/Structures/STRUCT_DustTex" 5147
"/Game/content_2/DustBox/Data/Structures/STRUCT_Fog" 5148
"/Game/content_2/DustBox/Data/Structures/STRUCT_Global" 5149
"/Game/content_2/DustBox/Textures/RT_DustMask1" 5150
"/Game/content_2/DustBox/Textures/RT_DustMask2" 5151
"/Engine/Functions/Engine_MaterialFunctions02/Texturing/CustomRotator" 5152
"/Game/content_2/DustBox/Materials/MM/M_DrawVolumeToRT" 5153
"E:/Development/Projects/Squeak/Content/content_2/DustBox/Blueprints/BP_DustBox.uasset" 5154
"E:/Development/Projects/Squeak/Content/content_1/scripts/systems/constructionSystem/scripts/data/RS_Default.uasset" 5155
"E:/Development/Projects/Squeak/Content/content_1/scripts/systems/constructionSystem/meshes/const_lightBlocker.uasset" 5156
"E:/Development/Projects/Squeak/Content/content_1/scripts/systems/constructionSystem/scripts/const_wall.uasset" 5157
"E:/Development/Projects/Squeak/Content/content_1/scripts/systems/constructionSystem/scripts/scripts/const_wall_calc_method.uasset" 5158
"E:/Development/Projects/Squeak/Content/content_1/scripts/systems/constructionSystem/scripts/scripts/const_wall_calc_axis.uasset" 5159
"E:/Development/Projects/Squeak/Content/content_1/scripts/systems/constructionSystem/scripts/const_room.uasset" 5160
"E:/Development/Projects/Squeak/Content/content_1/scripts/navigation/smart_objects/configs/GBC_RoomCenterConfig.uasset" 5161
"E:/Development/Projects/Squeak/Content/content_1/scripts/navigation/smart_objects/behaviours/SO_RoomCenterBehaviour.uasset" 5162
"E:/Development/Projects/Squeak/Content/content_1/scripts/navigation/smart_objects/GBC_RoomCenterConfig.uasset" 5163
"E:/Development/Projects/Squeak/Content/content_1/scripts/navigation/smart_objects/SOD_RoomCenter.uasset" 5164
"E:/Development/Projects/Squeak/Content/content_1/scripts/navigation/POI_RoomCenter.uasset" 5165
"E:/Development/Projects/Squeak/Content/content_2/AbandonedHospital/Additional/Textures/T_MedicalPrivacyScreen_Metallic-T_MedicalPrivacyScreen_Roughness.uasset" 5166
"E:/Development/Projects/Squeak/Content/content_2/AbandonedHospital/Additional/Textures/T_MedicalPrivacyScreen_Normal.uasset" 5167
"/Game/content_2/DustBox/Materials/MI/MI_Mote_01" 5168
"E:/Development/Projects/Squeak/Content/content_2/AbandonedHospital/Additional/Materials/M_MedicalPrivacyScreen.uasset" 5169
"E:/Development/Projects/Squeak/Content/content_2/AbandonedHospital/Additional/StaticMeshes/SM_MedicalPrivacyScreen.uasset" 5170
"E:/Development/Projects/Squeak/Content/content_2/AbandonedHospital/Meshes/StaticMeshes/SM_BedsideCabinet_02.uasset" 5171
"E:/Development/Projects/Squeak/Content/content_2/AbandonedHospital/Meshes/StaticMeshes/SM_HospitalBed_01.uasset" 5172
"E:/Development/Projects/Squeak/Content/content_2/AbandonedHospital/Textures/T_Baseboard_01_BaseColor.uasset" 5173
"E:/Development/Projects/Squeak/Content/content_2/AbandonedHospital/Materials/MI_Baseboard_01.uasset" 5174
"E:/Development/Projects/Squeak/Content/content_2/AbandonedHospital/Meshes/StaticMeshes/SM_HospitalBed_02.uasset" 5175
"E:/Development/Projects/Squeak/Content/content_2/AbandonedHospital/Textures/T_Leather_01_BaseColor.uasset" 5176
"E:/Development/Projects/Squeak/Content/content_2/AbandonedHospital/Textures/T_Leather_01_Normal.uasset" 5177
"/Game/content_2/DustBox/Niagara/NS_Motes" 5178
"/Game/content_2/DustBox/Blueprints/BP_DustBox" 5179
"E:/Development/Projects/Squeak/Content/content_2/AbandonedHospital/Textures/T_Leather_01_OcclusionRoughnessMetallic.uasset" 5180
"E:/Development/Projects/Squeak/Content/content_2/AbandonedHospital/Materials/MI_Leather_01.uasset" 5181
"E:/Development/Projects/Squeak/Content/content_2/AbandonedHospital/Meshes/StaticMeshes/SM_LaboratoryChair_01.uasset" 5182
"E:/Development/Projects/Squeak/Content/content_2/AbandonedHospital/Materials/MI_PlasticColor_05.uasset" 5183
"E:/Development/Projects/Squeak/Content/content_2/AbandonedHospital/Meshes/StaticMeshes/SM_WaitingChairs_01.uasset" 5184
"E:/Development/Projects/Squeak/Content/content_2/AbandonedHospital/Meshes/StaticMeshes/SM_WaitingChairs_02.uasset" 5185
"E:/Development/Projects/Squeak/Content/content_0/level/Level_2.umap" 5186
"../../../Engine/Content/EngineSounds/Submixes/MasterReverbEffectPreset.uasset" 5187
"../../../Engine/Content/EngineSounds/Submixes/MasterEQSubmixDefault.uasset" 5188
"../../../Engine/Content/EngineSounds/Submixes/MasterEQEffectPreset.uasset" 5189
"/Game/content_1/scripts/navigation/POI_RoomCenter" 5190
"/Game/content_1/scripts/systems/constructionSystem/scripts/const_room" 5191
"/Game/content_2/AbandonedHospital/Textures/T_Leather_01_Normal" 5192
"/Game/content_2/AbandonedHospital/Textures/T_Leather_01_BaseColor" 5193
"/Game/content_2/AbandonedHospital/Meshes/StaticMeshes/SM_HospitalBed_02" 5194
"/Game/content_2/AbandonedHospital/Meshes/StaticMeshes/SM_HospitalBed_01" 5195
"/Game/content_2/AbandonedHospital/Meshes/StaticMeshes/SM_BedsideCabinet_02" 5196
"/Game/content_2/AbandonedHospital/Additional/StaticMeshes/SM_MedicalPrivacyScreen" 5197
"/Game/content_2/AbandonedHospital/Meshes/StaticMeshes/SM_WaitingChairs_02" 5198
"/Game/content_2/AbandonedHospital/Meshes/StaticMeshes/SM_WaitingChairs_01" 5199
"/Game/content_2/AbandonedHospital/Meshes/StaticMeshes/SM_LaboratoryChair_01" 5200
"/Game/content_0/level/Level_2" 5201
"../../../../../Projects/Squeak/Content/content_0/level/Level_2.umap" 5202
"/Engine/EngineSounds/Submixes/MasterReverbEffectPreset" 5203
"/Engine/EngineSounds/Submixes/MasterEQEffectPreset" 5204
"/Engine/EngineSounds/Submixes/MasterEQSubmixDefault" 5205
"../../../Engine/Content/EngineSounds/Submixes/MasterSubmixDefault.uasset" 5206
"../../../Engine/Content/EngineSounds/Submixes/MasterReverbSubmixDefault.uasset" 5207
"/Engine/EditorResources/EmptyActor" 5208
"../../../Engine/Content/EditorResources/EmptyActor.uasset" 5209
"/Engine/EditorResources/AudioIcons/S_AudioComponent" 5210
"../../../Engine/Content/EditorResources/AudioIcons/S_AudioComponent.uasset" 5211
"/Engine/EditorResources/LightIcons/S_LightError" 5212
"../../../Engine/Content/EditorResources/LightIcons/S_LightError.uasset" 5213
"../../../Engine/Plugins/Interchange/Assets/Shaders/ThinFilmFunctions.usf" 5214
"../../../Engine/Plugins/Interchange/Assets/Content/gltf/MaterialInstances/MI_ClearCoat_Mask.uasset" 5215
"../../../Engine/Plugins/Interchange/Assets/Content/gltf/MaterialInstances/MI_ClearCoat_Opaque.uasset" 5216
"../../../Engine/Plugins/Interchange/Assets/Content/gltf/MaterialInstances/MI_ClearCoat_Opaque_DS.uasset" 5217
"../../../Engine/Plugins/Interchange/Assets/Content/gltf/MaterialInstances/MI_ClearCoat_Mask_DS.uasset" 5218
"../../../Engine/Plugins/Interchange/Assets/Content/gltf/MaterialInstances/MI_Default_Blend.uasset" 5219
"../../../Engine/Plugins/Interchange/Assets/Content/gltf/MaterialInstances/MI_Default_Mask.uasset" 5220
"../../../Engine/Plugins/Interchange/Assets/Content/gltf/MaterialInstances/MI_Default_Opaque.uasset" 5221
"../../../Engine/Plugins/Interchange/Assets/Content/gltf/MaterialInstances/MI_Sheen_Opaque.uasset" 5222
"../../../Engine/Plugins/Interchange/Assets/Content/gltf/MaterialInstances/MI_ClearCoat_Blend_DS.uasset" 5223
"../../../Engine/Plugins/Interchange/Assets/Content/gltf/M_Sheen.uasset" 5224
"../../../Engine/Plugins/Interchange/Assets/Content/gltf/MaterialInstances/MI_Default_Mask_DS.uasset" 5225
"../../../Engine/Plugins/Interchange/Assets/Content/gltf/MaterialInstances/MI_Sheen_Mask.uasset" 5226
"../../../Engine/Plugins/Interchange/Assets/Content/gltf/MaterialBodies/MF_Sheen_Body.uasset" 5227
"../../../Engine/Plugins/Interchange/Assets/Content/gltf/MaterialFunctions/MF_Sheen.uasset" 5228
"../../../Engine/Plugins/Interchange/Assets/Content/gltf/MaterialInstances/MI_Sheen_Opaque_DS.uasset" 5229
"../../../Engine/Plugins/Interchange/Assets/Content/gltf/MaterialInstances/MI_Sheen_Mask_DS.uasset" 5230
"../../../Engine/Plugins/Interchange/Assets/Content/gltf/MaterialInstances/MI_Sheen_Blend_DS.uasset" 5231
"../../../Engine/Plugins/Interchange/Assets/Content/gltf/MaterialInstances/MI_Sheen_Blend.uasset" 5232
"../../../Engine/Plugins/Interchange/Assets/Content/gltf/MaterialFunctions/MF_Transmission.uasset" 5233
"../../../Engine/Plugins/Interchange/Assets/Content/gltf/MaterialBodies/MF_Transmission_Body.uasset" 5234
"../../../Engine/Plugins/Interchange/Assets/Content/gltf/MaterialFunctions/MF_Fresnel_DS.uasset" 5235
"../../../Engine/Plugins/Interchange/Assets/Content/gltf/MaterialFunctions/MF_Temporal_Blur.uasset" 5236
"../../../Engine/Plugins/Interchange/Assets/Content/gltf/M_Transmission.uasset" 5237
"../../../Engine/Plugins/Interchange/Assets/Content/gltf/MaterialInstances/MI_Transmission.uasset" 5238
"../../../Engine/Plugins/Interchange/Assets/Content/gltf/MaterialInstances/MI_Transmission_DS.uasset" 5239
"../../../Engine/Plugins/Interchange/Assets/Content/gltf/MaterialFunctions/MF_SpecGlossToMetalRoughness.uasset" 5240
"../../../Engine/Plugins/Interchange/Assets/Content/gltf/MaterialFunctions/MF_PerceivedBrightness.uasset" 5241
"../../../Engine/Plugins/Interchange/Assets/Content/gltf/MaterialBodies/MF_SpecularGlossiness_Body.uasset" 5242
"../../../Engine/Plugins/Interchange/Assets/Content/gltf/MaterialFunctions/MF_MaxComponentValue.uasset" 5243
"../../../Engine/Plugins/Interchange/Assets/Content/gltf/M_SpecularGlossiness.uasset" 5244
"../../../Engine/Plugins/Interchange/Assets/Content/gltf/MaterialFunctions/MF_DiffuseSpecGloss.uasset" 5245
"../../../Engine/Content/Functions/Engine_MaterialFunctions02/Math/AddComponents.uasset" 5246
"/InterchangeAssets/gltf/MaterialInstances/MI_ClearCoat_Mask_DS" 5247
"/InterchangeAssets/gltf/MaterialInstances/MI_ClearCoat_Opaque_DS" 5248
"/InterchangeAssets/gltf/MaterialInstances/MI_ClearCoat_Mask" 5249
"/InterchangeAssets/gltf/MaterialInstances/MI_ClearCoat_Opaque" 5250
"../../../Engine/Plugins/Interchange/Assets/Content/gltf/MaterialInstances/MI_SpecularGlossiness_Opaque.uasset" 5251
"../../../Engine/Plugins/Interchange/Assets/Content/gltf/MaterialInstances/MI_SpecularGlossiness_Mask.uasset" 5252
"/InterchangeAssets/gltf/M_SpecularGlossiness" 5253
"../../../Engine/Plugins/Interchange/Assets/Content/gltf/MaterialInstances/MI_SpecularGlossiness_Blend.uasset" 5254
"../../../Engine/Plugins/Interchange/Assets/Content/gltf/MaterialInstances/MI_SpecularGlossiness_Opaque_DS.uasset" 5255
"/InterchangeAssets/gltf/MaterialInstances/MI_Transmission_DS" 5256
"/InterchangeAssets/gltf/MaterialInstances/MI_Transmission" 5257
"/InterchangeAssets/gltf/MaterialInstances/MI_Sheen_Blend_DS" 5258
"/InterchangeAssets/gltf/MaterialInstances/MI_Sheen_Mask_DS" 5259
"/InterchangeAssets/gltf/MaterialInstances/MI_Sheen_Opaque_DS" 5260
"/InterchangeAssets/gltf/MaterialInstances/MI_Sheen_Blend" 5261
"/InterchangeAssets/gltf/MaterialInstances/MI_Sheen_Mask" 5262
"/InterchangeAssets/gltf/MaterialInstances/MI_Sheen_Opaque" 5263
"/InterchangeAssets/gltf/MaterialInstances/MI_Default_Mask_DS" 5264
"/InterchangeAssets/gltf/MaterialInstances/MI_Default_Blend" 5265
"/InterchangeAssets/gltf/MaterialInstances/MI_Default_Mask" 5266
"/InterchangeAssets/gltf/MaterialInstances/MI_Default_Opaque" 5267
"/InterchangeAssets/gltf/MaterialInstances/MI_ClearCoat_Blend_DS" 5268
"../../../Engine/Plugins/Interchange/Assets/Content/gltf/MaterialInstances/MI_SpecularGlossiness_Mask_DS.uasset" 5269
"../../../Engine/Plugins/Interchange/Assets/Content/gltf/MaterialInstances/MI_SpecularGlossiness_Blend_DS.uasset" 5270
"/InterchangeAssets/gltf/MaterialInstances/MI_SpecularGlossiness_Opaque_DS" 5271
"/InterchangeAssets/gltf/MaterialInstances/MI_SpecularGlossiness_Blend" 5272
"/InterchangeAssets/gltf/MaterialInstances/MI_SpecularGlossiness_Mask" 5273
"/InterchangeAssets/gltf/MaterialInstances/MI_SpecularGlossiness_Opaque" 5274
"/InterchangeAssets/gltf/MaterialInstances/MI_SpecularGlossiness_Blend_DS" 5275
"/InterchangeAssets/gltf/MaterialInstances/MI_SpecularGlossiness_Mask_DS" 5276
"../../../Engine/Plugins/Interchange/Assets/Content/Functions/MX_Transmission.uasset" 5277
"../../../Engine/Content/Functions/Substrate/MF_SchlickInternal.uasset" 5278
"../../../Engine/Plugins/Interchange/Assets/Content/Functions/MX_StandardSurface.uasset" 5279
"../../../Engine/Plugins/Interchange/Assets/Content/Functions/MX_TransmissionSurface.uasset" 5280
"../../../Engine/Plugins/Interchange/Assets/Content/Functions/MF_OrenNayerView.uasset" 5281
"../../../Engine/Plugins/Interchange/Assets/Content/gltf/M_Unlit.uasset" 5282
"../../../Engine/Plugins/Interchange/Assets/Content/Functions/MX_OpenPBR_Translucent.uasset" 5283
"../../../Engine/Content/Functions/Engine_MaterialFunctions01/Volumetrics/BeersLaw.uasset" 5284
"../../../Engine/Plugins/Interchange/Assets/Content/gltf/MaterialInstances/MI_Unlit_Opaque.uasset" 5285
"../../../Engine/Plugins/Interchange/Assets/Content/gltf/MaterialBodies/MF_Unlit_Body.uasset" 5286
"../../../Engine/Plugins/Interchange/Assets/Content/gltf/MaterialInstances/MI_Unlit_Mask.uasset" 5287
"../../../Engine/Plugins/Interchange/Assets/Content/gltf/MaterialInstances/MI_Unlit_Blend.uasset" 5288
"../../../Engine/Plugins/Interchange/Assets/Content/gltf/MaterialInstances/MI_Unlit_Opaque_DS.uasset" 5289
"../../../Engine/Plugins/Interchange/Assets/Content/gltf/MaterialInstances/MI_Unlit_Mask_DS.uasset" 5290
"../../../Engine/Plugins/Interchange/Assets/Content/gltf/MaterialInstances/MI_Unlit_Blend_DS.uasset" 5291
"E:/Development/Projects/Squeak/Content/content_2/SurvivalGirlLaraine/Textures/T_Respirator_BaseColor.uasset" 5292
"E:/Development/Projects/Squeak/Content/content_2/SurvivalGirlLaraine/Textures/T_Respirator_DirtSnowRain.uasset" 5293
"E:/Development/Projects/Squeak/Content/content_2/SurvivalGirlLaraine/Textures/T_Respirator_ID.uasset" 5294
"E:/Development/Projects/Squeak/Content/content_2/SurvivalGirlLaraine/Textures/T_Respirator_OcclusionRoughnessMetallic.uasset" 5295
"E:/Development/Projects/Squeak/Content/content_2/SurvivalGirlLaraine/Textures/T_Backpack_DirtSnowRain.uasset" 5296
"E:/Development/Projects/Squeak/Content/content_2/SurvivalGirlLaraine/Textures/T_Backpack_BaseColor.uasset" 5297
"E:/Development/Projects/Squeak/Content/content_2/SurvivalGirlLaraine/Textures/T_Backpack_ID.uasset" 5298
"E:/Development/Projects/Squeak/Content/content_2/SurvivalGirlLaraine/Textures/T_Respirator_NormalDirectX.uasset" 5299
"E:/Development/Projects/Squeak/Content/content_2/SurvivalGirlLaraine/Materials/M_SGL_Respirator.uasset" 5300
"E:/Development/Projects/Squeak/Content/content_2/SurvivalGirlLaraine/Textures/T_Backpack_NormalDirectX.uasset" 5301
"E:/Development/Projects/Squeak/Content/content_2/SurvivalGirlLaraine/Textures/T_Backpack_OcclusionRoughnessMetallic.uasset" 5302
"E:/Development/Projects/Squeak/Content/content_2/SurvivalGirlLaraine/Materials/M_SGL_Backpack.uasset" 5303
"E:/Development/Projects/Squeak/Content/content_2/SurvivalGirlLaraine/Mesh/SK_SurvivalGirlLaraine_Dressed.uasset" 5304
"/InterchangeAssets/gltf/MaterialInstances/MI_Unlit_Blend_DS" 5305
"/InterchangeAssets/gltf/MaterialInstances/MI_Unlit_Mask_DS" 5306
"/InterchangeAssets/gltf/MaterialInstances/MI_Unlit_Opaque_DS" 5307
"/InterchangeAssets/gltf/MaterialInstances/MI_Unlit_Blend" 5308
"/InterchangeAssets/gltf/MaterialInstances/MI_Unlit_Mask" 5309
"/InterchangeAssets/gltf/MaterialInstances/MI_Unlit_Opaque" 5310
"/InterchangeAssets/Functions/MX_OpenPBR_Translucent" 5311
"../../../Engine/Plugins/MovieScene/MovieRenderPipeline/Content/Blueprints/M_MoviePipelineRenderPreview.uasset" 5312
"../../../Engine/Plugins/MovieScene/MovieRenderPipeline/Content/Blueprints/Graph/T_MovieGraph_TransparencyBG.uasset" 5313
"../../../Engine/Plugins/MovieScene/MovieRenderPipeline/Content/Blueprints/Graph/UI_MovieGraphImagePreview.uasset" 5314
"../../../Engine/Content/ArtTools/RenderToTexture/Textures/127grey.uasset" 5315
"../../../Engine/Plugins/MovieScene/MovieRenderPipeline/Content/Blueprints/UI_MovieRenderPipelineInfoTableRow.uasset" 5316
"../../../Engine/Plugins/MovieScene/MovieRenderPipeline/Content/Blueprints/UI_MovieGraphPipelineScreenOverlay.uasset" 5317
"/Game/content_2/SurvivalGirlLaraine/Mesh/SK_SurvivalGirlLaraine_Dressed" 5318
"/MovieRenderPipeline/Blueprints/UI_MovieGraphPipelineScreenOverlay" 5319
"../../../Engine/Plugins/Animation/ControlRig/Content/Controls/ControlRig_Arrow2_1mm.uasset" 5320
"../../../Engine/Plugins/Animation/ControlRig/Content/Controls/ControlRig_Arrow4_1mm.uasset" 5321
"../../../Engine/Plugins/Animation/ControlRig/Content/Controls/ControlRig_Arrow_1mm.uasset" 5322
"../../../Engine/Plugins/Animation/ControlRig/Content/Controls/ControlRig_Arrow2_solid.uasset" 5323
"../../../Engine/Plugins/Animation/ControlRig/Content/Controls/ControlRig_Arrow2_3mm.uasset" 5324
"../../../Engine/Plugins/Interchange/Assets/Content/Functions/MX_OpenPBR_Opaque.uasset" 5325
"../../../Engine/Plugins/Animation/ControlRig/Content/Controls/ControlRig_Sphere_solid.uasset" 5326
"../../../Engine/Plugins/Animation/ControlRig/Content/Controls/ControlRig_Arrow4_solid.uasset" 5327
"../../../Engine/Plugins/Animation/ControlRig/Content/Controls/ControlRig_Arrow4_3mm.uasset" 5328
"../../../Engine/Plugins/MovieScene/MovieRenderPipeline/Content/Blueprints/UI_MovieRenderPipelineScreenOverlay.uasset" 5329
"../../../Engine/Plugins/Animation/ControlRig/Content/Controls/ControlRig_Arrow_3mm.uasset" 5330
"../../../Engine/Plugins/Animation/ControlRig/Content/Controls/ControlRig_Arrow_solid.uasset" 5331
"/ControlRig/Controls/ControlRig_Arrow_solid" 5332
"/ControlRig/Controls/ControlRig_Arrow_3mm" 5333
"/ControlRig/Controls/ControlRig_Arrow_1mm" 5334
"/ControlRig/Controls/ControlRig_Arrow4_solid" 5335
"/ControlRig/Controls/ControlRig_Arrow4_3mm" 5336
"/ControlRig/Controls/ControlRig_Arrow4_1mm" 5337
"/ControlRig/Controls/ControlRig_Arrow2_solid" 5338
"/ControlRig/Controls/ControlRig_Arrow2_3mm" 5339
"/ControlRig/Controls/ControlRig_Arrow2_1mm" 5340
"/ControlRig/Controls/ControlRig_Sphere_solid" 5341
"/InterchangeAssets/Functions/MX_OpenPBR_Opaque" 5342
"/MovieRenderPipeline/Blueprints/UI_MovieRenderPipelineScreenOverlay" 5343
"../../../Engine/Plugins/Animation/ControlRig/Content/Controls/ControlRig_Circle_3mm.uasset" 5344
"../../../Engine/Plugins/Animation/ControlRig/Content/Controls/ControlRig_Box_3mm.uasset" 5345
"../../../Engine/Plugins/Animation/ControlRig/Content/Controls/ControlRig_Box_solid.uasset" 5346
"../../../Engine/Plugins/Animation/ControlRig/Content/Controls/ControlRig_Circle_solid.uasset" 5347
"../../../Engine/Plugins/Animation/ControlRig/Content/Controls/ControlRig_HalfCircle_1mm.uasset" 5348
"../../../Engine/Plugins/Animation/ControlRig/Content/Controls/ControlRig_Circle_1mm.uasset" 5349
"../../../Engine/Plugins/Animation/ControlRig/Content/Controls/ControlRig_Box_1mm.uasset" 5350
"../../../Engine/Plugins/Animation/ControlRig/Content/Controls/ControlRig_Diamond_1mm.uasset" 5351
"../../../Engine/Plugins/Animation/ControlRig/Content/Controls/ControlRig_Diamond_3mm.uasset" 5352
"../../../Engine/Plugins/Animation/ControlRig/Content/Controls/ControlRig_Diamond_solid.uasset" 5353
"../../../Engine/Plugins/Animation/ControlRig/Content/Controls/ControlRig_HalfCircle_3mm.uasset" 5354
"../../../Engine/Plugins/Animation/ControlRig/Content/Controls/ControlRig_HalfCircle_solid.uasset" 5355
"../../../Engine/Plugins/Animation/ControlRig/Content/Controls/ControlRig_Hexagon_1mm.uasset" 5356
"../../../Engine/Plugins/Animation/ControlRig/Content/Controls/ControlRig_Hexagon_3mm.uasset" 5357
"../../../Engine/Plugins/Animation/ControlRig/Content/Controls/ControlRig_Hexagon_solid.uasset" 5358
"../../../Engine/Plugins/Animation/ControlRig/Content/Controls/ControlRig_Octagon_1mm.uasset" 5359
"../../../Engine/Plugins/Animation/ControlRig/Content/Controls/ControlRig_Octagon_3mm.uasset" 5360
"../../../Engine/Plugins/Animation/ControlRig/Content/Controls/ControlRig_Octagon_solid.uasset" 5361
"../../../Engine/Plugins/Animation/ControlRig/Content/Controls/ControlRig_Pyramid_1mm.uasset" 5362
"../../../Engine/Plugins/Animation/ControlRig/Content/Controls/ControlRig_Pyramid_3mm.uasset" 5363
"../../../Engine/Plugins/Animation/ControlRig/Content/Controls/ControlRig_QuarterCircle_3mm.uasset" 5364
"../../../Engine/Plugins/Animation/ControlRig/Content/Controls/ControlRig_Pyramid_solid.uasset" 5365
"../../../Engine/Plugins/Animation/ControlRig/Content/Controls/ControlRig_QuarterCircle_1mm.uasset" 5366
"../../../Engine/Plugins/Animation/ControlRig/Content/Controls/ControlRig_QuarterCircle_solid.uasset" 5367
"../../../Engine/Plugins/Animation/ControlRig/Content/Controls/ControlRig_RoundedSquare_1mm.uasset" 5368
"../../../Engine/Plugins/Animation/ControlRig/Content/Controls/ControlRig_RoundedSquare_3mm.uasset" 5369
"../../../Engine/Plugins/Animation/ControlRig/Content/Controls/ControlRig_RoundedSquare_solid.uasset" 5370
"../../../Engine/Plugins/Animation/ControlRig/Content/Controls/ControlRig_RoundedTriangle_1mm.uasset" 5371
"../../../Engine/Plugins/Animation/ControlRig/Content/Controls/ControlRig_RoundedTriangle_3mm.uasset" 5372
"../../../Engine/Plugins/Animation/ControlRig/Content/Controls/ControlRig_RoundedTriangle_solid.uasset" 5373
"../../../Engine/Plugins/Animation/ControlRig/Content/Controls/ControlRig_Sphere_1mm.uasset" 5374
"../../../Engine/Plugins/Animation/ControlRig/Content/Controls/ControlRig_Sphere_3mm.uasset" 5375
"/ControlRig/Controls/ControlRig_Sphere_3mm" 5376
"/ControlRig/Controls/ControlRig_Sphere_1mm" 5377
"/ControlRig/Controls/ControlRig_RoundedTriangle_solid" 5378
"/ControlRig/Controls/ControlRig_RoundedTriangle_3mm" 5379
"/ControlRig/Controls/ControlRig_Pyramid_1mm" 5380
"/ControlRig/Controls/ControlRig_Octagon_solid" 5381
"/ControlRig/Controls/ControlRig_Octagon_3mm" 5382
"/ControlRig/Controls/ControlRig_Octagon_1mm" 5383
"/ControlRig/Controls/ControlRig_Hexagon_solid" 5384
"/ControlRig/Controls/ControlRig_Hexagon_3mm" 5385
"/ControlRig/Controls/ControlRig_Hexagon_1mm" 5386
"/ControlRig/Controls/ControlRig_HalfCircle_solid" 5387
"/ControlRig/Controls/ControlRig_HalfCircle_3mm" 5388
"/ControlRig/Controls/ControlRig_HalfCircle_1mm" 5389
"/ControlRig/Controls/ControlRig_Diamond_solid" 5390
"/ControlRig/Controls/ControlRig_Diamond_3mm" 5391
"/ControlRig/Controls/ControlRig_Diamond_1mm" 5392
"/ControlRig/Controls/ControlRig_RoundedTriangle_1mm" 5393
"/ControlRig/Controls/ControlRig_RoundedSquare_solid" 5394
"/ControlRig/Controls/ControlRig_RoundedSquare_3mm" 5395
"/ControlRig/Controls/ControlRig_RoundedSquare_1mm" 5396
"/ControlRig/Controls/ControlRig_QuarterCircle_solid" 5397
"/ControlRig/Controls/ControlRig_QuarterCircle_3mm" 5398
"/ControlRig/Controls/ControlRig_QuarterCircle_1mm" 5399
"/ControlRig/Controls/ControlRig_Pyramid_solid" 5400
"/ControlRig/Controls/ControlRig_Pyramid_3mm" 5401
"/ControlRig/Controls/ControlRig_Circle_solid" 5402
"/ControlRig/Controls/ControlRig_Circle_3mm" 5403
"/ControlRig/Controls/ControlRig_Circle_1mm" 5404
"/ControlRig/Controls/ControlRig_Box_solid" 5405
"/ControlRig/Controls/ControlRig_Box_3mm" 5406
"/ControlRig/Controls/ControlRig_Box_1mm" 5407
"../../../Engine/Plugins/Animation/ControlRig/Content/Controls/ControlRig_Star4_1mm.uasset" 5408
"../../../Engine/Plugins/Animation/ControlRig/Content/Controls/ControlRig_Star4_3mm.uasset" 5409
"../../../Engine/Plugins/Animation/ControlRig/Content/Controls/ControlRig_Square_1mm.uasset" 5410
"../../../Engine/Plugins/Animation/ControlRig/Content/Controls/ControlRig_Star4_solid.uasset" 5411
"../../../Engine/Plugins/Animation/ControlRig/Content/Controls/ControlRig_Square_3mm.uasset" 5412
"../../../Engine/Plugins/Animation/ControlRig/Content/Controls/ControlRig_Wedge_1mm.uasset" 5413
"../../../Engine/Plugins/Animation/ControlRig/Content/Controls/ControlRig_Triangle_1mm.uasset" 5414
"../../../Engine/Plugins/Animation/ControlRig/Content/Controls/ControlRig_Triangle_solid.uasset" 5415
"../../../Engine/Plugins/Animation/ControlRig/Content/Controls/ControlRig_Triangle_3mm.uasset" 5416
"../../../Engine/Plugins/Animation/ControlRig/Content/Controls/ControlRig_Square_solid.uasset" 5417
"../../../Engine/Plugins/Animation/ControlRig/Content/Controls/ControlRig_Wedge_3mm.uasset" 5418
"../../../Engine/Content/Maps/Entry.umap" 5419
"../../../Engine/Content/Maps/Entry_BuiltData.uasset" 5420
"../../../Engine/Plugins/Animation/ControlRig/Content/Controls/ControlRig_Wedge_solid.uasset" 5421
"/ControlRig/Controls/ControlRig_Wedge_1mm" 5422
"/ControlRig/Controls/ControlRig_Triangle_solid" 5423
"/ControlRig/Controls/ControlRig_Triangle_3mm" 5424
"/ControlRig/Controls/ControlRig_Triangle_1mm" 5425
"/ControlRig/Controls/ControlRig_Star4_solid" 5426
"/ControlRig/Controls/ControlRig_Star4_3mm" 5427
"/ControlRig/Controls/ControlRig_Star4_1mm" 5428
"/ControlRig/Controls/ControlRig_Square_solid" 5429
"/ControlRig/Controls/ControlRig_Square_3mm" 5430
"/ControlRig/Controls/ControlRig_Square_1mm" 5431
"../../../Engine/Plugins/MovieScene/MovieRenderPipeline/Content/Blueprints/Graph/DefaultGraphBurnIn.uasset" 5432
"../../../Engine/Plugins/MovieScene/MovieRenderPipeline/Content/Blueprints/DefaultBurnIn.uasset" 5433
"/Engine/Maps/Entry" 5434
"/ControlRig/Controls/ControlRig_Wedge_solid" 5435
"/ControlRig/Controls/ControlRig_Wedge_3mm" 5436
"/MovieRenderPipeline/Blueprints/Graph/DefaultGraphBurnIn" 5437
"/MovieRenderPipeline/Blueprints/DefaultBurnIn" 5438
"../../../Engine/Content/EditorMaterials/PreviewShadowIndicator.uasset" 5439
"../../../Engine/Content/EditorMaterials/PreviewShadowIndicatorMaterial.uasset" 5440
"../../../Engine/Plugins/MovieScene/MovieRenderPipeline/Content/Materials/MovieRenderQueue_WorldDepth.uasset" 5441
"../../../Engine/Content/EngineMaterials/Substrate/GLints/dict_16_192_64_0p5_0p02_0000_0004.uasset" 5442
"../../../Engine/Content/EngineMaterials/Substrate/GLints/dict_16_192_64_0p5_0p02_0000_0001.uasset" 5443
"../../../Engine/Content/EngineMaterials/Substrate/GLints/dict_16_192_64_0p5_0p02_0000_0003.uasset" 5444
"../../../Engine/Content/EngineMaterials/Substrate/GLints/dict_16_192_64_0p5_0p02_0000_0005.uasset" 5445
"../../../Engine/Content/EngineMaterials/Substrate/GLints/dict_16_192_64_0p5_0p02_0000_0000.uasset" 5446
"../../../Engine/Content/EngineMaterials/Substrate/GLints/dict_16_192_64_0p5_0p02_0000_0008.uasset" 5447
"../../../Engine/Content/EngineMaterials/Substrate/GLints/dict_16_192_64_0p5_0p02_0000_0006.uasset" 5448
"../../../Engine/Content/EngineMaterials/Substrate/GLints/dict_16_192_64_0p5_0p02_0000_0007.uasset" 5449
"../../../Engine/Content/EngineMaterials/Substrate/GLints/dict_16_192_64_0p5_0p02_0000_0002.uasset" 5450
"../../../Engine/Content/EngineMaterials/Substrate/GLints/dict_16_192_64_0p5_0p02_0000_0009.uasset" 5451
"../../../Engine/Content/EngineMaterials/Substrate/GLints/dict_16_192_64_0p5_0p02_0000_0012.uasset" 5452
"../../../Engine/Content/EngineMaterials/Substrate/GLints/dict_16_192_64_0p5_0p02_0000_0015.uasset" 5453
"../../../Engine/Content/EngineMaterials/Substrate/GLints/dict_16_192_64_0p5_0p02_0000_0011.uasset" 5454
"../../../Engine/Content/EngineMaterials/Substrate/GLints/dict_16_192_64_0p5_0p02_0000_0013.uasset" 5455
"../../../Engine/Content/EngineMaterials/Substrate/GLints/dict_16_192_64_0p5_0p02_0001_0002.uasset" 5456
"../../../Engine/Content/EngineMaterials/Substrate/GLints/dict_16_192_64_0p5_0p02_0000_0010.uasset" 5457
"../../../Engine/Content/EngineMaterials/Substrate/GLints/dict_16_192_64_0p5_0p02_0001_0000.uasset" 5458
"../../../Engine/Content/EngineMaterials/Substrate/GLints/dict_16_192_64_0p5_0p02_0001_0001.uasset" 5459
"../../../Engine/Content/EngineMaterials/Substrate/GLints/dict_16_192_64_0p5_0p02_0000_0014.uasset" 5460
"../../../Engine/Content/EngineMaterials/Substrate/GLints/dict_16_192_64_0p5_0p02_0001_0004.uasset" 5461
"../../../Engine/Content/EngineMaterials/Substrate/GLints/dict_16_192_64_0p5_0p02_0001_0003.uasset" 5462
"../../../Engine/Content/EngineMaterials/Substrate/GLints/dict_16_192_64_0p5_0p02_0001_0005.uasset" 5463
"../../../Engine/Content/EngineMaterials/Substrate/GLints/dict_16_192_64_0p5_0p02_0001_0007.uasset" 5464
"../../../Engine/Content/EngineMaterials/Substrate/GLints/dict_16_192_64_0p5_0p02_0001_0006.uasset" 5465
"../../../Engine/Content/EngineMaterials/Substrate/GLints/dict_16_192_64_0p5_0p02_0001_0008.uasset" 5466
"../../../Engine/Content/EngineMaterials/Substrate/GLints/dict_16_192_64_0p5_0p02_0001_0011.uasset" 5467
"../../../Engine/Content/EngineMaterials/Substrate/GLints/dict_16_192_64_0p5_0p02_0001_0012.uasset" 5468
"../../../Engine/Content/EngineMaterials/Substrate/GLints/dict_16_192_64_0p5_0p02_0001_0010.uasset" 5469
"../../../Engine/Content/EngineMaterials/Substrate/GLints/dict_16_192_64_0p5_0p02_0001_0009.uasset" 5470
"/Engine/EditorMaterials/PreviewShadowIndicator" 5471
"../../../Engine/Content/EngineMaterials/Substrate/GLints/dict_16_192_64_0p5_0p02_0001_0013.uasset" 5472
"/Engine/EngineMaterials/Substrate/GLints/dict_16_192_64_0p5_0p02_0001_0012" 5473
"/Engine/EngineMaterials/Substrate/GLints/dict_16_192_64_0p5_0p02_0001_0011" 5474
"/Engine/EngineMaterials/Substrate/GLints/dict_16_192_64_0p5_0p02_0001_0010" 5475
"/Engine/EngineMaterials/Substrate/GLints/dict_16_192_64_0p5_0p02_0001_0009" 5476
"/Engine/EngineMaterials/Substrate/GLints/dict_16_192_64_0p5_0p02_0001_0008" 5477
"/Engine/EngineMaterials/Substrate/GLints/dict_16_192_64_0p5_0p02_0001_0007" 5478
"/Engine/EngineMaterials/Substrate/GLints/dict_16_192_64_0p5_0p02_0001_0006" 5479
"/Engine/EngineMaterials/Substrate/GLints/dict_16_192_64_0p5_0p02_0001_0005" 5480
"/Engine/EngineMaterials/Substrate/GLints/dict_16_192_64_0p5_0p02_0001_0004" 5481
"/Engine/EngineMaterials/Substrate/GLints/dict_16_192_64_0p5_0p02_0001_0003" 5482
"/Engine/EngineMaterials/Substrate/GLints/dict_16_192_64_0p5_0p02_0001_0002" 5483
"/Engine/EngineMaterials/Substrate/GLints/dict_16_192_64_0p5_0p02_0001_0001" 5484
"/Engine/EngineMaterials/Substrate/GLints/dict_16_192_64_0p5_0p02_0001_0000" 5485
"/Engine/EngineMaterials/Substrate/GLints/dict_16_192_64_0p5_0p02_0000_0015" 5486
"/Engine/EngineMaterials/Substrate/GLints/dict_16_192_64_0p5_0p02_0000_0014" 5487
"/Engine/EngineMaterials/Substrate/GLints/dict_16_192_64_0p5_0p02_0000_0013" 5488
"/Engine/EngineMaterials/Substrate/GLints/dict_16_192_64_0p5_0p02_0000_0012" 5489
"/Engine/EngineMaterials/Substrate/GLints/dict_16_192_64_0p5_0p02_0000_0011" 5490
"/Engine/EngineMaterials/Substrate/GLints/dict_16_192_64_0p5_0p02_0000_0002" 5491
"/Engine/EngineMaterials/Substrate/GLints/dict_16_192_64_0p5_0p02_0000_0001" 5492
"/Engine/EngineMaterials/Substrate/GLints/dict_16_192_64_0p5_0p02_0000_0000" 5493
"/Engine/EditorMaterials/PreviewShadowIndicatorMaterial" 5494
"/Engine/EngineMaterials/Substrate/GLints/dict_16_192_64_0p5_0p02_0000_0010" 5495
"/Engine/EngineMaterials/Substrate/GLints/dict_16_192_64_0p5_0p02_0000_0009" 5496
"/Engine/EngineMaterials/Substrate/GLints/dict_16_192_64_0p5_0p02_0000_0008" 5497
"/Engine/EngineMaterials/Substrate/GLints/dict_16_192_64_0p5_0p02_0000_0007" 5498
"/Engine/EngineMaterials/Substrate/GLints/dict_16_192_64_0p5_0p02_0000_0006" 5499
"/Engine/EngineMaterials/Substrate/GLints/dict_16_192_64_0p5_0p02_0000_0005" 5500
"/Engine/EngineMaterials/Substrate/GLints/dict_16_192_64_0p5_0p02_0000_0004" 5501
"/Engine/EngineMaterials/Substrate/GLints/dict_16_192_64_0p5_0p02_0000_0003" 5502
"/MovieRenderPipeline/Materials/MovieRenderQueue_WorldDepth" 5503
"../../../Engine/Content/EngineMaterials/Substrate/GLints/dict_16_192_64_0p5_0p02_0002_0001.uasset" 5504
"../../../Engine/Content/EngineMaterials/Substrate/GLints/dict_16_192_64_0p5_0p02_0002_0002.uasset" 5505
"../../../Engine/Content/EngineMaterials/Substrate/GLints/dict_16_192_64_0p5_0p02_0001_0015.uasset" 5506
"../../../Engine/Content/EngineMaterials/Substrate/GLints/dict_16_192_64_0p5_0p02_0002_0003.uasset" 5507
"../../../Engine/Content/EngineMaterials/Substrate/GLints/dict_16_192_64_0p5_0p02_0002_0004.uasset" 5508
"../../../Engine/Content/EngineMaterials/Substrate/GLints/dict_16_192_64_0p5_0p02_0002_0000.uasset" 5509
"../../../Engine/Content/EngineMaterials/Substrate/GLints/dict_16_192_64_0p5_0p02_0001_0014.uasset" 5510
"../../../Engine/Content/EngineMaterials/Substrate/GLints/dict_16_192_64_0p5_0p02_0002_0006.uasset" 5511
"/Engine/EngineMaterials/Substrate/GLints/dict_16_192_64_0p5_0p02_0001_0013" 5512
"../../../Engine/Content/EngineMaterials/Substrate/GLints/dict_16_192_64_0p5_0p02_0002_0007.uasset" 5513
"../../../Engine/Content/EngineMaterials/Substrate/GLints/dict_16_192_64_0p5_0p02_0002_0005.uasset" 5514
"../../../Engine/Content/EngineMaterials/Substrate/GLints/dict_16_192_64_0p5_0p02_0002_0012.uasset" 5515
"../../../Engine/Content/EngineMaterials/Substrate/GLints/dict_16_192_64_0p5_0p02_0002_0010.uasset" 5516
"../../../Engine/Content/EngineMaterials/Substrate/GLints/dict_16_192_64_0p5_0p02_0002_0009.uasset" 5517
"../../../Engine/Content/EngineMaterials/Substrate/GLints/dict_16_192_64_0p5_0p02_0002_0011.uasset" 5518
"../../../Engine/Content/EngineMaterials/Substrate/GLints/dict_16_192_64_0p5_0p02_0002_0008.uasset" 5519
"../../../Engine/Content/EngineMaterials/Substrate/GLints/dict_16_192_64_0p5_0p02_0002_0013.uasset" 5520
"../../../Engine/Content/EngineMaterials/Substrate/GLints/dict_16_192_64_0p5_0p02_0002_0014.uasset" 5521
"../../../Engine/Content/EngineMaterials/Substrate/GLints/dict_16_192_64_0p5_0p02_0002_0015.uasset" 5522
"../../../Engine/Content/EngineMaterials/Substrate/GLints/dict_16_192_64_0p5_0p02_0003_0000.uasset" 5523
"../../../Engine/Content/EngineMaterials/Substrate/GLints/dict_16_192_64_0p5_0p02_0003_0001.uasset" 5524
"../../../Engine/Content/EngineMaterials/Substrate/GLints/dict_16_192_64_0p5_0p02_0003_0004.uasset" 5525
"../../../Engine/Content/EngineMaterials/Substrate/GLints/dict_16_192_64_0p5_0p02_0003_0002.uasset" 5526
"../../../Engine/Content/EngineMaterials/Substrate/GLints/dict_16_192_64_0p5_0p02_0003_0006.uasset" 5527
"../../../Engine/Content/EngineMaterials/Substrate/GLints/dict_16_192_64_0p5_0p02_0003_0003.uasset" 5528
"../../../Engine/Content/EngineMaterials/Substrate/GLints/dict_16_192_64_0p5_0p02_0003_0005.uasset" 5529
"../../../Engine/Content/EngineMaterials/Substrate/GLints/dict_16_192_64_0p5_0p02_0003_0007.uasset" 5530
"../../../Engine/Content/EngineMaterials/Substrate/GLints/dict_16_192_64_0p5_0p02_0003_0008.uasset" 5531
"../../../Engine/Content/EngineMaterials/Substrate/GLints/dict_16_192_64_0p5_0p02_0003_0009.uasset" 5532
"../../../Engine/Content/EngineMaterials/Substrate/GLints/dict_16_192_64_0p5_0p02_0003_0010.uasset" 5533
"../../../Engine/Content/EngineMaterials/Substrate/GLints/dict_16_192_64_0p5_0p02_0003_0011.uasset" 5534
"../../../Engine/Content/EngineMaterials/Substrate/GLints/dict_16_192_64_0p5_0p02_0003_0013.uasset" 5535
"../../../Engine/Content/EngineMaterials/Substrate/GLints/dict_16_192_64_0p5_0p02_0003_0012.uasset" 5536
"/Engine/EngineMaterials/Substrate/GLints/dict_16_192_64_0p5_0p02_0003_0012" 5537
"/Engine/EngineMaterials/Substrate/GLints/dict_16_192_64_0p5_0p02_0003_0011" 5538
"/Engine/EngineMaterials/Substrate/GLints/dict_16_192_64_0p5_0p02_0003_0010" 5539
"/Engine/EngineMaterials/Substrate/GLints/dict_16_192_64_0p5_0p02_0003_0009" 5540
"/Engine/EngineMaterials/Substrate/GLints/dict_16_192_64_0p5_0p02_0003_0008" 5541
"/Engine/EngineMaterials/Substrate/GLints/dict_16_192_64_0p5_0p02_0003_0007" 5542
"/Engine/EngineMaterials/Substrate/GLints/dict_16_192_64_0p5_0p02_0003_0006" 5543
"/Engine/EngineMaterials/Substrate/GLints/dict_16_192_64_0p5_0p02_0003_0005" 5544
"/Engine/EngineMaterials/Substrate/GLints/dict_16_192_64_0p5_0p02_0003_0004" 5545
"/Engine/EngineMaterials/Substrate/GLints/dict_16_192_64_0p5_0p02_0003_0003" 5546
"/Engine/EngineMaterials/Substrate/GLints/dict_16_192_64_0p5_0p02_0003_0002" 5547
"/Engine/EngineMaterials/Substrate/GLints/dict_16_192_64_0p5_0p02_0003_0001" 5548
"/Engine/EngineMaterials/Substrate/GLints/dict_16_192_64_0p5_0p02_0003_0000" 5549
"/Engine/EngineMaterials/Substrate/GLints/dict_16_192_64_0p5_0p02_0002_0015" 5550
"/Engine/EngineMaterials/Substrate/GLints/dict_16_192_64_0p5_0p02_0002_0014" 5551
"/Engine/EngineMaterials/Substrate/GLints/dict_16_192_64_0p5_0p02_0002_0013" 5552
"/Engine/EngineMaterials/Substrate/GLints/dict_16_192_64_0p5_0p02_0002_0012" 5553
"/Engine/EngineMaterials/Substrate/GLints/dict_16_192_64_0p5_0p02_0002_0011" 5554
"/Engine/EngineMaterials/Substrate/GLints/dict_16_192_64_0p5_0p02_0002_0010" 5555
"/Engine/EngineMaterials/Substrate/GLints/dict_16_192_64_0p5_0p02_0002_0009" 5556
"/Engine/EngineMaterials/Substrate/GLints/dict_16_192_64_0p5_0p02_0002_0008" 5557
"/Engine/EngineMaterials/Substrate/GLints/dict_16_192_64_0p5_0p02_0002_0007" 5558
"/Engine/EngineMaterials/Substrate/GLints/dict_16_192_64_0p5_0p02_0002_0006" 5559
"/Engine/EngineMaterials/Substrate/GLints/dict_16_192_64_0p5_0p02_0002_0005" 5560
"/Engine/EngineMaterials/Substrate/GLints/dict_16_192_64_0p5_0p02_0002_0004" 5561
"/Engine/EngineMaterials/Substrate/GLints/dict_16_192_64_0p5_0p02_0002_0003" 5562
"/Engine/EngineMaterials/Substrate/GLints/dict_16_192_64_0p5_0p02_0002_0002" 5563
"/Engine/EngineMaterials/Substrate/GLints/dict_16_192_64_0p5_0p02_0002_0001" 5564
"/Engine/EngineMaterials/Substrate/GLints/dict_16_192_64_0p5_0p02_0002_0000" 5565
"/Engine/EngineMaterials/Substrate/GLints/dict_16_192_64_0p5_0p02_0001_0015" 5566
"/Engine/EngineMaterials/Substrate/GLints/dict_16_192_64_0p5_0p02_0003_0013" 5567
"/Engine/EngineMaterials/Substrate/GLints/dict_16_192_64_0p5_0p02_0001_0014" 5568
"../../../Engine/Content/EngineMaterials/Substrate/GLints/dict_16_192_64_0p5_0p02_0003_0014.uasset" 5569
"../../../Engine/Content/EngineMaterials/Substrate/GLints/dict_16_192_64_0p5_0p02_0004_0001.uasset" 5570
"../../../Engine/Content/EngineMaterials/Substrate/GLints/dict_16_192_64_0p5_0p02_0004_0000.uasset" 5571
"../../../Engine/Content/EngineMaterials/Substrate/GLints/dict_16_192_64_0p5_0p02_0004_0004.uasset" 5572
"../../../Engine/Content/EngineMaterials/Substrate/GLints/dict_16_192_64_0p5_0p02_0003_0015.uasset" 5573
"../../../Engine/Content/EngineMaterials/Substrate/GLints/dict_16_192_64_0p5_0p02_0004_0006.uasset" 5574
"../../../Engine/Content/EngineMaterials/Substrate/GLints/dict_16_192_64_0p5_0p02_0004_0003.uasset" 5575
"../../../Engine/Content/EngineMaterials/Substrate/GLints/dict_16_192_64_0p5_0p02_0004_0007.uasset" 5576
"../../../Engine/Content/EngineMaterials/Substrate/GLints/dict_16_192_64_0p5_0p02_0004_0005.uasset" 5577
"../../../Engine/Content/EngineMaterials/Substrate/GLints/dict_16_192_64_0p5_0p02_0004_0002.uasset" 5578
"../../../Engine/Content/EngineMaterials/Substrate/GLints/dict_16_192_64_0p5_0p02_0004_0009.uasset" 5579
"../../../Engine/Content/EngineMaterials/Substrate/GLints/dict_16_192_64_0p5_0p02_0004_0008.uasset" 5580
"../../../Engine/Content/EngineMaterials/Substrate/GLints/dict_16_192_64_0p5_0p02_0004_0010.uasset" 5581
"../../../Engine/Content/EngineMaterials/Substrate/GLints/dict_16_192_64_0p5_0p02_0004_0013.uasset" 5582
"../../../Engine/Content/EngineMaterials/Substrate/GLints/dict_16_192_64_0p5_0p02_0004_0012.uasset" 5583
"../../../Engine/Content/EngineMaterials/Substrate/GLints/dict_16_192_64_0p5_0p02_0004_0011.uasset" 5584
"../../../Engine/Content/EngineMaterials/Substrate/GLints/dict_16_192_64_0p5_0p02_0004_0014.uasset" 5585
"../../../Engine/Content/EngineMaterials/Substrate/GLints/dict_16_192_64_0p5_0p02_0004_0015.uasset" 5586
"../../../Engine/Content/EngineMaterials/Substrate/GLints/dict_16_192_64_0p5_0p02_0005_0001.uasset" 5587
"../../../Engine/Content/EngineMaterials/Substrate/GLints/dict_16_192_64_0p5_0p02_0005_0000.uasset" 5588
"../../../Engine/Content/EngineMaterials/Substrate/GLints/dict_16_192_64_0p5_0p02_0005_0002.uasset" 5589
"../../../Engine/Content/EngineMaterials/Substrate/GLints/dict_16_192_64_0p5_0p02_0005_0003.uasset" 5590
"../../../Engine/Content/EngineMaterials/Substrate/GLints/dict_16_192_64_0p5_0p02_0005_0004.uasset" 5591
"../../../Engine/Content/EngineMaterials/Substrate/GLints/dict_16_192_64_0p5_0p02_0005_0005.uasset" 5592
"../../../Engine/Content/EngineMaterials/Substrate/GLints/dict_16_192_64_0p5_0p02_0005_0006.uasset" 5593
"../../../Engine/Content/EngineMaterials/Substrate/GLints/dict_16_192_64_0p5_0p02_0005_0007.uasset" 5594
"../../../Engine/Content/EngineMaterials/Substrate/GLints/dict_16_192_64_0p5_0p02_0005_0009.uasset" 5595
"../../../Engine/Content/EngineMaterials/Substrate/GLints/dict_16_192_64_0p5_0p02_0005_0008.uasset" 5596
"../../../Engine/Content/EngineMaterials/Substrate/GLints/dict_16_192_64_0p5_0p02_0005_0011.uasset" 5597
"../../../Engine/Content/EngineMaterials/Substrate/GLints/dict_16_192_64_0p5_0p02_0005_0010.uasset" 5598
"../../../Engine/Content/EngineMaterials/Substrate/GLints/dict_16_192_64_0p5_0p02_0005_0012.uasset" 5599
"../../../Engine/Content/EngineMaterials/Substrate/GLints/dict_16_192_64_0p5_0p02_0005_0013.uasset" 5600
"/Engine/EngineMaterials/Substrate/GLints/dict_16_192_64_0p5_0p02_0005_0013" 5601
"/Engine/EngineMaterials/Substrate/GLints/dict_16_192_64_0p5_0p02_0005_0012" 5602
"/Engine/EngineMaterials/Substrate/GLints/dict_16_192_64_0p5_0p02_0005_0011" 5603
"/Engine/EngineMaterials/Substrate/GLints/dict_16_192_64_0p5_0p02_0005_0010" 5604
"/Engine/EngineMaterials/Substrate/GLints/dict_16_192_64_0p5_0p02_0005_0009" 5605
"/Engine/EngineMaterials/Substrate/GLints/dict_16_192_64_0p5_0p02_0005_0008" 5606
"/Engine/EngineMaterials/Substrate/GLints/dict_16_192_64_0p5_0p02_0005_0007" 5607
"/Engine/EngineMaterials/Substrate/GLints/dict_16_192_64_0p5_0p02_0005_0006" 5608
"/Engine/EngineMaterials/Substrate/GLints/dict_16_192_64_0p5_0p02_0005_0005" 5609
"/Engine/EngineMaterials/Substrate/GLints/dict_16_192_64_0p5_0p02_0005_0004" 5610
"/Engine/EngineMaterials/Substrate/GLints/dict_16_192_64_0p5_0p02_0005_0003" 5611
"/Engine/EngineMaterials/Substrate/GLints/dict_16_192_64_0p5_0p02_0005_0002" 5612
"/Engine/EngineMaterials/Substrate/GLints/dict_16_192_64_0p5_0p02_0005_0001" 5613
"/Engine/EngineMaterials/Substrate/GLints/dict_16_192_64_0p5_0p02_0005_0000" 5614
"/Engine/EngineMaterials/Substrate/GLints/dict_16_192_64_0p5_0p02_0004_0015" 5615
"/Engine/EngineMaterials/Substrate/GLints/dict_16_192_64_0p5_0p02_0004_0014" 5616
"/Engine/EngineMaterials/Substrate/GLints/dict_16_192_64_0p5_0p02_0004_0013" 5617
"/Engine/EngineMaterials/Substrate/GLints/dict_16_192_64_0p5_0p02_0004_0012" 5618
"/Engine/EngineMaterials/Substrate/GLints/dict_16_192_64_0p5_0p02_0004_0011" 5619
"/Engine/EngineMaterials/Substrate/GLints/dict_16_192_64_0p5_0p02_0004_0010" 5620
"/Engine/EngineMaterials/Substrate/GLints/dict_16_192_64_0p5_0p02_0004_0009" 5621
"/Engine/EngineMaterials/Substrate/GLints/dict_16_192_64_0p5_0p02_0004_0008" 5622
"/Engine/EngineMaterials/Substrate/GLints/dict_16_192_64_0p5_0p02_0004_0007" 5623
"/Engine/EngineMaterials/Substrate/GLints/dict_16_192_64_0p5_0p02_0004_0006" 5624
"/Engine/EngineMaterials/Substrate/GLints/dict_16_192_64_0p5_0p02_0004_0005" 5625
"/Engine/EngineMaterials/Substrate/GLints/dict_16_192_64_0p5_0p02_0004_0004" 5626
"/Engine/EngineMaterials/Substrate/GLints/dict_16_192_64_0p5_0p02_0004_0003" 5627
"/Engine/EngineMaterials/Substrate/GLints/dict_16_192_64_0p5_0p02_0004_0002" 5628
"/Engine/EngineMaterials/Substrate/GLints/dict_16_192_64_0p5_0p02_0004_0001" 5629
"/Engine/EngineMaterials/Substrate/GLints/dict_16_192_64_0p5_0p02_0004_0000" 5630
"/Engine/EngineMaterials/Substrate/GLints/dict_16_192_64_0p5_0p02_0003_0015" 5631
"/Engine/EngineMaterials/Substrate/GLints/dict_16_192_64_0p5_0p02_0003_0014" 5632
"../../../Engine/Content/EngineMaterials/Substrate/GLints/dict_16_192_64_0p5_0p02_0005_0014.uasset" 5633
"../../../Engine/Content/EngineMaterials/Substrate/GLints/dict_16_192_64_0p5_0p02_0006_0002.uasset" 5634
"../../../Engine/Content/EngineMaterials/Substrate/GLints/dict_16_192_64_0p5_0p02_0005_0015.uasset" 5635
"../../../Engine/Content/EngineMaterials/Substrate/GLints/dict_16_192_64_0p5_0p02_0006_0003.uasset" 5636
"../../../Engine/Content/EngineMaterials/Substrate/GLints/dict_16_192_64_0p5_0p02_0006_0005.uasset" 5637
"../../../Engine/Content/EngineMaterials/Substrate/GLints/dict_16_192_64_0p5_0p02_0006_0004.uasset" 5638
"../../../Engine/Content/EngineMaterials/Substrate/GLints/dict_16_192_64_0p5_0p02_0006_0006.uasset" 5639
"../../../Engine/Content/EngineMaterials/Substrate/GLints/dict_16_192_64_0p5_0p02_0006_0000.uasset" 5640
"../../../Engine/Content/EngineMaterials/Substrate/GLints/dict_16_192_64_0p5_0p02_0006_0007.uasset" 5641
"../../../Engine/Content/EngineMaterials/Substrate/GLints/dict_16_192_64_0p5_0p02_0006_0008.uasset" 5642
"../../../Engine/Content/EngineMaterials/Substrate/GLints/dict_16_192_64_0p5_0p02_0006_0009.uasset" 5643
"../../../Engine/Content/EngineMaterials/Substrate/GLints/dict_16_192_64_0p5_0p02_0006_0010.uasset" 5644
"../../../Engine/Content/EngineMaterials/Substrate/GLints/dict_16_192_64_0p5_0p02_0006_0001.uasset" 5645
"../../../Engine/Content/EngineMaterials/Substrate/GLints/dict_16_192_64_0p5_0p02_0006_0011.uasset" 5646
"../../../Engine/Content/EngineMaterials/Substrate/GLints/dict_16_192_64_0p5_0p02_0006_0012.uasset" 5647
"../../../Engine/Content/EngineMaterials/Substrate/GLints/dict_16_192_64_0p5_0p02_0006_0013.uasset" 5648
"../../../Engine/Content/EngineMaterials/Substrate/GLints/dict_16_192_64_0p5_0p02_0006_0015.uasset" 5649
"../../../Engine/Content/EngineMaterials/Substrate/GLints/dict_16_192_64_0p5_0p02_0006_0014.uasset" 5650
"../../../Engine/Content/EngineMaterials/Substrate/GLints/dict_16_192_64_0p5_0p02_0007_0000.uasset" 5651
"../../../Engine/Content/EngineMaterials/Substrate/GLints/dict_16_192_64_0p5_0p02_0007_0001.uasset" 5652
"../../../Engine/Content/EngineMaterials/Substrate/GLints/dict_16_192_64_0p5_0p02_0007_0002.uasset" 5653
"../../../Engine/Content/EngineMaterials/Substrate/GLints/dict_16_192_64_0p5_0p02_0007_0003.uasset" 5654
"../../../Engine/Content/EngineMaterials/Substrate/GLints/dict_16_192_64_0p5_0p02_0007_0004.uasset" 5655
"../../../Engine/Content/EngineMaterials/Substrate/GLints/dict_16_192_64_0p5_0p02_0007_0005.uasset" 5656
"../../../Engine/Content/EngineMaterials/Substrate/GLints/dict_16_192_64_0p5_0p02_0007_0006.uasset" 5657
"../../../Engine/Content/EngineMaterials/Substrate/GLints/dict_16_192_64_0p5_0p02_0007_0007.uasset" 5658
"../../../Engine/Content/EngineMaterials/Substrate/GLints/dict_16_192_64_0p5_0p02_0007_0008.uasset" 5659
"../../../Engine/Content/EngineMaterials/Substrate/GLints/dict_16_192_64_0p5_0p02_0007_0009.uasset" 5660
"../../../Engine/Content/EngineMaterials/Substrate/GLints/dict_16_192_64_0p5_0p02_0007_0011.uasset" 5661
"../../../Engine/Content/EngineMaterials/Substrate/GLints/dict_16_192_64_0p5_0p02_0007_0012.uasset" 5662
"../../../Engine/Content/EngineMaterials/Substrate/GLints/dict_16_192_64_0p5_0p02_0007_0013.uasset" 5663
"../../../Engine/Content/EngineMaterials/Substrate/GLints/dict_16_192_64_0p5_0p02_0007_0010.uasset" 5664
"../../../Engine/Plugins/Animation/DeformerGraph/Shaders/Private/DataInterfaceCustomComputeKernel.ush" 5665
"../../../Engine/Plugins/Animation/DeformerGraph/Shaders/Private/DataInterfaceCloth.ush" 5666
"../../../Engine/Plugins/Animation/DeformerGraph/Shaders/Private/DataInterfaceSkinnedMeshRead.ush" 5667
"../../../Engine/Plugins/Animation/DeformerGraph/Shaders/Private/DataInterfaceSkeleton.ush" 5668
"../../../Engine/Plugins/Animation/DeformerGraph/Shaders/Private/DataInterfaceSkeletonCommon.ush" 5669
"../../../Engine/Plugins/Animation/DeformerGraph/Shaders/Private/DataInterfaceMorphTarget.ush" 5670
"../../../Engine/Plugins/Animation/DeformerGraph/Shaders/Private/DataInterfaceSkinnedMeshWrite.ush" 5671
"../../../Engine/Plugins/Animation/DeformerGraph/Shaders/Private/DataInterfaceRawBuffer.ush" 5672
"../../../Engine/Plugins/Runtime/ComputeFramework/Shaders/Private/BufferAlias.ush" 5673
"../../../Engine/Plugins/Animation/DeformerGraph/Shaders/Private/DataInterfaceSkinnedMesh.ush" 5674
"../../../Engine/Plugins/Animation/DeformerGraph/Shaders/Private/DataInterfaceHalfEdge.ush" 5675
"/Engine/EngineMaterials/Substrate/GLints/dict_16_192_64_0p5_0p02_0007_0013" 5676
"/Engine/EngineMaterials/Substrate/GLints/dict_16_192_64_0p5_0p02_0007_0012" 5677
"/Engine/EngineMaterials/Substrate/GLints/dict_16_192_64_0p5_0p02_0007_0011" 5678
"/Engine/EngineMaterials/Substrate/GLints/dict_16_192_64_0p5_0p02_0007_0010" 5679
"/Engine/EngineMaterials/Substrate/GLints/dict_16_192_64_0p5_0p02_0007_0009" 5680
"/Engine/EngineMaterials/Substrate/GLints/dict_16_192_64_0p5_0p02_0007_0008" 5681
"/Engine/EngineMaterials/Substrate/GLints/dict_16_192_64_0p5_0p02_0007_0007" 5682
"/Engine/EngineMaterials/Substrate/GLints/dict_16_192_64_0p5_0p02_0007_0006" 5683
"/Engine/EngineMaterials/Substrate/GLints/dict_16_192_64_0p5_0p02_0007_0005" 5684
"/Engine/EngineMaterials/Substrate/GLints/dict_16_192_64_0p5_0p02_0007_0004" 5685
"/Engine/EngineMaterials/Substrate/GLints/dict_16_192_64_0p5_0p02_0007_0003" 5686
"/Engine/EngineMaterials/Substrate/GLints/dict_16_192_64_0p5_0p02_0007_0002" 5687
"/Engine/EngineMaterials/Substrate/GLints/dict_16_192_64_0p5_0p02_0007_0001" 5688
"/Engine/EngineMaterials/Substrate/GLints/dict_16_192_64_0p5_0p02_0007_0000" 5689
"/Engine/EngineMaterials/Substrate/GLints/dict_16_192_64_0p5_0p02_0006_0015" 5690
"/Engine/EngineMaterials/Substrate/GLints/dict_16_192_64_0p5_0p02_0006_0014" 5691
"/Engine/EngineMaterials/Substrate/GLints/dict_16_192_64_0p5_0p02_0006_0013" 5692
"/Engine/EngineMaterials/Substrate/GLints/dict_16_192_64_0p5_0p02_0006_0012" 5693
"/Engine/EngineMaterials/Substrate/GLints/dict_16_192_64_0p5_0p02_0006_0011" 5694
"/Engine/EngineMaterials/Substrate/GLints/dict_16_192_64_0p5_0p02_0006_0010" 5695
"/Engine/EngineMaterials/Substrate/GLints/dict_16_192_64_0p5_0p02_0006_0009" 5696
"/Engine/EngineMaterials/Substrate/GLints/dict_16_192_64_0p5_0p02_0006_0008" 5697
"/Engine/EngineMaterials/Substrate/GLints/dict_16_192_64_0p5_0p02_0006_0007" 5698
"/Engine/EngineMaterials/Substrate/GLints/dict_16_192_64_0p5_0p02_0006_0006" 5699
"/Engine/EngineMaterials/Substrate/GLints/dict_16_192_64_0p5_0p02_0006_0005" 5700
"/Engine/EngineMaterials/Substrate/GLints/dict_16_192_64_0p5_0p02_0006_0004" 5701
"/Engine/EngineMaterials/Substrate/GLints/dict_16_192_64_0p5_0p02_0006_0003" 5702
"/Engine/EngineMaterials/Substrate/GLints/dict_16_192_64_0p5_0p02_0006_0002" 5703
"/Engine/EngineMaterials/Substrate/GLints/dict_16_192_64_0p5_0p02_0006_0001" 5704
"/Engine/EngineMaterials/Substrate/GLints/dict_16_192_64_0p5_0p02_0006_0000" 5705
"/Engine/EngineMaterials/Substrate/GLints/dict_16_192_64_0p5_0p02_0005_0015" 5706
"/Engine/EngineMaterials/Substrate/GLints/dict_16_192_64_0p5_0p02_0005_0014" 5707
"../../../Engine/Content/EngineMaterials/Substrate/GLints/dict_16_192_64_0p5_0p02_0007_0014.uasset" 5708
"../../../Engine/Content/EngineMaterials/Substrate/GLints/dict_16_192_64_0p5_0p02_0008_0000.uasset" 5709
"../../../Engine/Content/EngineMaterials/Substrate/GLints/dict_16_192_64_0p5_0p02_0008_0006.uasset" 5710
"../../../Engine/Content/EngineMaterials/Substrate/GLints/dict_16_192_64_0p5_0p02_0008_0005.uasset" 5711
"../../../Engine/Content/EngineMaterials/Substrate/GLints/dict_16_192_64_0p5_0p02_0007_0015.uasset" 5712
"../../../Engine/Content/EngineMaterials/Substrate/GLints/dict_16_192_64_0p5_0p02_0008_0007.uasset" 5713
"../../../Engine/Content/EngineMaterials/Substrate/GLints/dict_16_192_64_0p5_0p02_0008_0002.uasset" 5714
"../../../Engine/Content/EngineMaterials/Substrate/GLints/dict_16_192_64_0p5_0p02_0008_0001.uasset" 5715
"../../../Engine/Content/EngineMaterials/Substrate/GLints/dict_16_192_64_0p5_0p02_0008_0004.uasset" 5716
"../../../Engine/Content/EngineMaterials/Substrate/GLints/dict_16_192_64_0p5_0p02_0008_0003.uasset" 5717
"../../../Engine/Content/EngineMaterials/Substrate/GLints/dict_16_192_64_0p5_0p02_0008_0008.uasset" 5718
"../../../Engine/Content/EngineMaterials/Substrate/GLints/dict_16_192_64_0p5_0p02_0008_0009.uasset" 5719
"../../../Engine/Content/EngineMaterials/Substrate/GLints/dict_16_192_64_0p5_0p02_0008_0010.uasset" 5720
"../../../Engine/Content/EngineMaterials/Substrate/GLints/dict_16_192_64_0p5_0p02_0008_0013.uasset" 5721
"../../../Engine/Content/EngineMaterials/Substrate/GLints/dict_16_192_64_0p5_0p02_0008_0014.uasset" 5722
"../../../Engine/Content/EngineMaterials/Substrate/GLints/dict_16_192_64_0p5_0p02_0008_0011.uasset" 5723
"../../../Engine/Content/EngineMaterials/Substrate/GLints/dict_16_192_64_0p5_0p02_0008_0015.uasset" 5724
"../../../Engine/Content/EngineMaterials/Substrate/GLints/dict_16_192_64_0p5_0p02_0009_0000.uasset" 5725
"../../../Engine/Content/EngineMaterials/Substrate/GLints/dict_16_192_64_0p5_0p02_0008_0012.uasset" 5726
"../../../Engine/Content/EngineMaterials/Substrate/GLints/dict_16_192_64_0p5_0p02_0009_0001.uasset" 5727
"../../../Engine/Content/EngineMaterials/Substrate/GLints/dict_16_192_64_0p5_0p02_0009_0003.uasset" 5728
"../../../Engine/Content/EngineMaterials/Substrate/GLints/dict_16_192_64_0p5_0p02_0009_0004.uasset" 5729
"../../../Engine/Content/EngineMaterials/Substrate/GLints/dict_16_192_64_0p5_0p02_0009_0002.uasset" 5730
"../../../Engine/Content/EngineMaterials/Substrate/GLints/dict_16_192_64_0p5_0p02_0009_0005.uasset" 5731
"../../../Engine/Content/EngineMaterials/Substrate/GLints/dict_16_192_64_0p5_0p02_0009_0006.uasset" 5732
"../../../Engine/Content/EngineMaterials/Substrate/GLints/dict_16_192_64_0p5_0p02_0009_0008.uasset" 5733
"../../../Engine/Content/EngineMaterials/Substrate/GLints/dict_16_192_64_0p5_0p02_0009_0007.uasset" 5734
"../../../Engine/Content/EngineMaterials/Substrate/GLints/dict_16_192_64_0p5_0p02_0009_0010.uasset" 5735
"../../../Engine/Content/EngineMaterials/Substrate/GLints/dict_16_192_64_0p5_0p02_0009_0009.uasset" 5736
"../../../Engine/Content/EngineMaterials/Substrate/GLints/dict_16_192_64_0p5_0p02_0009_0011.uasset" 5737
"../../../Engine/Content/EngineMaterials/Substrate/GLints/dict_16_192_64_0p5_0p02_0009_0013.uasset" 5738
"../../../Engine/Content/EngineMaterials/Substrate/GLints/dict_16_192_64_0p5_0p02_0009_0012.uasset" 5739
"/Engine/EngineMaterials/Substrate/GLints/dict_16_192_64_0p5_0p02_0009_0013" 5740
"/Engine/EngineMaterials/Substrate/GLints/dict_16_192_64_0p5_0p02_0009_0012" 5741
"/Engine/EngineMaterials/Substrate/GLints/dict_16_192_64_0p5_0p02_0009_0011" 5742
"/Engine/EngineMaterials/Substrate/GLints/dict_16_192_64_0p5_0p02_0009_0010" 5743
"/Engine/EngineMaterials/Substrate/GLints/dict_16_192_64_0p5_0p02_0009_0009" 5744
"/Engine/EngineMaterials/Substrate/GLints/dict_16_192_64_0p5_0p02_0009_0008" 5745
"/Engine/EngineMaterials/Substrate/GLints/dict_16_192_64_0p5_0p02_0009_0007" 5746
"/Engine/EngineMaterials/Substrate/GLints/dict_16_192_64_0p5_0p02_0009_0006" 5747
"/Engine/EngineMaterials/Substrate/GLints/dict_16_192_64_0p5_0p02_0009_0005" 5748
"/Engine/EngineMaterials/Substrate/GLints/dict_16_192_64_0p5_0p02_0009_0004" 5749
"/Engine/EngineMaterials/Substrate/GLints/dict_16_192_64_0p5_0p02_0009_0003" 5750
"/Engine/EngineMaterials/Substrate/GLints/dict_16_192_64_0p5_0p02_0009_0002" 5751
"/Engine/EngineMaterials/Substrate/GLints/dict_16_192_64_0p5_0p02_0009_0001" 5752
"/Engine/EngineMaterials/Substrate/GLints/dict_16_192_64_0p5_0p02_0009_0000" 5753
"/Engine/EngineMaterials/Substrate/GLints/dict_16_192_64_0p5_0p02_0008_0015" 5754
"/Engine/EngineMaterials/Substrate/GLints/dict_16_192_64_0p5_0p02_0008_0014" 5755
"/Engine/EngineMaterials/Substrate/GLints/dict_16_192_64_0p5_0p02_0008_0013" 5756
"/Engine/EngineMaterials/Substrate/GLints/dict_16_192_64_0p5_0p02_0008_0012" 5757
"/Engine/EngineMaterials/Substrate/GLints/dict_16_192_64_0p5_0p02_0008_0011" 5758
"/Engine/EngineMaterials/Substrate/GLints/dict_16_192_64_0p5_0p02_0008_0010" 5759
"/Engine/EngineMaterials/Substrate/GLints/dict_16_192_64_0p5_0p02_0008_0009" 5760
"/Engine/EngineMaterials/Substrate/GLints/dict_16_192_64_0p5_0p02_0008_0008" 5761
"/Engine/EngineMaterials/Substrate/GLints/dict_16_192_64_0p5_0p02_0008_0007" 5762
"/Engine/EngineMaterials/Substrate/GLints/dict_16_192_64_0p5_0p02_0008_0006" 5763
"/Engine/EngineMaterials/Substrate/GLints/dict_16_192_64_0p5_0p02_0008_0005" 5764
"/Engine/EngineMaterials/Substrate/GLints/dict_16_192_64_0p5_0p02_0008_0004" 5765
"/Engine/EngineMaterials/Substrate/GLints/dict_16_192_64_0p5_0p02_0008_0003" 5766
"/Engine/EngineMaterials/Substrate/GLints/dict_16_192_64_0p5_0p02_0008_0002" 5767
"/Engine/EngineMaterials/Substrate/GLints/dict_16_192_64_0p5_0p02_0008_0001" 5768
"/Engine/EngineMaterials/Substrate/GLints/dict_16_192_64_0p5_0p02_0008_0000" 5769
"/Engine/EngineMaterials/Substrate/GLints/dict_16_192_64_0p5_0p02_0007_0015" 5770
"/Engine/EngineMaterials/Substrate/GLints/dict_16_192_64_0p5_0p02_0007_0014" 5771
"../../../Engine/Content/EngineMaterials/Substrate/GLints/dict_16_192_64_0p5_0p02_0010_0000.uasset" 5772
"../../../Engine/Content/EngineMaterials/Substrate/GLints/dict_16_192_64_0p5_0p02_0010_0003.uasset" 5773
"../../../Engine/Content/EngineMaterials/Substrate/GLints/dict_16_192_64_0p5_0p02_0010_0004.uasset" 5774
"../../../Engine/Content/EngineMaterials/Substrate/GLints/dict_16_192_64_0p5_0p02_0010_0005.uasset" 5775
"../../../Engine/Content/EngineMaterials/Substrate/GLints/dict_16_192_64_0p5_0p02_0010_0002.uasset" 5776
"../../../Engine/Content/EngineMaterials/Substrate/GLints/dict_16_192_64_0p5_0p02_0009_0015.uasset" 5777
"../../../Engine/Content/EngineMaterials/Substrate/GLints/dict_16_192_64_0p5_0p02_0009_0014.uasset" 5778
"../../../Engine/Content/EngineMaterials/Substrate/GLints/dict_16_192_64_0p5_0p02_0010_0001.uasset" 5779
"../../../Engine/Content/EngineMaterials/Substrate/GLints/dict_16_192_64_0p5_0p02_0010_0006.uasset" 5780
"../../../Engine/Content/EngineMaterials/Substrate/GLints/dict_16_192_64_0p5_0p02_0010_0007.uasset" 5781
"../../../Engine/Content/EngineMaterials/Substrate/GLints/dict_16_192_64_0p5_0p02_0010_0008.uasset" 5782
"../../../Engine/Content/EngineMaterials/Substrate/GLints/dict_16_192_64_0p5_0p02_0010_0009.uasset" 5783
"../../../Engine/Content/EngineMaterials/Substrate/GLints/dict_16_192_64_0p5_0p02_0010_0011.uasset" 5784
"../../../Engine/Content/EngineMaterials/Substrate/GLints/dict_16_192_64_0p5_0p02_0010_0010.uasset" 5785
"../../../Engine/Content/EngineMaterials/Substrate/GLints/dict_16_192_64_0p5_0p02_0010_0012.uasset" 5786
"../../../Engine/Content/EngineMaterials/Substrate/GLints/dict_16_192_64_0p5_0p02_0010_0013.uasset" 5787
"../../../Engine/Content/EngineMaterials/Substrate/GLints/dict_16_192_64_0p5_0p02_0010_0014.uasset" 5788
"../../../Engine/Content/EngineMaterials/Substrate/GLints/dict_16_192_64_0p5_0p02_0010_0015.uasset" 5789
"../../../Engine/Content/EngineMaterials/Substrate/GLints/dict_16_192_64_0p5_0p02_0011_0000.uasset" 5790
"../../../Engine/Content/EngineMaterials/Substrate/GLints/dict_16_192_64_0p5_0p02_0011_0001.uasset" 5791
"../../../Engine/Content/EngineMaterials/Substrate/GLints/dict_16_192_64_0p5_0p02_0011_0002.uasset" 5792
"../../../Engine/Content/EngineMaterials/Substrate/GLints/dict_16_192_64_0p5_0p02_0011_0003.uasset" 5793
"../../../Engine/Content/EngineMaterials/Substrate/GLints/dict_16_192_64_0p5_0p02_0011_0004.uasset" 5794
"../../../Engine/Content/EngineMaterials/Substrate/GLints/dict_16_192_64_0p5_0p02_0011_0005.uasset" 5795
"../../../Engine/Content/EngineMaterials/Substrate/GLints/dict_16_192_64_0p5_0p02_0011_0006.uasset" 5796
"../../../Engine/Content/EngineMaterials/Substrate/GLints/dict_16_192_64_0p5_0p02_0011_0008.uasset" 5797
"../../../Engine/Content/EngineMaterials/Substrate/GLints/dict_16_192_64_0p5_0p02_0011_0007.uasset" 5798
"../../../Engine/Content/EngineMaterials/Substrate/GLints/dict_16_192_64_0p5_0p02_0011_0009.uasset" 5799
"../../../Engine/Content/EngineMaterials/Substrate/GLints/dict_16_192_64_0p5_0p02_0011_0010.uasset" 5800
"../../../Engine/Content/EngineMaterials/Substrate/GLints/dict_16_192_64_0p5_0p02_0011_0012.uasset" 5801
"../../../Engine/Content/EngineMaterials/Substrate/GLints/dict_16_192_64_0p5_0p02_0011_0011.uasset" 5802
"../../../Engine/Content/EngineMaterials/Substrate/GLints/dict_16_192_64_0p5_0p02_0011_0013.uasset" 5803
"E:/Development/Projects/Squeak/DerivedDataCache/VT/TEXTURE_7C16439390E24F1F9468894FB4D4BC55_VTCHUNK46B87B5E8FA327F8C585A605761484DAC0EDFAFC" 5804
"/Engine/EngineMaterials/Substrate/GLints/dict_16_192_64_0p5_0p02_0011_0013" 5805
"/Engine/EngineMaterials/Substrate/GLints/dict_16_192_64_0p5_0p02_0011_0012" 5806
"/Engine/EngineMaterials/Substrate/GLints/dict_16_192_64_0p5_0p02_0011_0011" 5807
"/Engine/EngineMaterials/Substrate/GLints/dict_16_192_64_0p5_0p02_0011_0010" 5808
"/Engine/EngineMaterials/Substrate/GLints/dict_16_192_64_0p5_0p02_0011_0009" 5809
"/Engine/EngineMaterials/Substrate/GLints/dict_16_192_64_0p5_0p02_0011_0008" 5810
"E:/Development/Projects/Squeak/DerivedDataCache/VT/TEXTURE_7C16439390E24F1F9468894FB4D4BC55_VTCHUNKDB870F89BFFB6DF3DEF7140AE01DF98A7FFC7127" 5811
"/Engine/EngineMaterials/Substrate/GLints/dict_16_192_64_0p5_0p02_0011_0007" 5812
"/Engine/EngineMaterials/Substrate/GLints/dict_16_192_64_0p5_0p02_0011_0006" 5813
"/Engine/EngineMaterials/Substrate/GLints/dict_16_192_64_0p5_0p02_0011_0005" 5814
"/Engine/EngineMaterials/Substrate/GLints/dict_16_192_64_0p5_0p02_0011_0004" 5815
"/Engine/EngineMaterials/Substrate/GLints/dict_16_192_64_0p5_0p02_0011_0003" 5816
"/Engine/EngineMaterials/Substrate/GLints/dict_16_192_64_0p5_0p02_0011_0002" 5817
"/Engine/EngineMaterials/Substrate/GLints/dict_16_192_64_0p5_0p02_0011_0001" 5818
"/Engine/EngineMaterials/Substrate/GLints/dict_16_192_64_0p5_0p02_0011_0000" 5819
"/Engine/EngineMaterials/Substrate/GLints/dict_16_192_64_0p5_0p02_0010_0015" 5820
"/Engine/EngineMaterials/Substrate/GLints/dict_16_192_64_0p5_0p02_0010_0014" 5821
"/Engine/EngineMaterials/Substrate/GLints/dict_16_192_64_0p5_0p02_0010_0013" 5822
"/Engine/EngineMaterials/Substrate/GLints/dict_16_192_64_0p5_0p02_0010_0012" 5823
"/Engine/EngineMaterials/Substrate/GLints/dict_16_192_64_0p5_0p02_0010_0011" 5824
"/Engine/EngineMaterials/Substrate/GLints/dict_16_192_64_0p5_0p02_0010_0010" 5825
"/Engine/EngineMaterials/Substrate/GLints/dict_16_192_64_0p5_0p02_0010_0009" 5826
"/Engine/EngineMaterials/Substrate/GLints/dict_16_192_64_0p5_0p02_0010_0008" 5827
"/Engine/EngineMaterials/Substrate/GLints/dict_16_192_64_0p5_0p02_0010_0007" 5828
"/Engine/EngineMaterials/Substrate/GLints/dict_16_192_64_0p5_0p02_0010_0006" 5829
"/Engine/EngineMaterials/Substrate/GLints/dict_16_192_64_0p5_0p02_0010_0005" 5830
"/Engine/EngineMaterials/Substrate/GLints/dict_16_192_64_0p5_0p02_0010_0004" 5831
"/Engine/EngineMaterials/Substrate/GLints/dict_16_192_64_0p5_0p02_0010_0003" 5832
"/Engine/EngineMaterials/Substrate/GLints/dict_16_192_64_0p5_0p02_0010_0002" 5833
"/Engine/EngineMaterials/Substrate/GLints/dict_16_192_64_0p5_0p02_0010_0001" 5834
"/Engine/EngineMaterials/Substrate/GLints/dict_16_192_64_0p5_0p02_0010_0000" 5835
"/Engine/EngineMaterials/Substrate/GLints/dict_16_192_64_0p5_0p02_0009_0015" 5836
"/Engine/EngineMaterials/Substrate/GLints/dict_16_192_64_0p5_0p02_0009_0014" 5837
"../../../Engine/Content/EngineMaterials/Substrate/GLints/dict_16_192_64_0p5_0p02_0012_0003.uasset" 5838
"../../../Engine/Content/EngineMaterials/Substrate/GLints/dict_16_192_64_0p5_0p02_0011_0014.uasset" 5839
"../../../Engine/Content/EngineMaterials/Substrate/GLints/dict_16_192_64_0p5_0p02_0011_0015.uasset" 5840
"../../../Engine/Content/EngineMaterials/Substrate/GLints/dict_16_192_64_0p5_0p02_0012_0000.uasset" 5841
"../../../Engine/Content/EngineMaterials/Substrate/GLints/dict_16_192_64_0p5_0p02_0012_0005.uasset" 5842
"../../../Engine/Content/EngineMaterials/Substrate/GLints/dict_16_192_64_0p5_0p02_0012_0002.uasset" 5843
"../../../Engine/Content/EngineMaterials/Substrate/GLints/dict_16_192_64_0p5_0p02_0012_0004.uasset" 5844
"../../../Engine/Content/EngineMaterials/Substrate/GLints/dict_16_192_64_0p5_0p02_0012_0006.uasset" 5845
"../../../Engine/Content/EngineMaterials/Substrate/GLints/dict_16_192_64_0p5_0p02_0012_0001.uasset" 5846
"../../../Engine/Content/EngineMaterials/Substrate/GLints/dict_16_192_64_0p5_0p02_0012_0007.uasset" 5847
"../../../Engine/Content/EngineMaterials/Substrate/GLints/dict_16_192_64_0p5_0p02_0012_0008.uasset" 5848
"../../../Engine/Content/EngineMaterials/Substrate/GLints/dict_16_192_64_0p5_0p02_0012_0009.uasset" 5849
"../../../Engine/Content/EngineMaterials/Substrate/GLints/dict_16_192_64_0p5_0p02_0012_0010.uasset" 5850
"../../../Engine/Content/EngineMaterials/Substrate/GLints/dict_16_192_64_0p5_0p02_0012_0012.uasset" 5851
"../../../Engine/Content/EngineMaterials/Substrate/GLints/dict_16_192_64_0p5_0p02_0012_0011.uasset" 5852
"../../../Engine/Content/EngineMaterials/Substrate/GLints/dict_16_192_64_0p5_0p02_0012_0013.uasset" 5853
"../../../Engine/Content/EngineMaterials/Substrate/GLints/dict_16_192_64_0p5_0p02_0012_0014.uasset" 5854
"../../../Engine/Content/EngineMaterials/Substrate/GLints/dict_16_192_64_0p5_0p02_0012_0015.uasset" 5855
"../../../Engine/Content/EngineMaterials/Substrate/GLints/dict_16_192_64_0p5_0p02_0013_0000.uasset" 5856
"../../../Engine/Content/EngineMaterials/Substrate/GLints/dict_16_192_64_0p5_0p02_0013_0001.uasset" 5857
"../../../Engine/Content/EngineMaterials/Substrate/GLints/dict_16_192_64_0p5_0p02_0013_0004.uasset" 5858
"../../../Engine/Content/EngineMaterials/Substrate/GLints/dict_16_192_64_0p5_0p02_0013_0003.uasset" 5859
"../../../Engine/Content/EngineMaterials/Substrate/GLints/dict_16_192_64_0p5_0p02_0013_0002.uasset" 5860
"../../../Engine/Content/EngineMaterials/Substrate/GLints/dict_16_192_64_0p5_0p02_0013_0006.uasset" 5861
"../../../Engine/Content/EngineMaterials/Substrate/GLints/dict_16_192_64_0p5_0p02_0013_0005.uasset" 5862
"../../../Engine/Content/EngineMaterials/Substrate/GLints/dict_16_192_64_0p5_0p02_0013_0008.uasset" 5863
"../../../Engine/Content/EngineMaterials/Substrate/GLints/dict_16_192_64_0p5_0p02_0013_0007.uasset" 5864
"../../../Engine/Content/EngineMaterials/Substrate/GLints/dict_16_192_64_0p5_0p02_0013_0009.uasset" 5865
"../../../Engine/Content/EngineMaterials/Substrate/GLints/dict_16_192_64_0p5_0p02_0013_0010.uasset" 5866
"../../../Engine/Content/EngineMaterials/Substrate/GLints/dict_16_192_64_0p5_0p02_0013_0011.uasset" 5867
"../../../Engine/Content/EngineMaterials/Substrate/GLints/dict_16_192_64_0p5_0p02_0013_0012.uasset" 5868
"../../../Engine/Content/EngineMaterials/Substrate/GLints/dict_16_192_64_0p5_0p02_0013_0013.uasset" 5869
"/Engine/EngineMaterials/Substrate/GLints/dict_16_192_64_0p5_0p02_0013_0013" 5870
"/Engine/EngineMaterials/Substrate/GLints/dict_16_192_64_0p5_0p02_0013_0012" 5871
"/Engine/EngineMaterials/Substrate/GLints/dict_16_192_64_0p5_0p02_0013_0011" 5872
"/Engine/EngineMaterials/Substrate/GLints/dict_16_192_64_0p5_0p02_0013_0010" 5873
"/Engine/EngineMaterials/Substrate/GLints/dict_16_192_64_0p5_0p02_0013_0009" 5874
"/Engine/EngineMaterials/Substrate/GLints/dict_16_192_64_0p5_0p02_0013_0008" 5875
"/Engine/EngineMaterials/Substrate/GLints/dict_16_192_64_0p5_0p02_0013_0007" 5876
"/Engine/EngineMaterials/Substrate/GLints/dict_16_192_64_0p5_0p02_0013_0006" 5877
"/Engine/EngineMaterials/Substrate/GLints/dict_16_192_64_0p5_0p02_0013_0005" 5878
"/Engine/EngineMaterials/Substrate/GLints/dict_16_192_64_0p5_0p02_0013_0004" 5879
"/Engine/EngineMaterials/Substrate/GLints/dict_16_192_64_0p5_0p02_0013_0003" 5880
"/Engine/EngineMaterials/Substrate/GLints/dict_16_192_64_0p5_0p02_0013_0002" 5881
"/Engine/EngineMaterials/Substrate/GLints/dict_16_192_64_0p5_0p02_0013_0001" 5882
"/Engine/EngineMaterials/Substrate/GLints/dict_16_192_64_0p5_0p02_0013_0000" 5883
"/Engine/EngineMaterials/Substrate/GLints/dict_16_192_64_0p5_0p02_0012_0015" 5884
"/Engine/EngineMaterials/Substrate/GLints/dict_16_192_64_0p5_0p02_0012_0014" 5885
"/Engine/EngineMaterials/Substrate/GLints/dict_16_192_64_0p5_0p02_0012_0013" 5886
"/Engine/EngineMaterials/Substrate/GLints/dict_16_192_64_0p5_0p02_0012_0012" 5887
"/Engine/EngineMaterials/Substrate/GLints/dict_16_192_64_0p5_0p02_0012_0011" 5888
"/Engine/EngineMaterials/Substrate/GLints/dict_16_192_64_0p5_0p02_0012_0010" 5889
"/Engine/EngineMaterials/Substrate/GLints/dict_16_192_64_0p5_0p02_0012_0009" 5890
"/Engine/EngineMaterials/Substrate/GLints/dict_16_192_64_0p5_0p02_0012_0008" 5891
"/Engine/EngineMaterials/Substrate/GLints/dict_16_192_64_0p5_0p02_0012_0007" 5892
"/Engine/EngineMaterials/Substrate/GLints/dict_16_192_64_0p5_0p02_0012_0006" 5893
"/Engine/EngineMaterials/Substrate/GLints/dict_16_192_64_0p5_0p02_0012_0005" 5894
"/Engine/EngineMaterials/Substrate/GLints/dict_16_192_64_0p5_0p02_0012_0004" 5895
"/Engine/EngineMaterials/Substrate/GLints/dict_16_192_64_0p5_0p02_0012_0003" 5896
"/Engine/EngineMaterials/Substrate/GLints/dict_16_192_64_0p5_0p02_0012_0002" 5897
"/Engine/EngineMaterials/Substrate/GLints/dict_16_192_64_0p5_0p02_0012_0001" 5898
"/Engine/EngineMaterials/Substrate/GLints/dict_16_192_64_0p5_0p02_0012_0000" 5899
"/Engine/EngineMaterials/Substrate/GLints/dict_16_192_64_0p5_0p02_0011_0015" 5900
"/Engine/EngineMaterials/Substrate/GLints/dict_16_192_64_0p5_0p02_0011_0014" 5901
"../../../Engine/Content/EngineMaterials/Substrate/GLints/dict_16_192_64_0p5_0p02_0014_0005.uasset" 5902
"../../../Engine/Content/EngineMaterials/Substrate/GLints/dict_16_192_64_0p5_0p02_0013_0015.uasset" 5903
"../../../Engine/Content/EngineMaterials/Substrate/GLints/dict_16_192_64_0p5_0p02_0014_0000.uasset" 5904
"../../../Engine/Content/EngineMaterials/Substrate/GLints/dict_16_192_64_0p5_0p02_0014_0001.uasset" 5905
"../../../Engine/Content/EngineMaterials/Substrate/GLints/dict_16_192_64_0p5_0p02_0014_0007.uasset" 5906
"../../../Engine/Content/EngineMaterials/Substrate/GLints/dict_16_192_64_0p5_0p02_0014_0002.uasset" 5907
"../../../Engine/Content/EngineMaterials/Substrate/GLints/dict_16_192_64_0p5_0p02_0014_0004.uasset" 5908
"../../../Engine/Content/EngineMaterials/Substrate/GLints/dict_16_192_64_0p5_0p02_0013_0014.uasset" 5909
"../../../Engine/Content/EngineMaterials/Substrate/GLints/dict_16_192_64_0p5_0p02_0014_0003.uasset" 5910
"../../../Engine/Content/EngineMaterials/Substrate/GLints/dict_16_192_64_0p5_0p02_0014_0006.uasset" 5911
"../../../Engine/Content/EngineMaterials/Substrate/GLints/dict_16_192_64_0p5_0p02_0014_0008.uasset" 5912
"../../../Engine/Content/EngineMaterials/Substrate/GLints/dict_16_192_64_0p5_0p02_0014_0009.uasset" 5913
"../../../Engine/Content/EngineMaterials/Substrate/GLints/dict_16_192_64_0p5_0p02_0014_0010.uasset" 5914
"../../../Engine/Content/EngineMaterials/Substrate/GLints/dict_16_192_64_0p5_0p02_0014_0011.uasset" 5915
"../../../Engine/Content/EngineMaterials/Substrate/GLints/dict_16_192_64_0p5_0p02_0014_0012.uasset" 5916
"../../../Engine/Content/EngineMaterials/Substrate/GLints/dict_16_192_64_0p5_0p02_0014_0014.uasset" 5917
"../../../Engine/Content/EngineMaterials/Substrate/GLints/dict_16_192_64_0p5_0p02_0015_0000.uasset" 5918
"../../../Engine/Content/EngineMaterials/Substrate/GLints/dict_16_192_64_0p5_0p02_0014_0013.uasset" 5919
"../../../Engine/Content/EngineMaterials/Substrate/GLints/dict_16_192_64_0p5_0p02_0014_0015.uasset" 5920
"../../../Engine/Content/EngineMaterials/Substrate/GLints/dict_16_192_64_0p5_0p02_0015_0001.uasset" 5921
"../../../Engine/Content/EngineMaterials/Substrate/GLints/dict_16_192_64_0p5_0p02_0015_0002.uasset" 5922
"../../../Engine/Content/EngineMaterials/Substrate/GLints/dict_16_192_64_0p5_0p02_0015_0003.uasset" 5923
"../../../Engine/Content/EngineMaterials/Substrate/GLints/dict_16_192_64_0p5_0p02_0015_0004.uasset" 5924
"../../../Engine/Content/EngineMaterials/Substrate/GLints/dict_16_192_64_0p5_0p02_0015_0005.uasset" 5925
"../../../Engine/Content/EngineMaterials/Substrate/GLints/dict_16_192_64_0p5_0p02_0015_0006.uasset" 5926
"../../../Engine/Content/EngineMaterials/Substrate/GLints/dict_16_192_64_0p5_0p02_0015_0008.uasset" 5927
"../../../Engine/Content/EngineMaterials/Substrate/GLints/dict_16_192_64_0p5_0p02_0015_0007.uasset" 5928
"../../../Engine/Content/EngineMaterials/Substrate/GLints/dict_16_192_64_0p5_0p02_0015_0009.uasset" 5929
"../../../Engine/Content/EngineMaterials/Substrate/GLints/dict_16_192_64_0p5_0p02_0015_0011.uasset" 5930
"../../../Engine/Content/EngineMaterials/Substrate/GLints/dict_16_192_64_0p5_0p02_0015_0012.uasset" 5931
"../../../Engine/Content/EngineMaterials/Substrate/GLints/dict_16_192_64_0p5_0p02_0015_0013.uasset" 5932
"../../../Engine/Content/EngineMaterials/Substrate/GLints/dict_16_192_64_0p5_0p02_0015_0010.uasset" 5933
"/Engine/EngineMaterials/Substrate/GLints/dict_16_192_64_0p5_0p02_0015_0013" 5934
"/Engine/EngineMaterials/Substrate/GLints/dict_16_192_64_0p5_0p02_0015_0012" 5935
"/Engine/EngineMaterials/Substrate/GLints/dict_16_192_64_0p5_0p02_0015_0011" 5936
"/Engine/EngineMaterials/Substrate/GLints/dict_16_192_64_0p5_0p02_0015_0010" 5937
"/Engine/EngineMaterials/Substrate/GLints/dict_16_192_64_0p5_0p02_0015_0009" 5938
"/Engine/EngineMaterials/Substrate/GLints/dict_16_192_64_0p5_0p02_0015_0008" 5939
"/Engine/EngineMaterials/Substrate/GLints/dict_16_192_64_0p5_0p02_0015_0007" 5940
"/Engine/EngineMaterials/Substrate/GLints/dict_16_192_64_0p5_0p02_0015_0006" 5941
"/Engine/EngineMaterials/Substrate/GLints/dict_16_192_64_0p5_0p02_0015_0005" 5942
"/Engine/EngineMaterials/Substrate/GLints/dict_16_192_64_0p5_0p02_0015_0004" 5943
"/Engine/EngineMaterials/Substrate/GLints/dict_16_192_64_0p5_0p02_0015_0003" 5944
"/Engine/EngineMaterials/Substrate/GLints/dict_16_192_64_0p5_0p02_0015_0002" 5945
"/Engine/EngineMaterials/Substrate/GLints/dict_16_192_64_0p5_0p02_0015_0001" 5946
"/Engine/EngineMaterials/Substrate/GLints/dict_16_192_64_0p5_0p02_0015_0000" 5947
"/Engine/EngineMaterials/Substrate/GLints/dict_16_192_64_0p5_0p02_0014_0015" 5948
"/Engine/EngineMaterials/Substrate/GLints/dict_16_192_64_0p5_0p02_0014_0014" 5949
"/Engine/EngineMaterials/Substrate/GLints/dict_16_192_64_0p5_0p02_0014_0013" 5950
"/Engine/EngineMaterials/Substrate/GLints/dict_16_192_64_0p5_0p02_0014_0012" 5951
"/Engine/EngineMaterials/Substrate/GLints/dict_16_192_64_0p5_0p02_0014_0011" 5952
"/Engine/EngineMaterials/Substrate/GLints/dict_16_192_64_0p5_0p02_0014_0010" 5953
"/Engine/EngineMaterials/Substrate/GLints/dict_16_192_64_0p5_0p02_0014_0009" 5954
"/Engine/EngineMaterials/Substrate/GLints/dict_16_192_64_0p5_0p02_0014_0008" 5955
"/Engine/EngineMaterials/Substrate/GLints/dict_16_192_64_0p5_0p02_0014_0007" 5956
"/Engine/EngineMaterials/Substrate/GLints/dict_16_192_64_0p5_0p02_0014_0006" 5957
"/Engine/EngineMaterials/Substrate/GLints/dict_16_192_64_0p5_0p02_0014_0005" 5958
"/Engine/EngineMaterials/Substrate/GLints/dict_16_192_64_0p5_0p02_0014_0004" 5959
"/Engine/EngineMaterials/Substrate/GLints/dict_16_192_64_0p5_0p02_0014_0003" 5960
"/Engine/EngineMaterials/Substrate/GLints/dict_16_192_64_0p5_0p02_0014_0002" 5961
"/Engine/EngineMaterials/Substrate/GLints/dict_16_192_64_0p5_0p02_0014_0001" 5962
"/Engine/EngineMaterials/Substrate/GLints/dict_16_192_64_0p5_0p02_0014_0000" 5963
"/Engine/EngineMaterials/Substrate/GLints/dict_16_192_64_0p5_0p02_0013_0015" 5964
"/Engine/EngineMaterials/Substrate/GLints/dict_16_192_64_0p5_0p02_0013_0014" 5965
"../../../Engine/Content/EngineMaterials/Substrate/GLints/dict_16_192_64_0p5_0p02_0016_0004.uasset" 5966
"../../../Engine/Content/EngineMaterials/Substrate/GLints/dict_16_192_64_0p5_0p02_0016_0005.uasset" 5967
"../../../Engine/Content/EngineMaterials/Substrate/GLints/dict_16_192_64_0p5_0p02_0015_0014.uasset" 5968
"../../../Engine/Content/EngineMaterials/Substrate/GLints/dict_16_192_64_0p5_0p02_0016_0002.uasset" 5969
"../../../Engine/Content/EngineMaterials/Substrate/GLints/dict_16_192_64_0p5_0p02_0016_0003.uasset" 5970
"../../../Engine/Content/EngineMaterials/Substrate/GLints/dict_16_192_64_0p5_0p02_0015_0015.uasset" 5971
"../../../Engine/Content/EngineMaterials/Substrate/GLints/dict_16_192_64_0p5_0p02_0016_0000.uasset" 5972
"../../../Engine/Content/EngineMaterials/Substrate/GLints/dict_16_192_64_0p5_0p02_0016_0001.uasset" 5973
"../../../Engine/Content/EngineMaterials/Substrate/GLints/dict_16_192_64_0p5_0p02_0016_0006.uasset" 5974
"../../../Engine/Content/EngineMaterials/Substrate/GLints/dict_16_192_64_0p5_0p02_0016_0007.uasset" 5975
"../../../Engine/Content/EngineMaterials/Substrate/GLints/dict_16_192_64_0p5_0p02_0016_0008.uasset" 5976
"../../../Engine/Content/EngineMaterials/Substrate/GLints/dict_16_192_64_0p5_0p02_0016_0010.uasset" 5977
"../../../Engine/Content/EngineMaterials/Substrate/GLints/dict_16_192_64_0p5_0p02_0016_0009.uasset" 5978
"../../../Engine/Content/EngineMaterials/Substrate/GLints/dict_16_192_64_0p5_0p02_0016_0011.uasset" 5979
"../../../Engine/Content/EngineMaterials/Substrate/GLints/dict_16_192_64_0p5_0p02_0016_0014.uasset" 5980
"../../../Engine/Content/EngineMaterials/Substrate/GLints/dict_16_192_64_0p5_0p02_0016_0013.uasset" 5981
"../../../Engine/Content/EngineMaterials/Substrate/GLints/dict_16_192_64_0p5_0p02_0016_0012.uasset" 5982
"../../../Engine/Content/EngineMaterials/Substrate/GLints/dict_16_192_64_0p5_0p02_0016_0015.uasset" 5983
"../../../Engine/Content/EngineMaterials/Substrate/GLints/dict_16_192_64_0p5_0p02_0017_0000.uasset" 5984
"../../../Engine/Content/EngineMaterials/Substrate/GLints/dict_16_192_64_0p5_0p02_0017_0001.uasset" 5985
"../../../Engine/Content/EngineMaterials/Substrate/GLints/dict_16_192_64_0p5_0p02_0017_0002.uasset" 5986
"../../../Engine/Content/EngineMaterials/Substrate/GLints/dict_16_192_64_0p5_0p02_0017_0003.uasset" 5987
"../../../Engine/Content/EngineMaterials/Substrate/GLints/dict_16_192_64_0p5_0p02_0017_0004.uasset" 5988
"../../../Engine/Content/EngineMaterials/Substrate/GLints/dict_16_192_64_0p5_0p02_0017_0005.uasset" 5989
"../../../Engine/Content/EngineMaterials/Substrate/GLints/dict_16_192_64_0p5_0p02_0017_0006.uasset" 5990
"../../../Engine/Content/EngineMaterials/Substrate/GLints/dict_16_192_64_0p5_0p02_0017_0008.uasset" 5991
"../../../Engine/Content/EngineMaterials/Substrate/GLints/dict_16_192_64_0p5_0p02_0017_0009.uasset" 5992
"../../../Engine/Content/EngineMaterials/Substrate/GLints/dict_16_192_64_0p5_0p02_0017_0007.uasset" 5993
"../../../Engine/Content/EngineMaterials/Substrate/GLints/dict_16_192_64_0p5_0p02_0017_0010.uasset" 5994
"../../../Engine/Content/EngineMaterials/Substrate/GLints/dict_16_192_64_0p5_0p02_0017_0011.uasset" 5995
"../../../Engine/Content/EngineMaterials/Substrate/GLints/dict_16_192_64_0p5_0p02_0017_0012.uasset" 5996
"../../../Engine/Content/EngineMaterials/Substrate/GLints/dict_16_192_64_0p5_0p02_0017_0013.uasset" 5997
"/Engine/EngineMaterials/Substrate/GLints/dict_16_192_64_0p5_0p02_0017_0013" 5998
"/Engine/EngineMaterials/Substrate/GLints/dict_16_192_64_0p5_0p02_0017_0012" 5999
"/Engine/EngineMaterials/Substrate/GLints/dict_16_192_64_0p5_0p02_0017_0011" 6000
"/Engine/EngineMaterials/Substrate/GLints/dict_16_192_64_0p5_0p02_0017_0010" 6001
"/Engine/EngineMaterials/Substrate/GLints/dict_16_192_64_0p5_0p02_0017_0009" 6002
"/Engine/EngineMaterials/Substrate/GLints/dict_16_192_64_0p5_0p02_0017_0008" 6003
"/Engine/EngineMaterials/Substrate/GLints/dict_16_192_64_0p5_0p02_0017_0007" 6004
"/Engine/EngineMaterials/Substrate/GLints/dict_16_192_64_0p5_0p02_0017_0006" 6005
"/Engine/EngineMaterials/Substrate/GLints/dict_16_192_64_0p5_0p02_0017_0005" 6006
"/Engine/EngineMaterials/Substrate/GLints/dict_16_192_64_0p5_0p02_0017_0004" 6007
"/Engine/EngineMaterials/Substrate/GLints/dict_16_192_64_0p5_0p02_0017_0003" 6008
"/Engine/EngineMaterials/Substrate/GLints/dict_16_192_64_0p5_0p02_0017_0002" 6009
"/Engine/EngineMaterials/Substrate/GLints/dict_16_192_64_0p5_0p02_0017_0001" 6010
"/Engine/EngineMaterials/Substrate/GLints/dict_16_192_64_0p5_0p02_0017_0000" 6011
"/Engine/EngineMaterials/Substrate/GLints/dict_16_192_64_0p5_0p02_0016_0015" 6012
"/Engine/EngineMaterials/Substrate/GLints/dict_16_192_64_0p5_0p02_0016_0014" 6013
"/Engine/EngineMaterials/Substrate/GLints/dict_16_192_64_0p5_0p02_0016_0013" 6014
"/Engine/EngineMaterials/Substrate/GLints/dict_16_192_64_0p5_0p02_0016_0012" 6015
"/Engine/EngineMaterials/Substrate/GLints/dict_16_192_64_0p5_0p02_0016_0011" 6016
"/Engine/EngineMaterials/Substrate/GLints/dict_16_192_64_0p5_0p02_0016_0010" 6017
"/Engine/EngineMaterials/Substrate/GLints/dict_16_192_64_0p5_0p02_0016_0009" 6018
"/Engine/EngineMaterials/Substrate/GLints/dict_16_192_64_0p5_0p02_0016_0008" 6019
"/Engine/EngineMaterials/Substrate/GLints/dict_16_192_64_0p5_0p02_0016_0007" 6020
"/Engine/EngineMaterials/Substrate/GLints/dict_16_192_64_0p5_0p02_0016_0006" 6021
"/Engine/EngineMaterials/Substrate/GLints/dict_16_192_64_0p5_0p02_0016_0005" 6022
"/Engine/EngineMaterials/Substrate/GLints/dict_16_192_64_0p5_0p02_0016_0004" 6023
"/Engine/EngineMaterials/Substrate/GLints/dict_16_192_64_0p5_0p02_0016_0003" 6024
"/Engine/EngineMaterials/Substrate/GLints/dict_16_192_64_0p5_0p02_0016_0002" 6025
"/Engine/EngineMaterials/Substrate/GLints/dict_16_192_64_0p5_0p02_0016_0001" 6026
"/Engine/EngineMaterials/Substrate/GLints/dict_16_192_64_0p5_0p02_0016_0000" 6027
"/Engine/EngineMaterials/Substrate/GLints/dict_16_192_64_0p5_0p02_0015_0015" 6028
"/Engine/EngineMaterials/Substrate/GLints/dict_16_192_64_0p5_0p02_0015_0014" 6029
"../../../Engine/Content/EngineMaterials/Substrate/GLints/dict_16_192_64_0p5_0p02_0018_0003.uasset" 6030
"../../../Engine/Content/EngineMaterials/Substrate/GLints/dict_16_192_64_0p5_0p02_0018_0001.uasset" 6031
"../../../Engine/Content/EngineMaterials/Substrate/GLints/dict_16_192_64_0p5_0p02_0017_0014.uasset" 6032
"../../../Engine/Content/EngineMaterials/Substrate/GLints/dict_16_192_64_0p5_0p02_0018_0006.uasset" 6033
"../../../Engine/Content/EngineMaterials/Substrate/GLints/dict_16_192_64_0p5_0p02_0017_0015.uasset" 6034
"../../../Engine/Content/EngineMaterials/Substrate/GLints/dict_16_192_64_0p5_0p02_0018_0002.uasset" 6035
"../../../Engine/Content/EngineMaterials/Substrate/GLints/dict_16_192_64_0p5_0p02_0018_0000.uasset" 6036
"../../../Engine/Content/EngineMaterials/Substrate/GLints/dict_16_192_64_0p5_0p02_0018_0005.uasset" 6037
"../../../Engine/Content/EngineMaterials/Substrate/GLints/dict_16_192_64_0p5_0p02_0018_0004.uasset" 6038
"../../../Engine/Content/EngineMaterials/Substrate/GLints/dict_16_192_64_0p5_0p02_0018_0007.uasset" 6039
"../../../Engine/Content/EngineMaterials/Substrate/GLints/dict_16_192_64_0p5_0p02_0018_0008.uasset" 6040
"../../../Engine/Content/EngineMaterials/Substrate/GLints/dict_16_192_64_0p5_0p02_0018_0009.uasset" 6041
"../../../Engine/Content/EngineMaterials/Substrate/GLints/dict_16_192_64_0p5_0p02_0018_0010.uasset" 6042
"../../../Engine/Content/EngineMaterials/Substrate/GLints/dict_16_192_64_0p5_0p02_0018_0011.uasset" 6043
"../../../Engine/Content/EngineMaterials/Substrate/GLints/dict_16_192_64_0p5_0p02_0018_0012.uasset" 6044
"../../../Engine/Content/EngineMaterials/Substrate/GLints/dict_16_192_64_0p5_0p02_0018_0013.uasset" 6045
"../../../Engine/Content/EngineMaterials/Substrate/GLints/dict_16_192_64_0p5_0p02_0018_0014.uasset" 6046
"../../../Engine/Content/EngineMaterials/Substrate/GLints/dict_16_192_64_0p5_0p02_0018_0015.uasset" 6047
"../../../Engine/Content/EngineMaterials/Substrate/GLints/dict_16_192_64_0p5_0p02_0019_0000.uasset" 6048
"../../../Engine/Content/EngineMaterials/Substrate/GLints/dict_16_192_64_0p5_0p02_0019_0001.uasset" 6049
"../../../Engine/Content/EngineMaterials/Substrate/GLints/dict_16_192_64_0p5_0p02_0019_0002.uasset" 6050
"../../../Engine/Content/EngineMaterials/Substrate/GLints/dict_16_192_64_0p5_0p02_0019_0003.uasset" 6051
"../../../Engine/Content/EngineMaterials/Substrate/GLints/dict_16_192_64_0p5_0p02_0019_0004.uasset" 6052
"../../../Engine/Content/EngineMaterials/Substrate/GLints/dict_16_192_64_0p5_0p02_0019_0005.uasset" 6053
"../../../Engine/Content/EngineMaterials/Substrate/GLints/dict_16_192_64_0p5_0p02_0019_0008.uasset" 6054
"../../../Engine/Content/EngineMaterials/Substrate/GLints/dict_16_192_64_0p5_0p02_0019_0009.uasset" 6055
"../../../Engine/Content/EngineMaterials/Substrate/GLints/dict_16_192_64_0p5_0p02_0019_0010.uasset" 6056
"../../../Engine/Content/EngineMaterials/Substrate/GLints/dict_16_192_64_0p5_0p02_0019_0006.uasset" 6057
"../../../Engine/Content/EngineMaterials/Substrate/GLints/dict_16_192_64_0p5_0p02_0019_0012.uasset" 6058
"../../../Engine/Content/EngineMaterials/Substrate/GLints/dict_16_192_64_0p5_0p02_0019_0011.uasset" 6059
"../../../Engine/Content/EngineMaterials/Substrate/GLints/dict_16_192_64_0p5_0p02_0019_0007.uasset" 6060
"../../../Engine/Content/EngineMaterials/Substrate/GLints/dict_16_192_64_0p5_0p02_0019_0013.uasset" 6061
"E:/Development/Projects/Squeak/DerivedDataCache/VT/TEXTURE_7C16439390E24F1F9468894FB4D4BC55_VTCHUNKD6DFACA3D7FFB91C5E56E116FF8F382CF8884957" 6062
"/Engine/EngineMaterials/Substrate/GLints/dict_16_192_64_0p5_0p02_0019_0013" 6063
"/Engine/EngineMaterials/Substrate/GLints/dict_16_192_64_0p5_0p02_0019_0012" 6064
"/Engine/EngineMaterials/Substrate/GLints/dict_16_192_64_0p5_0p02_0019_0011" 6065
"/Engine/EngineMaterials/Substrate/GLints/dict_16_192_64_0p5_0p02_0019_0010" 6066
"/Engine/EngineMaterials/Substrate/GLints/dict_16_192_64_0p5_0p02_0019_0009" 6067
"/Engine/EngineMaterials/Substrate/GLints/dict_16_192_64_0p5_0p02_0019_0008" 6068
"/Engine/EngineMaterials/Substrate/GLints/dict_16_192_64_0p5_0p02_0019_0007" 6069
"/Engine/EngineMaterials/Substrate/GLints/dict_16_192_64_0p5_0p02_0019_0006" 6070
"/Engine/EngineMaterials/Substrate/GLints/dict_16_192_64_0p5_0p02_0019_0005" 6071
"/Engine/EngineMaterials/Substrate/GLints/dict_16_192_64_0p5_0p02_0019_0004" 6072
"/Engine/EngineMaterials/Substrate/GLints/dict_16_192_64_0p5_0p02_0019_0003" 6073
"/Engine/EngineMaterials/Substrate/GLints/dict_16_192_64_0p5_0p02_0019_0002" 6074
"/Engine/EngineMaterials/Substrate/GLints/dict_16_192_64_0p5_0p02_0019_0001" 6075
"/Engine/EngineMaterials/Substrate/GLints/dict_16_192_64_0p5_0p02_0019_0000" 6076
"/Engine/EngineMaterials/Substrate/GLints/dict_16_192_64_0p5_0p02_0018_0015" 6077
"/Engine/EngineMaterials/Substrate/GLints/dict_16_192_64_0p5_0p02_0018_0014" 6078
"/Engine/EngineMaterials/Substrate/GLints/dict_16_192_64_0p5_0p02_0018_0013" 6079
"/Engine/EngineMaterials/Substrate/GLints/dict_16_192_64_0p5_0p02_0018_0012" 6080
"/Engine/EngineMaterials/Substrate/GLints/dict_16_192_64_0p5_0p02_0018_0011" 6081
"/Engine/EngineMaterials/Substrate/GLints/dict_16_192_64_0p5_0p02_0018_0010" 6082
"/Engine/EngineMaterials/Substrate/GLints/dict_16_192_64_0p5_0p02_0018_0009" 6083
"/Engine/EngineMaterials/Substrate/GLints/dict_16_192_64_0p5_0p02_0018_0008" 6084
"/Engine/EngineMaterials/Substrate/GLints/dict_16_192_64_0p5_0p02_0018_0007" 6085
"/Engine/EngineMaterials/Substrate/GLints/dict_16_192_64_0p5_0p02_0018_0006" 6086
"/Engine/EngineMaterials/Substrate/GLints/dict_16_192_64_0p5_0p02_0018_0005" 6087
"/Engine/EngineMaterials/Substrate/GLints/dict_16_192_64_0p5_0p02_0018_0004" 6088
"/Engine/EngineMaterials/Substrate/GLints/dict_16_192_64_0p5_0p02_0018_0003" 6089
"/Engine/EngineMaterials/Substrate/GLints/dict_16_192_64_0p5_0p02_0018_0002" 6090
"/Engine/EngineMaterials/Substrate/GLints/dict_16_192_64_0p5_0p02_0018_0001" 6091
"/Engine/EngineMaterials/Substrate/GLints/dict_16_192_64_0p5_0p02_0018_0000" 6092
"/Engine/EngineMaterials/Substrate/GLints/dict_16_192_64_0p5_0p02_0017_0015" 6093
"/Engine/EngineMaterials/Substrate/GLints/dict_16_192_64_0p5_0p02_0017_0014" 6094
"../../../Engine/Content/EngineMaterials/Substrate/GLints/dict_16_192_64_0p5_0p02_0019_0014.uasset" 6095
"../../../Engine/Content/EngineMaterials/Substrate/GLints/dict_16_192_64_0p5_0p02_0019_0015.uasset" 6096
"../../../Engine/Content/EngineMaterials/Substrate/GLints/dict_16_192_64_0p5_0p02_0020_0000.uasset" 6097
"../../../Engine/Content/EngineMaterials/Substrate/GLints/dict_16_192_64_0p5_0p02_0020_0001.uasset" 6098
"../../../Engine/Content/EngineMaterials/Substrate/GLints/dict_16_192_64_0p5_0p02_0020_0003.uasset" 6099
"../../../Engine/Content/EngineMaterials/Substrate/GLints/dict_16_192_64_0p5_0p02_0020_0002.uasset" 6100
"../../../Engine/Content/EngineMaterials/Substrate/GLints/dict_16_192_64_0p5_0p02_0020_0004.uasset" 6101
"../../../Engine/Content/EngineMaterials/Substrate/GLints/dict_16_192_64_0p5_0p02_0020_0005.uasset" 6102
"../../../Engine/Content/EngineMaterials/Substrate/GLints/dict_16_192_64_0p5_0p02_0020_0006.uasset" 6103
"../../../Engine/Content/EngineMaterials/Substrate/GLints/dict_16_192_64_0p5_0p02_0020_0007.uasset" 6104
"../../../Engine/Content/EngineMaterials/Substrate/GLints/dict_16_192_64_0p5_0p02_0020_0008.uasset" 6105
"../../../Engine/Content/EngineMaterials/Substrate/GLints/dict_16_192_64_0p5_0p02_0020_0011.uasset" 6106
"../../../Engine/Content/EngineMaterials/Substrate/GLints/dict_16_192_64_0p5_0p02_0020_0010.uasset" 6107
"../../../Engine/Content/EngineMaterials/Substrate/GLints/dict_16_192_64_0p5_0p02_0020_0012.uasset" 6108
"../../../Engine/Content/EngineMaterials/Substrate/GLints/dict_16_192_64_0p5_0p02_0020_0013.uasset" 6109
"../../../Engine/Content/EngineMaterials/Substrate/GLints/dict_16_192_64_0p5_0p02_0020_0009.uasset" 6110
"../../../Engine/Content/EngineMaterials/Substrate/GLints/dict_16_192_64_0p5_0p02_0020_0014.uasset" 6111
"../../../Engine/Content/EngineMaterials/Substrate/GLints/dict_16_192_64_0p5_0p02_0021_0002.uasset" 6112
"../../../Engine/Content/EngineMaterials/Substrate/GLints/dict_16_192_64_0p5_0p02_0020_0015.uasset" 6113
"../../../Engine/Content/EngineMaterials/Substrate/GLints/dict_16_192_64_0p5_0p02_0021_0000.uasset" 6114
"../../../Engine/Content/EngineMaterials/Substrate/GLints/dict_16_192_64_0p5_0p02_0021_0003.uasset" 6115
"../../../Engine/Content/EngineMaterials/Substrate/GLints/dict_16_192_64_0p5_0p02_0021_0001.uasset" 6116
"../../../Engine/Content/EngineMaterials/Substrate/GLints/dict_16_192_64_0p5_0p02_0021_0004.uasset" 6117
"../../../Engine/Content/EngineMaterials/Substrate/GLints/dict_16_192_64_0p5_0p02_0021_0005.uasset" 6118
"../../../Engine/Content/EngineMaterials/Substrate/GLints/dict_16_192_64_0p5_0p02_0021_0006.uasset" 6119
"../../../Engine/Content/EngineMaterials/Substrate/GLints/dict_16_192_64_0p5_0p02_0021_0007.uasset" 6120
"../../../Engine/Content/EngineMaterials/Substrate/GLints/dict_16_192_64_0p5_0p02_0021_0008.uasset" 6121
"../../../Engine/Content/EngineMaterials/Substrate/GLints/dict_16_192_64_0p5_0p02_0021_0010.uasset" 6122
"../../../Engine/Content/EngineMaterials/Substrate/GLints/dict_16_192_64_0p5_0p02_0021_0009.uasset" 6123
"../../../Engine/Content/EngineMaterials/Substrate/GLints/dict_16_192_64_0p5_0p02_0021_0011.uasset" 6124
"../../../Engine/Content/EngineMaterials/Substrate/GLints/dict_16_192_64_0p5_0p02_0021_0012.uasset" 6125
"../../../Engine/Content/EngineMaterials/Substrate/GLints/dict_16_192_64_0p5_0p02_0021_0013.uasset" 6126
"E:/Development/Projects/Squeak/DerivedDataCache/VT/TEXTURE_7C16439390E24F1F9468894FB4D4BC55_VTCHUNK22962CA1C62DE41CD9C1A9A3ACCF2FBF5E8114C8" 6127
"/Engine/EngineMaterials/Substrate/GLints/dict_16_192_64_0p5_0p02_0021_0013" 6128
"/Engine/EngineMaterials/Substrate/GLints/dict_16_192_64_0p5_0p02_0021_0012" 6129
"/Engine/EngineMaterials/Substrate/GLints/dict_16_192_64_0p5_0p02_0021_0011" 6130
"/Engine/EngineMaterials/Substrate/GLints/dict_16_192_64_0p5_0p02_0021_0010" 6131
"/Engine/EngineMaterials/Substrate/GLints/dict_16_192_64_0p5_0p02_0021_0009" 6132
"/Engine/EngineMaterials/Substrate/GLints/dict_16_192_64_0p5_0p02_0021_0008" 6133
"/Engine/EngineMaterials/Substrate/GLints/dict_16_192_64_0p5_0p02_0021_0007" 6134
"/Engine/EngineMaterials/Substrate/GLints/dict_16_192_64_0p5_0p02_0021_0006" 6135
"/Engine/EngineMaterials/Substrate/GLints/dict_16_192_64_0p5_0p02_0021_0005" 6136
"/Engine/EngineMaterials/Substrate/GLints/dict_16_192_64_0p5_0p02_0021_0004" 6137
"/Engine/EngineMaterials/Substrate/GLints/dict_16_192_64_0p5_0p02_0021_0003" 6138
"/Engine/EngineMaterials/Substrate/GLints/dict_16_192_64_0p5_0p02_0021_0002" 6139
"/Engine/EngineMaterials/Substrate/GLints/dict_16_192_64_0p5_0p02_0021_0001" 6140
"/Engine/EngineMaterials/Substrate/GLints/dict_16_192_64_0p5_0p02_0021_0000" 6141
"/Engine/EngineMaterials/Substrate/GLints/dict_16_192_64_0p5_0p02_0020_0015" 6142
"/Engine/EngineMaterials/Substrate/GLints/dict_16_192_64_0p5_0p02_0020_0014" 6143
"/Engine/EngineMaterials/Substrate/GLints/dict_16_192_64_0p5_0p02_0020_0013" 6144
"/Engine/EngineMaterials/Substrate/GLints/dict_16_192_64_0p5_0p02_0020_0012" 6145
"/Engine/EngineMaterials/Substrate/GLints/dict_16_192_64_0p5_0p02_0020_0011" 6146
"/Engine/EngineMaterials/Substrate/GLints/dict_16_192_64_0p5_0p02_0020_0010" 6147
"/Engine/EngineMaterials/Substrate/GLints/dict_16_192_64_0p5_0p02_0020_0009" 6148
"/Engine/EngineMaterials/Substrate/GLints/dict_16_192_64_0p5_0p02_0020_0008" 6149
"/Engine/EngineMaterials/Substrate/GLints/dict_16_192_64_0p5_0p02_0020_0007" 6150
"/Engine/EngineMaterials/Substrate/GLints/dict_16_192_64_0p5_0p02_0020_0006" 6151
"/Engine/EngineMaterials/Substrate/GLints/dict_16_192_64_0p5_0p02_0020_0005" 6152
"/Engine/EngineMaterials/Substrate/GLints/dict_16_192_64_0p5_0p02_0020_0004" 6153
"/Engine/EngineMaterials/Substrate/GLints/dict_16_192_64_0p5_0p02_0020_0003" 6154
"/Engine/EngineMaterials/Substrate/GLints/dict_16_192_64_0p5_0p02_0020_0002" 6155
"/Engine/EngineMaterials/Substrate/GLints/dict_16_192_64_0p5_0p02_0020_0001" 6156
"/Engine/EngineMaterials/Substrate/GLints/dict_16_192_64_0p5_0p02_0020_0000" 6157
"/Engine/EngineMaterials/Substrate/GLints/dict_16_192_64_0p5_0p02_0019_0015" 6158
"/Engine/EngineMaterials/Substrate/GLints/dict_16_192_64_0p5_0p02_0019_0014" 6159
"../../../Engine/Content/EngineMaterials/Substrate/GLints/dict_16_192_64_0p5_0p02_0021_0014.uasset" 6160
"../../../Engine/Content/EngineMaterials/Substrate/GLints/dict_16_192_64_0p5_0p02_0022_0006.uasset" 6161
"../../../Engine/Content/EngineMaterials/Substrate/GLints/dict_16_192_64_0p5_0p02_0022_0005.uasset" 6162
"../../../Engine/Content/EngineMaterials/Substrate/GLints/dict_16_192_64_0p5_0p02_0021_0015.uasset" 6163
"../../../Engine/Content/EngineMaterials/Substrate/GLints/dict_16_192_64_0p5_0p02_0022_0003.uasset" 6164
"../../../Engine/Content/EngineMaterials/Substrate/GLints/dict_16_192_64_0p5_0p02_0022_0002.uasset" 6165
"../../../Engine/Content/EngineMaterials/Substrate/GLints/dict_16_192_64_0p5_0p02_0022_0004.uasset" 6166
"../../../Engine/Content/EngineMaterials/Substrate/GLints/dict_16_192_64_0p5_0p02_0022_0000.uasset" 6167
"../../../Engine/Content/EngineMaterials/Substrate/GLints/dict_16_192_64_0p5_0p02_0022_0001.uasset" 6168
"../../../Engine/Content/EngineMaterials/Substrate/GLints/dict_16_192_64_0p5_0p02_0022_0007.uasset" 6169
"../../../Engine/Content/EngineMaterials/Substrate/GLints/dict_16_192_64_0p5_0p02_0022_0008.uasset" 6170
"../../../Engine/Content/EngineMaterials/Substrate/GLints/dict_16_192_64_0p5_0p02_0022_0009.uasset" 6171
"../../../Engine/Content/EngineMaterials/Substrate/GLints/dict_16_192_64_0p5_0p02_0022_0011.uasset" 6172
"../../../Engine/Content/EngineMaterials/Substrate/GLints/dict_16_192_64_0p5_0p02_0022_0010.uasset" 6173
"../../../Engine/Content/EngineMaterials/Substrate/GLints/dict_16_192_64_0p5_0p02_0022_0015.uasset" 6174
"../../../Engine/Content/EngineMaterials/Substrate/GLints/dict_16_192_64_0p5_0p02_0022_0013.uasset" 6175
"../../../Engine/Content/EngineMaterials/Substrate/GLints/dict_16_192_64_0p5_0p02_0022_0014.uasset" 6176
"../../../Engine/Content/EngineMaterials/Substrate/GLints/dict_16_192_64_0p5_0p02_0022_0012.uasset" 6177
"../../../Engine/Content/EngineMaterials/Substrate/GLints/dict_16_192_64_0p5_0p02_0023_0000.uasset" 6178
"../../../Engine/Content/EngineMaterials/Substrate/GLints/dict_16_192_64_0p5_0p02_0023_0001.uasset" 6179
"../../../Engine/Content/EngineMaterials/Substrate/GLints/dict_16_192_64_0p5_0p02_0023_0002.uasset" 6180
"../../../Engine/Content/EngineMaterials/Substrate/GLints/dict_16_192_64_0p5_0p02_0023_0003.uasset" 6181
"../../../Engine/Content/EngineMaterials/Substrate/GLints/dict_16_192_64_0p5_0p02_0023_0004.uasset" 6182
"../../../Engine/Content/EngineMaterials/Substrate/GLints/dict_16_192_64_0p5_0p02_0023_0005.uasset" 6183
"../../../Engine/Content/EngineMaterials/Substrate/GLints/dict_16_192_64_0p5_0p02_0023_0006.uasset" 6184
"../../../Engine/Content/EngineMaterials/Substrate/GLints/dict_16_192_64_0p5_0p02_0023_0008.uasset" 6185
"../../../Engine/Content/EngineMaterials/Substrate/GLints/dict_16_192_64_0p5_0p02_0023_0007.uasset" 6186
"../../../Engine/Content/EngineMaterials/Substrate/GLints/dict_16_192_64_0p5_0p02_0023_0010.uasset" 6187
"../../../Engine/Content/EngineMaterials/Substrate/GLints/dict_16_192_64_0p5_0p02_0023_0009.uasset" 6188
"../../../Engine/Content/EngineMaterials/Substrate/GLints/dict_16_192_64_0p5_0p02_0023_0011.uasset" 6189
"../../../Engine/Content/EngineMaterials/Substrate/GLints/dict_16_192_64_0p5_0p02_0023_0012.uasset" 6190
"../../../Engine/Content/EngineMaterials/Substrate/GLints/dict_16_192_64_0p5_0p02_0023_0013.uasset" 6191
"/Engine/EngineMaterials/Substrate/GLints/dict_16_192_64_0p5_0p02_0023_0013" 6192
"/Engine/EngineMaterials/Substrate/GLints/dict_16_192_64_0p5_0p02_0023_0012" 6193
"/Engine/EngineMaterials/Substrate/GLints/dict_16_192_64_0p5_0p02_0023_0011" 6194
"/Engine/EngineMaterials/Substrate/GLints/dict_16_192_64_0p5_0p02_0023_0010" 6195
"/Engine/EngineMaterials/Substrate/GLints/dict_16_192_64_0p5_0p02_0023_0009" 6196
"/Engine/EngineMaterials/Substrate/GLints/dict_16_192_64_0p5_0p02_0023_0008" 6197
"/Engine/EngineMaterials/Substrate/GLints/dict_16_192_64_0p5_0p02_0023_0007" 6198
"/Engine/EngineMaterials/Substrate/GLints/dict_16_192_64_0p5_0p02_0023_0006" 6199
"/Engine/EngineMaterials/Substrate/GLints/dict_16_192_64_0p5_0p02_0023_0005" 6200
"/Engine/EngineMaterials/Substrate/GLints/dict_16_192_64_0p5_0p02_0023_0004" 6201
"/Engine/EngineMaterials/Substrate/GLints/dict_16_192_64_0p5_0p02_0023_0003" 6202
"/Engine/EngineMaterials/Substrate/GLints/dict_16_192_64_0p5_0p02_0023_0002" 6203
"/Engine/EngineMaterials/Substrate/GLints/dict_16_192_64_0p5_0p02_0023_0001" 6204
"/Engine/EngineMaterials/Substrate/GLints/dict_16_192_64_0p5_0p02_0023_0000" 6205
"/Engine/EngineMaterials/Substrate/GLints/dict_16_192_64_0p5_0p02_0022_0015" 6206
"/Engine/EngineMaterials/Substrate/GLints/dict_16_192_64_0p5_0p02_0022_0014" 6207
"/Engine/EngineMaterials/Substrate/GLints/dict_16_192_64_0p5_0p02_0022_0013" 6208
"/Engine/EngineMaterials/Substrate/GLints/dict_16_192_64_0p5_0p02_0022_0012" 6209
"/Engine/EngineMaterials/Substrate/GLints/dict_16_192_64_0p5_0p02_0022_0011" 6210
"/Engine/EngineMaterials/Substrate/GLints/dict_16_192_64_0p5_0p02_0022_0010" 6211
"/Engine/EngineMaterials/Substrate/GLints/dict_16_192_64_0p5_0p02_0022_0009" 6212
"/Engine/EngineMaterials/Substrate/GLints/dict_16_192_64_0p5_0p02_0022_0008" 6213
"/Engine/EngineMaterials/Substrate/GLints/dict_16_192_64_0p5_0p02_0022_0007" 6214
"/Engine/EngineMaterials/Substrate/GLints/dict_16_192_64_0p5_0p02_0022_0006" 6215
"/Engine/EngineMaterials/Substrate/GLints/dict_16_192_64_0p5_0p02_0022_0005" 6216
"/Engine/EngineMaterials/Substrate/GLints/dict_16_192_64_0p5_0p02_0022_0004" 6217
"/Engine/EngineMaterials/Substrate/GLints/dict_16_192_64_0p5_0p02_0022_0003" 6218
"/Engine/EngineMaterials/Substrate/GLints/dict_16_192_64_0p5_0p02_0022_0002" 6219
"/Engine/EngineMaterials/Substrate/GLints/dict_16_192_64_0p5_0p02_0022_0001" 6220
"/Engine/EngineMaterials/Substrate/GLints/dict_16_192_64_0p5_0p02_0022_0000" 6221
"/Engine/EngineMaterials/Substrate/GLints/dict_16_192_64_0p5_0p02_0021_0015" 6222
"/Engine/EngineMaterials/Substrate/GLints/dict_16_192_64_0p5_0p02_0021_0014" 6223
"../../../Engine/Content/EngineMaterials/Substrate/GLints/dict_16_192_64_0p5_0p02_0023_0014.uasset" 6224
"../../../Engine/Content/EngineMaterials/Substrate/GLints/dict_16_192_64_0p5_0p02_0023_0015.uasset" 6225
"../../../Engine/Content/EngineMaterials/Substrate/GLints/dict_16_192_64_0p5_0p02_0024_0000.uasset" 6226
"../../../Engine/Content/EngineMaterials/Substrate/GLints/dict_16_192_64_0p5_0p02_0024_0001.uasset" 6227
"../../../Engine/Content/EngineMaterials/Substrate/GLints/dict_16_192_64_0p5_0p02_0024_0002.uasset" 6228
"../../../Engine/Content/EngineMaterials/Substrate/GLints/dict_16_192_64_0p5_0p02_0024_0003.uasset" 6229
"../../../Engine/Content/EngineMaterials/Substrate/GLints/dict_16_192_64_0p5_0p02_0024_0007.uasset" 6230
"../../../Engine/Content/EngineMaterials/Substrate/GLints/dict_16_192_64_0p5_0p02_0024_0005.uasset" 6231
"../../../Engine/Content/EngineMaterials/Substrate/GLints/dict_16_192_64_0p5_0p02_0024_0006.uasset" 6232
"../../../Engine/Content/EngineMaterials/Substrate/GLints/dict_16_192_64_0p5_0p02_0024_0004.uasset" 6233
"../../../Engine/Content/EngineMaterials/Substrate/GLints/dict_16_192_64_0p5_0p02_0024_0008.uasset" 6234
"../../../Engine/Content/EngineMaterials/Substrate/GLints/dict_16_192_64_0p5_0p02_0024_0009.uasset" 6235
"../../../Engine/Content/EngineMaterials/Substrate/GLints/dict_16_192_64_0p5_0p02_0024_0011.uasset" 6236
"../../../Engine/Content/EngineMaterials/Substrate/GLints/dict_16_192_64_0p5_0p02_0024_0010.uasset" 6237
"../../../Engine/Content/EngineMaterials/Substrate/GLints/dict_16_192_64_0p5_0p02_0024_0012.uasset" 6238
"../../../Engine/Content/EngineMaterials/Substrate/GLints/dict_16_192_64_0p5_0p02_0024_0013.uasset" 6239
"../../../Engine/Content/EngineMaterials/Substrate/GLints/dict_16_192_64_0p5_0p02_0024_0014.uasset" 6240
"../../../Engine/Content/EngineMaterials/Substrate/GLints/dict_16_192_64_0p5_0p02_0024_0015.uasset" 6241
"../../../Engine/Content/EngineMaterials/Substrate/GLints/dict_16_192_64_0p5_0p02_0025_0002.uasset" 6242
"../../../Engine/Content/EngineMaterials/Substrate/GLints/dict_16_192_64_0p5_0p02_0025_0001.uasset" 6243
"../../../Engine/Content/EngineMaterials/Substrate/GLints/dict_16_192_64_0p5_0p02_0025_0004.uasset" 6244
"../../../Engine/Content/EngineMaterials/Substrate/GLints/dict_16_192_64_0p5_0p02_0025_0003.uasset" 6245
"../../../Engine/Content/EngineMaterials/Substrate/GLints/dict_16_192_64_0p5_0p02_0025_0000.uasset" 6246
"../../../Engine/Content/EngineMaterials/Substrate/GLints/dict_16_192_64_0p5_0p02_0025_0005.uasset" 6247
"../../../Engine/Content/EngineMaterials/Substrate/GLints/dict_16_192_64_0p5_0p02_0025_0008.uasset" 6248
"../../../Engine/Content/EngineMaterials/Substrate/GLints/dict_16_192_64_0p5_0p02_0025_0010.uasset" 6249
"../../../Engine/Content/EngineMaterials/Substrate/GLints/dict_16_192_64_0p5_0p02_0025_0009.uasset" 6250
"../../../Engine/Content/EngineMaterials/Substrate/GLints/dict_16_192_64_0p5_0p02_0025_0007.uasset" 6251
"../../../Engine/Content/EngineMaterials/Substrate/GLints/dict_16_192_64_0p5_0p02_0025_0006.uasset" 6252
"../../../Engine/Content/EngineMaterials/Substrate/GLints/dict_16_192_64_0p5_0p02_0025_0011.uasset" 6253
"../../../Engine/Content/EngineMaterials/Substrate/GLints/dict_16_192_64_0p5_0p02_0025_0012.uasset" 6254
"../../../Engine/Content/EngineMaterials/Substrate/GLints/dict_16_192_64_0p5_0p02_0025_0013.uasset" 6255
"/Engine/EngineMaterials/Substrate/GLints/dict_16_192_64_0p5_0p02_0025_0013" 6256
"/Engine/EngineMaterials/Substrate/GLints/dict_16_192_64_0p5_0p02_0025_0012" 6257
"/Engine/EngineMaterials/Substrate/GLints/dict_16_192_64_0p5_0p02_0025_0011" 6258
"/Engine/EngineMaterials/Substrate/GLints/dict_16_192_64_0p5_0p02_0025_0010" 6259
"/Engine/EngineMaterials/Substrate/GLints/dict_16_192_64_0p5_0p02_0025_0009" 6260
"/Engine/EngineMaterials/Substrate/GLints/dict_16_192_64_0p5_0p02_0025_0008" 6261
"/Engine/EngineMaterials/Substrate/GLints/dict_16_192_64_0p5_0p02_0025_0007" 6262
"/Engine/EngineMaterials/Substrate/GLints/dict_16_192_64_0p5_0p02_0025_0006" 6263
"/Engine/EngineMaterials/Substrate/GLints/dict_16_192_64_0p5_0p02_0025_0005" 6264
"/Engine/EngineMaterials/Substrate/GLints/dict_16_192_64_0p5_0p02_0025_0004" 6265
"/Engine/EngineMaterials/Substrate/GLints/dict_16_192_64_0p5_0p02_0025_0003" 6266
"/Engine/EngineMaterials/Substrate/GLints/dict_16_192_64_0p5_0p02_0025_0002" 6267
"/Engine/EngineMaterials/Substrate/GLints/dict_16_192_64_0p5_0p02_0025_0001" 6268
"/Engine/EngineMaterials/Substrate/GLints/dict_16_192_64_0p5_0p02_0025_0000" 6269
"/Engine/EngineMaterials/Substrate/GLints/dict_16_192_64_0p5_0p02_0024_0015" 6270
"/Engine/EngineMaterials/Substrate/GLints/dict_16_192_64_0p5_0p02_0024_0014" 6271
"/Engine/EngineMaterials/Substrate/GLints/dict_16_192_64_0p5_0p02_0024_0013" 6272
"/Engine/EngineMaterials/Substrate/GLints/dict_16_192_64_0p5_0p02_0024_0012" 6273
"/Engine/EngineMaterials/Substrate/GLints/dict_16_192_64_0p5_0p02_0024_0011" 6274
"/Engine/EngineMaterials/Substrate/GLints/dict_16_192_64_0p5_0p02_0024_0010" 6275
"/Engine/EngineMaterials/Substrate/GLints/dict_16_192_64_0p5_0p02_0024_0009" 6276
"/Engine/EngineMaterials/Substrate/GLints/dict_16_192_64_0p5_0p02_0024_0008" 6277
"/Engine/EngineMaterials/Substrate/GLints/dict_16_192_64_0p5_0p02_0024_0007" 6278
"/Engine/EngineMaterials/Substrate/GLints/dict_16_192_64_0p5_0p02_0024_0006" 6279
"/Engine/EngineMaterials/Substrate/GLints/dict_16_192_64_0p5_0p02_0024_0005" 6280
"/Engine/EngineMaterials/Substrate/GLints/dict_16_192_64_0p5_0p02_0024_0004" 6281
"/Engine/EngineMaterials/Substrate/GLints/dict_16_192_64_0p5_0p02_0024_0003" 6282
"/Engine/EngineMaterials/Substrate/GLints/dict_16_192_64_0p5_0p02_0024_0002" 6283
"/Engine/EngineMaterials/Substrate/GLints/dict_16_192_64_0p5_0p02_0024_0001" 6284
"/Engine/EngineMaterials/Substrate/GLints/dict_16_192_64_0p5_0p02_0024_0000" 6285
"/Engine/EngineMaterials/Substrate/GLints/dict_16_192_64_0p5_0p02_0023_0015" 6286
"/Engine/EngineMaterials/Substrate/GLints/dict_16_192_64_0p5_0p02_0023_0014" 6287
"../../../Engine/Content/EngineMaterials/Substrate/GLints/dict_16_192_64_0p5_0p02_0026_0005.uasset" 6288
"../../../Engine/Content/EngineMaterials/Substrate/GLints/dict_16_192_64_0p5_0p02_0026_0002.uasset" 6289
"../../../Engine/Content/EngineMaterials/Substrate/GLints/dict_16_192_64_0p5_0p02_0025_0014.uasset" 6290
"../../../Engine/Content/EngineMaterials/Substrate/GLints/dict_16_192_64_0p5_0p02_0026_0004.uasset" 6291
"../../../Engine/Content/EngineMaterials/Substrate/GLints/dict_16_192_64_0p5_0p02_0026_0000.uasset" 6292
"../../../Engine/Content/EngineMaterials/Substrate/GLints/dict_16_192_64_0p5_0p02_0025_0015.uasset" 6293
"../../../Engine/Content/EngineMaterials/Substrate/GLints/dict_16_192_64_0p5_0p02_0026_0003.uasset" 6294
"../../../Engine/Content/EngineMaterials/Substrate/GLints/dict_16_192_64_0p5_0p02_0026_0001.uasset" 6295
"../../../Engine/Content/EngineMaterials/Substrate/GLints/dict_16_192_64_0p5_0p02_0026_0006.uasset" 6296
"../../../Engine/Content/EngineMaterials/Substrate/GLints/dict_16_192_64_0p5_0p02_0026_0007.uasset" 6297
"../../../Engine/Content/EngineMaterials/Substrate/GLints/dict_16_192_64_0p5_0p02_0026_0009.uasset" 6298
"../../../Engine/Content/EngineMaterials/Substrate/GLints/dict_16_192_64_0p5_0p02_0026_0008.uasset" 6299
"../../../Engine/Content/EngineMaterials/Substrate/GLints/dict_16_192_64_0p5_0p02_0026_0013.uasset" 6300
"../../../Engine/Content/EngineMaterials/Substrate/GLints/dict_16_192_64_0p5_0p02_0026_0012.uasset" 6301
"../../../Engine/Content/EngineMaterials/Substrate/GLints/dict_16_192_64_0p5_0p02_0026_0010.uasset" 6302
"../../../Engine/Content/EngineMaterials/Substrate/GLints/dict_16_192_64_0p5_0p02_0026_0014.uasset" 6303
"../../../Engine/Content/EngineMaterials/Substrate/GLints/dict_16_192_64_0p5_0p02_0026_0011.uasset" 6304
"../../../Engine/Content/EngineMaterials/Substrate/GLints/dict_16_192_64_0p5_0p02_0026_0015.uasset" 6305
"../../../Engine/Content/EngineMaterials/Substrate/GLints/dict_16_192_64_0p5_0p02_0027_0001.uasset" 6306
"../../../Engine/Content/EngineMaterials/Substrate/GLints/dict_16_192_64_0p5_0p02_0027_0002.uasset" 6307
"../../../Engine/Content/EngineMaterials/Substrate/GLints/dict_16_192_64_0p5_0p02_0027_0000.uasset" 6308
"../../../Engine/Content/EngineMaterials/Substrate/GLints/dict_16_192_64_0p5_0p02_0027_0003.uasset" 6309
"../../../Engine/Content/EngineMaterials/Substrate/GLints/dict_16_192_64_0p5_0p02_0027_0005.uasset" 6310
"../../../Engine/Content/EngineMaterials/Substrate/GLints/dict_16_192_64_0p5_0p02_0027_0004.uasset" 6311
"../../../Engine/Content/EngineMaterials/Substrate/GLints/dict_16_192_64_0p5_0p02_0027_0006.uasset" 6312
"../../../Engine/Content/EngineMaterials/Substrate/GLints/dict_16_192_64_0p5_0p02_0027_0008.uasset" 6313
"../../../Engine/Content/EngineMaterials/Substrate/GLints/dict_16_192_64_0p5_0p02_0027_0007.uasset" 6314
"../../../Engine/Content/EngineMaterials/Substrate/GLints/dict_16_192_64_0p5_0p02_0027_0009.uasset" 6315
"../../../Engine/Content/EngineMaterials/Substrate/GLints/dict_16_192_64_0p5_0p02_0027_0010.uasset" 6316
"../../../Engine/Content/EngineMaterials/Substrate/GLints/dict_16_192_64_0p5_0p02_0027_0011.uasset" 6317
"../../../Engine/Content/EngineMaterials/Substrate/GLints/dict_16_192_64_0p5_0p02_0027_0012.uasset" 6318
"../../../Engine/Content/EngineMaterials/Substrate/GLints/dict_16_192_64_0p5_0p02_0027_0013.uasset" 6319
"/Engine/EngineMaterials/Substrate/GLints/dict_16_192_64_0p5_0p02_0027_0013" 6320
"/Engine/EngineMaterials/Substrate/GLints/dict_16_192_64_0p5_0p02_0027_0012" 6321
"/Engine/EngineMaterials/Substrate/GLints/dict_16_192_64_0p5_0p02_0027_0011" 6322
"/Engine/EngineMaterials/Substrate/GLints/dict_16_192_64_0p5_0p02_0027_0010" 6323
"/Engine/EngineMaterials/Substrate/GLints/dict_16_192_64_0p5_0p02_0027_0009" 6324
"/Engine/EngineMaterials/Substrate/GLints/dict_16_192_64_0p5_0p02_0027_0008" 6325
"/Engine/EngineMaterials/Substrate/GLints/dict_16_192_64_0p5_0p02_0027_0007" 6326
"/Engine/EngineMaterials/Substrate/GLints/dict_16_192_64_0p5_0p02_0027_0006" 6327
"/Engine/EngineMaterials/Substrate/GLints/dict_16_192_64_0p5_0p02_0027_0005" 6328
"/Engine/EngineMaterials/Substrate/GLints/dict_16_192_64_0p5_0p02_0027_0004" 6329
"/Engine/EngineMaterials/Substrate/GLints/dict_16_192_64_0p5_0p02_0027_0003" 6330
"/Engine/EngineMaterials/Substrate/GLints/dict_16_192_64_0p5_0p02_0027_0002" 6331
"/Engine/EngineMaterials/Substrate/GLints/dict_16_192_64_0p5_0p02_0027_0001" 6332
"/Engine/EngineMaterials/Substrate/GLints/dict_16_192_64_0p5_0p02_0027_0000" 6333
"/Engine/EngineMaterials/Substrate/GLints/dict_16_192_64_0p5_0p02_0026_0015" 6334
"/Engine/EngineMaterials/Substrate/GLints/dict_16_192_64_0p5_0p02_0026_0014" 6335
"/Engine/EngineMaterials/Substrate/GLints/dict_16_192_64_0p5_0p02_0026_0013" 6336
"/Engine/EngineMaterials/Substrate/GLints/dict_16_192_64_0p5_0p02_0026_0012" 6337
"/Engine/EngineMaterials/Substrate/GLints/dict_16_192_64_0p5_0p02_0026_0011" 6338
"/Engine/EngineMaterials/Substrate/GLints/dict_16_192_64_0p5_0p02_0026_0010" 6339
"/Engine/EngineMaterials/Substrate/GLints/dict_16_192_64_0p5_0p02_0026_0009" 6340
"/Engine/EngineMaterials/Substrate/GLints/dict_16_192_64_0p5_0p02_0026_0008" 6341
"/Engine/EngineMaterials/Substrate/GLints/dict_16_192_64_0p5_0p02_0026_0007" 6342
"/Engine/EngineMaterials/Substrate/GLints/dict_16_192_64_0p5_0p02_0026_0006" 6343
"/Engine/EngineMaterials/Substrate/GLints/dict_16_192_64_0p5_0p02_0026_0005" 6344
"/Engine/EngineMaterials/Substrate/GLints/dict_16_192_64_0p5_0p02_0026_0004" 6345
"/Engine/EngineMaterials/Substrate/GLints/dict_16_192_64_0p5_0p02_0026_0003" 6346
"/Engine/EngineMaterials/Substrate/GLints/dict_16_192_64_0p5_0p02_0026_0002" 6347
"/Engine/EngineMaterials/Substrate/GLints/dict_16_192_64_0p5_0p02_0026_0001" 6348
"/Engine/EngineMaterials/Substrate/GLints/dict_16_192_64_0p5_0p02_0026_0000" 6349
"/Engine/EngineMaterials/Substrate/GLints/dict_16_192_64_0p5_0p02_0025_0015" 6350
"/Engine/EngineMaterials/Substrate/GLints/dict_16_192_64_0p5_0p02_0025_0014" 6351
"../../../Engine/Content/EngineMaterials/Substrate/GLints/dict_16_192_64_0p5_0p02_0028_0001.uasset" 6352
"../../../Engine/Content/EngineMaterials/Substrate/GLints/dict_16_192_64_0p5_0p02_0028_0005.uasset" 6353
"../../../Engine/Content/EngineMaterials/Substrate/GLints/dict_16_192_64_0p5_0p02_0028_0000.uasset" 6354
"../../../Engine/Content/EngineMaterials/Substrate/GLints/dict_16_192_64_0p5_0p02_0028_0002.uasset" 6355
"../../../Engine/Content/EngineMaterials/Substrate/GLints/dict_16_192_64_0p5_0p02_0028_0004.uasset" 6356
"../../../Engine/Content/EngineMaterials/Substrate/GLints/dict_16_192_64_0p5_0p02_0027_0014.uasset" 6357
"../../../Engine/Content/EngineMaterials/Substrate/GLints/dict_16_192_64_0p5_0p02_0027_0015.uasset" 6358
"../../../Engine/Content/EngineMaterials/Substrate/GLints/dict_16_192_64_0p5_0p02_0028_0003.uasset" 6359
"../../../Engine/Content/EngineMaterials/Substrate/GLints/dict_16_192_64_0p5_0p02_0028_0006.uasset" 6360
"../../../Engine/Content/EngineMaterials/Substrate/GLints/dict_16_192_64_0p5_0p02_0028_0007.uasset" 6361
"../../../Engine/Content/EngineMaterials/Substrate/GLints/dict_16_192_64_0p5_0p02_0028_0008.uasset" 6362
"../../../Engine/Content/EngineMaterials/Substrate/GLints/dict_16_192_64_0p5_0p02_0028_0010.uasset" 6363
"../../../Engine/Content/EngineMaterials/Substrate/GLints/dict_16_192_64_0p5_0p02_0028_0013.uasset" 6364
"../../../Engine/Content/EngineMaterials/Substrate/GLints/dict_16_192_64_0p5_0p02_0028_0012.uasset" 6365
"../../../Engine/Content/EngineMaterials/Substrate/GLints/dict_16_192_64_0p5_0p02_0028_0011.uasset" 6366
"../../../Engine/Content/EngineMaterials/Substrate/GLints/dict_16_192_64_0p5_0p02_0028_0009.uasset" 6367
"../../../Engine/Content/EngineMaterials/Substrate/GLints/dict_16_192_64_0p5_0p02_0028_0014.uasset" 6368
"../../../Engine/Content/EngineMaterials/Substrate/GLints/dict_16_192_64_0p5_0p02_0029_0000.uasset" 6369
"../../../Engine/Content/EngineMaterials/Substrate/GLints/dict_16_192_64_0p5_0p02_0028_0015.uasset" 6370
"../../../Engine/Content/EngineMaterials/Substrate/GLints/dict_16_192_64_0p5_0p02_0029_0001.uasset" 6371
"../../../Engine/Content/EngineMaterials/Substrate/GLints/dict_16_192_64_0p5_0p02_0029_0003.uasset" 6372
"../../../Engine/Content/EngineMaterials/Substrate/GLints/dict_16_192_64_0p5_0p02_0029_0002.uasset" 6373
"../../../Engine/Content/EngineMaterials/Substrate/GLints/dict_16_192_64_0p5_0p02_0029_0004.uasset" 6374
"../../../Engine/Content/EngineMaterials/Substrate/GLints/dict_16_192_64_0p5_0p02_0029_0005.uasset" 6375
"../../../Engine/Content/EngineMaterials/Substrate/GLints/dict_16_192_64_0p5_0p02_0029_0006.uasset" 6376
"../../../Engine/Content/EngineMaterials/Substrate/GLints/dict_16_192_64_0p5_0p02_0029_0007.uasset" 6377
"../../../Engine/Content/EngineMaterials/Substrate/GLints/dict_16_192_64_0p5_0p02_0029_0009.uasset" 6378
"../../../Engine/Content/EngineMaterials/Substrate/GLints/dict_16_192_64_0p5_0p02_0029_0008.uasset" 6379
"../../../Engine/Content/EngineMaterials/Substrate/GLints/dict_16_192_64_0p5_0p02_0029_0011.uasset" 6380
"../../../Engine/Content/EngineMaterials/Substrate/GLints/dict_16_192_64_0p5_0p02_0029_0010.uasset" 6381
"../../../Engine/Content/EngineMaterials/Substrate/GLints/dict_16_192_64_0p5_0p02_0029_0012.uasset" 6382
"../../../Engine/Content/EngineMaterials/Substrate/GLints/dict_16_192_64_0p5_0p02_0029_0013.uasset" 6383
"/Engine/EngineMaterials/Substrate/GLints/dict_16_192_64_0p5_0p02_0029_0013" 6384
"/Engine/EngineMaterials/Substrate/GLints/dict_16_192_64_0p5_0p02_0029_0012" 6385
"/Engine/EngineMaterials/Substrate/GLints/dict_16_192_64_0p5_0p02_0029_0011" 6386
"/Engine/EngineMaterials/Substrate/GLints/dict_16_192_64_0p5_0p02_0029_0010" 6387
"/Engine/EngineMaterials/Substrate/GLints/dict_16_192_64_0p5_0p02_0029_0009" 6388
"/Engine/EngineMaterials/Substrate/GLints/dict_16_192_64_0p5_0p02_0029_0008" 6389
"/Engine/EngineMaterials/Substrate/GLints/dict_16_192_64_0p5_0p02_0029_0007" 6390
"/Engine/EngineMaterials/Substrate/GLints/dict_16_192_64_0p5_0p02_0029_0006" 6391
"/Engine/EngineMaterials/Substrate/GLints/dict_16_192_64_0p5_0p02_0029_0005" 6392
"/Engine/EngineMaterials/Substrate/GLints/dict_16_192_64_0p5_0p02_0029_0004" 6393
"/Engine/EngineMaterials/Substrate/GLints/dict_16_192_64_0p5_0p02_0029_0003" 6394
"/Engine/EngineMaterials/Substrate/GLints/dict_16_192_64_0p5_0p02_0029_0002" 6395
"/Engine/EngineMaterials/Substrate/GLints/dict_16_192_64_0p5_0p02_0029_0001" 6396
"/Engine/EngineMaterials/Substrate/GLints/dict_16_192_64_0p5_0p02_0029_0000" 6397
"/Engine/EngineMaterials/Substrate/GLints/dict_16_192_64_0p5_0p02_0028_0015" 6398
"/Engine/EngineMaterials/Substrate/GLints/dict_16_192_64_0p5_0p02_0028_0014" 6399
"/Engine/EngineMaterials/Substrate/GLints/dict_16_192_64_0p5_0p02_0028_0013" 6400
"/Engine/EngineMaterials/Substrate/GLints/dict_16_192_64_0p5_0p02_0028_0012" 6401
"/Engine/EngineMaterials/Substrate/GLints/dict_16_192_64_0p5_0p02_0028_0011" 6402
"/Engine/EngineMaterials/Substrate/GLints/dict_16_192_64_0p5_0p02_0028_0010" 6403
"/Engine/EngineMaterials/Substrate/GLints/dict_16_192_64_0p5_0p02_0028_0009" 6404
"/Engine/EngineMaterials/Substrate/GLints/dict_16_192_64_0p5_0p02_0028_0008" 6405
"/Engine/EngineMaterials/Substrate/GLints/dict_16_192_64_0p5_0p02_0028_0007" 6406
"/Engine/EngineMaterials/Substrate/GLints/dict_16_192_64_0p5_0p02_0028_0006" 6407
"/Engine/EngineMaterials/Substrate/GLints/dict_16_192_64_0p5_0p02_0028_0005" 6408
"/Engine/EngineMaterials/Substrate/GLints/dict_16_192_64_0p5_0p02_0028_0004" 6409
"/Engine/EngineMaterials/Substrate/GLints/dict_16_192_64_0p5_0p02_0028_0003" 6410
"/Engine/EngineMaterials/Substrate/GLints/dict_16_192_64_0p5_0p02_0028_0002" 6411
"/Engine/EngineMaterials/Substrate/GLints/dict_16_192_64_0p5_0p02_0028_0001" 6412
"/Engine/EngineMaterials/Substrate/GLints/dict_16_192_64_0p5_0p02_0028_0000" 6413
"/Engine/EngineMaterials/Substrate/GLints/dict_16_192_64_0p5_0p02_0027_0015" 6414
"/Engine/EngineMaterials/Substrate/GLints/dict_16_192_64_0p5_0p02_0027_0014" 6415
"../../../Engine/Content/EngineMaterials/Substrate/GLints/dict_16_192_64_0p5_0p02_0030_0000.uasset" 6416
"../../../Engine/Content/EngineMaterials/Substrate/GLints/dict_16_192_64_0p5_0p02_0030_0006.uasset" 6417
"../../../Engine/Content/EngineMaterials/Substrate/GLints/dict_16_192_64_0p5_0p02_0030_0005.uasset" 6418
"../../../Engine/Content/EngineMaterials/Substrate/GLints/dict_16_192_64_0p5_0p02_0030_0003.uasset" 6419
"../../../Engine/Content/EngineMaterials/Substrate/GLints/dict_16_192_64_0p5_0p02_0030_0001.uasset" 6420
"../../../Engine/Content/EngineMaterials/Substrate/GLints/dict_16_192_64_0p5_0p02_0030_0002.uasset" 6421
"../../../Engine/Content/EngineMaterials/Substrate/GLints/dict_16_192_64_0p5_0p02_0029_0014.uasset" 6422
"../../../Engine/Content/EngineMaterials/Substrate/GLints/dict_16_192_64_0p5_0p02_0029_0015.uasset" 6423
"../../../Engine/Content/EngineMaterials/Substrate/GLints/dict_16_192_64_0p5_0p02_0030_0004.uasset" 6424
"../../../Engine/Content/EngineMaterials/Substrate/GLints/dict_16_192_64_0p5_0p02_0030_0007.uasset" 6425
"../../../Engine/Content/EngineMaterials/Substrate/GLints/dict_16_192_64_0p5_0p02_0030_0009.uasset" 6426
"../../../Engine/Content/EngineMaterials/Substrate/GLints/dict_16_192_64_0p5_0p02_0030_0008.uasset" 6427
"../../../Engine/Content/EngineMaterials/Substrate/GLints/dict_16_192_64_0p5_0p02_0030_0010.uasset" 6428
"../../../Engine/Content/EngineMaterials/Substrate/GLints/dict_16_192_64_0p5_0p02_0030_0011.uasset" 6429
"../../../Engine/Content/EngineMaterials/Substrate/GLints/dict_16_192_64_0p5_0p02_0030_0012.uasset" 6430
"../../../Engine/Content/EngineMaterials/Substrate/GLints/dict_16_192_64_0p5_0p02_0030_0014.uasset" 6431
"../../../Engine/Content/EngineMaterials/Substrate/GLints/dict_16_192_64_0p5_0p02_0030_0013.uasset" 6432
"../../../Engine/Content/EngineMaterials/Substrate/GLints/dict_16_192_64_0p5_0p02_0031_0002.uasset" 6433
"../../../Engine/Content/EngineMaterials/Substrate/GLints/dict_16_192_64_0p5_0p02_0030_0015.uasset" 6434
"../../../Engine/Content/EngineMaterials/Substrate/GLints/dict_16_192_64_0p5_0p02_0031_0001.uasset" 6435
"../../../Engine/Content/EngineMaterials/Substrate/GLints/dict_16_192_64_0p5_0p02_0031_0000.uasset" 6436
"../../../Engine/Content/EngineMaterials/Substrate/GLints/dict_16_192_64_0p5_0p02_0031_0003.uasset" 6437
"../../../Engine/Content/EngineMaterials/Substrate/GLints/dict_16_192_64_0p5_0p02_0031_0006.uasset" 6438
"../../../Engine/Content/EngineMaterials/Substrate/GLints/dict_16_192_64_0p5_0p02_0031_0004.uasset" 6439
"../../../Engine/Content/EngineMaterials/Substrate/GLints/dict_16_192_64_0p5_0p02_0031_0005.uasset" 6440
"../../../Engine/Content/EngineMaterials/Substrate/GLints/dict_16_192_64_0p5_0p02_0031_0007.uasset" 6441
"../../../Engine/Content/EngineMaterials/Substrate/GLints/dict_16_192_64_0p5_0p02_0031_0010.uasset" 6442
"../../../Engine/Content/EngineMaterials/Substrate/GLints/dict_16_192_64_0p5_0p02_0031_0009.uasset" 6443
"../../../Engine/Content/EngineMaterials/Substrate/GLints/dict_16_192_64_0p5_0p02_0031_0012.uasset" 6444
"../../../Engine/Content/EngineMaterials/Substrate/GLints/dict_16_192_64_0p5_0p02_0031_0008.uasset" 6445
"../../../Engine/Content/EngineMaterials/Substrate/GLints/dict_16_192_64_0p5_0p02_0031_0013.uasset" 6446
"../../../Engine/Content/EngineMaterials/Substrate/GLints/dict_16_192_64_0p5_0p02_0031_0011.uasset" 6447
"/Engine/EngineMaterials/Substrate/GLints/dict_16_192_64_0p5_0p02_0031_0013" 6448
"/Engine/EngineMaterials/Substrate/GLints/dict_16_192_64_0p5_0p02_0031_0012" 6449
"/Engine/EngineMaterials/Substrate/GLints/dict_16_192_64_0p5_0p02_0031_0011" 6450
"/Engine/EngineMaterials/Substrate/GLints/dict_16_192_64_0p5_0p02_0031_0010" 6451
"/Engine/EngineMaterials/Substrate/GLints/dict_16_192_64_0p5_0p02_0031_0009" 6452
"/Engine/EngineMaterials/Substrate/GLints/dict_16_192_64_0p5_0p02_0031_0008" 6453
"/Engine/EngineMaterials/Substrate/GLints/dict_16_192_64_0p5_0p02_0031_0007" 6454
"/Engine/EngineMaterials/Substrate/GLints/dict_16_192_64_0p5_0p02_0031_0006" 6455
"/Engine/EngineMaterials/Substrate/GLints/dict_16_192_64_0p5_0p02_0031_0005" 6456
"/Engine/EngineMaterials/Substrate/GLints/dict_16_192_64_0p5_0p02_0031_0004" 6457
"/Engine/EngineMaterials/Substrate/GLints/dict_16_192_64_0p5_0p02_0031_0003" 6458
"/Engine/EngineMaterials/Substrate/GLints/dict_16_192_64_0p5_0p02_0031_0002" 6459
"/Engine/EngineMaterials/Substrate/GLints/dict_16_192_64_0p5_0p02_0031_0001" 6460
"/Engine/EngineMaterials/Substrate/GLints/dict_16_192_64_0p5_0p02_0031_0000" 6461
"/Engine/EngineMaterials/Substrate/GLints/dict_16_192_64_0p5_0p02_0030_0015" 6462
"/Engine/EngineMaterials/Substrate/GLints/dict_16_192_64_0p5_0p02_0030_0014" 6463
"/Engine/EngineMaterials/Substrate/GLints/dict_16_192_64_0p5_0p02_0030_0013" 6464
"/Engine/EngineMaterials/Substrate/GLints/dict_16_192_64_0p5_0p02_0030_0012" 6465
"/Engine/EngineMaterials/Substrate/GLints/dict_16_192_64_0p5_0p02_0030_0011" 6466
"/Engine/EngineMaterials/Substrate/GLints/dict_16_192_64_0p5_0p02_0030_0010" 6467
"/Engine/EngineMaterials/Substrate/GLints/dict_16_192_64_0p5_0p02_0030_0009" 6468
"/Engine/EngineMaterials/Substrate/GLints/dict_16_192_64_0p5_0p02_0030_0008" 6469
"/Engine/EngineMaterials/Substrate/GLints/dict_16_192_64_0p5_0p02_0030_0007" 6470
"/Engine/EngineMaterials/Substrate/GLints/dict_16_192_64_0p5_0p02_0030_0006" 6471
"/Engine/EngineMaterials/Substrate/GLints/dict_16_192_64_0p5_0p02_0030_0005" 6472
"/Engine/EngineMaterials/Substrate/GLints/dict_16_192_64_0p5_0p02_0030_0004" 6473
"/Engine/EngineMaterials/Substrate/GLints/dict_16_192_64_0p5_0p02_0030_0003" 6474
"/Engine/EngineMaterials/Substrate/GLints/dict_16_192_64_0p5_0p02_0030_0002" 6475
"/Engine/EngineMaterials/Substrate/GLints/dict_16_192_64_0p5_0p02_0030_0001" 6476
"/Engine/EngineMaterials/Substrate/GLints/dict_16_192_64_0p5_0p02_0030_0000" 6477
"/Engine/EngineMaterials/Substrate/GLints/dict_16_192_64_0p5_0p02_0029_0015" 6478
"/Engine/EngineMaterials/Substrate/GLints/dict_16_192_64_0p5_0p02_0029_0014" 6479
"../../../Engine/Content/EngineMaterials/Substrate/GLints/dict_16_192_64_0p5_0p02_0031_0015.uasset" 6480
"../../../Engine/Content/EngineMaterials/Substrate/GLints/dict_16_192_64_0p5_0p02_0032_0004.uasset" 6481
"../../../Engine/Content/EngineMaterials/Substrate/GLints/dict_16_192_64_0p5_0p02_0032_0002.uasset" 6482
"../../../Engine/Content/EngineMaterials/Substrate/GLints/dict_16_192_64_0p5_0p02_0032_0000.uasset" 6483
"../../../Engine/Content/EngineMaterials/Substrate/GLints/dict_16_192_64_0p5_0p02_0032_0001.uasset" 6484
"../../../Engine/Content/EngineMaterials/Substrate/GLints/dict_16_192_64_0p5_0p02_0031_0014.uasset" 6485
"../../../Engine/Content/EngineMaterials/Substrate/GLints/dict_16_192_64_0p5_0p02_0032_0005.uasset" 6486
"../../../Engine/Content/EngineMaterials/Substrate/GLints/dict_16_192_64_0p5_0p02_0032_0003.uasset" 6487
"../../../Engine/Content/EngineMaterials/Substrate/GLints/dict_16_192_64_0p5_0p02_0032_0006.uasset" 6488
"../../../Engine/Content/EngineMaterials/Substrate/GLints/dict_16_192_64_0p5_0p02_0032_0007.uasset" 6489
"../../../Engine/Content/EngineMaterials/Substrate/GLints/dict_16_192_64_0p5_0p02_0032_0011.uasset" 6490
"../../../Engine/Content/EngineMaterials/Substrate/GLints/dict_16_192_64_0p5_0p02_0032_0008.uasset" 6491
"../../../Engine/Content/EngineMaterials/Substrate/GLints/dict_16_192_64_0p5_0p02_0032_0009.uasset" 6492
"../../../Engine/Content/EngineMaterials/Substrate/GLints/dict_16_192_64_0p5_0p02_0032_0012.uasset" 6493
"../../../Engine/Content/EngineMaterials/Substrate/GLints/dict_16_192_64_0p5_0p02_0032_0010.uasset" 6494
"../../../Engine/Content/EngineMaterials/Substrate/GLints/dict_16_192_64_0p5_0p02_0032_0013.uasset" 6495
"../../../Engine/Content/EngineMaterials/Substrate/GLints/dict_16_192_64_0p5_0p02_0032_0014.uasset" 6496
"../../../Engine/Content/EngineMaterials/Substrate/GLints/dict_16_192_64_0p5_0p02_0032_0015.uasset" 6497
"../../../Engine/Content/EngineMaterials/Substrate/GLints/dict_16_192_64_0p5_0p02_0033_0004.uasset" 6498
"../../../Engine/Content/EngineMaterials/Substrate/GLints/dict_16_192_64_0p5_0p02_0033_0002.uasset" 6499
"../../../Engine/Content/EngineMaterials/Substrate/GLints/dict_16_192_64_0p5_0p02_0033_0000.uasset" 6500
"../../../Engine/Content/EngineMaterials/Substrate/GLints/dict_16_192_64_0p5_0p02_0033_0005.uasset" 6501
"../../../Engine/Content/EngineMaterials/Substrate/GLints/dict_16_192_64_0p5_0p02_0033_0001.uasset" 6502
"../../../Engine/Content/EngineMaterials/Substrate/GLints/dict_16_192_64_0p5_0p02_0033_0003.uasset" 6503
"../../../Engine/Content/EngineMaterials/Substrate/GLints/dict_16_192_64_0p5_0p02_0033_0006.uasset" 6504
"../../../Engine/Content/EngineMaterials/Substrate/GLints/dict_16_192_64_0p5_0p02_0033_0007.uasset" 6505
"../../../Engine/Content/EngineMaterials/Substrate/GLints/dict_16_192_64_0p5_0p02_0033_0008.uasset" 6506
"../../../Engine/Content/EngineMaterials/Substrate/GLints/dict_16_192_64_0p5_0p02_0033_0009.uasset" 6507
"../../../Engine/Content/EngineMaterials/Substrate/GLints/dict_16_192_64_0p5_0p02_0033_0013.uasset" 6508
"../../../Engine/Content/EngineMaterials/Substrate/GLints/dict_16_192_64_0p5_0p02_0033_0010.uasset" 6509
"../../../Engine/Content/EngineMaterials/Substrate/GLints/dict_16_192_64_0p5_0p02_0033_0012.uasset" 6510
"../../../Engine/Content/EngineMaterials/Substrate/GLints/dict_16_192_64_0p5_0p02_0033_0011.uasset" 6511
"/Engine/EngineMaterials/Substrate/GLints/dict_16_192_64_0p5_0p02_0033_0013" 6512
"/Engine/EngineMaterials/Substrate/GLints/dict_16_192_64_0p5_0p02_0033_0012" 6513
"/Engine/EngineMaterials/Substrate/GLints/dict_16_192_64_0p5_0p02_0033_0011" 6514
"/Engine/EngineMaterials/Substrate/GLints/dict_16_192_64_0p5_0p02_0033_0010" 6515
"/Engine/EngineMaterials/Substrate/GLints/dict_16_192_64_0p5_0p02_0033_0009" 6516
"/Engine/EngineMaterials/Substrate/GLints/dict_16_192_64_0p5_0p02_0033_0008" 6517
"/Engine/EngineMaterials/Substrate/GLints/dict_16_192_64_0p5_0p02_0033_0007" 6518
"/Engine/EngineMaterials/Substrate/GLints/dict_16_192_64_0p5_0p02_0033_0006" 6519
"/Engine/EngineMaterials/Substrate/GLints/dict_16_192_64_0p5_0p02_0033_0005" 6520
"/Engine/EngineMaterials/Substrate/GLints/dict_16_192_64_0p5_0p02_0033_0004" 6521
"/Engine/EngineMaterials/Substrate/GLints/dict_16_192_64_0p5_0p02_0033_0003" 6522
"/Engine/EngineMaterials/Substrate/GLints/dict_16_192_64_0p5_0p02_0033_0002" 6523
"/Engine/EngineMaterials/Substrate/GLints/dict_16_192_64_0p5_0p02_0033_0001" 6524
"/Engine/EngineMaterials/Substrate/GLints/dict_16_192_64_0p5_0p02_0033_0000" 6525
"/Engine/EngineMaterials/Substrate/GLints/dict_16_192_64_0p5_0p02_0032_0015" 6526
"/Engine/EngineMaterials/Substrate/GLints/dict_16_192_64_0p5_0p02_0032_0014" 6527
"/Engine/EngineMaterials/Substrate/GLints/dict_16_192_64_0p5_0p02_0032_0013" 6528
"/Engine/EngineMaterials/Substrate/GLints/dict_16_192_64_0p5_0p02_0032_0012" 6529
"/Engine/EngineMaterials/Substrate/GLints/dict_16_192_64_0p5_0p02_0032_0011" 6530
"/Engine/EngineMaterials/Substrate/GLints/dict_16_192_64_0p5_0p02_0032_0010" 6531
"/Engine/EngineMaterials/Substrate/GLints/dict_16_192_64_0p5_0p02_0032_0009" 6532
"/Engine/EngineMaterials/Substrate/GLints/dict_16_192_64_0p5_0p02_0032_0008" 6533
"/Engine/EngineMaterials/Substrate/GLints/dict_16_192_64_0p5_0p02_0032_0007" 6534
"/Engine/EngineMaterials/Substrate/GLints/dict_16_192_64_0p5_0p02_0032_0006" 6535
"/Engine/EngineMaterials/Substrate/GLints/dict_16_192_64_0p5_0p02_0032_0005" 6536
"/Engine/EngineMaterials/Substrate/GLints/dict_16_192_64_0p5_0p02_0032_0004" 6537
"/Engine/EngineMaterials/Substrate/GLints/dict_16_192_64_0p5_0p02_0032_0003" 6538
"/Engine/EngineMaterials/Substrate/GLints/dict_16_192_64_0p5_0p02_0032_0002" 6539
"/Engine/EngineMaterials/Substrate/GLints/dict_16_192_64_0p5_0p02_0032_0001" 6540
"/Engine/EngineMaterials/Substrate/GLints/dict_16_192_64_0p5_0p02_0032_0000" 6541
"/Engine/EngineMaterials/Substrate/GLints/dict_16_192_64_0p5_0p02_0031_0015" 6542
"/Engine/EngineMaterials/Substrate/GLints/dict_16_192_64_0p5_0p02_0031_0014" 6543
"../../../Engine/Content/EngineMaterials/Substrate/GLints/dict_16_192_64_0p5_0p02_0034_0004.uasset" 6544
"../../../Engine/Content/EngineMaterials/Substrate/GLints/dict_16_192_64_0p5_0p02_0034_0000.uasset" 6545
"../../../Engine/Content/EngineMaterials/Substrate/GLints/dict_16_192_64_0p5_0p02_0034_0002.uasset" 6546
"../../../Engine/Content/EngineMaterials/Substrate/GLints/dict_16_192_64_0p5_0p02_0033_0015.uasset" 6547
"../../../Engine/Content/EngineMaterials/Substrate/GLints/dict_16_192_64_0p5_0p02_0034_0003.uasset" 6548
"../../../Engine/Content/EngineMaterials/Substrate/GLints/dict_16_192_64_0p5_0p02_0034_0001.uasset" 6549
"../../../Engine/Content/EngineMaterials/Substrate/GLints/dict_16_192_64_0p5_0p02_0033_0014.uasset" 6550
"../../../Engine/Content/EngineMaterials/Substrate/GLints/dict_16_192_64_0p5_0p02_0034_0005.uasset" 6551
"../../../Engine/Content/EngineMaterials/Substrate/GLints/dict_16_192_64_0p5_0p02_0034_0006.uasset" 6552
"../../../Engine/Content/EngineMaterials/Substrate/GLints/dict_16_192_64_0p5_0p02_0034_0007.uasset" 6553
"../../../Engine/Content/EngineMaterials/Substrate/GLints/dict_16_192_64_0p5_0p02_0034_0008.uasset" 6554
"../../../Engine/Content/EngineMaterials/Substrate/GLints/dict_16_192_64_0p5_0p02_0034_0010.uasset" 6555
"../../../Engine/Content/EngineMaterials/Substrate/GLints/dict_16_192_64_0p5_0p02_0034_0011.uasset" 6556
"../../../Engine/Content/EngineMaterials/Substrate/GLints/dict_16_192_64_0p5_0p02_0034_0009.uasset" 6557
"../../../Engine/Content/EngineMaterials/Substrate/GLints/dict_16_192_64_0p5_0p02_0034_0013.uasset" 6558
"../../../Engine/Content/EngineMaterials/Substrate/GLints/dict_16_192_64_0p5_0p02_0034_0012.uasset" 6559
"../../../Engine/Content/EngineMaterials/Substrate/GLints/dict_16_192_64_0p5_0p02_0034_0015.uasset" 6560
"../../../Engine/Content/EngineMaterials/Substrate/GLints/dict_16_192_64_0p5_0p02_0034_0014.uasset" 6561
"../../../Engine/Content/EngineMaterials/Substrate/GLints/dict_16_192_64_0p5_0p02_0035_0000.uasset" 6562
"../../../Engine/Content/EngineMaterials/Substrate/GLints/dict_16_192_64_0p5_0p02_0035_0001.uasset" 6563
"../../../Engine/Content/EngineMaterials/Substrate/GLints/dict_16_192_64_0p5_0p02_0035_0002.uasset" 6564
"../../../Engine/Content/EngineMaterials/Substrate/GLints/dict_16_192_64_0p5_0p02_0035_0005.uasset" 6565
"../../../Engine/Content/EngineMaterials/Substrate/GLints/dict_16_192_64_0p5_0p02_0035_0003.uasset" 6566
"../../../Engine/Content/EngineMaterials/Substrate/GLints/dict_16_192_64_0p5_0p02_0035_0004.uasset" 6567
"../../../Engine/Content/EngineMaterials/Substrate/GLints/dict_16_192_64_0p5_0p02_0035_0010.uasset" 6568
"../../../Engine/Content/EngineMaterials/Substrate/GLints/dict_16_192_64_0p5_0p02_0035_0008.uasset" 6569
"../../../Engine/Content/EngineMaterials/Substrate/GLints/dict_16_192_64_0p5_0p02_0035_0006.uasset" 6570
"../../../Engine/Content/EngineMaterials/Substrate/GLints/dict_16_192_64_0p5_0p02_0035_0009.uasset" 6571
"../../../Engine/Content/EngineMaterials/Substrate/GLints/dict_16_192_64_0p5_0p02_0035_0007.uasset" 6572
"../../../Engine/Content/EngineMaterials/Substrate/GLints/dict_16_192_64_0p5_0p02_0035_0011.uasset" 6573
"../../../Engine/Content/EngineMaterials/Substrate/GLints/dict_16_192_64_0p5_0p02_0035_0012.uasset" 6574
"../../../Engine/Content/EngineMaterials/Substrate/GLints/dict_16_192_64_0p5_0p02_0035_0013.uasset" 6575
"/Engine/EngineMaterials/Substrate/GLints/dict_16_192_64_0p5_0p02_0035_0013" 6576
"/Engine/EngineMaterials/Substrate/GLints/dict_16_192_64_0p5_0p02_0035_0012" 6577
"/Engine/EngineMaterials/Substrate/GLints/dict_16_192_64_0p5_0p02_0035_0011" 6578
"/Engine/EngineMaterials/Substrate/GLints/dict_16_192_64_0p5_0p02_0035_0010" 6579
"/Engine/EngineMaterials/Substrate/GLints/dict_16_192_64_0p5_0p02_0035_0009" 6580
"/Engine/EngineMaterials/Substrate/GLints/dict_16_192_64_0p5_0p02_0035_0008" 6581
"/Engine/EngineMaterials/Substrate/GLints/dict_16_192_64_0p5_0p02_0035_0007" 6582
"/Engine/EngineMaterials/Substrate/GLints/dict_16_192_64_0p5_0p02_0035_0006" 6583
"/Engine/EngineMaterials/Substrate/GLints/dict_16_192_64_0p5_0p02_0035_0005" 6584
"/Engine/EngineMaterials/Substrate/GLints/dict_16_192_64_0p5_0p02_0035_0004" 6585
"/Engine/EngineMaterials/Substrate/GLints/dict_16_192_64_0p5_0p02_0035_0003" 6586
"/Engine/EngineMaterials/Substrate/GLints/dict_16_192_64_0p5_0p02_0035_0002" 6587
"/Engine/EngineMaterials/Substrate/GLints/dict_16_192_64_0p5_0p02_0035_0001" 6588
"/Engine/EngineMaterials/Substrate/GLints/dict_16_192_64_0p5_0p02_0035_0000" 6589
"/Engine/EngineMaterials/Substrate/GLints/dict_16_192_64_0p5_0p02_0034_0015" 6590
"/Engine/EngineMaterials/Substrate/GLints/dict_16_192_64_0p5_0p02_0034_0014" 6591
"/Engine/EngineMaterials/Substrate/GLints/dict_16_192_64_0p5_0p02_0034_0013" 6592
"/Engine/EngineMaterials/Substrate/GLints/dict_16_192_64_0p5_0p02_0034_0012" 6593
"/Engine/EngineMaterials/Substrate/GLints/dict_16_192_64_0p5_0p02_0034_0011" 6594
"/Engine/EngineMaterials/Substrate/GLints/dict_16_192_64_0p5_0p02_0034_0010" 6595
"/Engine/EngineMaterials/Substrate/GLints/dict_16_192_64_0p5_0p02_0034_0009" 6596
"/Engine/EngineMaterials/Substrate/GLints/dict_16_192_64_0p5_0p02_0034_0008" 6597
"/Engine/EngineMaterials/Substrate/GLints/dict_16_192_64_0p5_0p02_0034_0007" 6598
"/Engine/EngineMaterials/Substrate/GLints/dict_16_192_64_0p5_0p02_0034_0006" 6599
"/Engine/EngineMaterials/Substrate/GLints/dict_16_192_64_0p5_0p02_0034_0005" 6600
"/Engine/EngineMaterials/Substrate/GLints/dict_16_192_64_0p5_0p02_0034_0004" 6601
"/Engine/EngineMaterials/Substrate/GLints/dict_16_192_64_0p5_0p02_0034_0003" 6602
"/Engine/EngineMaterials/Substrate/GLints/dict_16_192_64_0p5_0p02_0034_0002" 6603
"/Engine/EngineMaterials/Substrate/GLints/dict_16_192_64_0p5_0p02_0034_0001" 6604
"/Engine/EngineMaterials/Substrate/GLints/dict_16_192_64_0p5_0p02_0034_0000" 6605
"/Engine/EngineMaterials/Substrate/GLints/dict_16_192_64_0p5_0p02_0033_0015" 6606
"/Engine/EngineMaterials/Substrate/GLints/dict_16_192_64_0p5_0p02_0033_0014" 6607
"../../../Engine/Content/EngineMaterials/Substrate/GLints/dict_16_192_64_0p5_0p02_0036_0002.uasset" 6608
"../../../Engine/Content/EngineMaterials/Substrate/GLints/dict_16_192_64_0p5_0p02_0036_0005.uasset" 6609
"../../../Engine/Content/EngineMaterials/Substrate/GLints/dict_16_192_64_0p5_0p02_0035_0015.uasset" 6610
"../../../Engine/Content/EngineMaterials/Substrate/GLints/dict_16_192_64_0p5_0p02_0036_0006.uasset" 6611
"../../../Engine/Content/EngineMaterials/Substrate/GLints/dict_16_192_64_0p5_0p02_0036_0003.uasset" 6612
"../../../Engine/Content/EngineMaterials/Substrate/GLints/dict_16_192_64_0p5_0p02_0035_0014.uasset" 6613
"../../../Engine/Content/EngineMaterials/Substrate/GLints/dict_16_192_64_0p5_0p02_0036_0000.uasset" 6614
"../../../Engine/Content/EngineMaterials/Substrate/GLints/dict_16_192_64_0p5_0p02_0036_0004.uasset" 6615
"../../../Engine/Content/EngineMaterials/Substrate/GLints/dict_16_192_64_0p5_0p02_0036_0001.uasset" 6616
"../../../Engine/Content/EngineMaterials/Substrate/GLints/dict_16_192_64_0p5_0p02_0036_0008.uasset" 6617
"../../../Engine/Content/EngineMaterials/Substrate/GLints/dict_16_192_64_0p5_0p02_0036_0007.uasset" 6618
"../../../Engine/Content/EngineMaterials/Substrate/GLints/dict_16_192_64_0p5_0p02_0036_0012.uasset" 6619
"../../../Engine/Content/EngineMaterials/Substrate/GLints/dict_16_192_64_0p5_0p02_0036_0013.uasset" 6620
"../../../Engine/Content/EngineMaterials/Substrate/GLints/dict_16_192_64_0p5_0p02_0036_0010.uasset" 6621
"../../../Engine/Content/EngineMaterials/Substrate/GLints/dict_16_192_64_0p5_0p02_0036_0011.uasset" 6622
"../../../Engine/Content/EngineMaterials/Substrate/GLints/dict_16_192_64_0p5_0p02_0036_0009.uasset" 6623
"../../../Engine/Content/EngineMaterials/Substrate/GLints/dict_16_192_64_0p5_0p02_0036_0014.uasset" 6624
"../../../Engine/Content/EngineMaterials/Substrate/GLints/dict_16_192_64_0p5_0p02_0036_0015.uasset" 6625
"../../../Engine/Content/EngineMaterials/Substrate/GLints/dict_16_192_64_0p5_0p02_0037_0000.uasset" 6626
"../../../Engine/Content/EngineMaterials/Substrate/GLints/dict_16_192_64_0p5_0p02_0037_0001.uasset" 6627
"../../../Engine/Content/EngineMaterials/Substrate/GLints/dict_16_192_64_0p5_0p02_0037_0003.uasset" 6628
"../../../Engine/Content/EngineMaterials/Substrate/GLints/dict_16_192_64_0p5_0p02_0037_0002.uasset" 6629
"../../../Engine/Content/EngineMaterials/Substrate/GLints/dict_16_192_64_0p5_0p02_0037_0006.uasset" 6630
"../../../Engine/Content/EngineMaterials/Substrate/GLints/dict_16_192_64_0p5_0p02_0037_0005.uasset" 6631
"../../../Engine/Content/EngineMaterials/Substrate/GLints/dict_16_192_64_0p5_0p02_0037_0007.uasset" 6632
"../../../Engine/Content/EngineMaterials/Substrate/GLints/dict_16_192_64_0p5_0p02_0037_0004.uasset" 6633
"../../../Engine/Content/EngineMaterials/Substrate/GLints/dict_16_192_64_0p5_0p02_0037_0008.uasset" 6634
"../../../Engine/Content/EngineMaterials/Substrate/GLints/dict_16_192_64_0p5_0p02_0037_0009.uasset" 6635
"../../../Engine/Content/EngineMaterials/Substrate/GLints/dict_16_192_64_0p5_0p02_0037_0011.uasset" 6636
"../../../Engine/Content/EngineMaterials/Substrate/GLints/dict_16_192_64_0p5_0p02_0037_0010.uasset" 6637
"../../../Engine/Content/EngineMaterials/Substrate/GLints/dict_16_192_64_0p5_0p02_0037_0012.uasset" 6638
"../../../Engine/Content/EngineMaterials/Substrate/GLints/dict_16_192_64_0p5_0p02_0037_0013.uasset" 6639
"/Engine/EngineMaterials/Substrate/GLints/dict_16_192_64_0p5_0p02_0037_0013" 6640
"/Engine/EngineMaterials/Substrate/GLints/dict_16_192_64_0p5_0p02_0037_0012" 6641
"/Engine/EngineMaterials/Substrate/GLints/dict_16_192_64_0p5_0p02_0037_0011" 6642
"/Engine/EngineMaterials/Substrate/GLints/dict_16_192_64_0p5_0p02_0037_0010" 6643
"/Engine/EngineMaterials/Substrate/GLints/dict_16_192_64_0p5_0p02_0037_0009" 6644
"/Engine/EngineMaterials/Substrate/GLints/dict_16_192_64_0p5_0p02_0037_0008" 6645
"/Engine/EngineMaterials/Substrate/GLints/dict_16_192_64_0p5_0p02_0037_0007" 6646
"/Engine/EngineMaterials/Substrate/GLints/dict_16_192_64_0p5_0p02_0037_0006" 6647
"/Engine/EngineMaterials/Substrate/GLints/dict_16_192_64_0p5_0p02_0037_0005" 6648
"/Engine/EngineMaterials/Substrate/GLints/dict_16_192_64_0p5_0p02_0037_0004" 6649
"/Engine/EngineMaterials/Substrate/GLints/dict_16_192_64_0p5_0p02_0037_0003" 6650
"/Engine/EngineMaterials/Substrate/GLints/dict_16_192_64_0p5_0p02_0037_0002" 6651
"/Engine/EngineMaterials/Substrate/GLints/dict_16_192_64_0p5_0p02_0037_0001" 6652
"/Engine/EngineMaterials/Substrate/GLints/dict_16_192_64_0p5_0p02_0037_0000" 6653
"/Engine/EngineMaterials/Substrate/GLints/dict_16_192_64_0p5_0p02_0036_0015" 6654
"/Engine/EngineMaterials/Substrate/GLints/dict_16_192_64_0p5_0p02_0036_0014" 6655
"/Engine/EngineMaterials/Substrate/GLints/dict_16_192_64_0p5_0p02_0036_0013" 6656
"/Engine/EngineMaterials/Substrate/GLints/dict_16_192_64_0p5_0p02_0036_0012" 6657
"/Engine/EngineMaterials/Substrate/GLints/dict_16_192_64_0p5_0p02_0036_0011" 6658
"/Engine/EngineMaterials/Substrate/GLints/dict_16_192_64_0p5_0p02_0036_0010" 6659
"/Engine/EngineMaterials/Substrate/GLints/dict_16_192_64_0p5_0p02_0036_0009" 6660
"/Engine/EngineMaterials/Substrate/GLints/dict_16_192_64_0p5_0p02_0036_0008" 6661
"/Engine/EngineMaterials/Substrate/GLints/dict_16_192_64_0p5_0p02_0036_0007" 6662
"/Engine/EngineMaterials/Substrate/GLints/dict_16_192_64_0p5_0p02_0036_0006" 6663
"/Engine/EngineMaterials/Substrate/GLints/dict_16_192_64_0p5_0p02_0036_0005" 6664
"/Engine/EngineMaterials/Substrate/GLints/dict_16_192_64_0p5_0p02_0036_0004" 6665
"/Engine/EngineMaterials/Substrate/GLints/dict_16_192_64_0p5_0p02_0036_0003" 6666
"/Engine/EngineMaterials/Substrate/GLints/dict_16_192_64_0p5_0p02_0036_0002" 6667
"/Engine/EngineMaterials/Substrate/GLints/dict_16_192_64_0p5_0p02_0036_0001" 6668
"/Engine/EngineMaterials/Substrate/GLints/dict_16_192_64_0p5_0p02_0036_0000" 6669
"/Engine/EngineMaterials/Substrate/GLints/dict_16_192_64_0p5_0p02_0035_0015" 6670
"/Engine/EngineMaterials/Substrate/GLints/dict_16_192_64_0p5_0p02_0035_0014" 6671
"../../../Engine/Content/EngineMaterials/Substrate/GLints/dict_16_192_64_0p5_0p02_0038_0001.uasset" 6672
"../../../Engine/Content/EngineMaterials/Substrate/GLints/dict_16_192_64_0p5_0p02_0038_0003.uasset" 6673
"../../../Engine/Content/EngineMaterials/Substrate/GLints/dict_16_192_64_0p5_0p02_0037_0014.uasset" 6674
"../../../Engine/Content/EngineMaterials/Substrate/GLints/dict_16_192_64_0p5_0p02_0038_0006.uasset" 6675
"../../../Engine/Content/EngineMaterials/Substrate/GLints/dict_16_192_64_0p5_0p02_0038_0005.uasset" 6676
"../../../Engine/Content/EngineMaterials/Substrate/GLints/dict_16_192_64_0p5_0p02_0038_0000.uasset" 6677
"../../../Engine/Content/EngineMaterials/Substrate/GLints/dict_16_192_64_0p5_0p02_0038_0002.uasset" 6678
"../../../Engine/Content/EngineMaterials/Substrate/GLints/dict_16_192_64_0p5_0p02_0037_0015.uasset" 6679
"../../../Engine/Content/EngineMaterials/Substrate/GLints/dict_16_192_64_0p5_0p02_0038_0004.uasset" 6680
"../../../Engine/Content/EngineMaterials/Substrate/GLints/dict_16_192_64_0p5_0p02_0038_0007.uasset" 6681
"../../../Engine/Content/EngineMaterials/Substrate/GLints/dict_16_192_64_0p5_0p02_0038_0008.uasset" 6682
"../../../Engine/Content/EngineMaterials/Substrate/GLints/dict_16_192_64_0p5_0p02_0038_0009.uasset" 6683
"../../../Engine/Content/EngineMaterials/Substrate/GLints/dict_16_192_64_0p5_0p02_0038_0010.uasset" 6684
"../../../Engine/Content/EngineMaterials/Substrate/GLints/dict_16_192_64_0p5_0p02_0038_0011.uasset" 6685
"../../../Engine/Content/EngineMaterials/Substrate/GLints/dict_16_192_64_0p5_0p02_0038_0012.uasset" 6686
"../../../Engine/Content/EngineMaterials/Substrate/GLints/dict_16_192_64_0p5_0p02_0038_0013.uasset" 6687
"../../../Engine/Content/EngineMaterials/Substrate/GLints/dict_16_192_64_0p5_0p02_0038_0014.uasset" 6688
"../../../Engine/Content/EngineMaterials/Substrate/GLints/dict_16_192_64_0p5_0p02_0038_0015.uasset" 6689
"../../../Engine/Content/EngineMaterials/Substrate/GLints/dict_16_192_64_0p5_0p02_0039_0000.uasset" 6690
"../../../Engine/Content/EngineMaterials/Substrate/GLints/dict_16_192_64_0p5_0p02_0039_0002.uasset" 6691
"../../../Engine/Content/EngineMaterials/Substrate/GLints/dict_16_192_64_0p5_0p02_0039_0001.uasset" 6692
"../../../Engine/Content/EngineMaterials/Substrate/GLints/dict_16_192_64_0p5_0p02_0039_0003.uasset" 6693
"../../../Engine/Content/EngineMaterials/Substrate/GLints/dict_16_192_64_0p5_0p02_0039_0004.uasset" 6694
"../../../Engine/Content/EngineMaterials/Substrate/GLints/dict_16_192_64_0p5_0p02_0039_0005.uasset" 6695
"../../../Engine/Content/EngineMaterials/Substrate/GLints/dict_16_192_64_0p5_0p02_0039_0006.uasset" 6696
"../../../Engine/Content/EngineMaterials/Substrate/GLints/dict_16_192_64_0p5_0p02_0039_0007.uasset" 6697
"../../../Engine/Content/EngineMaterials/Substrate/GLints/dict_16_192_64_0p5_0p02_0039_0008.uasset" 6698
"../../../Engine/Content/EngineMaterials/Substrate/GLints/dict_16_192_64_0p5_0p02_0039_0009.uasset" 6699
"../../../Engine/Content/EngineMaterials/Substrate/GLints/dict_16_192_64_0p5_0p02_0039_0010.uasset" 6700
"../../../Engine/Content/EngineMaterials/Substrate/GLints/dict_16_192_64_0p5_0p02_0039_0011.uasset" 6701
"../../../Engine/Content/EngineMaterials/Substrate/GLints/dict_16_192_64_0p5_0p02_0039_0012.uasset" 6702
"../../../Engine/Content/EngineMaterials/Substrate/GLints/dict_16_192_64_0p5_0p02_0039_0013.uasset" 6703
"/Engine/EngineMaterials/Substrate/GLints/dict_16_192_64_0p5_0p02_0039_0013" 6704
"/Engine/EngineMaterials/Substrate/GLints/dict_16_192_64_0p5_0p02_0039_0012" 6705
"/Engine/EngineMaterials/Substrate/GLints/dict_16_192_64_0p5_0p02_0039_0011" 6706
"/Engine/EngineMaterials/Substrate/GLints/dict_16_192_64_0p5_0p02_0039_0010" 6707
"/Engine/EngineMaterials/Substrate/GLints/dict_16_192_64_0p5_0p02_0039_0009" 6708
"/Engine/EngineMaterials/Substrate/GLints/dict_16_192_64_0p5_0p02_0039_0008" 6709
"/Engine/EngineMaterials/Substrate/GLints/dict_16_192_64_0p5_0p02_0039_0007" 6710
"/Engine/EngineMaterials/Substrate/GLints/dict_16_192_64_0p5_0p02_0039_0006" 6711
"/Engine/EngineMaterials/Substrate/GLints/dict_16_192_64_0p5_0p02_0039_0005" 6712
"/Engine/EngineMaterials/Substrate/GLints/dict_16_192_64_0p5_0p02_0039_0004" 6713
"/Engine/EngineMaterials/Substrate/GLints/dict_16_192_64_0p5_0p02_0039_0003" 6714
"/Engine/EngineMaterials/Substrate/GLints/dict_16_192_64_0p5_0p02_0039_0002" 6715
"/Engine/EngineMaterials/Substrate/GLints/dict_16_192_64_0p5_0p02_0039_0001" 6716
"/Engine/EngineMaterials/Substrate/GLints/dict_16_192_64_0p5_0p02_0039_0000" 6717
"/Engine/EngineMaterials/Substrate/GLints/dict_16_192_64_0p5_0p02_0038_0015" 6718
"/Engine/EngineMaterials/Substrate/GLints/dict_16_192_64_0p5_0p02_0038_0014" 6719
"/Engine/EngineMaterials/Substrate/GLints/dict_16_192_64_0p5_0p02_0038_0013" 6720
"/Engine/EngineMaterials/Substrate/GLints/dict_16_192_64_0p5_0p02_0038_0012" 6721
"/Engine/EngineMaterials/Substrate/GLints/dict_16_192_64_0p5_0p02_0038_0011" 6722
"/Engine/EngineMaterials/Substrate/GLints/dict_16_192_64_0p5_0p02_0038_0010" 6723
"/Engine/EngineMaterials/Substrate/GLints/dict_16_192_64_0p5_0p02_0038_0009" 6724
"/Engine/EngineMaterials/Substrate/GLints/dict_16_192_64_0p5_0p02_0038_0008" 6725
"/Engine/EngineMaterials/Substrate/GLints/dict_16_192_64_0p5_0p02_0038_0007" 6726
"/Engine/EngineMaterials/Substrate/GLints/dict_16_192_64_0p5_0p02_0038_0006" 6727
"/Engine/EngineMaterials/Substrate/GLints/dict_16_192_64_0p5_0p02_0038_0005" 6728
"/Engine/EngineMaterials/Substrate/GLints/dict_16_192_64_0p5_0p02_0038_0004" 6729
"/Engine/EngineMaterials/Substrate/GLints/dict_16_192_64_0p5_0p02_0038_0003" 6730
"/Engine/EngineMaterials/Substrate/GLints/dict_16_192_64_0p5_0p02_0038_0002" 6731
"/Engine/EngineMaterials/Substrate/GLints/dict_16_192_64_0p5_0p02_0038_0001" 6732
"/Engine/EngineMaterials/Substrate/GLints/dict_16_192_64_0p5_0p02_0038_0000" 6733
"/Engine/EngineMaterials/Substrate/GLints/dict_16_192_64_0p5_0p02_0037_0015" 6734
"/Engine/EngineMaterials/Substrate/GLints/dict_16_192_64_0p5_0p02_0037_0014" 6735
"../../../Engine/Content/EngineMaterials/Substrate/GLints/dict_16_192_64_0p5_0p02_0040_0001.uasset" 6736
"../../../Engine/Content/EngineMaterials/Substrate/GLints/dict_16_192_64_0p5_0p02_0039_0015.uasset" 6737
"../../../Engine/Content/EngineMaterials/Substrate/GLints/dict_16_192_64_0p5_0p02_0040_0002.uasset" 6738
"../../../Engine/Content/EngineMaterials/Substrate/GLints/dict_16_192_64_0p5_0p02_0040_0006.uasset" 6739
"../../../Engine/Content/EngineMaterials/Substrate/GLints/dict_16_192_64_0p5_0p02_0040_0000.uasset" 6740
"../../../Engine/Content/EngineMaterials/Substrate/GLints/dict_16_192_64_0p5_0p02_0040_0004.uasset" 6741
"../../../Engine/Content/EngineMaterials/Substrate/GLints/dict_16_192_64_0p5_0p02_0040_0003.uasset" 6742
"../../../Engine/Content/EngineMaterials/Substrate/GLints/dict_16_192_64_0p5_0p02_0040_0005.uasset" 6743
"../../../Engine/Content/EngineMaterials/Substrate/GLints/dict_16_192_64_0p5_0p02_0039_0014.uasset" 6744
"../../../Engine/Content/EngineMaterials/Substrate/GLints/dict_16_192_64_0p5_0p02_0040_0007.uasset" 6745
"../../../Engine/Content/EngineMaterials/Substrate/GLints/dict_16_192_64_0p5_0p02_0040_0008.uasset" 6746
"../../../Engine/Content/EngineMaterials/Substrate/GLints/dict_16_192_64_0p5_0p02_0040_0010.uasset" 6747
"../../../Engine/Content/EngineMaterials/Substrate/GLints/dict_16_192_64_0p5_0p02_0040_0009.uasset" 6748
"../../../Engine/Content/EngineMaterials/Substrate/GLints/dict_16_192_64_0p5_0p02_0040_0013.uasset" 6749
"../../../Engine/Content/EngineMaterials/Substrate/GLints/dict_16_192_64_0p5_0p02_0040_0012.uasset" 6750
"../../../Engine/Content/EngineMaterials/Substrate/GLints/dict_16_192_64_0p5_0p02_0040_0011.uasset" 6751
"../../../Engine/Content/EngineMaterials/Substrate/GLints/dict_16_192_64_0p5_0p02_0040_0014.uasset" 6752
"../../../Engine/Content/EngineMaterials/Substrate/GLints/dict_16_192_64_0p5_0p02_0040_0015.uasset" 6753
"../../../Engine/Content/EngineMaterials/Substrate/GLints/dict_16_192_64_0p5_0p02_0041_0000.uasset" 6754
"../../../Engine/Content/EngineMaterials/Substrate/GLints/dict_16_192_64_0p5_0p02_0041_0001.uasset" 6755
"../../../Engine/Content/EngineMaterials/Substrate/GLints/dict_16_192_64_0p5_0p02_0041_0002.uasset" 6756
"../../../Engine/Content/EngineMaterials/Substrate/GLints/dict_16_192_64_0p5_0p02_0041_0006.uasset" 6757
"../../../Engine/Content/EngineMaterials/Substrate/GLints/dict_16_192_64_0p5_0p02_0041_0004.uasset" 6758
"../../../Engine/Content/EngineMaterials/Substrate/GLints/dict_16_192_64_0p5_0p02_0041_0003.uasset" 6759
"../../../Engine/Content/EngineMaterials/Substrate/GLints/dict_16_192_64_0p5_0p02_0041_0008.uasset" 6760
"../../../Engine/Content/EngineMaterials/Substrate/GLints/dict_16_192_64_0p5_0p02_0041_0005.uasset" 6761
"../../../Engine/Content/EngineMaterials/Substrate/GLints/dict_16_192_64_0p5_0p02_0041_0007.uasset" 6762
"../../../Engine/Content/EngineMaterials/Substrate/GLints/dict_16_192_64_0p5_0p02_0041_0009.uasset" 6763
"../../../Engine/Content/EngineMaterials/Substrate/GLints/dict_16_192_64_0p5_0p02_0041_0010.uasset" 6764
"../../../Engine/Content/EngineMaterials/Substrate/GLints/dict_16_192_64_0p5_0p02_0041_0011.uasset" 6765
"../../../Engine/Content/EngineMaterials/Substrate/GLints/dict_16_192_64_0p5_0p02_0041_0012.uasset" 6766
"../../../Engine/Content/EngineMaterials/Substrate/GLints/dict_16_192_64_0p5_0p02_0041_0013.uasset" 6767
"/Engine/EngineMaterials/Substrate/GLints/dict_16_192_64_0p5_0p02_0041_0013" 6768
"/Engine/EngineMaterials/Substrate/GLints/dict_16_192_64_0p5_0p02_0041_0012" 6769
"/Engine/EngineMaterials/Substrate/GLints/dict_16_192_64_0p5_0p02_0041_0011" 6770
"/Engine/EngineMaterials/Substrate/GLints/dict_16_192_64_0p5_0p02_0041_0010" 6771
"/Engine/EngineMaterials/Substrate/GLints/dict_16_192_64_0p5_0p02_0041_0009" 6772
"/Engine/EngineMaterials/Substrate/GLints/dict_16_192_64_0p5_0p02_0041_0008" 6773
"/Engine/EngineMaterials/Substrate/GLints/dict_16_192_64_0p5_0p02_0041_0007" 6774
"/Engine/EngineMaterials/Substrate/GLints/dict_16_192_64_0p5_0p02_0041_0006" 6775
"/Engine/EngineMaterials/Substrate/GLints/dict_16_192_64_0p5_0p02_0041_0005" 6776
"/Engine/EngineMaterials/Substrate/GLints/dict_16_192_64_0p5_0p02_0041_0004" 6777
"/Engine/EngineMaterials/Substrate/GLints/dict_16_192_64_0p5_0p02_0041_0003" 6778
"/Engine/EngineMaterials/Substrate/GLints/dict_16_192_64_0p5_0p02_0041_0002" 6779
"/Engine/EngineMaterials/Substrate/GLints/dict_16_192_64_0p5_0p02_0041_0001" 6780
"/Engine/EngineMaterials/Substrate/GLints/dict_16_192_64_0p5_0p02_0041_0000" 6781
"/Engine/EngineMaterials/Substrate/GLints/dict_16_192_64_0p5_0p02_0040_0015" 6782
"/Engine/EngineMaterials/Substrate/GLints/dict_16_192_64_0p5_0p02_0040_0014" 6783
"/Engine/EngineMaterials/Substrate/GLints/dict_16_192_64_0p5_0p02_0040_0013" 6784
"/Engine/EngineMaterials/Substrate/GLints/dict_16_192_64_0p5_0p02_0040_0012" 6785
"/Engine/EngineMaterials/Substrate/GLints/dict_16_192_64_0p5_0p02_0040_0011" 6786
"/Engine/EngineMaterials/Substrate/GLints/dict_16_192_64_0p5_0p02_0040_0010" 6787
"/Engine/EngineMaterials/Substrate/GLints/dict_16_192_64_0p5_0p02_0040_0009" 6788
"/Engine/EngineMaterials/Substrate/GLints/dict_16_192_64_0p5_0p02_0040_0008" 6789
"/Engine/EngineMaterials/Substrate/GLints/dict_16_192_64_0p5_0p02_0040_0007" 6790
"/Engine/EngineMaterials/Substrate/GLints/dict_16_192_64_0p5_0p02_0040_0006" 6791
"/Engine/EngineMaterials/Substrate/GLints/dict_16_192_64_0p5_0p02_0040_0005" 6792
"/Engine/EngineMaterials/Substrate/GLints/dict_16_192_64_0p5_0p02_0040_0004" 6793
"/Engine/EngineMaterials/Substrate/GLints/dict_16_192_64_0p5_0p02_0040_0003" 6794
"/Engine/EngineMaterials/Substrate/GLints/dict_16_192_64_0p5_0p02_0040_0002" 6795
"/Engine/EngineMaterials/Substrate/GLints/dict_16_192_64_0p5_0p02_0040_0001" 6796
"/Engine/EngineMaterials/Substrate/GLints/dict_16_192_64_0p5_0p02_0040_0000" 6797
"/Engine/EngineMaterials/Substrate/GLints/dict_16_192_64_0p5_0p02_0039_0015" 6798
"/Engine/EngineMaterials/Substrate/GLints/dict_16_192_64_0p5_0p02_0039_0014" 6799
"../../../Engine/Content/EngineMaterials/Substrate/GLints/dict_16_192_64_0p5_0p02_0042_0004.uasset" 6800
"../../../Engine/Content/EngineMaterials/Substrate/GLints/dict_16_192_64_0p5_0p02_0041_0015.uasset" 6801
"../../../Engine/Content/EngineMaterials/Substrate/GLints/dict_16_192_64_0p5_0p02_0042_0000.uasset" 6802
"../../../Engine/Content/EngineMaterials/Substrate/GLints/dict_16_192_64_0p5_0p02_0042_0002.uasset" 6803
"../../../Engine/Content/EngineMaterials/Substrate/GLints/dict_16_192_64_0p5_0p02_0041_0014.uasset" 6804
"../../../Engine/Content/EngineMaterials/Substrate/GLints/dict_16_192_64_0p5_0p02_0042_0006.uasset" 6805
"../../../Engine/Content/EngineMaterials/Substrate/GLints/dict_16_192_64_0p5_0p02_0042_0005.uasset" 6806
"../../../Engine/Content/EngineMaterials/Substrate/GLints/dict_16_192_64_0p5_0p02_0042_0001.uasset" 6807
"../../../Engine/Content/EngineMaterials/Substrate/GLints/dict_16_192_64_0p5_0p02_0042_0003.uasset" 6808
"../../../Engine/Content/EngineMaterials/Substrate/GLints/dict_16_192_64_0p5_0p02_0042_0007.uasset" 6809
"../../../Engine/Content/EngineMaterials/Substrate/GLints/dict_16_192_64_0p5_0p02_0042_0008.uasset" 6810
"../../../Engine/Content/EngineMaterials/Substrate/GLints/dict_16_192_64_0p5_0p02_0042_0009.uasset" 6811
"../../../Engine/Content/EngineMaterials/Substrate/GLints/dict_16_192_64_0p5_0p02_0042_0010.uasset" 6812
"../../../Engine/Content/EngineMaterials/Substrate/GLints/dict_16_192_64_0p5_0p02_0042_0011.uasset" 6813
"../../../Engine/Content/EngineMaterials/Substrate/GLints/dict_16_192_64_0p5_0p02_0042_0013.uasset" 6814
"../../../Engine/Content/EngineMaterials/Substrate/GLints/dict_16_192_64_0p5_0p02_0042_0014.uasset" 6815
"../../../Engine/Content/EngineMaterials/Substrate/GLints/dict_16_192_64_0p5_0p02_0043_0000.uasset" 6816
"../../../Engine/Content/EngineMaterials/Substrate/GLints/dict_16_192_64_0p5_0p02_0042_0015.uasset" 6817
"../../../Engine/Content/EngineMaterials/Substrate/GLints/dict_16_192_64_0p5_0p02_0042_0012.uasset" 6818
"../../../Engine/Content/EngineMaterials/Substrate/GLints/dict_16_192_64_0p5_0p02_0043_0001.uasset" 6819
"../../../Engine/Content/EngineMaterials/Substrate/GLints/dict_16_192_64_0p5_0p02_0043_0002.uasset" 6820
"../../../Engine/Content/EngineMaterials/Substrate/GLints/dict_16_192_64_0p5_0p02_0043_0003.uasset" 6821
"../../../Engine/Content/EngineMaterials/Substrate/GLints/dict_16_192_64_0p5_0p02_0043_0004.uasset" 6822
"../../../Engine/Content/EngineMaterials/Substrate/GLints/dict_16_192_64_0p5_0p02_0043_0005.uasset" 6823
"../../../Engine/Content/EngineMaterials/Substrate/GLints/dict_16_192_64_0p5_0p02_0043_0006.uasset" 6824
"../../../Engine/Content/EngineMaterials/Substrate/GLints/dict_16_192_64_0p5_0p02_0043_0007.uasset" 6825
"../../../Engine/Content/EngineMaterials/Substrate/GLints/dict_16_192_64_0p5_0p02_0043_0008.uasset" 6826
"../../../Engine/Content/EngineMaterials/Substrate/GLints/dict_16_192_64_0p5_0p02_0043_0009.uasset" 6827
"../../../Engine/Content/EngineMaterials/Substrate/GLints/dict_16_192_64_0p5_0p02_0043_0011.uasset" 6828
"../../../Engine/Content/EngineMaterials/Substrate/GLints/dict_16_192_64_0p5_0p02_0043_0010.uasset" 6829
"../../../Engine/Content/EngineMaterials/Substrate/GLints/dict_16_192_64_0p5_0p02_0043_0012.uasset" 6830
"../../../Engine/Content/EngineMaterials/Substrate/GLints/dict_16_192_64_0p5_0p02_0043_0013.uasset" 6831
"/Engine/EngineMaterials/Substrate/GLints/dict_16_192_64_0p5_0p02_0043_0013" 6832
"/Engine/EngineMaterials/Substrate/GLints/dict_16_192_64_0p5_0p02_0043_0012" 6833
"/Engine/EngineMaterials/Substrate/GLints/dict_16_192_64_0p5_0p02_0043_0011" 6834
"/Engine/EngineMaterials/Substrate/GLints/dict_16_192_64_0p5_0p02_0043_0010" 6835
"/Engine/EngineMaterials/Substrate/GLints/dict_16_192_64_0p5_0p02_0043_0009" 6836
"/Engine/EngineMaterials/Substrate/GLints/dict_16_192_64_0p5_0p02_0043_0008" 6837
"/Engine/EngineMaterials/Substrate/GLints/dict_16_192_64_0p5_0p02_0043_0007" 6838
"/Engine/EngineMaterials/Substrate/GLints/dict_16_192_64_0p5_0p02_0043_0006" 6839
"/Engine/EngineMaterials/Substrate/GLints/dict_16_192_64_0p5_0p02_0043_0005" 6840
"/Engine/EngineMaterials/Substrate/GLints/dict_16_192_64_0p5_0p02_0043_0004" 6841
"/Engine/EngineMaterials/Substrate/GLints/dict_16_192_64_0p5_0p02_0043_0003" 6842
"/Engine/EngineMaterials/Substrate/GLints/dict_16_192_64_0p5_0p02_0043_0002" 6843
"/Engine/EngineMaterials/Substrate/GLints/dict_16_192_64_0p5_0p02_0043_0001" 6844
"/Engine/EngineMaterials/Substrate/GLints/dict_16_192_64_0p5_0p02_0043_0000" 6845
"/Engine/EngineMaterials/Substrate/GLints/dict_16_192_64_0p5_0p02_0042_0015" 6846
"/Engine/EngineMaterials/Substrate/GLints/dict_16_192_64_0p5_0p02_0042_0014" 6847
"/Engine/EngineMaterials/Substrate/GLints/dict_16_192_64_0p5_0p02_0042_0013" 6848
"/Engine/EngineMaterials/Substrate/GLints/dict_16_192_64_0p5_0p02_0042_0012" 6849
"/Engine/EngineMaterials/Substrate/GLints/dict_16_192_64_0p5_0p02_0042_0011" 6850
"/Engine/EngineMaterials/Substrate/GLints/dict_16_192_64_0p5_0p02_0042_0010" 6851
"/Engine/EngineMaterials/Substrate/GLints/dict_16_192_64_0p5_0p02_0042_0009" 6852
"/Engine/EngineMaterials/Substrate/GLints/dict_16_192_64_0p5_0p02_0042_0008" 6853
"/Engine/EngineMaterials/Substrate/GLints/dict_16_192_64_0p5_0p02_0042_0007" 6854
"/Engine/EngineMaterials/Substrate/GLints/dict_16_192_64_0p5_0p02_0042_0006" 6855
"/Engine/EngineMaterials/Substrate/GLints/dict_16_192_64_0p5_0p02_0042_0005" 6856
"/Engine/EngineMaterials/Substrate/GLints/dict_16_192_64_0p5_0p02_0042_0004" 6857
"/Engine/EngineMaterials/Substrate/GLints/dict_16_192_64_0p5_0p02_0042_0003" 6858
"/Engine/EngineMaterials/Substrate/GLints/dict_16_192_64_0p5_0p02_0042_0002" 6859
"/Engine/EngineMaterials/Substrate/GLints/dict_16_192_64_0p5_0p02_0042_0001" 6860
"/Engine/EngineMaterials/Substrate/GLints/dict_16_192_64_0p5_0p02_0042_0000" 6861
"/Engine/EngineMaterials/Substrate/GLints/dict_16_192_64_0p5_0p02_0041_0015" 6862
"/Engine/EngineMaterials/Substrate/GLints/dict_16_192_64_0p5_0p02_0041_0014" 6863
"../../../Engine/Content/EngineMaterials/Substrate/GLints/dict_16_192_64_0p5_0p02_0044_0001.uasset" 6864
"../../../Engine/Content/EngineMaterials/Substrate/GLints/dict_16_192_64_0p5_0p02_0044_0006.uasset" 6865
"../../../Engine/Content/EngineMaterials/Substrate/GLints/dict_16_192_64_0p5_0p02_0044_0000.uasset" 6866
"../../../Engine/Content/EngineMaterials/Substrate/GLints/dict_16_192_64_0p5_0p02_0044_0003.uasset" 6867
"../../../Engine/Content/EngineMaterials/Substrate/GLints/dict_16_192_64_0p5_0p02_0043_0014.uasset" 6868
"../../../Engine/Content/EngineMaterials/Substrate/GLints/dict_16_192_64_0p5_0p02_0043_0015.uasset" 6869
"../../../Engine/Content/EngineMaterials/Substrate/GLints/dict_16_192_64_0p5_0p02_0044_0005.uasset" 6870
"../../../Engine/Content/EngineMaterials/Substrate/GLints/dict_16_192_64_0p5_0p02_0044_0004.uasset" 6871
"../../../Engine/Content/EngineMaterials/Substrate/GLints/dict_16_192_64_0p5_0p02_0044_0002.uasset" 6872
"../../../Engine/Content/EngineMaterials/Substrate/GLints/dict_16_192_64_0p5_0p02_0044_0010.uasset" 6873
"../../../Engine/Content/EngineMaterials/Substrate/GLints/dict_16_192_64_0p5_0p02_0044_0009.uasset" 6874
"../../../Engine/Content/EngineMaterials/Substrate/GLints/dict_16_192_64_0p5_0p02_0044_0007.uasset" 6875
"../../../Engine/Content/EngineMaterials/Substrate/GLints/dict_16_192_64_0p5_0p02_0044_0008.uasset" 6876
"../../../Engine/Content/EngineMaterials/Substrate/GLints/dict_16_192_64_0p5_0p02_0044_0014.uasset" 6877
"../../../Engine/Content/EngineMaterials/Substrate/GLints/dict_16_192_64_0p5_0p02_0044_0011.uasset" 6878
"../../../Engine/Content/EngineMaterials/Substrate/GLints/dict_16_192_64_0p5_0p02_0044_0012.uasset" 6879
"../../../Engine/Content/EngineMaterials/Substrate/GLints/dict_16_192_64_0p5_0p02_0044_0015.uasset" 6880
"../../../Engine/Content/EngineMaterials/Substrate/GLints/dict_16_192_64_0p5_0p02_0044_0013.uasset" 6881
"../../../Engine/Content/EngineMaterials/Substrate/GLints/dict_16_192_64_0p5_0p02_0045_0000.uasset" 6882
"../../../Engine/Content/EngineMaterials/Substrate/GLints/dict_16_192_64_0p5_0p02_0045_0001.uasset" 6883
"../../../Engine/Content/EngineMaterials/Substrate/GLints/dict_16_192_64_0p5_0p02_0045_0003.uasset" 6884
"../../../Engine/Content/EngineMaterials/Substrate/GLints/dict_16_192_64_0p5_0p02_0045_0002.uasset" 6885
"../../../Engine/Content/EngineMaterials/Substrate/GLints/dict_16_192_64_0p5_0p02_0045_0004.uasset" 6886
"../../../Engine/Content/EngineMaterials/Substrate/GLints/dict_16_192_64_0p5_0p02_0045_0006.uasset" 6887
"../../../Engine/Content/EngineMaterials/Substrate/GLints/dict_16_192_64_0p5_0p02_0045_0007.uasset" 6888
"../../../Engine/Content/EngineMaterials/Substrate/GLints/dict_16_192_64_0p5_0p02_0045_0005.uasset" 6889
"../../../Engine/Content/EngineMaterials/Substrate/GLints/dict_16_192_64_0p5_0p02_0045_0009.uasset" 6890
"../../../Engine/Content/EngineMaterials/Substrate/GLints/dict_16_192_64_0p5_0p02_0045_0012.uasset" 6891
"../../../Engine/Content/EngineMaterials/Substrate/GLints/dict_16_192_64_0p5_0p02_0045_0011.uasset" 6892
"../../../Engine/Content/EngineMaterials/Substrate/GLints/dict_16_192_64_0p5_0p02_0045_0008.uasset" 6893
"../../../Engine/Content/EngineMaterials/Substrate/GLints/dict_16_192_64_0p5_0p02_0045_0010.uasset" 6894
"../../../Engine/Content/EngineMaterials/Substrate/GLints/dict_16_192_64_0p5_0p02_0045_0013.uasset" 6895
"/Engine/EngineMaterials/Substrate/GLints/dict_16_192_64_0p5_0p02_0045_0013" 6896
"/Engine/EngineMaterials/Substrate/GLints/dict_16_192_64_0p5_0p02_0045_0012" 6897
"/Engine/EngineMaterials/Substrate/GLints/dict_16_192_64_0p5_0p02_0045_0011" 6898
"/Engine/EngineMaterials/Substrate/GLints/dict_16_192_64_0p5_0p02_0045_0010" 6899
"/Engine/EngineMaterials/Substrate/GLints/dict_16_192_64_0p5_0p02_0045_0009" 6900
"/Engine/EngineMaterials/Substrate/GLints/dict_16_192_64_0p5_0p02_0045_0008" 6901
"/Engine/EngineMaterials/Substrate/GLints/dict_16_192_64_0p5_0p02_0045_0007" 6902
"/Engine/EngineMaterials/Substrate/GLints/dict_16_192_64_0p5_0p02_0045_0006" 6903
"/Engine/EngineMaterials/Substrate/GLints/dict_16_192_64_0p5_0p02_0045_0005" 6904
"/Engine/EngineMaterials/Substrate/GLints/dict_16_192_64_0p5_0p02_0045_0004" 6905
"/Engine/EngineMaterials/Substrate/GLints/dict_16_192_64_0p5_0p02_0045_0003" 6906
"/Engine/EngineMaterials/Substrate/GLints/dict_16_192_64_0p5_0p02_0045_0002" 6907
"/Engine/EngineMaterials/Substrate/GLints/dict_16_192_64_0p5_0p02_0045_0001" 6908
"/Engine/EngineMaterials/Substrate/GLints/dict_16_192_64_0p5_0p02_0045_0000" 6909
"/Engine/EngineMaterials/Substrate/GLints/dict_16_192_64_0p5_0p02_0044_0015" 6910
"/Engine/EngineMaterials/Substrate/GLints/dict_16_192_64_0p5_0p02_0044_0014" 6911
"/Engine/EngineMaterials/Substrate/GLints/dict_16_192_64_0p5_0p02_0044_0013" 6912
"/Engine/EngineMaterials/Substrate/GLints/dict_16_192_64_0p5_0p02_0044_0012" 6913
"/Engine/EngineMaterials/Substrate/GLints/dict_16_192_64_0p5_0p02_0044_0011" 6914
"/Engine/EngineMaterials/Substrate/GLints/dict_16_192_64_0p5_0p02_0044_0010" 6915
"/Engine/EngineMaterials/Substrate/GLints/dict_16_192_64_0p5_0p02_0044_0009" 6916
"/Engine/EngineMaterials/Substrate/GLints/dict_16_192_64_0p5_0p02_0044_0008" 6917
"/Engine/EngineMaterials/Substrate/GLints/dict_16_192_64_0p5_0p02_0044_0007" 6918
"/Engine/EngineMaterials/Substrate/GLints/dict_16_192_64_0p5_0p02_0044_0006" 6919
"/Engine/EngineMaterials/Substrate/GLints/dict_16_192_64_0p5_0p02_0044_0005" 6920
"/Engine/EngineMaterials/Substrate/GLints/dict_16_192_64_0p5_0p02_0044_0004" 6921
"/Engine/EngineMaterials/Substrate/GLints/dict_16_192_64_0p5_0p02_0044_0003" 6922
"/Engine/EngineMaterials/Substrate/GLints/dict_16_192_64_0p5_0p02_0044_0002" 6923
"/Engine/EngineMaterials/Substrate/GLints/dict_16_192_64_0p5_0p02_0044_0001" 6924
"/Engine/EngineMaterials/Substrate/GLints/dict_16_192_64_0p5_0p02_0044_0000" 6925
"/Engine/EngineMaterials/Substrate/GLints/dict_16_192_64_0p5_0p02_0043_0015" 6926
"/Engine/EngineMaterials/Substrate/GLints/dict_16_192_64_0p5_0p02_0043_0014" 6927
"../../../Engine/Content/EngineMaterials/Substrate/GLints/dict_16_192_64_0p5_0p02_0046_0001.uasset" 6928
"../../../Engine/Content/EngineMaterials/Substrate/GLints/dict_16_192_64_0p5_0p02_0046_0002.uasset" 6929
"../../../Engine/Content/EngineMaterials/Substrate/GLints/dict_16_192_64_0p5_0p02_0046_0000.uasset" 6930
"../../../Engine/Content/EngineMaterials/Substrate/GLints/dict_16_192_64_0p5_0p02_0045_0014.uasset" 6931
"../../../Engine/Content/EngineMaterials/Substrate/GLints/dict_16_192_64_0p5_0p02_0046_0004.uasset" 6932
"../../../Engine/Content/EngineMaterials/Substrate/GLints/dict_16_192_64_0p5_0p02_0045_0015.uasset" 6933
"../../../Engine/Content/EngineMaterials/Substrate/GLints/dict_16_192_64_0p5_0p02_0046_0003.uasset" 6934
"../../../Engine/Content/EngineMaterials/Substrate/GLints/dict_16_192_64_0p5_0p02_0046_0005.uasset" 6935
"../../../Engine/Content/EngineMaterials/Substrate/GLints/dict_16_192_64_0p5_0p02_0046_0006.uasset" 6936
"../../../Engine/Content/EngineMaterials/Substrate/GLints/dict_16_192_64_0p5_0p02_0046_0008.uasset" 6937
"../../../Engine/Content/EngineMaterials/Substrate/GLints/dict_16_192_64_0p5_0p02_0046_0009.uasset" 6938
"../../../Engine/Content/EngineMaterials/Substrate/GLints/dict_16_192_64_0p5_0p02_0046_0007.uasset" 6939
"../../../Engine/Content/EngineMaterials/Substrate/GLints/dict_16_192_64_0p5_0p02_0046_0011.uasset" 6940
"../../../Engine/Content/EngineMaterials/Substrate/GLints/dict_16_192_64_0p5_0p02_0046_0010.uasset" 6941
"../../../Engine/Content/EngineMaterials/Substrate/GLints/dict_16_192_64_0p5_0p02_0046_0012.uasset" 6942
"../../../Engine/Content/EngineMaterials/Substrate/GLints/dict_16_192_64_0p5_0p02_0046_0013.uasset" 6943
"../../../Engine/Content/EngineMaterials/Substrate/GLints/dict_16_192_64_0p5_0p02_0046_0014.uasset" 6944
"../../../Engine/Content/EngineMaterials/Substrate/GLints/dict_16_192_64_0p5_0p02_0046_0015.uasset" 6945
"../../../Engine/Content/EngineMaterials/Substrate/GLints/dict_16_192_64_0p5_0p02_0047_0001.uasset" 6946
"../../../Engine/Content/EngineMaterials/Substrate/GLints/dict_16_192_64_0p5_0p02_0047_0002.uasset" 6947
"../../../Engine/Content/EngineMaterials/Substrate/GLints/dict_16_192_64_0p5_0p02_0047_0000.uasset" 6948
"../../../Engine/Content/EngineMaterials/Substrate/GLints/dict_16_192_64_0p5_0p02_0047_0003.uasset" 6949
"../../../Engine/Content/EngineMaterials/Substrate/GLints/dict_16_192_64_0p5_0p02_0047_0004.uasset" 6950
"../../../Engine/Content/EngineMaterials/Substrate/GLints/dict_16_192_64_0p5_0p02_0047_0006.uasset" 6951
"../../../Engine/Content/EngineMaterials/Substrate/GLints/dict_16_192_64_0p5_0p02_0047_0005.uasset" 6952
"../../../Engine/Content/EngineMaterials/Substrate/GLints/dict_16_192_64_0p5_0p02_0047_0007.uasset" 6953
"../../../Engine/Content/EngineMaterials/Substrate/GLints/dict_16_192_64_0p5_0p02_0047_0008.uasset" 6954
"../../../Engine/Content/EngineMaterials/Substrate/GLints/dict_16_192_64_0p5_0p02_0047_0010.uasset" 6955
"../../../Engine/Content/EngineMaterials/Substrate/GLints/dict_16_192_64_0p5_0p02_0047_0011.uasset" 6956
"../../../Engine/Content/EngineMaterials/Substrate/GLints/dict_16_192_64_0p5_0p02_0047_0009.uasset" 6957
"../../../Engine/Content/EngineMaterials/Substrate/GLints/dict_16_192_64_0p5_0p02_0047_0012.uasset" 6958
"../../../Engine/Content/EngineMaterials/Substrate/GLints/dict_16_192_64_0p5_0p02_0047_0013.uasset" 6959
"/Engine/EngineMaterials/Substrate/GLints/dict_16_192_64_0p5_0p02_0047_0003" 6960
"/Engine/EngineMaterials/Substrate/GLints/dict_16_192_64_0p5_0p02_0047_0002" 6961
"/Engine/EngineMaterials/Substrate/GLints/dict_16_192_64_0p5_0p02_0047_0001" 6962
"/Engine/EngineMaterials/Substrate/GLints/dict_16_192_64_0p5_0p02_0046_0015" 6963
"/Engine/EngineMaterials/Substrate/GLints/dict_16_192_64_0p5_0p02_0046_0014" 6964
"/Engine/EngineMaterials/Substrate/GLints/dict_16_192_64_0p5_0p02_0046_0013" 6965
"/Engine/EngineMaterials/Substrate/GLints/dict_16_192_64_0p5_0p02_0046_0012" 6966
"/Engine/EngineMaterials/Substrate/GLints/dict_16_192_64_0p5_0p02_0046_0011" 6967
"/Engine/EngineMaterials/Substrate/GLints/dict_16_192_64_0p5_0p02_0046_0010" 6968
"/Engine/EngineMaterials/Substrate/GLints/dict_16_192_64_0p5_0p02_0046_0009" 6969
"/Engine/EngineMaterials/Substrate/GLints/dict_16_192_64_0p5_0p02_0046_0008" 6970
"/Engine/EngineMaterials/Substrate/GLints/dict_16_192_64_0p5_0p02_0046_0007" 6971
"/Engine/EngineMaterials/Substrate/GLints/dict_16_192_64_0p5_0p02_0046_0006" 6972
"/Engine/EngineMaterials/Substrate/GLints/dict_16_192_64_0p5_0p02_0046_0005" 6973
"/Engine/EngineMaterials/Substrate/GLints/dict_16_192_64_0p5_0p02_0046_0004" 6974
"/Engine/EngineMaterials/Substrate/GLints/dict_16_192_64_0p5_0p02_0046_0003" 6975
"/Engine/EngineMaterials/Substrate/GLints/dict_16_192_64_0p5_0p02_0046_0002" 6976
"/Engine/EngineMaterials/Substrate/GLints/dict_16_192_64_0p5_0p02_0046_0001" 6977
"/Engine/EngineMaterials/Substrate/GLints/dict_16_192_64_0p5_0p02_0046_0000" 6978
"/Engine/EngineMaterials/Substrate/GLints/dict_16_192_64_0p5_0p02_0045_0015" 6979
"/Engine/EngineMaterials/Substrate/GLints/dict_16_192_64_0p5_0p02_0045_0014" 6980
"/Engine/EngineMaterials/Substrate/GLints/dict_16_192_64_0p5_0p02_0047_0013" 6981
"../../../Engine/Content/EngineMaterials/Substrate/GLints/dict_16_192_64_0p5_0p02_0048_0003.uasset" 6982
"../../../Engine/Content/EngineMaterials/Substrate/GLints/dict_16_192_64_0p5_0p02_0048_0001.uasset" 6983
"../../../Engine/Content/EngineMaterials/Substrate/GLints/dict_16_192_64_0p5_0p02_0048_0007.uasset" 6984
"../../../Engine/Content/EngineMaterials/Substrate/GLints/dict_16_192_64_0p5_0p02_0047_0015.uasset" 6985
"../../../Engine/Content/EngineMaterials/Substrate/GLints/dict_16_192_64_0p5_0p02_0048_0006.uasset" 6986
"../../../Engine/Content/EngineMaterials/Substrate/GLints/dict_16_192_64_0p5_0p02_0048_0004.uasset" 6987
"../../../Engine/Content/EngineMaterials/Substrate/GLints/dict_16_192_64_0p5_0p02_0048_0005.uasset" 6988
"../../../Engine/Content/EngineMaterials/Substrate/GLints/dict_16_192_64_0p5_0p02_0047_0014.uasset" 6989
"../../../Engine/Content/EngineMaterials/Substrate/GLints/dict_16_192_64_0p5_0p02_0048_0000.uasset" 6990
"../../../Engine/Content/EngineMaterials/Substrate/GLints/dict_16_192_64_0p5_0p02_0048_0002.uasset" 6991
"/Engine/EngineMaterials/Substrate/GLints/dict_16_192_64_0p5_0p02_0047_0012" 6992
"../../../Engine/Content/EngineMaterials/Substrate/GLints/dict_16_192_64_0p5_0p02_0048_0008.uasset" 6993
"../../../Engine/Content/EngineMaterials/Substrate/GLints/dict_16_192_64_0p5_0p02_0048_0009.uasset" 6994
"../../../Engine/Content/EngineMaterials/Substrate/GLints/dict_16_192_64_0p5_0p02_0048_0010.uasset" 6995
"../../../Engine/Content/EngineMaterials/Substrate/GLints/dict_16_192_64_0p5_0p02_0048_0012.uasset" 6996
"../../../Engine/Content/EngineMaterials/Substrate/GLints/dict_16_192_64_0p5_0p02_0048_0011.uasset" 6997
"../../../Engine/Content/EngineMaterials/Substrate/GLints/dict_16_192_64_0p5_0p02_0048_0013.uasset" 6998
"../../../Engine/Content/EngineMaterials/Substrate/GLints/dict_16_192_64_0p5_0p02_0048_0014.uasset" 6999
"../../../Engine/Content/EngineMaterials/Substrate/GLints/dict_16_192_64_0p5_0p02_0048_0015.uasset" 7000
"../../../Engine/Content/EngineMaterials/Substrate/GLints/dict_16_192_64_0p5_0p02_0049_0000.uasset" 7001
"/Engine/EngineMaterials/Substrate/GLints/dict_16_192_64_0p5_0p02_0047_0011" 7002
"../../../Engine/Content/EngineMaterials/Substrate/GLints/dict_16_192_64_0p5_0p02_0049_0001.uasset" 7003
"../../../Engine/Content/EngineMaterials/Substrate/GLints/dict_16_192_64_0p5_0p02_0049_0002.uasset" 7004
"/Engine/EngineMaterials/Substrate/GLints/dict_16_192_64_0p5_0p02_0047_0010" 7005
"/Engine/EngineMaterials/Substrate/GLints/dict_16_192_64_0p5_0p02_0047_0009" 7006
"/Engine/EngineMaterials/Substrate/GLints/dict_16_192_64_0p5_0p02_0047_0008" 7007
"/Engine/EngineMaterials/Substrate/GLints/dict_16_192_64_0p5_0p02_0047_0007" 7008
"/Engine/EngineMaterials/Substrate/GLints/dict_16_192_64_0p5_0p02_0047_0006" 7009
"/Engine/EngineMaterials/Substrate/GLints/dict_16_192_64_0p5_0p02_0047_0005" 7010
"/Engine/EngineMaterials/Substrate/GLints/dict_16_192_64_0p5_0p02_0047_0004" 7011
"/Engine/EngineMaterials/Substrate/GLints/dict_16_192_64_0p5_0p02_0047_0000" 7012
"../../../Engine/Content/EngineMaterials/Substrate/GLints/dict_16_192_64_0p5_0p02_0049_0006.uasset" 7013
"/Engine/EngineMaterials/Substrate/GLints/dict_16_192_64_0p5_0p02_0049_0002" 7014
"../../../Engine/Content/EngineMaterials/Substrate/GLints/dict_16_192_64_0p5_0p02_0049_0010.uasset" 7015
"../../../Engine/Content/EngineMaterials/Substrate/GLints/dict_16_192_64_0p5_0p02_0049_0003.uasset" 7016
"../../../Engine/Content/EngineMaterials/Substrate/GLints/dict_16_192_64_0p5_0p02_0049_0005.uasset" 7017
"../../../Engine/Content/EngineMaterials/Substrate/GLints/dict_16_192_64_0p5_0p02_0049_0008.uasset" 7018
"../../../Engine/Content/EngineMaterials/Substrate/GLints/dict_16_192_64_0p5_0p02_0049_0007.uasset" 7019
"../../../Engine/Content/EngineMaterials/Substrate/GLints/dict_16_192_64_0p5_0p02_0049_0004.uasset" 7020
"../../../Engine/Content/EngineMaterials/Substrate/GLints/dict_16_192_64_0p5_0p02_0049_0009.uasset" 7021
"../../../Engine/Content/EngineMaterials/Substrate/GLints/dict_16_192_64_0p5_0p02_0049_0012.uasset" 7022
"../../../Engine/Content/EngineMaterials/Substrate/GLints/dict_16_192_64_0p5_0p02_0049_0011.uasset" 7023
"/Engine/EngineMaterials/Substrate/GLints/dict_16_192_64_0p5_0p02_0049_0001" 7024
"../../../Engine/Content/EngineMaterials/Substrate/GLints/dict_16_192_64_0p5_0p02_0049_0013.uasset" 7025
"/Engine/EngineMaterials/Substrate/GLints/dict_16_192_64_0p5_0p02_0049_0000" 7026
"/Engine/EngineMaterials/Substrate/GLints/dict_16_192_64_0p5_0p02_0048_0015" 7027
"/Engine/EngineMaterials/Substrate/GLints/dict_16_192_64_0p5_0p02_0048_0014" 7028
"/Engine/EngineMaterials/Substrate/GLints/dict_16_192_64_0p5_0p02_0048_0013" 7029
"/Engine/EngineMaterials/Substrate/GLints/dict_16_192_64_0p5_0p02_0048_0012" 7030
"/Engine/EngineMaterials/Substrate/GLints/dict_16_192_64_0p5_0p02_0048_0011" 7031
"/Engine/EngineMaterials/Substrate/GLints/dict_16_192_64_0p5_0p02_0048_0010" 7032
"/Engine/EngineMaterials/Substrate/GLints/dict_16_192_64_0p5_0p02_0048_0009" 7033
"/Engine/EngineMaterials/Substrate/GLints/dict_16_192_64_0p5_0p02_0048_0008" 7034
"/Engine/EngineMaterials/Substrate/GLints/dict_16_192_64_0p5_0p02_0048_0007" 7035
"/Engine/EngineMaterials/Substrate/GLints/dict_16_192_64_0p5_0p02_0048_0006" 7036
"/Engine/EngineMaterials/Substrate/GLints/dict_16_192_64_0p5_0p02_0048_0005" 7037
"/Engine/EngineMaterials/Substrate/GLints/dict_16_192_64_0p5_0p02_0048_0004" 7038
"/Engine/EngineMaterials/Substrate/GLints/dict_16_192_64_0p5_0p02_0048_0003" 7039
"/Engine/EngineMaterials/Substrate/GLints/dict_16_192_64_0p5_0p02_0048_0002" 7040
"/Engine/EngineMaterials/Substrate/GLints/dict_16_192_64_0p5_0p02_0048_0001" 7041
"/Engine/EngineMaterials/Substrate/GLints/dict_16_192_64_0p5_0p02_0048_0000" 7042
"/Engine/EngineMaterials/Substrate/GLints/dict_16_192_64_0p5_0p02_0047_0015" 7043
"/Engine/EngineMaterials/Substrate/GLints/dict_16_192_64_0p5_0p02_0047_0014" 7044
"../../../Engine/Content/EngineMaterials/Substrate/GLints/dict_16_192_64_0p5_0p02_0050_0001.uasset" 7045
"/Engine/EngineMaterials/Substrate/GLints/dict_16_192_64_0p5_0p02_0049_0013" 7046
"../../../Engine/Content/EngineMaterials/Substrate/GLints/dict_16_192_64_0p5_0p02_0049_0015.uasset" 7047
"../../../Engine/Content/EngineMaterials/Substrate/GLints/dict_16_192_64_0p5_0p02_0050_0000.uasset" 7048
"../../../Engine/Content/EngineMaterials/Substrate/GLints/dict_16_192_64_0p5_0p02_0049_0014.uasset" 7049
"../../../Engine/Content/EngineMaterials/Substrate/GLints/dict_16_192_64_0p5_0p02_0050_0002.uasset" 7050
"../../../Engine/Content/EngineMaterials/Substrate/GLints/dict_16_192_64_0p5_0p02_0050_0003.uasset" 7051
"../../../Engine/Content/EngineMaterials/Substrate/GLints/dict_16_192_64_0p5_0p02_0050_0004.uasset" 7052
"../../../Engine/Content/EngineMaterials/Substrate/GLints/dict_16_192_64_0p5_0p02_0050_0005.uasset" 7053
"../../../Engine/Content/EngineMaterials/Substrate/GLints/dict_16_192_64_0p5_0p02_0050_0006.uasset" 7054
"../../../Engine/Content/EngineMaterials/Substrate/GLints/dict_16_192_64_0p5_0p02_0050_0007.uasset" 7055
"/Engine/EngineMaterials/Substrate/GLints/dict_16_192_64_0p5_0p02_0049_0012" 7056
"../../../Engine/Content/EngineMaterials/Substrate/GLints/dict_16_192_64_0p5_0p02_0050_0013.uasset" 7057
"../../../Engine/Content/EngineMaterials/Substrate/GLints/dict_16_192_64_0p5_0p02_0050_0012.uasset" 7058
"../../../Engine/Content/EngineMaterials/Substrate/GLints/dict_16_192_64_0p5_0p02_0050_0010.uasset" 7059
"../../../Engine/Content/EngineMaterials/Substrate/GLints/dict_16_192_64_0p5_0p02_0050_0011.uasset" 7060
"../../../Engine/Content/EngineMaterials/Substrate/GLints/dict_16_192_64_0p5_0p02_0050_0008.uasset" 7061
"../../../Engine/Content/EngineMaterials/Substrate/GLints/dict_16_192_64_0p5_0p02_0050_0009.uasset" 7062
"../../../Engine/Content/EngineMaterials/Substrate/GLints/dict_16_192_64_0p5_0p02_0050_0015.uasset" 7063
"../../../Engine/Content/EngineMaterials/Substrate/GLints/dict_16_192_64_0p5_0p02_0050_0014.uasset" 7064
"../../../Engine/Content/EngineMaterials/Substrate/GLints/dict_16_192_64_0p5_0p02_0051_0000.uasset" 7065
"../../../Engine/Content/EngineMaterials/Substrate/GLints/dict_16_192_64_0p5_0p02_0051_0001.uasset" 7066
"../../../Engine/Content/EngineMaterials/Substrate/GLints/dict_16_192_64_0p5_0p02_0051_0002.uasset" 7067
"/Engine/EngineMaterials/Substrate/GLints/dict_16_192_64_0p5_0p02_0049_0011" 7068
"/Engine/EngineMaterials/Substrate/GLints/dict_16_192_64_0p5_0p02_0049_0010" 7069
"/Engine/EngineMaterials/Substrate/GLints/dict_16_192_64_0p5_0p02_0049_0009" 7070
"/Engine/EngineMaterials/Substrate/GLints/dict_16_192_64_0p5_0p02_0049_0008" 7071
"/Engine/EngineMaterials/Substrate/GLints/dict_16_192_64_0p5_0p02_0049_0007" 7072
"/Engine/EngineMaterials/Substrate/GLints/dict_16_192_64_0p5_0p02_0049_0006" 7073
"/Engine/EngineMaterials/Substrate/GLints/dict_16_192_64_0p5_0p02_0049_0005" 7074
"/Engine/EngineMaterials/Substrate/GLints/dict_16_192_64_0p5_0p02_0049_0004" 7075
"/Engine/EngineMaterials/Substrate/GLints/dict_16_192_64_0p5_0p02_0049_0003" 7076
"../../../Engine/Content/EngineMaterials/Substrate/GLints/dict_16_192_64_0p5_0p02_0051_0008.uasset" 7077
"../../../Engine/Content/EngineMaterials/Substrate/GLints/dict_16_192_64_0p5_0p02_0051_0011.uasset" 7078
"../../../Engine/Content/EngineMaterials/Substrate/GLints/dict_16_192_64_0p5_0p02_0051_0005.uasset" 7079
"/Engine/EngineMaterials/Substrate/GLints/dict_16_192_64_0p5_0p02_0051_0002" 7080
"../../../Engine/Content/EngineMaterials/Substrate/GLints/dict_16_192_64_0p5_0p02_0051_0004.uasset" 7081
"../../../Engine/Content/EngineMaterials/Substrate/GLints/dict_16_192_64_0p5_0p02_0051_0010.uasset" 7082
"../../../Engine/Content/EngineMaterials/Substrate/GLints/dict_16_192_64_0p5_0p02_0051_0009.uasset" 7083
"../../../Engine/Content/EngineMaterials/Substrate/GLints/dict_16_192_64_0p5_0p02_0051_0006.uasset" 7084
"../../../Engine/Content/EngineMaterials/Substrate/GLints/dict_16_192_64_0p5_0p02_0051_0003.uasset" 7085
"../../../Engine/Content/EngineMaterials/Substrate/GLints/dict_16_192_64_0p5_0p02_0051_0007.uasset" 7086
"../../../Engine/Content/EngineMaterials/Substrate/GLints/dict_16_192_64_0p5_0p02_0051_0012.uasset" 7087
"../../../Engine/Content/EngineMaterials/Substrate/GLints/dict_16_192_64_0p5_0p02_0051_0013.uasset" 7088
"/Engine/EngineMaterials/Substrate/GLints/dict_16_192_64_0p5_0p02_0051_0001" 7089
"/Engine/EngineMaterials/Substrate/GLints/dict_16_192_64_0p5_0p02_0051_0000" 7090
"/Engine/EngineMaterials/Substrate/GLints/dict_16_192_64_0p5_0p02_0050_0015" 7091
"/Engine/EngineMaterials/Substrate/GLints/dict_16_192_64_0p5_0p02_0050_0014" 7092
"/Engine/EngineMaterials/Substrate/GLints/dict_16_192_64_0p5_0p02_0050_0013" 7093
"/Engine/EngineMaterials/Substrate/GLints/dict_16_192_64_0p5_0p02_0050_0012" 7094
"/Engine/EngineMaterials/Substrate/GLints/dict_16_192_64_0p5_0p02_0050_0011" 7095
"/Engine/EngineMaterials/Substrate/GLints/dict_16_192_64_0p5_0p02_0050_0010" 7096
"/Engine/EngineMaterials/Substrate/GLints/dict_16_192_64_0p5_0p02_0050_0009" 7097
"/Engine/EngineMaterials/Substrate/GLints/dict_16_192_64_0p5_0p02_0050_0008" 7098
"/Engine/EngineMaterials/Substrate/GLints/dict_16_192_64_0p5_0p02_0050_0007" 7099
"/Engine/EngineMaterials/Substrate/GLints/dict_16_192_64_0p5_0p02_0050_0006" 7100
"/Engine/EngineMaterials/Substrate/GLints/dict_16_192_64_0p5_0p02_0050_0005" 7101
"/Engine/EngineMaterials/Substrate/GLints/dict_16_192_64_0p5_0p02_0050_0004" 7102
"/Engine/EngineMaterials/Substrate/GLints/dict_16_192_64_0p5_0p02_0050_0003" 7103
"/Engine/EngineMaterials/Substrate/GLints/dict_16_192_64_0p5_0p02_0050_0002" 7104
"/Engine/EngineMaterials/Substrate/GLints/dict_16_192_64_0p5_0p02_0050_0001" 7105
"/Engine/EngineMaterials/Substrate/GLints/dict_16_192_64_0p5_0p02_0050_0000" 7106
"/Engine/EngineMaterials/Substrate/GLints/dict_16_192_64_0p5_0p02_0049_0015" 7107
"/Engine/EngineMaterials/Substrate/GLints/dict_16_192_64_0p5_0p02_0049_0014" 7108
"../../../Engine/Content/EngineMaterials/Substrate/GLints/dict_16_192_64_0p5_0p02_0052_0001.uasset" 7109
"../../../Engine/Content/EngineMaterials/Substrate/GLints/dict_16_192_64_0p5_0p02_0052_0004.uasset" 7110
"/Engine/EngineMaterials/Substrate/GLints/dict_16_192_64_0p5_0p02_0051_0013" 7111
"../../../Engine/Content/EngineMaterials/Substrate/GLints/dict_16_192_64_0p5_0p02_0051_0015.uasset" 7112
"../../../Engine/Content/EngineMaterials/Substrate/GLints/dict_16_192_64_0p5_0p02_0051_0014.uasset" 7113
"../../../Engine/Content/EngineMaterials/Substrate/GLints/dict_16_192_64_0p5_0p02_0052_0000.uasset" 7114
"../../../Engine/Content/EngineMaterials/Substrate/GLints/dict_16_192_64_0p5_0p02_0052_0005.uasset" 7115
"../../../Engine/Content/EngineMaterials/Substrate/GLints/dict_16_192_64_0p5_0p02_0052_0006.uasset" 7116
"../../../Engine/Content/EngineMaterials/Substrate/GLints/dict_16_192_64_0p5_0p02_0052_0002.uasset" 7117
"../../../Engine/Content/EngineMaterials/Substrate/GLints/dict_16_192_64_0p5_0p02_0052_0003.uasset" 7118
"../../../Engine/Content/EngineMaterials/Substrate/GLints/dict_16_192_64_0p5_0p02_0052_0007.uasset" 7119
"../../../Engine/Content/EngineMaterials/Substrate/GLints/dict_16_192_64_0p5_0p02_0052_0008.uasset" 7120
"../../../Engine/Content/EngineMaterials/Substrate/GLints/dict_16_192_64_0p5_0p02_0052_0011.uasset" 7121
"../../../Engine/Content/EngineMaterials/Substrate/GLints/dict_16_192_64_0p5_0p02_0052_0012.uasset" 7122
"../../../Engine/Content/EngineMaterials/Substrate/GLints/dict_16_192_64_0p5_0p02_0052_0009.uasset" 7123
"../../../Engine/Content/EngineMaterials/Substrate/GLints/dict_16_192_64_0p5_0p02_0052_0013.uasset" 7124
"../../../Engine/Content/EngineMaterials/Substrate/GLints/dict_16_192_64_0p5_0p02_0052_0010.uasset" 7125
"/Engine/EngineMaterials/Substrate/GLints/dict_16_192_64_0p5_0p02_0051_0012" 7126
"../../../Engine/Content/EngineMaterials/Substrate/GLints/dict_16_192_64_0p5_0p02_0052_0014.uasset" 7127
"../../../Engine/Content/EngineMaterials/Substrate/GLints/dict_16_192_64_0p5_0p02_0052_0015.uasset" 7128
"../../../Engine/Content/EngineMaterials/Substrate/GLints/dict_16_192_64_0p5_0p02_0053_0000.uasset" 7129
"../../../Engine/Content/EngineMaterials/Substrate/GLints/dict_16_192_64_0p5_0p02_0053_0002.uasset" 7130
"../../../Engine/Content/EngineMaterials/Substrate/GLints/dict_16_192_64_0p5_0p02_0053_0001.uasset" 7131
"/Engine/EngineMaterials/Substrate/GLints/dict_16_192_64_0p5_0p02_0051_0011" 7132
"/Engine/EngineMaterials/Substrate/GLints/dict_16_192_64_0p5_0p02_0051_0010" 7133
"/Engine/EngineMaterials/Substrate/GLints/dict_16_192_64_0p5_0p02_0051_0009" 7134
"/Engine/EngineMaterials/Substrate/GLints/dict_16_192_64_0p5_0p02_0051_0008" 7135
"/Engine/EngineMaterials/Substrate/GLints/dict_16_192_64_0p5_0p02_0051_0007" 7136
"/Engine/EngineMaterials/Substrate/GLints/dict_16_192_64_0p5_0p02_0051_0006" 7137
"/Engine/EngineMaterials/Substrate/GLints/dict_16_192_64_0p5_0p02_0051_0005" 7138
"/Engine/EngineMaterials/Substrate/GLints/dict_16_192_64_0p5_0p02_0051_0004" 7139
"/Engine/EngineMaterials/Substrate/GLints/dict_16_192_64_0p5_0p02_0051_0003" 7140
"../../../Engine/Content/EngineMaterials/Substrate/GLints/dict_16_192_64_0p5_0p02_0053_0005.uasset" 7141
"/Engine/EngineMaterials/Substrate/GLints/dict_16_192_64_0p5_0p02_0053_0002" 7142
"../../../Engine/Content/EngineMaterials/Substrate/GLints/dict_16_192_64_0p5_0p02_0053_0008.uasset" 7143
"../../../Engine/Content/EngineMaterials/Substrate/GLints/dict_16_192_64_0p5_0p02_0053_0003.uasset" 7144
"../../../Engine/Content/EngineMaterials/Substrate/GLints/dict_16_192_64_0p5_0p02_0053_0010.uasset" 7145
"../../../Engine/Content/EngineMaterials/Substrate/GLints/dict_16_192_64_0p5_0p02_0053_0007.uasset" 7146
"../../../Engine/Content/EngineMaterials/Substrate/GLints/dict_16_192_64_0p5_0p02_0053_0011.uasset" 7147
"../../../Engine/Content/EngineMaterials/Substrate/GLints/dict_16_192_64_0p5_0p02_0053_0004.uasset" 7148
"/Engine/EngineMaterials/Substrate/GLints/dict_16_192_64_0p5_0p02_0053_0001" 7149
"../../../Engine/Content/EngineMaterials/Substrate/GLints/dict_16_192_64_0p5_0p02_0053_0009.uasset" 7150
"../../../Engine/Content/EngineMaterials/Substrate/GLints/dict_16_192_64_0p5_0p02_0053_0006.uasset" 7151
"../../../Engine/Content/EngineMaterials/Substrate/GLints/dict_16_192_64_0p5_0p02_0053_0012.uasset" 7152
"../../../Engine/Content/EngineMaterials/Substrate/GLints/dict_16_192_64_0p5_0p02_0053_0013.uasset" 7153
"/Engine/EngineMaterials/Substrate/GLints/dict_16_192_64_0p5_0p02_0053_0000" 7154
"/Engine/EngineMaterials/Substrate/GLints/dict_16_192_64_0p5_0p02_0052_0015" 7155
"/Engine/EngineMaterials/Substrate/GLints/dict_16_192_64_0p5_0p02_0052_0014" 7156
"/Engine/EngineMaterials/Substrate/GLints/dict_16_192_64_0p5_0p02_0052_0013" 7157
"/Engine/EngineMaterials/Substrate/GLints/dict_16_192_64_0p5_0p02_0052_0012" 7158
"/Engine/EngineMaterials/Substrate/GLints/dict_16_192_64_0p5_0p02_0052_0011" 7159
"/Engine/EngineMaterials/Substrate/GLints/dict_16_192_64_0p5_0p02_0052_0010" 7160
"/Engine/EngineMaterials/Substrate/GLints/dict_16_192_64_0p5_0p02_0052_0009" 7161
"/Engine/EngineMaterials/Substrate/GLints/dict_16_192_64_0p5_0p02_0052_0008" 7162
"/Engine/EngineMaterials/Substrate/GLints/dict_16_192_64_0p5_0p02_0052_0007" 7163
"/Engine/EngineMaterials/Substrate/GLints/dict_16_192_64_0p5_0p02_0052_0006" 7164
"/Engine/EngineMaterials/Substrate/GLints/dict_16_192_64_0p5_0p02_0052_0005" 7165
"/Engine/EngineMaterials/Substrate/GLints/dict_16_192_64_0p5_0p02_0052_0004" 7166
"/Engine/EngineMaterials/Substrate/GLints/dict_16_192_64_0p5_0p02_0052_0003" 7167
"/Engine/EngineMaterials/Substrate/GLints/dict_16_192_64_0p5_0p02_0052_0002" 7168
"/Engine/EngineMaterials/Substrate/GLints/dict_16_192_64_0p5_0p02_0052_0001" 7169
"/Engine/EngineMaterials/Substrate/GLints/dict_16_192_64_0p5_0p02_0052_0000" 7170
"/Engine/EngineMaterials/Substrate/GLints/dict_16_192_64_0p5_0p02_0051_0015" 7171
"/Engine/EngineMaterials/Substrate/GLints/dict_16_192_64_0p5_0p02_0051_0014" 7172
"../../../Engine/Content/EngineMaterials/Substrate/GLints/dict_16_192_64_0p5_0p02_0053_0014.uasset" 7173
"../../../Engine/Content/EngineMaterials/Substrate/GLints/dict_16_192_64_0p5_0p02_0054_0000.uasset" 7174
"../../../Engine/Content/EngineMaterials/Substrate/GLints/dict_16_192_64_0p5_0p02_0054_0005.uasset" 7175
"../../../Engine/Content/EngineMaterials/Substrate/GLints/dict_16_192_64_0p5_0p02_0054_0004.uasset" 7176
"../../../Engine/Content/EngineMaterials/Substrate/GLints/dict_16_192_64_0p5_0p02_0053_0015.uasset" 7177
"/Engine/EngineMaterials/Substrate/GLints/dict_16_192_64_0p5_0p02_0053_0013" 7178
"../../../Engine/Content/EngineMaterials/Substrate/GLints/dict_16_192_64_0p5_0p02_0054_0006.uasset" 7179
"../../../Engine/Content/EngineMaterials/Substrate/GLints/dict_16_192_64_0p5_0p02_0054_0001.uasset" 7180
"../../../Engine/Content/EngineMaterials/Substrate/GLints/dict_16_192_64_0p5_0p02_0054_0002.uasset" 7181
"/Engine/EngineMaterials/Substrate/GLints/dict_16_192_64_0p5_0p02_0053_0012" 7182
"../../../Engine/Content/EngineMaterials/Substrate/GLints/dict_16_192_64_0p5_0p02_0054_0007.uasset" 7183
"/Engine/EngineMaterials/Substrate/GLints/dict_16_192_64_0p5_0p02_0053_0011" 7184
"../../../Engine/Content/EngineMaterials/Substrate/GLints/dict_16_192_64_0p5_0p02_0054_0008.uasset" 7185
"../../../Engine/Content/EngineMaterials/Substrate/GLints/dict_16_192_64_0p5_0p02_0054_0009.uasset" 7186
"../../../Engine/Content/EngineMaterials/Substrate/GLints/dict_16_192_64_0p5_0p02_0054_0010.uasset" 7187
"../../../Engine/Content/EngineMaterials/Substrate/GLints/dict_16_192_64_0p5_0p02_0054_0013.uasset" 7188
"../../../Engine/Content/EngineMaterials/Substrate/GLints/dict_16_192_64_0p5_0p02_0054_0011.uasset" 7189
"../../../Engine/Content/EngineMaterials/Substrate/GLints/dict_16_192_64_0p5_0p02_0054_0012.uasset" 7190
"../../../Engine/Content/EngineMaterials/Substrate/GLints/dict_16_192_64_0p5_0p02_0054_0014.uasset" 7191
"../../../Engine/Content/EngineMaterials/Substrate/GLints/dict_16_192_64_0p5_0p02_0054_0015.uasset" 7192
"../../../Engine/Content/EngineMaterials/Substrate/GLints/dict_16_192_64_0p5_0p02_0055_0000.uasset" 7193
"../../../Engine/Content/EngineMaterials/Substrate/GLints/dict_16_192_64_0p5_0p02_0054_0003.uasset" 7194
"../../../Engine/Content/EngineMaterials/Substrate/GLints/dict_16_192_64_0p5_0p02_0055_0002.uasset" 7195
"../../../Engine/Content/EngineMaterials/Substrate/GLints/dict_16_192_64_0p5_0p02_0055_0001.uasset" 7196
"/Engine/EngineMaterials/Substrate/GLints/dict_16_192_64_0p5_0p02_0053_0010" 7197
"/Engine/EngineMaterials/Substrate/GLints/dict_16_192_64_0p5_0p02_0053_0009" 7198
"/Engine/EngineMaterials/Substrate/GLints/dict_16_192_64_0p5_0p02_0053_0008" 7199
"/Engine/EngineMaterials/Substrate/GLints/dict_16_192_64_0p5_0p02_0053_0007" 7200
"/Engine/EngineMaterials/Substrate/GLints/dict_16_192_64_0p5_0p02_0053_0006" 7201
"/Engine/EngineMaterials/Substrate/GLints/dict_16_192_64_0p5_0p02_0053_0005" 7202
"/Engine/EngineMaterials/Substrate/GLints/dict_16_192_64_0p5_0p02_0053_0004" 7203
"/Engine/EngineMaterials/Substrate/GLints/dict_16_192_64_0p5_0p02_0053_0003" 7204
"../../../Engine/Content/EngineMaterials/Substrate/GLints/dict_16_192_64_0p5_0p02_0055_0010.uasset" 7205
"../../../Engine/Content/EngineMaterials/Substrate/GLints/dict_16_192_64_0p5_0p02_0055_0005.uasset" 7206
"../../../Engine/Content/EngineMaterials/Substrate/GLints/dict_16_192_64_0p5_0p02_0055_0009.uasset" 7207
"../../../Engine/Content/EngineMaterials/Substrate/GLints/dict_16_192_64_0p5_0p02_0055_0007.uasset" 7208
"/Engine/EngineMaterials/Substrate/GLints/dict_16_192_64_0p5_0p02_0055_0002" 7209
"../../../Engine/Content/EngineMaterials/Substrate/GLints/dict_16_192_64_0p5_0p02_0055_0006.uasset" 7210
"../../../Engine/Content/EngineMaterials/Substrate/GLints/dict_16_192_64_0p5_0p02_0055_0004.uasset" 7211
"../../../Engine/Content/EngineMaterials/Substrate/GLints/dict_16_192_64_0p5_0p02_0055_0012.uasset" 7212
"../../../Engine/Content/EngineMaterials/Substrate/GLints/dict_16_192_64_0p5_0p02_0055_0011.uasset" 7213
"../../../Engine/Content/EngineMaterials/Substrate/GLints/dict_16_192_64_0p5_0p02_0055_0008.uasset" 7214
"../../../Engine/Content/EngineMaterials/Substrate/GLints/dict_16_192_64_0p5_0p02_0055_0003.uasset" 7215
"../../../Engine/Content/EngineMaterials/Substrate/GLints/dict_16_192_64_0p5_0p02_0055_0013.uasset" 7216
"/Engine/EngineMaterials/Substrate/GLints/dict_16_192_64_0p5_0p02_0055_0001" 7217
"/Engine/EngineMaterials/Substrate/GLints/dict_16_192_64_0p5_0p02_0055_0000" 7218
"/Engine/EngineMaterials/Substrate/GLints/dict_16_192_64_0p5_0p02_0054_0015" 7219
"/Engine/EngineMaterials/Substrate/GLints/dict_16_192_64_0p5_0p02_0054_0014" 7220
"/Engine/EngineMaterials/Substrate/GLints/dict_16_192_64_0p5_0p02_0054_0013" 7221
"/Engine/EngineMaterials/Substrate/GLints/dict_16_192_64_0p5_0p02_0054_0012" 7222
"/Engine/EngineMaterials/Substrate/GLints/dict_16_192_64_0p5_0p02_0054_0011" 7223
"/Engine/EngineMaterials/Substrate/GLints/dict_16_192_64_0p5_0p02_0054_0010" 7224
"/Engine/EngineMaterials/Substrate/GLints/dict_16_192_64_0p5_0p02_0054_0009" 7225
"/Engine/EngineMaterials/Substrate/GLints/dict_16_192_64_0p5_0p02_0054_0008" 7226
"/Engine/EngineMaterials/Substrate/GLints/dict_16_192_64_0p5_0p02_0054_0007" 7227
"/Engine/EngineMaterials/Substrate/GLints/dict_16_192_64_0p5_0p02_0054_0006" 7228
"/Engine/EngineMaterials/Substrate/GLints/dict_16_192_64_0p5_0p02_0054_0005" 7229
"/Engine/EngineMaterials/Substrate/GLints/dict_16_192_64_0p5_0p02_0054_0004" 7230
"/Engine/EngineMaterials/Substrate/GLints/dict_16_192_64_0p5_0p02_0054_0003" 7231
"/Engine/EngineMaterials/Substrate/GLints/dict_16_192_64_0p5_0p02_0054_0002" 7232
"/Engine/EngineMaterials/Substrate/GLints/dict_16_192_64_0p5_0p02_0054_0001" 7233
"/Engine/EngineMaterials/Substrate/GLints/dict_16_192_64_0p5_0p02_0054_0000" 7234
"/Engine/EngineMaterials/Substrate/GLints/dict_16_192_64_0p5_0p02_0053_0015" 7235
"/Engine/EngineMaterials/Substrate/GLints/dict_16_192_64_0p5_0p02_0053_0014" 7236
"../../../Engine/Content/EngineMaterials/Substrate/GLints/dict_16_192_64_0p5_0p02_0056_0004.uasset" 7237
"../../../Engine/Content/EngineMaterials/Substrate/GLints/dict_16_192_64_0p5_0p02_0055_0015.uasset" 7238
"../../../Engine/Content/EngineMaterials/Substrate/GLints/dict_16_192_64_0p5_0p02_0055_0014.uasset" 7239
"../../../Engine/Content/EngineMaterials/Substrate/GLints/dict_16_192_64_0p5_0p02_0056_0002.uasset" 7240
"../../../Engine/Content/EngineMaterials/Substrate/GLints/dict_16_192_64_0p5_0p02_0056_0001.uasset" 7241
"../../../Engine/Content/EngineMaterials/Substrate/GLints/dict_16_192_64_0p5_0p02_0056_0003.uasset" 7242
"/Engine/EngineMaterials/Substrate/GLints/dict_16_192_64_0p5_0p02_0055_0013" 7243
"../../../Engine/Content/EngineMaterials/Substrate/GLints/dict_16_192_64_0p5_0p02_0056_0000.uasset" 7244
"../../../Engine/Content/EngineMaterials/Substrate/GLints/dict_16_192_64_0p5_0p02_0056_0007.uasset" 7245
"../../../Engine/Content/EngineMaterials/Substrate/GLints/dict_16_192_64_0p5_0p02_0056_0006.uasset" 7246
"../../../Engine/Content/EngineMaterials/Substrate/GLints/dict_16_192_64_0p5_0p02_0056_0005.uasset" 7247
"../../../Engine/Content/EngineMaterials/Substrate/GLints/dict_16_192_64_0p5_0p02_0056_0008.uasset" 7248
"../../../Engine/Content/EngineMaterials/Substrate/GLints/dict_16_192_64_0p5_0p02_0056_0009.uasset" 7249
"../../../Engine/Content/EngineMaterials/Substrate/GLints/dict_16_192_64_0p5_0p02_0056_0010.uasset" 7250
"../../../Engine/Content/EngineMaterials/Substrate/GLints/dict_16_192_64_0p5_0p02_0056_0011.uasset" 7251
"../../../Engine/Content/EngineMaterials/Substrate/GLints/dict_16_192_64_0p5_0p02_0056_0013.uasset" 7252
"../../../Engine/Content/EngineMaterials/Substrate/GLints/dict_16_192_64_0p5_0p02_0056_0012.uasset" 7253
"../../../Engine/Content/EngineMaterials/Substrate/GLints/dict_16_192_64_0p5_0p02_0056_0015.uasset" 7254
"../../../Engine/Content/EngineMaterials/Substrate/GLints/dict_16_192_64_0p5_0p02_0056_0014.uasset" 7255
"/Engine/EngineMaterials/Substrate/GLints/dict_16_192_64_0p5_0p02_0055_0012" 7256
"../../../Engine/Content/EngineMaterials/Substrate/GLints/dict_16_192_64_0p5_0p02_0057_0000.uasset" 7257
"../../../Engine/Content/EngineMaterials/Substrate/GLints/dict_16_192_64_0p5_0p02_0057_0001.uasset" 7258
"../../../Engine/Content/EngineMaterials/Substrate/GLints/dict_16_192_64_0p5_0p02_0057_0002.uasset" 7259
"/Engine/EngineMaterials/Substrate/GLints/dict_16_192_64_0p5_0p02_0055_0011" 7260
"/Engine/EngineMaterials/Substrate/GLints/dict_16_192_64_0p5_0p02_0055_0010" 7261
"/Engine/EngineMaterials/Substrate/GLints/dict_16_192_64_0p5_0p02_0055_0009" 7262
"/Engine/EngineMaterials/Substrate/GLints/dict_16_192_64_0p5_0p02_0055_0008" 7263
"/Engine/EngineMaterials/Substrate/GLints/dict_16_192_64_0p5_0p02_0055_0007" 7264
"/Engine/EngineMaterials/Substrate/GLints/dict_16_192_64_0p5_0p02_0055_0006" 7265
"/Engine/EngineMaterials/Substrate/GLints/dict_16_192_64_0p5_0p02_0055_0005" 7266
"/Engine/EngineMaterials/Substrate/GLints/dict_16_192_64_0p5_0p02_0055_0004" 7267
"/Engine/EngineMaterials/Substrate/GLints/dict_16_192_64_0p5_0p02_0055_0003" 7268
"../../../Engine/Content/EngineMaterials/Substrate/GLints/dict_16_192_64_0p5_0p02_0057_0006.uasset" 7269
"../../../Engine/Content/EngineMaterials/Substrate/GLints/dict_16_192_64_0p5_0p02_0057_0010.uasset" 7270
"../../../Engine/Content/EngineMaterials/Substrate/GLints/dict_16_192_64_0p5_0p02_0057_0011.uasset" 7271
"../../../Engine/Content/EngineMaterials/Substrate/GLints/dict_16_192_64_0p5_0p02_0057_0005.uasset" 7272
"/Engine/EngineMaterials/Substrate/GLints/dict_16_192_64_0p5_0p02_0057_0002" 7273
"../../../Engine/Content/EngineMaterials/Substrate/GLints/dict_16_192_64_0p5_0p02_0057_0004.uasset" 7274
"../../../Engine/Content/EngineMaterials/Substrate/GLints/dict_16_192_64_0p5_0p02_0057_0008.uasset" 7275
"../../../Engine/Content/EngineMaterials/Substrate/GLints/dict_16_192_64_0p5_0p02_0057_0009.uasset" 7276
"../../../Engine/Content/EngineMaterials/Substrate/GLints/dict_16_192_64_0p5_0p02_0057_0007.uasset" 7277
"../../../Engine/Content/EngineMaterials/Substrate/GLints/dict_16_192_64_0p5_0p02_0057_0003.uasset" 7278
"../../../Engine/Content/EngineMaterials/Substrate/GLints/dict_16_192_64_0p5_0p02_0057_0012.uasset" 7279
"../../../Engine/Content/EngineMaterials/Substrate/GLints/dict_16_192_64_0p5_0p02_0057_0013.uasset" 7280
"/Engine/EngineMaterials/Substrate/GLints/dict_16_192_64_0p5_0p02_0057_0001" 7281
"/Engine/EngineMaterials/Substrate/GLints/dict_16_192_64_0p5_0p02_0057_0000" 7282
"/Engine/EngineMaterials/Substrate/GLints/dict_16_192_64_0p5_0p02_0056_0015" 7283
"/Engine/EngineMaterials/Substrate/GLints/dict_16_192_64_0p5_0p02_0056_0014" 7284
"/Engine/EngineMaterials/Substrate/GLints/dict_16_192_64_0p5_0p02_0056_0013" 7285
"/Engine/EngineMaterials/Substrate/GLints/dict_16_192_64_0p5_0p02_0056_0012" 7286
"/Engine/EngineMaterials/Substrate/GLints/dict_16_192_64_0p5_0p02_0056_0011" 7287
"/Engine/EngineMaterials/Substrate/GLints/dict_16_192_64_0p5_0p02_0056_0010" 7288
"/Engine/EngineMaterials/Substrate/GLints/dict_16_192_64_0p5_0p02_0056_0009" 7289
"/Engine/EngineMaterials/Substrate/GLints/dict_16_192_64_0p5_0p02_0056_0008" 7290
"/Engine/EngineMaterials/Substrate/GLints/dict_16_192_64_0p5_0p02_0056_0007" 7291
"/Engine/EngineMaterials/Substrate/GLints/dict_16_192_64_0p5_0p02_0056_0006" 7292
"/Engine/EngineMaterials/Substrate/GLints/dict_16_192_64_0p5_0p02_0056_0005" 7293
"/Engine/EngineMaterials/Substrate/GLints/dict_16_192_64_0p5_0p02_0056_0004" 7294
"/Engine/EngineMaterials/Substrate/GLints/dict_16_192_64_0p5_0p02_0056_0003" 7295
"/Engine/EngineMaterials/Substrate/GLints/dict_16_192_64_0p5_0p02_0056_0002" 7296
"/Engine/EngineMaterials/Substrate/GLints/dict_16_192_64_0p5_0p02_0056_0001" 7297
"/Engine/EngineMaterials/Substrate/GLints/dict_16_192_64_0p5_0p02_0056_0000" 7298
"/Engine/EngineMaterials/Substrate/GLints/dict_16_192_64_0p5_0p02_0055_0015" 7299
"/Engine/EngineMaterials/Substrate/GLints/dict_16_192_64_0p5_0p02_0055_0014" 7300
"../../../Engine/Content/EngineMaterials/Substrate/GLints/dict_16_192_64_0p5_0p02_0057_0015.uasset" 7301
"../../../Engine/Content/EngineMaterials/Substrate/GLints/dict_16_192_64_0p5_0p02_0057_0014.uasset" 7302
"/Engine/EngineMaterials/Substrate/GLints/dict_16_192_64_0p5_0p02_0057_0013" 7303
"../../../Engine/Content/EngineMaterials/Substrate/GLints/dict_16_192_64_0p5_0p02_0058_0005.uasset" 7304
"../../../Engine/Content/EngineMaterials/Substrate/GLints/dict_16_192_64_0p5_0p02_0058_0000.uasset" 7305
"../../../Engine/Content/EngineMaterials/Substrate/GLints/dict_16_192_64_0p5_0p02_0058_0002.uasset" 7306
"../../../Engine/Content/EngineMaterials/Substrate/GLints/dict_16_192_64_0p5_0p02_0058_0006.uasset" 7307
"../../../Engine/Content/EngineMaterials/Substrate/GLints/dict_16_192_64_0p5_0p02_0058_0003.uasset" 7308
"../../../Engine/Content/EngineMaterials/Substrate/GLints/dict_16_192_64_0p5_0p02_0058_0001.uasset" 7309
"../../../Engine/Content/EngineMaterials/Substrate/GLints/dict_16_192_64_0p5_0p02_0058_0004.uasset" 7310
"../../../Engine/Content/EngineMaterials/Substrate/GLints/dict_16_192_64_0p5_0p02_0058_0007.uasset" 7311
"/Engine/EngineMaterials/Substrate/GLints/dict_16_192_64_0p5_0p02_0057_0012" 7312
"../../../Engine/Content/EngineMaterials/Substrate/GLints/dict_16_192_64_0p5_0p02_0058_0008.uasset" 7313
"../../../Engine/Content/EngineMaterials/Substrate/GLints/dict_16_192_64_0p5_0p02_0058_0009.uasset" 7314
"../../../Engine/Content/EngineMaterials/Substrate/GLints/dict_16_192_64_0p5_0p02_0058_0010.uasset" 7315
"../../../Engine/Content/EngineMaterials/Substrate/GLints/dict_16_192_64_0p5_0p02_0058_0013.uasset" 7316
"../../../Engine/Content/EngineMaterials/Substrate/GLints/dict_16_192_64_0p5_0p02_0058_0015.uasset" 7317
"../../../Engine/Content/EngineMaterials/Substrate/GLints/dict_16_192_64_0p5_0p02_0058_0012.uasset" 7318
"../../../Engine/Content/EngineMaterials/Substrate/GLints/dict_16_192_64_0p5_0p02_0058_0011.uasset" 7319
"../../../Engine/Content/EngineMaterials/Substrate/GLints/dict_16_192_64_0p5_0p02_0058_0014.uasset" 7320
"../../../Engine/Content/EngineMaterials/Substrate/GLints/dict_16_192_64_0p5_0p02_0059_0000.uasset" 7321
"../../../Engine/Content/EngineMaterials/Substrate/GLints/dict_16_192_64_0p5_0p02_0059_0001.uasset" 7322
"../../../Engine/Content/EngineMaterials/Substrate/GLints/dict_16_192_64_0p5_0p02_0059_0002.uasset" 7323
"/Engine/EngineMaterials/Substrate/GLints/dict_16_192_64_0p5_0p02_0057_0011" 7324
"/Engine/EngineMaterials/Substrate/GLints/dict_16_192_64_0p5_0p02_0057_0010" 7325
"/Engine/EngineMaterials/Substrate/GLints/dict_16_192_64_0p5_0p02_0057_0009" 7326
"/Engine/EngineMaterials/Substrate/GLints/dict_16_192_64_0p5_0p02_0057_0008" 7327
"/Engine/EngineMaterials/Substrate/GLints/dict_16_192_64_0p5_0p02_0057_0007" 7328
"/Engine/EngineMaterials/Substrate/GLints/dict_16_192_64_0p5_0p02_0057_0006" 7329
"/Engine/EngineMaterials/Substrate/GLints/dict_16_192_64_0p5_0p02_0057_0005" 7330
"/Engine/EngineMaterials/Substrate/GLints/dict_16_192_64_0p5_0p02_0057_0004" 7331
"/Engine/EngineMaterials/Substrate/GLints/dict_16_192_64_0p5_0p02_0057_0003" 7332
"../../../Engine/Content/EngineMaterials/Substrate/GLints/dict_16_192_64_0p5_0p02_0059_0006.uasset" 7333
"../../../Engine/Content/EngineMaterials/Substrate/GLints/dict_16_192_64_0p5_0p02_0059_0005.uasset" 7334
"../../../Engine/Content/EngineMaterials/Substrate/GLints/dict_16_192_64_0p5_0p02_0059_0011.uasset" 7335
"../../../Engine/Content/EngineMaterials/Substrate/GLints/dict_16_192_64_0p5_0p02_0059_0008.uasset" 7336
"/Engine/EngineMaterials/Substrate/GLints/dict_16_192_64_0p5_0p02_0059_0002" 7337
"../../../Engine/Content/EngineMaterials/Substrate/GLints/dict_16_192_64_0p5_0p02_0059_0010.uasset" 7338
"../../../Engine/Content/EngineMaterials/Substrate/GLints/dict_16_192_64_0p5_0p02_0059_0003.uasset" 7339
"../../../Engine/Content/EngineMaterials/Substrate/GLints/dict_16_192_64_0p5_0p02_0059_0009.uasset" 7340
"../../../Engine/Content/EngineMaterials/Substrate/GLints/dict_16_192_64_0p5_0p02_0059_0004.uasset" 7341
"../../../Engine/Content/EngineMaterials/Substrate/GLints/dict_16_192_64_0p5_0p02_0059_0007.uasset" 7342
"../../../Engine/Content/EngineMaterials/Substrate/GLints/dict_16_192_64_0p5_0p02_0059_0012.uasset" 7343
"/Engine/EngineMaterials/Substrate/GLints/dict_16_192_64_0p5_0p02_0059_0001" 7344
"../../../Engine/Content/EngineMaterials/Substrate/GLints/dict_16_192_64_0p5_0p02_0059_0013.uasset" 7345
"/Engine/EngineMaterials/Substrate/GLints/dict_16_192_64_0p5_0p02_0059_0000" 7346
"/Engine/EngineMaterials/Substrate/GLints/dict_16_192_64_0p5_0p02_0058_0015" 7347
"/Engine/EngineMaterials/Substrate/GLints/dict_16_192_64_0p5_0p02_0058_0014" 7348
"/Engine/EngineMaterials/Substrate/GLints/dict_16_192_64_0p5_0p02_0058_0013" 7349
"/Engine/EngineMaterials/Substrate/GLints/dict_16_192_64_0p5_0p02_0058_0012" 7350
"/Engine/EngineMaterials/Substrate/GLints/dict_16_192_64_0p5_0p02_0058_0011" 7351
"/Engine/EngineMaterials/Substrate/GLints/dict_16_192_64_0p5_0p02_0058_0010" 7352
"/Engine/EngineMaterials/Substrate/GLints/dict_16_192_64_0p5_0p02_0058_0009" 7353
"/Engine/EngineMaterials/Substrate/GLints/dict_16_192_64_0p5_0p02_0058_0008" 7354
"/Engine/EngineMaterials/Substrate/GLints/dict_16_192_64_0p5_0p02_0058_0007" 7355
"/Engine/EngineMaterials/Substrate/GLints/dict_16_192_64_0p5_0p02_0058_0006" 7356
"/Engine/EngineMaterials/Substrate/GLints/dict_16_192_64_0p5_0p02_0058_0005" 7357
"/Engine/EngineMaterials/Substrate/GLints/dict_16_192_64_0p5_0p02_0058_0004" 7358
"/Engine/EngineMaterials/Substrate/GLints/dict_16_192_64_0p5_0p02_0058_0003" 7359
"/Engine/EngineMaterials/Substrate/GLints/dict_16_192_64_0p5_0p02_0058_0002" 7360
"/Engine/EngineMaterials/Substrate/GLints/dict_16_192_64_0p5_0p02_0058_0001" 7361
"/Engine/EngineMaterials/Substrate/GLints/dict_16_192_64_0p5_0p02_0058_0000" 7362
"/Engine/EngineMaterials/Substrate/GLints/dict_16_192_64_0p5_0p02_0057_0015" 7363
"/Engine/EngineMaterials/Substrate/GLints/dict_16_192_64_0p5_0p02_0057_0014" 7364
"../../../Engine/Content/EngineMaterials/Substrate/GLints/dict_16_192_64_0p5_0p02_0060_0001.uasset" 7365
"../../../Engine/Content/EngineMaterials/Substrate/GLints/dict_16_192_64_0p5_0p02_0060_0005.uasset" 7366
"../../../Engine/Content/EngineMaterials/Substrate/GLints/dict_16_192_64_0p5_0p02_0060_0000.uasset" 7367
"../../../Engine/Content/EngineMaterials/Substrate/GLints/dict_16_192_64_0p5_0p02_0059_0014.uasset" 7368
"/Engine/EngineMaterials/Substrate/GLints/dict_16_192_64_0p5_0p02_0059_0013" 7369
"../../../Engine/Content/EngineMaterials/Substrate/GLints/dict_16_192_64_0p5_0p02_0060_0003.uasset" 7370
"../../../Engine/Content/EngineMaterials/Substrate/GLints/dict_16_192_64_0p5_0p02_0060_0002.uasset" 7371
"../../../Engine/Content/EngineMaterials/Substrate/GLints/dict_16_192_64_0p5_0p02_0059_0015.uasset" 7372
"../../../Engine/Content/EngineMaterials/Substrate/GLints/dict_16_192_64_0p5_0p02_0060_0004.uasset" 7373
"../../../Engine/Content/EngineMaterials/Substrate/GLints/dict_16_192_64_0p5_0p02_0060_0006.uasset" 7374
"../../../Engine/Content/EngineMaterials/Substrate/GLints/dict_16_192_64_0p5_0p02_0060_0007.uasset" 7375
"../../../Engine/Content/EngineMaterials/Substrate/GLints/dict_16_192_64_0p5_0p02_0060_0011.uasset" 7376
"../../../Engine/Content/EngineMaterials/Substrate/GLints/dict_16_192_64_0p5_0p02_0060_0009.uasset" 7377
"../../../Engine/Content/EngineMaterials/Substrate/GLints/dict_16_192_64_0p5_0p02_0060_0008.uasset" 7378
"../../../Engine/Content/EngineMaterials/Substrate/GLints/dict_16_192_64_0p5_0p02_0060_0012.uasset" 7379
"../../../Engine/Content/EngineMaterials/Substrate/GLints/dict_16_192_64_0p5_0p02_0060_0014.uasset" 7380
"../../../Engine/Content/EngineMaterials/Substrate/GLints/dict_16_192_64_0p5_0p02_0060_0013.uasset" 7381
"../../../Engine/Content/EngineMaterials/Substrate/GLints/dict_16_192_64_0p5_0p02_0060_0010.uasset" 7382
"../../../Engine/Content/EngineMaterials/Substrate/GLints/dict_16_192_64_0p5_0p02_0060_0015.uasset" 7383
"../../../Engine/Content/EngineMaterials/Substrate/GLints/dict_16_192_64_0p5_0p02_0061_0000.uasset" 7384
"/Engine/EngineMaterials/Substrate/GLints/dict_16_192_64_0p5_0p02_0059_0012" 7385
"../../../Engine/Content/EngineMaterials/Substrate/GLints/dict_16_192_64_0p5_0p02_0061_0001.uasset" 7386
"../../../Engine/Content/EngineMaterials/Substrate/GLints/dict_16_192_64_0p5_0p02_0061_0002.uasset" 7387
"/Engine/EngineMaterials/Substrate/GLints/dict_16_192_64_0p5_0p02_0059_0011" 7388
"/Engine/EngineMaterials/Substrate/GLints/dict_16_192_64_0p5_0p02_0059_0010" 7389
"/Engine/EngineMaterials/Substrate/GLints/dict_16_192_64_0p5_0p02_0059_0009" 7390
"/Engine/EngineMaterials/Substrate/GLints/dict_16_192_64_0p5_0p02_0059_0008" 7391
"/Engine/EngineMaterials/Substrate/GLints/dict_16_192_64_0p5_0p02_0059_0007" 7392
"/Engine/EngineMaterials/Substrate/GLints/dict_16_192_64_0p5_0p02_0059_0006" 7393
"/Engine/EngineMaterials/Substrate/GLints/dict_16_192_64_0p5_0p02_0059_0005" 7394
"/Engine/EngineMaterials/Substrate/GLints/dict_16_192_64_0p5_0p02_0059_0004" 7395
"/Engine/EngineMaterials/Substrate/GLints/dict_16_192_64_0p5_0p02_0059_0003" 7396
"../../../Engine/Content/EngineMaterials/Substrate/GLints/dict_16_192_64_0p5_0p02_0061_0012.uasset" 7397
"../../../Engine/Content/EngineMaterials/Substrate/GLints/dict_16_192_64_0p5_0p02_0061_0006.uasset" 7398
"../../../Engine/Content/EngineMaterials/Substrate/GLints/dict_16_192_64_0p5_0p02_0061_0007.uasset" 7399
"../../../Engine/Content/EngineMaterials/Substrate/GLints/dict_16_192_64_0p5_0p02_0061_0009.uasset" 7400
"../../../Engine/Content/EngineMaterials/Substrate/GLints/dict_16_192_64_0p5_0p02_0061_0005.uasset" 7401
"/Engine/EngineMaterials/Substrate/GLints/dict_16_192_64_0p5_0p02_0061_0002" 7402
"../../../Engine/Content/EngineMaterials/Substrate/GLints/dict_16_192_64_0p5_0p02_0061_0008.uasset" 7403
"../../../Engine/Content/EngineMaterials/Substrate/GLints/dict_16_192_64_0p5_0p02_0061_0011.uasset" 7404
"../../../Engine/Content/EngineMaterials/Substrate/GLints/dict_16_192_64_0p5_0p02_0061_0004.uasset" 7405
"../../../Engine/Content/EngineMaterials/Substrate/GLints/dict_16_192_64_0p5_0p02_0061_0003.uasset" 7406
"../../../Engine/Content/EngineMaterials/Substrate/GLints/dict_16_192_64_0p5_0p02_0061_0010.uasset" 7407
"../../../Engine/Content/EngineMaterials/Substrate/GLints/dict_16_192_64_0p5_0p02_0061_0013.uasset" 7408
"/Engine/EngineMaterials/Substrate/GLints/dict_16_192_64_0p5_0p02_0061_0001" 7409
"/Engine/EngineMaterials/Substrate/GLints/dict_16_192_64_0p5_0p02_0061_0000" 7410
"/Engine/EngineMaterials/Substrate/GLints/dict_16_192_64_0p5_0p02_0060_0015" 7411
"/Engine/EngineMaterials/Substrate/GLints/dict_16_192_64_0p5_0p02_0060_0014" 7412
"/Engine/EngineMaterials/Substrate/GLints/dict_16_192_64_0p5_0p02_0060_0013" 7413
"/Engine/EngineMaterials/Substrate/GLints/dict_16_192_64_0p5_0p02_0060_0012" 7414
"/Engine/EngineMaterials/Substrate/GLints/dict_16_192_64_0p5_0p02_0060_0011" 7415
"/Engine/EngineMaterials/Substrate/GLints/dict_16_192_64_0p5_0p02_0060_0010" 7416
"/Engine/EngineMaterials/Substrate/GLints/dict_16_192_64_0p5_0p02_0060_0009" 7417
"/Engine/EngineMaterials/Substrate/GLints/dict_16_192_64_0p5_0p02_0060_0008" 7418
"/Engine/EngineMaterials/Substrate/GLints/dict_16_192_64_0p5_0p02_0060_0007" 7419
"/Engine/EngineMaterials/Substrate/GLints/dict_16_192_64_0p5_0p02_0060_0006" 7420
"/Engine/EngineMaterials/Substrate/GLints/dict_16_192_64_0p5_0p02_0060_0005" 7421
"/Engine/EngineMaterials/Substrate/GLints/dict_16_192_64_0p5_0p02_0060_0004" 7422
"/Engine/EngineMaterials/Substrate/GLints/dict_16_192_64_0p5_0p02_0060_0003" 7423
"/Engine/EngineMaterials/Substrate/GLints/dict_16_192_64_0p5_0p02_0060_0002" 7424
"/Engine/EngineMaterials/Substrate/GLints/dict_16_192_64_0p5_0p02_0060_0001" 7425
"/Engine/EngineMaterials/Substrate/GLints/dict_16_192_64_0p5_0p02_0060_0000" 7426
"/Engine/EngineMaterials/Substrate/GLints/dict_16_192_64_0p5_0p02_0059_0015" 7427
"/Engine/EngineMaterials/Substrate/GLints/dict_16_192_64_0p5_0p02_0059_0014" 7428
"../../../Engine/Content/EngineMaterials/Substrate/GLints/dict_16_192_64_0p5_0p02_0062_0003.uasset" 7429
"../../../Engine/Content/EngineMaterials/Substrate/GLints/dict_16_192_64_0p5_0p02_0062_0006.uasset" 7430
"../../../Engine/Content/EngineMaterials/Substrate/GLints/dict_16_192_64_0p5_0p02_0062_0000.uasset" 7431
"../../../Engine/Content/EngineMaterials/Substrate/GLints/dict_16_192_64_0p5_0p02_0062_0002.uasset" 7432
"../../../Engine/Content/EngineMaterials/Substrate/GLints/dict_16_192_64_0p5_0p02_0062_0005.uasset" 7433
"../../../Engine/Content/EngineMaterials/Substrate/GLints/dict_16_192_64_0p5_0p02_0061_0015.uasset" 7434
"../../../Engine/Content/EngineMaterials/Substrate/GLints/dict_16_192_64_0p5_0p02_0062_0001.uasset" 7435
"../../../Engine/Content/EngineMaterials/Substrate/GLints/dict_16_192_64_0p5_0p02_0062_0004.uasset" 7436
"/Engine/EngineMaterials/Substrate/GLints/dict_16_192_64_0p5_0p02_0061_0013" 7437
"../../../Engine/Content/EngineMaterials/Substrate/GLints/dict_16_192_64_0p5_0p02_0061_0014.uasset" 7438
"../../../Engine/Content/EngineMaterials/Substrate/GLints/dict_16_192_64_0p5_0p02_0062_0007.uasset" 7439
"../../../Engine/Content/EngineMaterials/Substrate/GLints/dict_16_192_64_0p5_0p02_0062_0009.uasset" 7440
"../../../Engine/Content/EngineMaterials/Substrate/GLints/dict_16_192_64_0p5_0p02_0062_0010.uasset" 7441
"../../../Engine/Content/EngineMaterials/Substrate/GLints/dict_16_192_64_0p5_0p02_0062_0008.uasset" 7442
"../../../Engine/Content/EngineMaterials/Substrate/GLints/dict_16_192_64_0p5_0p02_0062_0011.uasset" 7443
"../../../Engine/Content/EngineMaterials/Substrate/GLints/dict_16_192_64_0p5_0p02_0062_0012.uasset" 7444
"../../../Engine/Content/EngineMaterials/Substrate/GLints/dict_16_192_64_0p5_0p02_0062_0013.uasset" 7445
"../../../Engine/Content/EngineMaterials/Substrate/GLints/dict_16_192_64_0p5_0p02_0062_0014.uasset" 7446
"../../../Engine/Content/EngineMaterials/Substrate/GLints/dict_16_192_64_0p5_0p02_0062_0015.uasset" 7447
"../../../Engine/Content/EngineMaterials/Substrate/GLints/dict_16_192_64_0p5_0p02_0063_0000.uasset" 7448
"../../../Engine/Content/EngineMaterials/Substrate/GLints/dict_16_192_64_0p5_0p02_0063_0002.uasset" 7449
"../../../Engine/Content/EngineMaterials/Substrate/GLints/dict_16_192_64_0p5_0p02_0063_0001.uasset" 7450
"/Engine/EngineMaterials/Substrate/GLints/dict_16_192_64_0p5_0p02_0061_0012" 7451
"/Engine/EngineMaterials/Substrate/GLints/dict_16_192_64_0p5_0p02_0061_0011" 7452
"/Engine/EngineMaterials/Substrate/GLints/dict_16_192_64_0p5_0p02_0061_0010" 7453
"/Engine/EngineMaterials/Substrate/GLints/dict_16_192_64_0p5_0p02_0061_0009" 7454
"/Engine/EngineMaterials/Substrate/GLints/dict_16_192_64_0p5_0p02_0061_0008" 7455
"/Engine/EngineMaterials/Substrate/GLints/dict_16_192_64_0p5_0p02_0061_0007" 7456
"/Engine/EngineMaterials/Substrate/GLints/dict_16_192_64_0p5_0p02_0061_0006" 7457
"/Engine/EngineMaterials/Substrate/GLints/dict_16_192_64_0p5_0p02_0061_0005" 7458
"/Engine/EngineMaterials/Substrate/GLints/dict_16_192_64_0p5_0p02_0061_0004" 7459
"/Engine/EngineMaterials/Substrate/GLints/dict_16_192_64_0p5_0p02_0061_0003" 7460
"../../../Engine/Content/EngineMaterials/Substrate/GLints/dict_16_192_64_0p5_0p02_0063_0005.uasset" 7461
"../../../Engine/Content/EngineMaterials/Substrate/GLints/dict_16_192_64_0p5_0p02_0063_0007.uasset" 7462
"../../../Engine/Content/EngineMaterials/Substrate/GLints/dict_16_192_64_0p5_0p02_0063_0008.uasset" 7463
"../../../Engine/Content/EngineMaterials/Substrate/GLints/dict_16_192_64_0p5_0p02_0063_0004.uasset" 7464
"../../../Engine/Content/EngineMaterials/Substrate/GLints/dict_16_192_64_0p5_0p02_0063_0003.uasset" 7465
"../../../Engine/Content/EngineMaterials/Substrate/GLints/dict_16_192_64_0p5_0p02_0063_0010.uasset" 7466
"../../../Engine/Content/EngineMaterials/Substrate/GLints/dict_16_192_64_0p5_0p02_0063_0009.uasset" 7467
"../../../Engine/Content/EngineMaterials/Substrate/GLints/dict_16_192_64_0p5_0p02_0063_0011.uasset" 7468
"../../../Engine/Content/EngineMaterials/Substrate/GLints/dict_16_192_64_0p5_0p02_0063_0006.uasset" 7469
"/Engine/EngineMaterials/Substrate/GLints/dict_16_192_64_0p5_0p02_0063_0002" 7470
"../../../Engine/Content/EngineMaterials/Substrate/GLints/dict_16_192_64_0p5_0p02_0063_0012.uasset" 7471
"../../../Engine/Content/EngineMaterials/Substrate/GLints/dict_16_192_64_0p5_0p02_0063_0013.uasset" 7472
"/Engine/EngineMaterials/Substrate/GLints/dict_16_192_64_0p5_0p02_0063_0001" 7473
"/Engine/EngineMaterials/Substrate/GLints/dict_16_192_64_0p5_0p02_0063_0000" 7474
"/Engine/EngineMaterials/Substrate/GLints/dict_16_192_64_0p5_0p02_0062_0015" 7475
"/Engine/EngineMaterials/Substrate/GLints/dict_16_192_64_0p5_0p02_0062_0014" 7476
"/Engine/EngineMaterials/Substrate/GLints/dict_16_192_64_0p5_0p02_0062_0013" 7477
"/Engine/EngineMaterials/Substrate/GLints/dict_16_192_64_0p5_0p02_0062_0012" 7478
"/Engine/EngineMaterials/Substrate/GLints/dict_16_192_64_0p5_0p02_0062_0011" 7479
"/Engine/EngineMaterials/Substrate/GLints/dict_16_192_64_0p5_0p02_0062_0010" 7480
"/Engine/EngineMaterials/Substrate/GLints/dict_16_192_64_0p5_0p02_0062_0009" 7481
"/Engine/EngineMaterials/Substrate/GLints/dict_16_192_64_0p5_0p02_0062_0008" 7482
"/Engine/EngineMaterials/Substrate/GLints/dict_16_192_64_0p5_0p02_0062_0007" 7483
"/Engine/EngineMaterials/Substrate/GLints/dict_16_192_64_0p5_0p02_0062_0006" 7484
"/Engine/EngineMaterials/Substrate/GLints/dict_16_192_64_0p5_0p02_0062_0005" 7485
"/Engine/EngineMaterials/Substrate/GLints/dict_16_192_64_0p5_0p02_0062_0004" 7486
"/Engine/EngineMaterials/Substrate/GLints/dict_16_192_64_0p5_0p02_0062_0003" 7487
"/Engine/EngineMaterials/Substrate/GLints/dict_16_192_64_0p5_0p02_0062_0002" 7488
"/Engine/EngineMaterials/Substrate/GLints/dict_16_192_64_0p5_0p02_0062_0001" 7489
"/Engine/EngineMaterials/Substrate/GLints/dict_16_192_64_0p5_0p02_0062_0000" 7490
"/Engine/EngineMaterials/Substrate/GLints/dict_16_192_64_0p5_0p02_0061_0015" 7491
"/Engine/EngineMaterials/Substrate/GLints/dict_16_192_64_0p5_0p02_0061_0014" 7492
"../../../Engine/Content/EngineMaterials/Substrate/GLints/dict_16_192_64_0p5_0p02_0063_0015.uasset" 7493
"../../../Engine/Content/EngineMaterials/Substrate/Glints2/dict_0000_0001.uasset" 7494
"../../../Engine/Content/EngineMaterials/Substrate/Glints2/dict_0000_0003.uasset" 7495
"../../../Engine/Content/EngineMaterials/Substrate/Glints2/dict_0000_0002.uasset" 7496
"../../../Engine/Content/EngineMaterials/Substrate/Glints2/dict_0000_0005.uasset" 7497
"../../../Engine/Content/EngineMaterials/Substrate/Glints2/dict_0000_0004.uasset" 7498
"/Engine/EngineMaterials/Substrate/GLints/dict_16_192_64_0p5_0p02_0063_0013" 7499
"../../../Engine/Content/EngineMaterials/Substrate/GLints/dict_16_192_64_0p5_0p02_0063_0014.uasset" 7500
"../../../Engine/Content/EngineMaterials/Substrate/GLints/AGlintTex2dArray.uasset" 7501
"../../../Engine/Content/EngineMaterials/Substrate/Glints2/dict_0000_0000.uasset" 7502
"../../../Engine/Content/EngineMaterials/Substrate/Glints2/dict_0000_0006.uasset" 7503
"../../../Engine/Content/EngineMaterials/Substrate/Glints2/dict_0000_0007.uasset" 7504
"../../../Engine/Content/EngineMaterials/Substrate/Glints2/dict_0000_0008.uasset" 7505
"../../../Engine/Content/EngineMaterials/Substrate/Glints2/dict_0000_0010.uasset" 7506
"../../../Engine/Content/EngineMaterials/Substrate/Glints2/dict_0000_0009.uasset" 7507
"../../../Engine/Content/EngineMaterials/Substrate/Glints2/dict_0000_0011.uasset" 7508
"../../../Engine/Content/EngineMaterials/Substrate/Glints2/dict_0000_0012.uasset" 7509
"../../../Engine/Content/EngineMaterials/Substrate/Glints2/dict_0000_0013.uasset" 7510
"/Engine/EngineMaterials/Substrate/GLints/dict_16_192_64_0p5_0p02_0063_0012" 7511
"../../../Engine/Content/EngineMaterials/Substrate/Glints2/dict_0000_0015.uasset" 7512
"../../../Engine/Content/EngineMaterials/Substrate/Glints2/dict_0000_0014.uasset" 7513
"../../../Engine/Content/EngineMaterials/Substrate/Glints2/dict_0000_0016.uasset" 7514
"../../../Engine/Content/EngineMaterials/Substrate/Glints2/dict_0000_0017.uasset" 7515
"/Engine/EngineMaterials/Substrate/GLints/dict_16_192_64_0p5_0p02_0063_0011" 7516
"/Engine/EngineMaterials/Substrate/GLints/dict_16_192_64_0p5_0p02_0063_0010" 7517
"/Engine/EngineMaterials/Substrate/GLints/dict_16_192_64_0p5_0p02_0063_0009" 7518
"/Engine/EngineMaterials/Substrate/GLints/dict_16_192_64_0p5_0p02_0063_0008" 7519
"/Engine/EngineMaterials/Substrate/GLints/dict_16_192_64_0p5_0p02_0063_0007" 7520
"/Engine/EngineMaterials/Substrate/GLints/dict_16_192_64_0p5_0p02_0063_0006" 7521
"/Engine/EngineMaterials/Substrate/GLints/dict_16_192_64_0p5_0p02_0063_0005" 7522
"/Engine/EngineMaterials/Substrate/GLints/dict_16_192_64_0p5_0p02_0063_0004" 7523
"/Engine/EngineMaterials/Substrate/GLints/dict_16_192_64_0p5_0p02_0063_0003" 7524
"../../../Engine/Content/EngineMaterials/Substrate/Glints2/dict_0000_0022.uasset" 7525
"../../../Engine/Content/EngineMaterials/Substrate/Glints2/dict_0000_0021.uasset" 7526
"../../../Engine/Content/EngineMaterials/Substrate/Glints2/dict_0000_0024.uasset" 7527
"../../../Engine/Content/EngineMaterials/Substrate/Glints2/dict_0000_0020.uasset" 7528
"../../../Engine/Content/EngineMaterials/Substrate/Glints2/dict_0000_0025.uasset" 7529
"../../../Engine/Content/EngineMaterials/Substrate/Glints2/dict_0000_0019.uasset" 7530
"../../../Engine/Content/EngineMaterials/Substrate/Glints2/dict_0000_0018.uasset" 7531
"/Engine/EngineMaterials/Substrate/Glints2/dict_0000_0017" 7532
"../../../Engine/Content/EngineMaterials/Substrate/Glints2/dict_0000_0023.uasset" 7533
"../../../Engine/Content/EngineMaterials/Substrate/Glints2/dict_0000_0027.uasset" 7534
"../../../Engine/Content/EngineMaterials/Substrate/Glints2/dict_0000_0026.uasset" 7535
"../../../Engine/Content/EngineMaterials/Substrate/Glints2/dict_0000_0028.uasset" 7536
"/Engine/EngineMaterials/Substrate/Glints2/dict_0000_0016" 7537
"/Engine/EngineMaterials/Substrate/Glints2/dict_0000_0015" 7538
"/Engine/EngineMaterials/Substrate/Glints2/dict_0000_0014" 7539
"/Engine/EngineMaterials/Substrate/Glints2/dict_0000_0013" 7540
"/Engine/EngineMaterials/Substrate/Glints2/dict_0000_0012" 7541
"/Engine/EngineMaterials/Substrate/Glints2/dict_0000_0011" 7542
"/Engine/EngineMaterials/Substrate/Glints2/dict_0000_0010" 7543
"/Engine/EngineMaterials/Substrate/Glints2/dict_0000_0009" 7544
"/Engine/EngineMaterials/Substrate/Glints2/dict_0000_0008" 7545
"/Engine/EngineMaterials/Substrate/Glints2/dict_0000_0007" 7546
"/Engine/EngineMaterials/Substrate/Glints2/dict_0000_0006" 7547
"/Engine/EngineMaterials/Substrate/Glints2/dict_0000_0005" 7548
"/Engine/EngineMaterials/Substrate/Glints2/dict_0000_0004" 7549
"/Engine/EngineMaterials/Substrate/Glints2/dict_0000_0003" 7550
"/Engine/EngineMaterials/Substrate/Glints2/dict_0000_0002" 7551
"/Engine/EngineMaterials/Substrate/Glints2/dict_0000_0001" 7552
"/Engine/EngineMaterials/Substrate/Glints2/dict_0000_0000" 7553
"/Engine/EngineMaterials/Substrate/GLints/AGlintTex2dArray" 7554
"../../../Engine/Content/EngineMaterials/Substrate/Glints2/dict_0000_0030.uasset" 7555
"../../../Engine/Content/EngineMaterials/Substrate/Glints2/dict_0000_0036.uasset" 7556
"../../../Engine/Content/EngineMaterials/Substrate/Glints2/dict_0000_0034.uasset" 7557
"../../../Engine/Content/EngineMaterials/Substrate/Glints2/dict_0000_0032.uasset" 7558
"../../../Engine/Content/EngineMaterials/Substrate/Glints2/dict_0000_0031.uasset" 7559
"/Engine/EngineMaterials/Substrate/Glints2/dict_0000_0028" 7560
"../../../Engine/Content/EngineMaterials/Substrate/Glints2/dict_0000_0035.uasset" 7561
"../../../Engine/Content/EngineMaterials/Substrate/Glints2/dict_0000_0033.uasset" 7562
"../../../Engine/Content/EngineMaterials/Substrate/Glints2/dict_0000_0029.uasset" 7563
"../../../Engine/Content/EngineMaterials/Substrate/Glints2/dict_0000_0037.uasset" 7564
"../../../Engine/Content/EngineMaterials/Substrate/Glints2/dict_0000_0040.uasset" 7565
"../../../Engine/Content/EngineMaterials/Substrate/Glints2/dict_0000_0038.uasset" 7566
"../../../Engine/Content/EngineMaterials/Substrate/Glints2/dict_0000_0041.uasset" 7567
"../../../Engine/Content/EngineMaterials/Substrate/Glints2/dict_0000_0039.uasset" 7568
"../../../Engine/Content/EngineMaterials/Substrate/Glints2/dict_0000_0042.uasset" 7569
"../../../Engine/Content/EngineMaterials/Substrate/Glints2/dict_0000_0043.uasset" 7570
"../../../Engine/Content/EngineMaterials/Substrate/Glints2/dict_0000_0045.uasset" 7571
"../../../Engine/Content/EngineMaterials/Substrate/Glints2/dict_0000_0044.uasset" 7572
"../../../Engine/Content/EngineMaterials/Substrate/Glints2/dict_0000_0046.uasset" 7573
"/Engine/EngineMaterials/Substrate/Glints2/dict_0000_0027" 7574
"../../../Engine/Content/EngineMaterials/Substrate/Glints2/dict_0000_0047.uasset" 7575
"../../../Engine/Content/EngineMaterials/Substrate/Glints2/dict_0000_0049.uasset" 7576
"../../../Engine/Content/EngineMaterials/Substrate/Glints2/dict_0000_0048.uasset" 7577
"/Engine/EngineMaterials/Substrate/Glints2/dict_0000_0026" 7578
"/Engine/EngineMaterials/Substrate/Glints2/dict_0000_0025" 7579
"/Engine/EngineMaterials/Substrate/Glints2/dict_0000_0024" 7580
"/Engine/EngineMaterials/Substrate/Glints2/dict_0000_0023" 7581
"/Engine/EngineMaterials/Substrate/Glints2/dict_0000_0022" 7582
"/Engine/EngineMaterials/Substrate/Glints2/dict_0000_0021" 7583
"/Engine/EngineMaterials/Substrate/Glints2/dict_0000_0020" 7584
"/Engine/EngineMaterials/Substrate/Glints2/dict_0000_0019" 7585
"/Engine/EngineMaterials/Substrate/Glints2/dict_0000_0018" 7586
"../../../Engine/Content/EngineMaterials/Substrate/Glints2/dict_0000_0054.uasset" 7587
"../../../Engine/Content/EngineMaterials/Substrate/Glints2/dict_0000_0052.uasset" 7588
"../../../Engine/Content/EngineMaterials/Substrate/Glints2/dict_0000_0053.uasset" 7589
"../../../Engine/Content/EngineMaterials/Substrate/Glints2/dict_0000_0055.uasset" 7590
"../../../Engine/Content/EngineMaterials/Substrate/Glints2/dict_0000_0051.uasset" 7591
"/Engine/EngineMaterials/Substrate/Glints2/dict_0000_0049" 7592
"../../../Engine/Content/EngineMaterials/Substrate/Glints2/dict_0000_0050.uasset" 7593
"../../../Engine/Content/EngineMaterials/Substrate/Glints2/dict_0000_0056.uasset" 7594
"../../../Engine/Content/EngineMaterials/Substrate/Glints2/dict_0000_0057.uasset" 7595
"../../../Engine/Content/EngineMaterials/Substrate/Glints2/dict_0000_0059.uasset" 7596
"../../../Engine/Content/EngineMaterials/Substrate/Glints2/dict_0000_0058.uasset" 7597
"../../../Engine/Content/EngineMaterials/Substrate/Glints2/dict_0000_0060.uasset" 7598
"/Engine/EngineMaterials/Substrate/Glints2/dict_0000_0048" 7599
"/Engine/EngineMaterials/Substrate/Glints2/dict_0000_0047" 7600
"/Engine/EngineMaterials/Substrate/Glints2/dict_0000_0046" 7601
"/Engine/EngineMaterials/Substrate/Glints2/dict_0000_0045" 7602
"/Engine/EngineMaterials/Substrate/Glints2/dict_0000_0044" 7603
"/Engine/EngineMaterials/Substrate/Glints2/dict_0000_0043" 7604
"/Engine/EngineMaterials/Substrate/Glints2/dict_0000_0042" 7605
"/Engine/EngineMaterials/Substrate/Glints2/dict_0000_0041" 7606
"/Engine/EngineMaterials/Substrate/Glints2/dict_0000_0040" 7607
"/Engine/EngineMaterials/Substrate/Glints2/dict_0000_0039" 7608
"/Engine/EngineMaterials/Substrate/Glints2/dict_0000_0038" 7609
"/Engine/EngineMaterials/Substrate/Glints2/dict_0000_0037" 7610
"/Engine/EngineMaterials/Substrate/Glints2/dict_0000_0036" 7611
"/Engine/EngineMaterials/Substrate/Glints2/dict_0000_0035" 7612
"/Engine/EngineMaterials/Substrate/Glints2/dict_0000_0034" 7613
"/Engine/EngineMaterials/Substrate/Glints2/dict_0000_0033" 7614
"/Engine/EngineMaterials/Substrate/Glints2/dict_0000_0032" 7615
"/Engine/EngineMaterials/Substrate/Glints2/dict_0000_0031" 7616
"/Engine/EngineMaterials/Substrate/Glints2/dict_0000_0030" 7617
"/Engine/EngineMaterials/Substrate/Glints2/dict_0000_0029" 7618
"../../../Engine/Content/EngineMaterials/Substrate/Glints2/dict_0000_0064.uasset" 7619
"/Engine/EngineMaterials/Substrate/Glints2/dict_0000_0060" 7620
"../../../Engine/Content/EngineMaterials/Substrate/Glints2/dict_0000_0067.uasset" 7621
"../../../Engine/Content/EngineMaterials/Substrate/Glints2/dict_0000_0068.uasset" 7622
"../../../Engine/Content/EngineMaterials/Substrate/Glints2/dict_0000_0065.uasset" 7623
"../../../Engine/Content/EngineMaterials/Substrate/Glints2/dict_0000_0066.uasset" 7624
"../../../Engine/Content/EngineMaterials/Substrate/Glints2/dict_0000_0070.uasset" 7625
"../../../Engine/Content/EngineMaterials/Substrate/Glints2/dict_0000_0063.uasset" 7626
"../../../Engine/Content/EngineMaterials/Substrate/Glints2/dict_0000_0061.uasset" 7627
"../../../Engine/Content/EngineMaterials/Substrate/Glints2/dict_0000_0062.uasset" 7628
"../../../Engine/Content/EngineMaterials/Substrate/Glints2/dict_0000_0069.uasset" 7629
"/Engine/EngineMaterials/Substrate/Glints2/dict_0000_0059" 7630
"../../../Engine/Content/EngineMaterials/Substrate/Glints2/dict_0000_0071.uasset" 7631
"../../../Engine/Content/EngineMaterials/Substrate/Glints2/dict_0000_0074.uasset" 7632
"../../../Engine/Content/EngineMaterials/Substrate/Glints2/dict_0000_0075.uasset" 7633
"../../../Engine/Content/EngineMaterials/Substrate/Glints2/dict_0000_0077.uasset" 7634
"../../../Engine/Content/EngineMaterials/Substrate/Glints2/dict_0000_0072.uasset" 7635
"../../../Engine/Content/EngineMaterials/Substrate/Glints2/dict_0000_0076.uasset" 7636
"../../../Engine/Content/EngineMaterials/Substrate/Glints2/dict_0000_0073.uasset" 7637
"../../../Engine/Content/EngineMaterials/Substrate/Glints2/dict_0000_0078.uasset" 7638
"../../../Engine/Content/EngineMaterials/Substrate/Glints2/dict_0000_0079.uasset" 7639
"/Engine/EngineMaterials/Substrate/Glints2/dict_0000_0058" 7640
"../../../Engine/Content/EngineMaterials/Substrate/Glints2/dict_0000_0080.uasset" 7641
"../../../Engine/Content/EngineMaterials/Substrate/Glints2/dict_0000_0081.uasset" 7642
"/Engine/EngineMaterials/Substrate/Glints2/dict_0000_0057" 7643
"/Engine/EngineMaterials/Substrate/Glints2/dict_0000_0056" 7644
"/Engine/EngineMaterials/Substrate/Glints2/dict_0000_0055" 7645
"/Engine/EngineMaterials/Substrate/Glints2/dict_0000_0054" 7646
"/Engine/EngineMaterials/Substrate/Glints2/dict_0000_0053" 7647
"/Engine/EngineMaterials/Substrate/Glints2/dict_0000_0052" 7648
"/Engine/EngineMaterials/Substrate/Glints2/dict_0000_0051" 7649
"/Engine/EngineMaterials/Substrate/Glints2/dict_0000_0050" 7650
"../../../Engine/Content/EngineMaterials/Substrate/Glints2/dict_0000_0083.uasset" 7651
"../../../Engine/Content/EngineMaterials/Substrate/Glints2/dict_0000_0090.uasset" 7652
"/Engine/EngineMaterials/Substrate/Glints2/dict_0000_0081" 7653
"../../../Engine/Content/EngineMaterials/Substrate/Glints2/dict_0000_0088.uasset" 7654
"../../../Engine/Content/EngineMaterials/Substrate/Glints2/dict_0000_0089.uasset" 7655
"../../../Engine/Content/EngineMaterials/Substrate/Glints2/dict_0000_0082.uasset" 7656
"../../../Engine/Content/EngineMaterials/Substrate/Glints2/dict_0000_0087.uasset" 7657
"../../../Engine/Content/EngineMaterials/Substrate/Glints2/dict_0000_0086.uasset" 7658
"../../../Engine/Content/EngineMaterials/Substrate/Glints2/dict_0000_0085.uasset" 7659
"../../../Engine/Content/EngineMaterials/Substrate/Glints2/dict_0000_0091.uasset" 7660
"../../../Engine/Content/EngineMaterials/Substrate/Glints2/dict_0000_0084.uasset" 7661
"../../../Engine/Content/EngineMaterials/Substrate/Glints2/dict_0000_0092.uasset" 7662
"/Engine/EngineMaterials/Substrate/Glints2/dict_0000_0080" 7663
"/Engine/EngineMaterials/Substrate/Glints2/dict_0000_0079" 7664
"/Engine/EngineMaterials/Substrate/Glints2/dict_0000_0078" 7665
"/Engine/EngineMaterials/Substrate/Glints2/dict_0000_0077" 7666
"/Engine/EngineMaterials/Substrate/Glints2/dict_0000_0076" 7667
"/Engine/EngineMaterials/Substrate/Glints2/dict_0000_0075" 7668
"/Engine/EngineMaterials/Substrate/Glints2/dict_0000_0074" 7669
"/Engine/EngineMaterials/Substrate/Glints2/dict_0000_0073" 7670
"/Engine/EngineMaterials/Substrate/Glints2/dict_0000_0072" 7671
"/Engine/EngineMaterials/Substrate/Glints2/dict_0000_0071" 7672
"/Engine/EngineMaterials/Substrate/Glints2/dict_0000_0070" 7673
"/Engine/EngineMaterials/Substrate/Glints2/dict_0000_0069" 7674
"/Engine/EngineMaterials/Substrate/Glints2/dict_0000_0068" 7675
"/Engine/EngineMaterials/Substrate/Glints2/dict_0000_0067" 7676
"/Engine/EngineMaterials/Substrate/Glints2/dict_0000_0066" 7677
"/Engine/EngineMaterials/Substrate/Glints2/dict_0000_0065" 7678
"/Engine/EngineMaterials/Substrate/Glints2/dict_0000_0064" 7679
"/Engine/EngineMaterials/Substrate/Glints2/dict_0000_0063" 7680
"/Engine/EngineMaterials/Substrate/Glints2/dict_0000_0062" 7681
"/Engine/EngineMaterials/Substrate/Glints2/dict_0000_0061" 7682
"../../../Engine/Content/EngineMaterials/Substrate/Glints2/dict_0000_0093.uasset" 7683
"../../../Engine/Content/EngineMaterials/Substrate/Glints2/dict_0000_0098.uasset" 7684
"../../../Engine/Content/EngineMaterials/Substrate/Glints2/dict_0000_0100.uasset" 7685
"/Engine/EngineMaterials/Substrate/Glints2/dict_0000_0092" 7686
"../../../Engine/Content/EngineMaterials/Substrate/Glints2/dict_0000_0097.uasset" 7687
"../../../Engine/Content/EngineMaterials/Substrate/Glints2/dict_0000_0096.uasset" 7688
"../../../Engine/Content/EngineMaterials/Substrate/Glints2/dict_0000_0101.uasset" 7689
"../../../Engine/Content/EngineMaterials/Substrate/Glints2/dict_0000_0095.uasset" 7690
"../../../Engine/Content/EngineMaterials/Substrate/Glints2/dict_0000_0094.uasset" 7691
"../../../Engine/Content/EngineMaterials/Substrate/Glints2/dict_0000_0099.uasset" 7692
"/Engine/EngineMaterials/Substrate/Glints2/dict_0000_0091" 7693
"../../../Engine/Content/EngineMaterials/Substrate/Glints2/dict_0000_0102.uasset" 7694
"../../../Engine/Content/EngineMaterials/Substrate/Glints2/dict_0000_0108.uasset" 7695
"../../../Engine/Content/EngineMaterials/Substrate/Glints2/dict_0000_0105.uasset" 7696
"../../../Engine/Content/EngineMaterials/Substrate/Glints2/dict_0000_0103.uasset" 7697
"../../../Engine/Content/EngineMaterials/Substrate/Glints2/dict_0000_0109.uasset" 7698
"../../../Engine/Content/EngineMaterials/Substrate/Glints2/dict_0000_0104.uasset" 7699
"../../../Engine/Content/EngineMaterials/Substrate/Glints2/dict_0000_0110.uasset" 7700
"../../../Engine/Content/EngineMaterials/Substrate/Glints2/dict_0000_0106.uasset" 7701
"../../../Engine/Content/EngineMaterials/Substrate/Glints2/dict_0000_0107.uasset" 7702
"../../../Engine/Content/EngineMaterials/Substrate/Glints2/dict_0000_0111.uasset" 7703
"/Engine/EngineMaterials/Substrate/Glints2/dict_0000_0090" 7704
"../../../Engine/Content/EngineMaterials/Substrate/Glints2/dict_0000_0112.uasset" 7705
"../../../Engine/Content/EngineMaterials/Substrate/Glints2/dict_0000_0113.uasset" 7706
"/Engine/EngineMaterials/Substrate/Glints2/dict_0000_0089" 7707
"/Engine/EngineMaterials/Substrate/Glints2/dict_0000_0088" 7708
"/Engine/EngineMaterials/Substrate/Glints2/dict_0000_0087" 7709
"/Engine/EngineMaterials/Substrate/Glints2/dict_0000_0086" 7710
"/Engine/EngineMaterials/Substrate/Glints2/dict_0000_0085" 7711
"/Engine/EngineMaterials/Substrate/Glints2/dict_0000_0084" 7712
"/Engine/EngineMaterials/Substrate/Glints2/dict_0000_0083" 7713
"/Engine/EngineMaterials/Substrate/Glints2/dict_0000_0082" 7714
"../../../Engine/Content/EngineMaterials/Substrate/Glints2/dict_0000_0121.uasset" 7715
"../../../Engine/Content/EngineMaterials/Substrate/Glints2/dict_0000_0119.uasset" 7716
"../../../Engine/Content/EngineMaterials/Substrate/Glints2/dict_0000_0122.uasset" 7717
"../../../Engine/Content/EngineMaterials/Substrate/Glints2/dict_0000_0114.uasset" 7718
"/Engine/EngineMaterials/Substrate/Glints2/dict_0000_0113" 7719
"../../../Engine/Content/EngineMaterials/Substrate/Glints2/dict_0000_0116.uasset" 7720
"../../../Engine/Content/EngineMaterials/Substrate/Glints2/dict_0000_0115.uasset" 7721
"../../../Engine/Content/EngineMaterials/Substrate/Glints2/dict_0000_0117.uasset" 7722
"../../../Engine/Content/EngineMaterials/Substrate/Glints2/dict_0000_0118.uasset" 7723
"../../../Engine/Content/EngineMaterials/Substrate/Glints2/dict_0000_0120.uasset" 7724
"../../../Engine/Content/EngineMaterials/Substrate/Glints2/dict_0000_0123.uasset" 7725
"../../../Engine/Content/EngineMaterials/Substrate/Glints2/dict_0000_0124.uasset" 7726
"/Engine/EngineMaterials/Substrate/Glints2/dict_0000_0112" 7727
"/Engine/EngineMaterials/Substrate/Glints2/dict_0000_0111" 7728
"/Engine/EngineMaterials/Substrate/Glints2/dict_0000_0110" 7729
"/Engine/EngineMaterials/Substrate/Glints2/dict_0000_0109" 7730
"/Engine/EngineMaterials/Substrate/Glints2/dict_0000_0108" 7731
"/Engine/EngineMaterials/Substrate/Glints2/dict_0000_0107" 7732
"/Engine/EngineMaterials/Substrate/Glints2/dict_0000_0106" 7733
"/Engine/EngineMaterials/Substrate/Glints2/dict_0000_0105" 7734
"/Engine/EngineMaterials/Substrate/Glints2/dict_0000_0104" 7735
"/Engine/EngineMaterials/Substrate/Glints2/dict_0000_0103" 7736
"/Engine/EngineMaterials/Substrate/Glints2/dict_0000_0102" 7737
"/Engine/EngineMaterials/Substrate/Glints2/dict_0000_0101" 7738
"/Engine/EngineMaterials/Substrate/Glints2/dict_0000_0100" 7739
"/Engine/EngineMaterials/Substrate/Glints2/dict_0000_0099" 7740
"/Engine/EngineMaterials/Substrate/Glints2/dict_0000_0098" 7741
"/Engine/EngineMaterials/Substrate/Glints2/dict_0000_0097" 7742
"/Engine/EngineMaterials/Substrate/Glints2/dict_0000_0096" 7743
"/Engine/EngineMaterials/Substrate/Glints2/dict_0000_0095" 7744
"/Engine/EngineMaterials/Substrate/Glints2/dict_0000_0094" 7745
"/Engine/EngineMaterials/Substrate/Glints2/dict_0000_0093" 7746
"../../../Engine/Content/EngineMaterials/Substrate/Glints2/dict_0000_0130.uasset" 7747
"../../../Engine/Content/EngineMaterials/Substrate/Glints2/dict_0000_0129.uasset" 7748
"../../../Engine/Content/EngineMaterials/Substrate/Glints2/dict_0000_0134.uasset" 7749
"../../../Engine/Content/EngineMaterials/Substrate/Glints2/dict_0000_0127.uasset" 7750
"../../../Engine/Content/EngineMaterials/Substrate/Glints2/dict_0000_0126.uasset" 7751
"../../../Engine/Content/EngineMaterials/Substrate/Glints2/dict_0000_0128.uasset" 7752
"/Engine/EngineMaterials/Substrate/Glints2/dict_0000_0124" 7753
"../../../Engine/Content/EngineMaterials/Substrate/Glints2/dict_0000_0125.uasset" 7754
"../../../Engine/Content/EngineMaterials/Substrate/Glints2/dict_0000_0133.uasset" 7755
"../../../Engine/Content/EngineMaterials/Substrate/Glints2/dict_0000_0132.uasset" 7756
"../../../Engine/Content/EngineMaterials/Substrate/Glints2/dict_0000_0131.uasset" 7757
"../../../Engine/Content/EngineMaterials/Substrate/Glints2/dict_0000_0135.uasset" 7758
"../../../Engine/Content/EngineMaterials/Substrate/Glints2/dict_0000_0139.uasset" 7759
"../../../Engine/Content/EngineMaterials/Substrate/Glints2/dict_0000_0136.uasset" 7760
"../../../Engine/Content/EngineMaterials/Substrate/Glints2/dict_0000_0138.uasset" 7761
"../../../Engine/Content/EngineMaterials/Substrate/Glints2/dict_0000_0140.uasset" 7762
"../../../Engine/Content/EngineMaterials/Substrate/Glints2/dict_0000_0137.uasset" 7763
"/Engine/EngineMaterials/Substrate/Glints2/dict_0000_0123" 7764
"../../../Engine/Content/EngineMaterials/Substrate/Glints2/dict_0000_0141.uasset" 7765
"../../../Engine/Content/EngineMaterials/Substrate/Glints2/dict_0000_0142.uasset" 7766
"../../../Engine/Content/EngineMaterials/Substrate/Glints2/dict_0000_0143.uasset" 7767
"../../../Engine/Content/EngineMaterials/Substrate/Glints2/dict_0000_0144.uasset" 7768
"../../../Engine/Content/EngineMaterials/Substrate/Glints2/dict_0000_0145.uasset" 7769
"/Engine/EngineMaterials/Substrate/Glints2/dict_0000_0122" 7770
"/Engine/EngineMaterials/Substrate/Glints2/dict_0000_0121" 7771
"/Engine/EngineMaterials/Substrate/Glints2/dict_0000_0120" 7772
"/Engine/EngineMaterials/Substrate/Glints2/dict_0000_0119" 7773
"/Engine/EngineMaterials/Substrate/Glints2/dict_0000_0118" 7774
"/Engine/EngineMaterials/Substrate/Glints2/dict_0000_0117" 7775
"/Engine/EngineMaterials/Substrate/Glints2/dict_0000_0116" 7776
"/Engine/EngineMaterials/Substrate/Glints2/dict_0000_0115" 7777
"/Engine/EngineMaterials/Substrate/Glints2/dict_0000_0114" 7778
"../../../Engine/Content/EngineMaterials/Substrate/Glints2/dict_0000_0146.uasset" 7779
"../../../Engine/Content/EngineMaterials/Substrate/Glints2/dict_0000_0149.uasset" 7780
"../../../Engine/Content/EngineMaterials/Substrate/Glints2/dict_0000_0151.uasset" 7781
"../../../Engine/Content/EngineMaterials/Substrate/Glints2/dict_0000_0150.uasset" 7782
"/Engine/EngineMaterials/Substrate/Glints2/dict_0000_0145" 7783
"../../../Engine/Content/EngineMaterials/Substrate/Glints2/dict_0000_0148.uasset" 7784
"../../../Engine/Content/EngineMaterials/Substrate/Glints2/dict_0000_0147.uasset" 7785
"../../../Engine/Content/EngineMaterials/Substrate/Glints2/dict_0000_0153.uasset" 7786
"../../../Engine/Content/EngineMaterials/Substrate/Glints2/dict_0000_0152.uasset" 7787
"../../../Engine/Content/EngineMaterials/Substrate/Glints2/dict_0000_0154.uasset" 7788
"../../../Engine/Content/EngineMaterials/Substrate/Glints2/dict_0000_0155.uasset" 7789
"../../../Engine/Content/EngineMaterials/Substrate/Glints2/dict_0000_0156.uasset" 7790
"/Engine/EngineMaterials/Substrate/Glints2/dict_0000_0144" 7791
"/Engine/EngineMaterials/Substrate/Glints2/dict_0000_0143" 7792
"/Engine/EngineMaterials/Substrate/Glints2/dict_0000_0142" 7793
"/Engine/EngineMaterials/Substrate/Glints2/dict_0000_0141" 7794
"/Engine/EngineMaterials/Substrate/Glints2/dict_0000_0140" 7795
"/Engine/EngineMaterials/Substrate/Glints2/dict_0000_0139" 7796
"/Engine/EngineMaterials/Substrate/Glints2/dict_0000_0138" 7797
"/Engine/EngineMaterials/Substrate/Glints2/dict_0000_0137" 7798
"/Engine/EngineMaterials/Substrate/Glints2/dict_0000_0136" 7799
"/Engine/EngineMaterials/Substrate/Glints2/dict_0000_0135" 7800
"/Engine/EngineMaterials/Substrate/Glints2/dict_0000_0134" 7801
"/Engine/EngineMaterials/Substrate/Glints2/dict_0000_0133" 7802
"/Engine/EngineMaterials/Substrate/Glints2/dict_0000_0132" 7803
"/Engine/EngineMaterials/Substrate/Glints2/dict_0000_0131" 7804
"/Engine/EngineMaterials/Substrate/Glints2/dict_0000_0130" 7805
"/Engine/EngineMaterials/Substrate/Glints2/dict_0000_0129" 7806
"/Engine/EngineMaterials/Substrate/Glints2/dict_0000_0128" 7807
"/Engine/EngineMaterials/Substrate/Glints2/dict_0000_0127" 7808
"/Engine/EngineMaterials/Substrate/Glints2/dict_0000_0126" 7809
"/Engine/EngineMaterials/Substrate/Glints2/dict_0000_0125" 7810
"../../../Engine/Content/EngineMaterials/Substrate/Glints2/dict_0000_0160.uasset" 7811
"../../../Engine/Content/EngineMaterials/Substrate/Glints2/dict_0000_0157.uasset" 7812
"../../../Engine/Content/EngineMaterials/Substrate/Glints2/dict_0000_0159.uasset" 7813
"/Engine/EngineMaterials/Substrate/Glints2/dict_0000_0156" 7814
"../../../Engine/Content/EngineMaterials/Substrate/Glints2/dict_0000_0162.uasset" 7815
"../../../Engine/Content/EngineMaterials/Substrate/Glints2/dict_0000_0161.uasset" 7816
"../../../Engine/Content/EngineMaterials/Substrate/Glints2/dict_0000_0165.uasset" 7817
"../../../Engine/Content/EngineMaterials/Substrate/Glints2/dict_0000_0166.uasset" 7818
"../../../Engine/Content/EngineMaterials/Substrate/Glints2/dict_0000_0163.uasset" 7819
"../../../Engine/Content/EngineMaterials/Substrate/Glints2/dict_0000_0167.uasset" 7820
"../../../Engine/Content/EngineMaterials/Substrate/Glints2/dict_0000_0164.uasset" 7821
"../../../Engine/Content/EngineMaterials/Substrate/Glints2/dict_0000_0158.uasset" 7822
"../../../Engine/Content/EngineMaterials/Substrate/Glints2/dict_0000_0168.uasset" 7823
"../../../Engine/Content/EngineMaterials/Substrate/Glints2/dict_0000_0170.uasset" 7824
"../../../Engine/Content/EngineMaterials/Substrate/Glints2/dict_0000_0169.uasset" 7825
"../../../Engine/Content/EngineMaterials/Substrate/Glints2/dict_0000_0172.uasset" 7826
"../../../Engine/Content/EngineMaterials/Substrate/Glints2/dict_0000_0173.uasset" 7827
"../../../Engine/Content/EngineMaterials/Substrate/Glints2/dict_0000_0171.uasset" 7828
"../../../Engine/Content/EngineMaterials/Substrate/Glints2/dict_0000_0174.uasset" 7829
"../../../Engine/Content/EngineMaterials/Substrate/Glints2/dict_0000_0175.uasset" 7830
"../../../Engine/Content/EngineMaterials/Substrate/Glints2/dict_0000_0176.uasset" 7831
"/Engine/EngineMaterials/Substrate/Glints2/dict_0000_0155" 7832
"../../../Engine/Content/EngineMaterials/Substrate/Glints2/dict_0000_0177.uasset" 7833
"/Engine/EngineMaterials/Substrate/Glints2/dict_0000_0154" 7834
"/Engine/EngineMaterials/Substrate/Glints2/dict_0000_0153" 7835
"/Engine/EngineMaterials/Substrate/Glints2/dict_0000_0152" 7836
"/Engine/EngineMaterials/Substrate/Glints2/dict_0000_0151" 7837
"/Engine/EngineMaterials/Substrate/Glints2/dict_0000_0150" 7838
"/Engine/EngineMaterials/Substrate/Glints2/dict_0000_0149" 7839
"/Engine/EngineMaterials/Substrate/Glints2/dict_0000_0148" 7840
"/Engine/EngineMaterials/Substrate/Glints2/dict_0000_0147" 7841
"/Engine/EngineMaterials/Substrate/Glints2/dict_0000_0146" 7842
"../../../Engine/Content/EngineMaterials/Substrate/Glints2/dict_0000_0178.uasset" 7843
"../../../Engine/Content/EngineMaterials/Substrate/Glints2/dict_0000_0180.uasset" 7844
"../../../Engine/Content/EngineMaterials/Substrate/Glints2/dict_0000_0179.uasset" 7845
"../../../Engine/Content/EngineMaterials/Substrate/Glints2/dict_0000_0184.uasset" 7846
"../../../Engine/Content/EngineMaterials/Substrate/Glints2/dict_0000_0181.uasset" 7847
"/Engine/EngineMaterials/Substrate/Glints2/dict_0000_0177" 7848
"../../../Engine/Content/EngineMaterials/Substrate/Glints2/dict_0000_0183.uasset" 7849
"../../../Engine/Content/EngineMaterials/Substrate/Glints2/dict_0000_0185.uasset" 7850
"../../../Engine/Content/EngineMaterials/Substrate/Glints2/dict_0000_0186.uasset" 7851
"../../../Engine/Content/EngineMaterials/Substrate/Glints2/dict_0000_0182.uasset" 7852
"../../../Engine/Content/EngineMaterials/Substrate/Glints2/dict_0000_0187.uasset" 7853
"../../../Engine/Content/EngineMaterials/Substrate/Glints2/dict_0000_0188.uasset" 7854
"/Engine/EngineMaterials/Substrate/Glints2/dict_0000_0176" 7855
"/Engine/EngineMaterials/Substrate/Glints2/dict_0000_0175" 7856
"/Engine/EngineMaterials/Substrate/Glints2/dict_0000_0174" 7857
"/Engine/EngineMaterials/Substrate/Glints2/dict_0000_0173" 7858
"/Engine/EngineMaterials/Substrate/Glints2/dict_0000_0172" 7859
"/Engine/EngineMaterials/Substrate/Glints2/dict_0000_0171" 7860
"/Engine/EngineMaterials/Substrate/Glints2/dict_0000_0170" 7861
"/Engine/EngineMaterials/Substrate/Glints2/dict_0000_0169" 7862
"/Engine/EngineMaterials/Substrate/Glints2/dict_0000_0168" 7863
"/Engine/EngineMaterials/Substrate/Glints2/dict_0000_0167" 7864
"/Engine/EngineMaterials/Substrate/Glints2/dict_0000_0166" 7865
"/Engine/EngineMaterials/Substrate/Glints2/dict_0000_0165" 7866
"/Engine/EngineMaterials/Substrate/Glints2/dict_0000_0164" 7867
"/Engine/EngineMaterials/Substrate/Glints2/dict_0000_0163" 7868
"/Engine/EngineMaterials/Substrate/Glints2/dict_0000_0162" 7869
"/Engine/EngineMaterials/Substrate/Glints2/dict_0000_0161" 7870
"/Engine/EngineMaterials/Substrate/Glints2/dict_0000_0160" 7871
"/Engine/EngineMaterials/Substrate/Glints2/dict_0000_0159" 7872
"/Engine/EngineMaterials/Substrate/Glints2/dict_0000_0158" 7873
"/Engine/EngineMaterials/Substrate/Glints2/dict_0000_0157" 7874
"../../../Engine/Content/EngineMaterials/Substrate/Glints2/dict_0000_0195.uasset" 7875
"../../../Engine/Content/EngineMaterials/Substrate/Glints2/dict_0000_0196.uasset" 7876
"/Engine/EngineMaterials/Substrate/Glints2/dict_0000_0188" 7877
"../../../Engine/Content/EngineMaterials/Substrate/Glints2/dict_0000_0197.uasset" 7878
"../../../Engine/Content/EngineMaterials/Substrate/Glints2/dict_0000_0193.uasset" 7879
"../../../Engine/Content/EngineMaterials/Substrate/Glints2/dict_0000_0189.uasset" 7880
"../../../Engine/Content/EngineMaterials/Substrate/Glints2/dict_0000_0191.uasset" 7881
"../../../Engine/Content/EngineMaterials/Substrate/Glints2/dict_0000_0190.uasset" 7882
"../../../Engine/Content/EngineMaterials/Substrate/Glints2/dict_0000_0194.uasset" 7883
"../../../Engine/Content/EngineMaterials/Substrate/Glints2/dict_0000_0192.uasset" 7884
"../../../Engine/Content/EngineMaterials/Substrate/Glints2/dict_0000_0198.uasset" 7885
"../../../Engine/Content/EngineMaterials/Substrate/Glints2/dict_0000_0200.uasset" 7886
"../../../Engine/Content/EngineMaterials/Substrate/Glints2/dict_0000_0199.uasset" 7887
"../../../Engine/Content/EngineMaterials/Substrate/Glints2/dict_0000_0205.uasset" 7888
"../../../Engine/Content/EngineMaterials/Substrate/Glints2/dict_0000_0204.uasset" 7889
"../../../Engine/Content/EngineMaterials/Substrate/Glints2/dict_0000_0202.uasset" 7890
"../../../Engine/Content/EngineMaterials/Substrate/Glints2/dict_0000_0201.uasset" 7891
"../../../Engine/Content/EngineMaterials/Substrate/Glints2/dict_0000_0206.uasset" 7892
"../../../Engine/Content/EngineMaterials/Substrate/Glints2/dict_0000_0203.uasset" 7893
"/Engine/EngineMaterials/Substrate/Glints2/dict_0000_0187" 7894
"../../../Engine/Content/EngineMaterials/Substrate/Glints2/dict_0000_0208.uasset" 7895
"../../../Engine/Content/EngineMaterials/Substrate/Glints2/dict_0000_0209.uasset" 7896
"../../../Engine/Content/EngineMaterials/Substrate/Glints2/dict_0000_0207.uasset" 7897
"/Engine/EngineMaterials/Substrate/Glints2/dict_0000_0186" 7898
"/Engine/EngineMaterials/Substrate/Glints2/dict_0000_0185" 7899
"/Engine/EngineMaterials/Substrate/Glints2/dict_0000_0184" 7900
"/Engine/EngineMaterials/Substrate/Glints2/dict_0000_0183" 7901
"/Engine/EngineMaterials/Substrate/Glints2/dict_0000_0182" 7902
"/Engine/EngineMaterials/Substrate/Glints2/dict_0000_0181" 7903
"/Engine/EngineMaterials/Substrate/Glints2/dict_0000_0180" 7904
"/Engine/EngineMaterials/Substrate/Glints2/dict_0000_0179" 7905
"/Engine/EngineMaterials/Substrate/Glints2/dict_0000_0178" 7906
"../../../Engine/Content/EngineMaterials/Substrate/Glints2/dict_0000_0217.uasset" 7907
"../../../Engine/Content/EngineMaterials/Substrate/Glints2/dict_0000_0213.uasset" 7908
"../../../Engine/Content/EngineMaterials/Substrate/Glints2/dict_0000_0215.uasset" 7909
"/Engine/EngineMaterials/Substrate/Glints2/dict_0000_0209" 7910
"../../../Engine/Content/EngineMaterials/Substrate/Glints2/dict_0000_0218.uasset" 7911
"../../../Engine/Content/EngineMaterials/Substrate/Glints2/dict_0000_0216.uasset" 7912
"../../../Engine/Content/EngineMaterials/Substrate/Glints2/dict_0000_0210.uasset" 7913
"../../../Engine/Content/EngineMaterials/Substrate/Glints2/dict_0000_0214.uasset" 7914
"../../../Engine/Content/EngineMaterials/Substrate/Glints2/dict_0000_0211.uasset" 7915
"../../../Engine/Content/EngineMaterials/Substrate/Glints2/dict_0000_0219.uasset" 7916
"../../../Engine/Content/EngineMaterials/Substrate/Glints2/dict_0000_0220.uasset" 7917
"../../../Engine/Content/EngineMaterials/Substrate/Glints2/dict_0000_0212.uasset" 7918
"/Engine/EngineMaterials/Substrate/Glints2/dict_0000_0208" 7919
"/Engine/EngineMaterials/Substrate/Glints2/dict_0000_0207" 7920
"/Engine/EngineMaterials/Substrate/Glints2/dict_0000_0206" 7921
"/Engine/EngineMaterials/Substrate/Glints2/dict_0000_0205" 7922
"/Engine/EngineMaterials/Substrate/Glints2/dict_0000_0204" 7923
"/Engine/EngineMaterials/Substrate/Glints2/dict_0000_0203" 7924
"/Engine/EngineMaterials/Substrate/Glints2/dict_0000_0202" 7925
"/Engine/EngineMaterials/Substrate/Glints2/dict_0000_0201" 7926
"/Engine/EngineMaterials/Substrate/Glints2/dict_0000_0200" 7927
"/Engine/EngineMaterials/Substrate/Glints2/dict_0000_0199" 7928
"/Engine/EngineMaterials/Substrate/Glints2/dict_0000_0198" 7929
"/Engine/EngineMaterials/Substrate/Glints2/dict_0000_0197" 7930
"/Engine/EngineMaterials/Substrate/Glints2/dict_0000_0196" 7931
"/Engine/EngineMaterials/Substrate/Glints2/dict_0000_0195" 7932
"/Engine/EngineMaterials/Substrate/Glints2/dict_0000_0194" 7933
"/Engine/EngineMaterials/Substrate/Glints2/dict_0000_0193" 7934
"/Engine/EngineMaterials/Substrate/Glints2/dict_0000_0192" 7935
"/Engine/EngineMaterials/Substrate/Glints2/dict_0000_0191" 7936
"/Engine/EngineMaterials/Substrate/Glints2/dict_0000_0190" 7937
"/Engine/EngineMaterials/Substrate/Glints2/dict_0000_0189" 7938
"/Engine/EngineMaterials/Substrate/Glints2/dict_0000_0220" 7939
"../../../Engine/Content/EngineMaterials/Substrate/Glints2/dict_0000_0226.uasset" 7940
"../../../Engine/Content/EngineMaterials/Substrate/Glints2/dict_0000_0222.uasset" 7941
"../../../Engine/Content/EngineMaterials/Substrate/Glints2/dict_0000_0229.uasset" 7942
"../../../Engine/Content/EngineMaterials/Substrate/Glints2/dict_0000_0221.uasset" 7943
"../../../Engine/Content/EngineMaterials/Substrate/Glints2/dict_0000_0227.uasset" 7944
"../../../Engine/Content/EngineMaterials/Substrate/Glints2/dict_0000_0225.uasset" 7945
"../../../Engine/Content/EngineMaterials/Substrate/Glints2/dict_0000_0228.uasset" 7946
"../../../Engine/Content/EngineMaterials/Substrate/Glints2/dict_0000_0224.uasset" 7947
"../../../Engine/Content/EngineMaterials/Substrate/Glints2/dict_0000_0230.uasset" 7948
"../../../Engine/Content/EngineMaterials/Substrate/Glints2/dict_0000_0223.uasset" 7949
"../../../Engine/Content/EngineMaterials/Substrate/Glints2/dict_0000_0231.uasset" 7950
"../../../Engine/Content/EngineMaterials/Substrate/Glints2/dict_0000_0233.uasset" 7951
"../../../Engine/Content/EngineMaterials/Substrate/Glints2/dict_0000_0232.uasset" 7952
"../../../Engine/Content/EngineMaterials/Substrate/Glints2/dict_0000_0236.uasset" 7953
"/Engine/EngineMaterials/Substrate/Glints2/dict_0000_0219" 7954
"../../../Engine/Content/EngineMaterials/Substrate/Glints2/dict_0000_0237.uasset" 7955
"../../../Engine/Content/EngineMaterials/Substrate/Glints2/dict_0000_0235.uasset" 7956
"../../../Engine/Content/EngineMaterials/Substrate/Glints2/dict_0000_0234.uasset" 7957
"../../../Engine/Content/EngineMaterials/Substrate/Glints2/dict_0000_0238.uasset" 7958
"../../../Engine/Content/EngineMaterials/Substrate/Glints2/dict_0000_0239.uasset" 7959
"../../../Engine/Content/EngineMaterials/Substrate/Glints2/dict_0000_0240.uasset" 7960
"../../../Engine/Content/EngineMaterials/Substrate/Glints2/dict_0000_0241.uasset" 7961
"/Engine/EngineMaterials/Substrate/Glints2/dict_0000_0218" 7962
"/Engine/EngineMaterials/Substrate/Glints2/dict_0000_0217" 7963
"/Engine/EngineMaterials/Substrate/Glints2/dict_0000_0216" 7964
"/Engine/EngineMaterials/Substrate/Glints2/dict_0000_0215" 7965
"/Engine/EngineMaterials/Substrate/Glints2/dict_0000_0214" 7966
"/Engine/EngineMaterials/Substrate/Glints2/dict_0000_0213" 7967
"/Engine/EngineMaterials/Substrate/Glints2/dict_0000_0212" 7968
"/Engine/EngineMaterials/Substrate/Glints2/dict_0000_0211" 7969
"/Engine/EngineMaterials/Substrate/Glints2/dict_0000_0210" 7970
"../../../Engine/Content/EngineMaterials/Substrate/Glints2/dict_0000_0243.uasset" 7971
"../../../Engine/Content/EngineMaterials/Substrate/Glints2/dict_0000_0247.uasset" 7972
"../../../Engine/Content/EngineMaterials/Substrate/Glints2/dict_0000_0242.uasset" 7973
"../../../Engine/Content/EngineMaterials/Substrate/Glints2/dict_0000_0250.uasset" 7974
"../../../Engine/Content/EngineMaterials/Substrate/Glints2/dict_0000_0249.uasset" 7975
"../../../Engine/Content/EngineMaterials/Substrate/Glints2/dict_0000_0246.uasset" 7976
"../../../Engine/Content/EngineMaterials/Substrate/Glints2/dict_0000_0244.uasset" 7977
"../../../Engine/Content/EngineMaterials/Substrate/Glints2/dict_0000_0245.uasset" 7978
"../../../Engine/Content/EngineMaterials/Substrate/Glints2/dict_0000_0248.uasset" 7979
"/Engine/EngineMaterials/Substrate/Glints2/dict_0000_0241" 7980
"../../../Engine/Content/EngineMaterials/Substrate/Glints2/dict_0000_0252.uasset" 7981
"../../../Engine/Content/EngineMaterials/Substrate/Glints2/dict_0000_0251.uasset" 7982
"/Engine/EngineMaterials/Substrate/Glints2/dict_0000_0240" 7983
"/Engine/EngineMaterials/Substrate/Glints2/dict_0000_0239" 7984
"/Engine/EngineMaterials/Substrate/Glints2/dict_0000_0238" 7985
"/Engine/EngineMaterials/Substrate/Glints2/dict_0000_0237" 7986
"/Engine/EngineMaterials/Substrate/Glints2/dict_0000_0236" 7987
"/Engine/EngineMaterials/Substrate/Glints2/dict_0000_0235" 7988
"/Engine/EngineMaterials/Substrate/Glints2/dict_0000_0234" 7989
"/Engine/EngineMaterials/Substrate/Glints2/dict_0000_0233" 7990
"/Engine/EngineMaterials/Substrate/Glints2/dict_0000_0232" 7991
"/Engine/EngineMaterials/Substrate/Glints2/dict_0000_0231" 7992
"/Engine/EngineMaterials/Substrate/Glints2/dict_0000_0230" 7993
"/Engine/EngineMaterials/Substrate/Glints2/dict_0000_0229" 7994
"/Engine/EngineMaterials/Substrate/Glints2/dict_0000_0228" 7995
"/Engine/EngineMaterials/Substrate/Glints2/dict_0000_0227" 7996
"/Engine/EngineMaterials/Substrate/Glints2/dict_0000_0226" 7997
"/Engine/EngineMaterials/Substrate/Glints2/dict_0000_0225" 7998
"/Engine/EngineMaterials/Substrate/Glints2/dict_0000_0224" 7999
"/Engine/EngineMaterials/Substrate/Glints2/dict_0000_0223" 8000
"/Engine/EngineMaterials/Substrate/Glints2/dict_0000_0222" 8001
"/Engine/EngineMaterials/Substrate/Glints2/dict_0000_0221" 8002
"../../../Engine/Content/EngineMaterials/Substrate/Glints2/dict_0000_0253.uasset" 8003
"../../../Engine/Content/EngineMaterials/Substrate/Glints2/dict_0000_0255.uasset" 8004
"/Engine/EngineMaterials/Substrate/Glints2/dict_0000_0252" 8005
"../../../Engine/Content/EngineMaterials/Substrate/Glints2/dict_0000_0254.uasset" 8006
"../../../Engine/Content/EngineMaterials/Substrate/Glints2/dict_0001_0000.uasset" 8007
"../../../Engine/Content/EngineMaterials/Substrate/Glints2/dict_0001_0002.uasset" 8008
"../../../Engine/Content/EngineMaterials/Substrate/Glints2/dict_0001_0003.uasset" 8009
"../../../Engine/Content/EngineMaterials/Substrate/Glints2/dict_0001_0001.uasset" 8010
"../../../Engine/Content/EngineMaterials/Substrate/Glints2/dict_0001_0004.uasset" 8011
"../../../Engine/Content/EngineMaterials/Substrate/Glints2/dict_0001_0005.uasset" 8012
"../../../Engine/Content/EngineMaterials/Substrate/Glints2/dict_0001_0006.uasset" 8013
"../../../Engine/Content/EngineMaterials/Substrate/Glints2/dict_0001_0007.uasset" 8014
"../../../Engine/Content/EngineMaterials/Substrate/Glints2/dict_0001_0008.uasset" 8015
"../../../Engine/Content/EngineMaterials/Substrate/Glints2/dict_0001_0009.uasset" 8016
"../../../Engine/Content/EngineMaterials/Substrate/Glints2/dict_0001_0010.uasset" 8017
"../../../Engine/Content/EngineMaterials/Substrate/Glints2/dict_0001_0011.uasset" 8018
"../../../Engine/Content/EngineMaterials/Substrate/Glints2/dict_0001_0013.uasset" 8019
"../../../Engine/Content/EngineMaterials/Substrate/Glints2/dict_0001_0014.uasset" 8020
"../../../Engine/Content/EngineMaterials/Substrate/Glints2/dict_0001_0012.uasset" 8021
"../../../Engine/Content/EngineMaterials/Substrate/Glints2/dict_0001_0015.uasset" 8022
"../../../Engine/Content/EngineMaterials/Substrate/Glints2/dict_0001_0016.uasset" 8023
"../../../Engine/Content/EngineMaterials/Substrate/Glints2/dict_0001_0017.uasset" 8024
"/Engine/EngineMaterials/Substrate/Glints2/dict_0000_0251" 8025
"/Engine/EngineMaterials/Substrate/Glints2/dict_0000_0250" 8026
"/Engine/EngineMaterials/Substrate/Glints2/dict_0000_0249" 8027
"/Engine/EngineMaterials/Substrate/Glints2/dict_0000_0248" 8028
"/Engine/EngineMaterials/Substrate/Glints2/dict_0000_0247" 8029
"/Engine/EngineMaterials/Substrate/Glints2/dict_0000_0246" 8030
"/Engine/EngineMaterials/Substrate/Glints2/dict_0000_0245" 8031
"/Engine/EngineMaterials/Substrate/Glints2/dict_0000_0244" 8032
"/Engine/EngineMaterials/Substrate/Glints2/dict_0000_0243" 8033
"/Engine/EngineMaterials/Substrate/Glints2/dict_0000_0242" 8034
"../../../Engine/Content/EngineMaterials/Substrate/Glints2/dict_0001_0018.uasset" 8035
"../../../Engine/Content/EngineMaterials/Substrate/Glints2/dict_0001_0024.uasset" 8036
"../../../Engine/Content/EngineMaterials/Substrate/Glints2/dict_0001_0021.uasset" 8037
"/Engine/EngineMaterials/Substrate/Glints2/dict_0001_0017" 8038
"../../../Engine/Content/EngineMaterials/Substrate/Glints2/dict_0001_0023.uasset" 8039
"../../../Engine/Content/EngineMaterials/Substrate/Glints2/dict_0001_0022.uasset" 8040
"../../../Engine/Content/EngineMaterials/Substrate/Glints2/dict_0001_0020.uasset" 8041
"../../../Engine/Content/EngineMaterials/Substrate/Glints2/dict_0001_0019.uasset" 8042
"../../../Engine/Content/EngineMaterials/Substrate/Glints2/dict_0001_0026.uasset" 8043
"../../../Engine/Content/EngineMaterials/Substrate/Glints2/dict_0001_0027.uasset" 8044
"../../../Engine/Content/EngineMaterials/Substrate/Glints2/dict_0001_0025.uasset" 8045
"/Engine/EngineMaterials/Substrate/Glints2/dict_0001_0016" 8046
"../../../Engine/Content/EngineMaterials/Substrate/Glints2/dict_0001_0028.uasset" 8047
"/Engine/EngineMaterials/Substrate/Glints2/dict_0001_0015" 8048
"/Engine/EngineMaterials/Substrate/Glints2/dict_0001_0014" 8049
"/Engine/EngineMaterials/Substrate/Glints2/dict_0001_0013" 8050
"/Engine/EngineMaterials/Substrate/Glints2/dict_0001_0012" 8051
"/Engine/EngineMaterials/Substrate/Glints2/dict_0001_0011" 8052
"/Engine/EngineMaterials/Substrate/Glints2/dict_0001_0010" 8053
"/Engine/EngineMaterials/Substrate/Glints2/dict_0001_0009" 8054
"/Engine/EngineMaterials/Substrate/Glints2/dict_0001_0008" 8055
"/Engine/EngineMaterials/Substrate/Glints2/dict_0001_0007" 8056
"/Engine/EngineMaterials/Substrate/Glints2/dict_0001_0006" 8057
"/Engine/EngineMaterials/Substrate/Glints2/dict_0001_0005" 8058
"/Engine/EngineMaterials/Substrate/Glints2/dict_0001_0004" 8059
"/Engine/EngineMaterials/Substrate/Glints2/dict_0001_0003" 8060
"/Engine/EngineMaterials/Substrate/Glints2/dict_0001_0002" 8061
"/Engine/EngineMaterials/Substrate/Glints2/dict_0001_0001" 8062
"/Engine/EngineMaterials/Substrate/Glints2/dict_0001_0000" 8063
"/Engine/EngineMaterials/Substrate/Glints2/dict_0000_0255" 8064
"/Engine/EngineMaterials/Substrate/Glints2/dict_0000_0254" 8065
"/Engine/EngineMaterials/Substrate/Glints2/dict_0000_0253" 8066
"../../../Engine/Content/EngineMaterials/Substrate/Glints2/dict_0001_0030.uasset" 8067
"../../../Engine/Content/EngineMaterials/Substrate/Glints2/dict_0001_0032.uasset" 8068
"../../../Engine/Content/EngineMaterials/Substrate/Glints2/dict_0001_0029.uasset" 8069
"../../../Engine/Content/EngineMaterials/Substrate/Glints2/dict_0001_0031.uasset" 8070
"../../../Engine/Content/EngineMaterials/Substrate/Glints2/dict_0001_0034.uasset" 8071
"../../../Engine/Content/EngineMaterials/Substrate/Glints2/dict_0001_0033.uasset" 8072
"/Engine/EngineMaterials/Substrate/Glints2/dict_0001_0028" 8073
"../../../Engine/Content/EngineMaterials/Substrate/Glints2/dict_0001_0036.uasset" 8074
"../../../Engine/Content/EngineMaterials/Substrate/Glints2/dict_0001_0035.uasset" 8075
"../../../Engine/Content/EngineMaterials/Substrate/Glints2/dict_0001_0037.uasset" 8076
"../../../Engine/Content/EngineMaterials/Substrate/Glints2/dict_0001_0038.uasset" 8077
"../../../Engine/Content/EngineMaterials/Substrate/Glints2/dict_0001_0039.uasset" 8078
"../../../Engine/Content/EngineMaterials/Substrate/Glints2/dict_0001_0040.uasset" 8079
"../../../Engine/Content/EngineMaterials/Substrate/Glints2/dict_0001_0041.uasset" 8080
"../../../Engine/Content/EngineMaterials/Substrate/Glints2/dict_0001_0043.uasset" 8081
"../../../Engine/Content/EngineMaterials/Substrate/Glints2/dict_0001_0045.uasset" 8082
"../../../Engine/Content/EngineMaterials/Substrate/Glints2/dict_0001_0046.uasset" 8083
"../../../Engine/Content/EngineMaterials/Substrate/Glints2/dict_0001_0044.uasset" 8084
"../../../Engine/Content/EngineMaterials/Substrate/Glints2/dict_0001_0042.uasset" 8085
"../../../Engine/Content/EngineMaterials/Substrate/Glints2/dict_0001_0047.uasset" 8086
"../../../Engine/Content/EngineMaterials/Substrate/Glints2/dict_0001_0048.uasset" 8087
"/Engine/EngineMaterials/Substrate/Glints2/dict_0001_0027" 8088
"../../../Engine/Content/EngineMaterials/Substrate/Glints2/dict_0001_0049.uasset" 8089
"/Engine/EngineMaterials/Substrate/Glints2/dict_0001_0026" 8090
"/Engine/EngineMaterials/Substrate/Glints2/dict_0001_0025" 8091
"/Engine/EngineMaterials/Substrate/Glints2/dict_0001_0024" 8092
"/Engine/EngineMaterials/Substrate/Glints2/dict_0001_0023" 8093
"/Engine/EngineMaterials/Substrate/Glints2/dict_0001_0022" 8094
"/Engine/EngineMaterials/Substrate/Glints2/dict_0001_0021" 8095
"/Engine/EngineMaterials/Substrate/Glints2/dict_0001_0020" 8096
"/Engine/EngineMaterials/Substrate/Glints2/dict_0001_0019" 8097
"/Engine/EngineMaterials/Substrate/Glints2/dict_0001_0018" 8098
"../../../Engine/Content/EngineMaterials/Substrate/Glints2/dict_0001_0052.uasset" 8099
"/Engine/EngineMaterials/Substrate/Glints2/dict_0001_0049" 8100
"../../../Engine/Content/EngineMaterials/Substrate/Glints2/dict_0001_0056.uasset" 8101
"../../../Engine/Content/EngineMaterials/Substrate/Glints2/dict_0001_0057.uasset" 8102
"../../../Engine/Content/EngineMaterials/Substrate/Glints2/dict_0001_0054.uasset" 8103
"../../../Engine/Content/EngineMaterials/Substrate/Glints2/dict_0001_0053.uasset" 8104
"../../../Engine/Content/EngineMaterials/Substrate/Glints2/dict_0001_0051.uasset" 8105
"../../../Engine/Content/EngineMaterials/Substrate/Glints2/dict_0001_0055.uasset" 8106
"../../../Engine/Content/EngineMaterials/Substrate/Glints2/dict_0001_0050.uasset" 8107
"../../../Engine/Content/EngineMaterials/Substrate/Glints2/dict_0001_0058.uasset" 8108
"../../../Engine/Content/EngineMaterials/Substrate/Glints2/dict_0001_0059.uasset" 8109
"../../../Engine/Content/EngineMaterials/Substrate/Glints2/dict_0001_0060.uasset" 8110
"/Engine/EngineMaterials/Substrate/Glints2/dict_0001_0048" 8111
"/Engine/EngineMaterials/Substrate/Glints2/dict_0001_0047" 8112
"/Engine/EngineMaterials/Substrate/Glints2/dict_0001_0046" 8113
"/Engine/EngineMaterials/Substrate/Glints2/dict_0001_0045" 8114
"/Engine/EngineMaterials/Substrate/Glints2/dict_0001_0044" 8115
"/Engine/EngineMaterials/Substrate/Glints2/dict_0001_0043" 8116
"/Engine/EngineMaterials/Substrate/Glints2/dict_0001_0042" 8117
"/Engine/EngineMaterials/Substrate/Glints2/dict_0001_0041" 8118
"/Engine/EngineMaterials/Substrate/Glints2/dict_0001_0040" 8119
"/Engine/EngineMaterials/Substrate/Glints2/dict_0001_0039" 8120
"/Engine/EngineMaterials/Substrate/Glints2/dict_0001_0038" 8121
"/Engine/EngineMaterials/Substrate/Glints2/dict_0001_0037" 8122
"/Engine/EngineMaterials/Substrate/Glints2/dict_0001_0036" 8123
"/Engine/EngineMaterials/Substrate/Glints2/dict_0001_0035" 8124
"/Engine/EngineMaterials/Substrate/Glints2/dict_0001_0034" 8125
"/Engine/EngineMaterials/Substrate/Glints2/dict_0001_0033" 8126
"/Engine/EngineMaterials/Substrate/Glints2/dict_0001_0032" 8127
"/Engine/EngineMaterials/Substrate/Glints2/dict_0001_0031" 8128
"/Engine/EngineMaterials/Substrate/Glints2/dict_0001_0030" 8129
"/Engine/EngineMaterials/Substrate/Glints2/dict_0001_0029" 8130
"/Engine/EngineMaterials/Substrate/Glints2/dict_0001_0060" 8131
"../../../Engine/Content/EngineMaterials/Substrate/Glints2/dict_0001_0066.uasset" 8132
"../../../Engine/Content/EngineMaterials/Substrate/Glints2/dict_0001_0065.uasset" 8133
"../../../Engine/Content/EngineMaterials/Substrate/Glints2/dict_0001_0061.uasset" 8134
"../../../Engine/Content/EngineMaterials/Substrate/Glints2/dict_0001_0067.uasset" 8135
"../../../Engine/Content/EngineMaterials/Substrate/Glints2/dict_0001_0070.uasset" 8136
"../../../Engine/Content/EngineMaterials/Substrate/Glints2/dict_0001_0069.uasset" 8137
"../../../Engine/Content/EngineMaterials/Substrate/Glints2/dict_0001_0064.uasset" 8138
"../../../Engine/Content/EngineMaterials/Substrate/Glints2/dict_0001_0063.uasset" 8139
"../../../Engine/Content/EngineMaterials/Substrate/Glints2/dict_0001_0062.uasset" 8140
"../../../Engine/Content/EngineMaterials/Substrate/Glints2/dict_0001_0068.uasset" 8141
"../../../Engine/Content/EngineMaterials/Substrate/Glints2/dict_0001_0071.uasset" 8142
"../../../Engine/Content/EngineMaterials/Substrate/Glints2/dict_0001_0074.uasset" 8143
"../../../Engine/Content/EngineMaterials/Substrate/Glints2/dict_0001_0073.uasset" 8144
"../../../Engine/Content/EngineMaterials/Substrate/Glints2/dict_0001_0072.uasset" 8145
"/Engine/EngineMaterials/Substrate/Glints2/dict_0001_0059" 8146
"../../../Engine/Content/EngineMaterials/Substrate/Glints2/dict_0001_0075.uasset" 8147
"../../../Engine/Content/EngineMaterials/Substrate/Glints2/dict_0001_0076.uasset" 8148
"../../../Engine/Content/EngineMaterials/Substrate/Glints2/dict_0001_0077.uasset" 8149
"../../../Engine/Content/EngineMaterials/Substrate/Glints2/dict_0001_0078.uasset" 8150
"../../../Engine/Content/EngineMaterials/Substrate/Glints2/dict_0001_0080.uasset" 8151
"/Engine/EngineMaterials/Substrate/Glints2/dict_0001_0058" 8152
"../../../Engine/Content/EngineMaterials/Substrate/Glints2/dict_0001_0079.uasset" 8153
"../../../Engine/Content/EngineMaterials/Substrate/Glints2/dict_0001_0081.uasset" 8154
"/Engine/EngineMaterials/Substrate/Glints2/dict_0001_0057" 8155
"/Engine/EngineMaterials/Substrate/Glints2/dict_0001_0056" 8156
"/Engine/EngineMaterials/Substrate/Glints2/dict_0001_0055" 8157
"/Engine/EngineMaterials/Substrate/Glints2/dict_0001_0054" 8158
"/Engine/EngineMaterials/Substrate/Glints2/dict_0001_0053" 8159
"/Engine/EngineMaterials/Substrate/Glints2/dict_0001_0052" 8160
"/Engine/EngineMaterials/Substrate/Glints2/dict_0001_0051" 8161
"/Engine/EngineMaterials/Substrate/Glints2/dict_0001_0050" 8162
"../../../Engine/Content/EngineMaterials/Substrate/Glints2/dict_0001_0087.uasset" 8163
"../../../Engine/Content/EngineMaterials/Substrate/Glints2/dict_0001_0089.uasset" 8164
"/Engine/EngineMaterials/Substrate/Glints2/dict_0001_0081" 8165
"../../../Engine/Content/EngineMaterials/Substrate/Glints2/dict_0001_0088.uasset" 8166
"../../../Engine/Content/EngineMaterials/Substrate/Glints2/dict_0001_0082.uasset" 8167
"../../../Engine/Content/EngineMaterials/Substrate/Glints2/dict_0001_0086.uasset" 8168
"../../../Engine/Content/EngineMaterials/Substrate/Glints2/dict_0001_0083.uasset" 8169
"../../../Engine/Content/EngineMaterials/Substrate/Glints2/dict_0001_0085.uasset" 8170
"../../../Engine/Content/EngineMaterials/Substrate/Glints2/dict_0001_0084.uasset" 8171
"../../../Engine/Content/EngineMaterials/Substrate/Glints2/dict_0001_0090.uasset" 8172
"../../../Engine/Content/EngineMaterials/Substrate/Glints2/dict_0001_0092.uasset" 8173
"../../../Engine/Content/EngineMaterials/Substrate/Glints2/dict_0001_0091.uasset" 8174
"/Engine/EngineMaterials/Substrate/Glints2/dict_0001_0080" 8175
"/Engine/EngineMaterials/Substrate/Glints2/dict_0001_0079" 8176
"/Engine/EngineMaterials/Substrate/Glints2/dict_0001_0078" 8177
"/Engine/EngineMaterials/Substrate/Glints2/dict_0001_0077" 8178
"/Engine/EngineMaterials/Substrate/Glints2/dict_0001_0076" 8179
"/Engine/EngineMaterials/Substrate/Glints2/dict_0001_0075" 8180
"/Engine/EngineMaterials/Substrate/Glints2/dict_0001_0074" 8181
"/Engine/EngineMaterials/Substrate/Glints2/dict_0001_0073" 8182
"/Engine/EngineMaterials/Substrate/Glints2/dict_0001_0072" 8183
"/Engine/EngineMaterials/Substrate/Glints2/dict_0001_0071" 8184
"/Engine/EngineMaterials/Substrate/Glints2/dict_0001_0070" 8185
"/Engine/EngineMaterials/Substrate/Glints2/dict_0001_0069" 8186
"/Engine/EngineMaterials/Substrate/Glints2/dict_0001_0068" 8187
"/Engine/EngineMaterials/Substrate/Glints2/dict_0001_0067" 8188
"/Engine/EngineMaterials/Substrate/Glints2/dict_0001_0066" 8189
"/Engine/EngineMaterials/Substrate/Glints2/dict_0001_0065" 8190
"/Engine/EngineMaterials/Substrate/Glints2/dict_0001_0064" 8191
"/Engine/EngineMaterials/Substrate/Glints2/dict_0001_0063" 8192
"/Engine/EngineMaterials/Substrate/Glints2/dict_0001_0062" 8193
"/Engine/EngineMaterials/Substrate/Glints2/dict_0001_0061" 8194
"../../../Engine/Content/EngineMaterials/Substrate/Glints2/dict_0001_0096.uasset" 8195
"../../../Engine/Content/EngineMaterials/Substrate/Glints2/dict_0001_0100.uasset" 8196
"../../../Engine/Content/EngineMaterials/Substrate/Glints2/dict_0001_0095.uasset" 8197
"../../../Engine/Content/EngineMaterials/Substrate/Glints2/dict_0001_0093.uasset" 8198
"../../../Engine/Content/EngineMaterials/Substrate/Glints2/dict_0001_0098.uasset" 8199
"../../../Engine/Content/EngineMaterials/Substrate/Glints2/dict_0001_0097.uasset" 8200
"/Engine/EngineMaterials/Substrate/Glints2/dict_0001_0092" 8201
"../../../Engine/Content/EngineMaterials/Substrate/Glints2/dict_0001_0094.uasset" 8202
"../../../Engine/Content/EngineMaterials/Substrate/Glints2/dict_0001_0099.uasset" 8203
"../../../Engine/Content/EngineMaterials/Substrate/Glints2/dict_0001_0101.uasset" 8204
"../../../Engine/Content/EngineMaterials/Substrate/Glints2/dict_0001_0102.uasset" 8205
"../../../Engine/Content/EngineMaterials/Substrate/Glints2/dict_0001_0103.uasset" 8206
"../../../Engine/Content/EngineMaterials/Substrate/Glints2/dict_0001_0105.uasset" 8207
"../../../Engine/Content/EngineMaterials/Substrate/Glints2/dict_0001_0107.uasset" 8208
"../../../Engine/Content/EngineMaterials/Substrate/Glints2/dict_0001_0108.uasset" 8209
"../../../Engine/Content/EngineMaterials/Substrate/Glints2/dict_0001_0109.uasset" 8210
"../../../Engine/Content/EngineMaterials/Substrate/Glints2/dict_0001_0106.uasset" 8211
"/Engine/EngineMaterials/Substrate/Glints2/dict_0001_0091" 8212
"../../../Engine/Content/EngineMaterials/Substrate/Glints2/dict_0001_0104.uasset" 8213
"../../../Engine/Content/EngineMaterials/Substrate/Glints2/dict_0001_0110.uasset" 8214
"../../../Engine/Content/EngineMaterials/Substrate/Glints2/dict_0001_0111.uasset" 8215
"../../../Engine/Content/EngineMaterials/Substrate/Glints2/dict_0001_0113.uasset" 8216
"../../../Engine/Content/EngineMaterials/Substrate/Glints2/dict_0001_0112.uasset" 8217
"/Engine/EngineMaterials/Substrate/Glints2/dict_0001_0090" 8218
"/Engine/EngineMaterials/Substrate/Glints2/dict_0001_0089" 8219
"/Engine/EngineMaterials/Substrate/Glints2/dict_0001_0088" 8220
"/Engine/EngineMaterials/Substrate/Glints2/dict_0001_0087" 8221
"/Engine/EngineMaterials/Substrate/Glints2/dict_0001_0086" 8222
"/Engine/EngineMaterials/Substrate/Glints2/dict_0001_0085" 8223
"/Engine/EngineMaterials/Substrate/Glints2/dict_0001_0084" 8224
"/Engine/EngineMaterials/Substrate/Glints2/dict_0001_0083" 8225
"/Engine/EngineMaterials/Substrate/Glints2/dict_0001_0082" 8226
"../../../Engine/Content/EngineMaterials/Substrate/Glints2/dict_0001_0116.uasset" 8227
"/Engine/EngineMaterials/Substrate/Glints2/dict_0001_0113" 8228
"../../../Engine/Content/EngineMaterials/Substrate/Glints2/dict_0001_0122.uasset" 8229
"../../../Engine/Content/EngineMaterials/Substrate/Glints2/dict_0001_0120.uasset" 8230
"../../../Engine/Content/EngineMaterials/Substrate/Glints2/dict_0001_0118.uasset" 8231
"../../../Engine/Content/EngineMaterials/Substrate/Glints2/dict_0001_0121.uasset" 8232
"../../../Engine/Content/EngineMaterials/Substrate/Glints2/dict_0001_0117.uasset" 8233
"../../../Engine/Content/EngineMaterials/Substrate/Glints2/dict_0001_0119.uasset" 8234
"../../../Engine/Content/EngineMaterials/Substrate/Glints2/dict_0001_0115.uasset" 8235
"../../../Engine/Content/EngineMaterials/Substrate/Glints2/dict_0001_0114.uasset" 8236
"/Engine/EngineMaterials/Substrate/Glints2/dict_0001_0112" 8237
"/Engine/EngineMaterials/Substrate/Glints2/dict_0001_0111" 8238
"../../../Engine/Content/EngineMaterials/Substrate/Glints2/dict_0001_0123.uasset" 8239
"../../../Engine/Content/EngineMaterials/Substrate/Glints2/dict_0001_0124.uasset" 8240
"/Engine/EngineMaterials/Substrate/Glints2/dict_0001_0110" 8241
"/Engine/EngineMaterials/Substrate/Glints2/dict_0001_0109" 8242
"/Engine/EngineMaterials/Substrate/Glints2/dict_0001_0108" 8243
"/Engine/EngineMaterials/Substrate/Glints2/dict_0001_0107" 8244
"/Engine/EngineMaterials/Substrate/Glints2/dict_0001_0106" 8245
"/Engine/EngineMaterials/Substrate/Glints2/dict_0001_0105" 8246
"/Engine/EngineMaterials/Substrate/Glints2/dict_0001_0104" 8247
"/Engine/EngineMaterials/Substrate/Glints2/dict_0001_0103" 8248
"/Engine/EngineMaterials/Substrate/Glints2/dict_0001_0102" 8249
"/Engine/EngineMaterials/Substrate/Glints2/dict_0001_0101" 8250
"/Engine/EngineMaterials/Substrate/Glints2/dict_0001_0100" 8251
"/Engine/EngineMaterials/Substrate/Glints2/dict_0001_0099" 8252
"/Engine/EngineMaterials/Substrate/Glints2/dict_0001_0098" 8253
"/Engine/EngineMaterials/Substrate/Glints2/dict_0001_0097" 8254
"/Engine/EngineMaterials/Substrate/Glints2/dict_0001_0096" 8255
"/Engine/EngineMaterials/Substrate/Glints2/dict_0001_0095" 8256
"/Engine/EngineMaterials/Substrate/Glints2/dict_0001_0094" 8257
"/Engine/EngineMaterials/Substrate/Glints2/dict_0001_0093" 8258
"../../../Engine/Content/EngineMaterials/Substrate/Glints2/dict_0001_0130.uasset" 8259
"../../../Engine/Content/EngineMaterials/Substrate/Glints2/dict_0001_0128.uasset" 8260
"../../../Engine/Content/EngineMaterials/Substrate/Glints2/dict_0001_0125.uasset" 8261
"../../../Engine/Content/EngineMaterials/Substrate/Glints2/dict_0001_0131.uasset" 8262
"/Engine/EngineMaterials/Substrate/Glints2/dict_0001_0124" 8263
"../../../Engine/Content/EngineMaterials/Substrate/Glints2/dict_0001_0129.uasset" 8264
"../../../Engine/Content/EngineMaterials/Substrate/Glints2/dict_0001_0132.uasset" 8265
"../../../Engine/Content/EngineMaterials/Substrate/Glints2/dict_0001_0126.uasset" 8266
"../../../Engine/Content/EngineMaterials/Substrate/Glints2/dict_0001_0127.uasset" 8267
"../../../Engine/Content/EngineMaterials/Substrate/Glints2/dict_0001_0134.uasset" 8268
"../../../Engine/Content/EngineMaterials/Substrate/Glints2/dict_0001_0137.uasset" 8269
"../../../Engine/Content/EngineMaterials/Substrate/Glints2/dict_0001_0135.uasset" 8270
"../../../Engine/Content/EngineMaterials/Substrate/Glints2/dict_0001_0133.uasset" 8271
"../../../Engine/Content/EngineMaterials/Substrate/Glints2/dict_0001_0136.uasset" 8272
"../../../Engine/Content/EngineMaterials/Substrate/Glints2/dict_0001_0138.uasset" 8273
"../../../Engine/Content/EngineMaterials/Substrate/Glints2/dict_0001_0139.uasset" 8274
"/Engine/EngineMaterials/Substrate/Glints2/dict_0001_0123" 8275
"../../../Engine/Content/EngineMaterials/Substrate/Glints2/dict_0001_0140.uasset" 8276
"../../../Engine/Content/EngineMaterials/Substrate/Glints2/dict_0001_0141.uasset" 8277
"../../../Engine/Content/EngineMaterials/Substrate/Glints2/dict_0001_0142.uasset" 8278
"../../../Engine/Content/EngineMaterials/Substrate/Glints2/dict_0001_0144.uasset" 8279
"../../../Engine/Content/EngineMaterials/Substrate/Glints2/dict_0001_0143.uasset" 8280
"../../../Engine/Content/EngineMaterials/Substrate/Glints2/dict_0001_0145.uasset" 8281
"/Engine/EngineMaterials/Substrate/Glints2/dict_0001_0122" 8282
"/Engine/EngineMaterials/Substrate/Glints2/dict_0001_0121" 8283
"/Engine/EngineMaterials/Substrate/Glints2/dict_0001_0120" 8284
"/Engine/EngineMaterials/Substrate/Glints2/dict_0001_0119" 8285
"/Engine/EngineMaterials/Substrate/Glints2/dict_0001_0118" 8286
"/Engine/EngineMaterials/Substrate/Glints2/dict_0001_0117" 8287
"/Engine/EngineMaterials/Substrate/Glints2/dict_0001_0116" 8288
"/Engine/EngineMaterials/Substrate/Glints2/dict_0001_0115" 8289
"/Engine/EngineMaterials/Substrate/Glints2/dict_0001_0114" 8290
"../../../Engine/Content/EngineMaterials/Substrate/Glints2/dict_0001_0147.uasset" 8291
"../../../Engine/Content/EngineMaterials/Substrate/Glints2/dict_0001_0149.uasset" 8292
"../../../Engine/Content/EngineMaterials/Substrate/Glints2/dict_0001_0150.uasset" 8293
"../../../Engine/Content/EngineMaterials/Substrate/Glints2/dict_0001_0146.uasset" 8294
"../../../Engine/Content/EngineMaterials/Substrate/Glints2/dict_0001_0152.uasset" 8295
"../../../Engine/Content/EngineMaterials/Substrate/Glints2/dict_0001_0155.uasset" 8296
"../../../Engine/Content/EngineMaterials/Substrate/Glints2/dict_0001_0151.uasset" 8297
"../../../Engine/Content/EngineMaterials/Substrate/Glints2/dict_0001_0148.uasset" 8298
"../../../Engine/Content/EngineMaterials/Substrate/Glints2/dict_0001_0153.uasset" 8299
"../../../Engine/Content/EngineMaterials/Substrate/Glints2/dict_0001_0154.uasset" 8300
"/Engine/EngineMaterials/Substrate/Glints2/dict_0001_0145" 8301
"../../../Engine/Content/EngineMaterials/Substrate/Glints2/dict_0001_0156.uasset" 8302
"/Engine/EngineMaterials/Substrate/Glints2/dict_0001_0144" 8303
"/Engine/EngineMaterials/Substrate/Glints2/dict_0001_0143" 8304
"/Engine/EngineMaterials/Substrate/Glints2/dict_0001_0142" 8305
"/Engine/EngineMaterials/Substrate/Glints2/dict_0001_0141" 8306
"/Engine/EngineMaterials/Substrate/Glints2/dict_0001_0140" 8307
"/Engine/EngineMaterials/Substrate/Glints2/dict_0001_0139" 8308
"/Engine/EngineMaterials/Substrate/Glints2/dict_0001_0138" 8309
"/Engine/EngineMaterials/Substrate/Glints2/dict_0001_0137" 8310
"/Engine/EngineMaterials/Substrate/Glints2/dict_0001_0136" 8311
"/Engine/EngineMaterials/Substrate/Glints2/dict_0001_0135" 8312
"/Engine/EngineMaterials/Substrate/Glints2/dict_0001_0134" 8313
"/Engine/EngineMaterials/Substrate/Glints2/dict_0001_0133" 8314
"/Engine/EngineMaterials/Substrate/Glints2/dict_0001_0132" 8315
"/Engine/EngineMaterials/Substrate/Glints2/dict_0001_0131" 8316
"/Engine/EngineMaterials/Substrate/Glints2/dict_0001_0130" 8317
"/Engine/EngineMaterials/Substrate/Glints2/dict_0001_0129" 8318
"/Engine/EngineMaterials/Substrate/Glints2/dict_0001_0128" 8319
"/Engine/EngineMaterials/Substrate/Glints2/dict_0001_0127" 8320
"/Engine/EngineMaterials/Substrate/Glints2/dict_0001_0126" 8321
"/Engine/EngineMaterials/Substrate/Glints2/dict_0001_0125" 8322
"../../../Engine/Content/EngineMaterials/Substrate/Glints2/dict_0001_0159.uasset" 8323
"../../../Engine/Content/EngineMaterials/Substrate/Glints2/dict_0001_0161.uasset" 8324
"../../../Engine/Content/EngineMaterials/Substrate/Glints2/dict_0001_0158.uasset" 8325
"../../../Engine/Content/EngineMaterials/Substrate/Glints2/dict_0001_0157.uasset" 8326
"../../../Engine/Content/EngineMaterials/Substrate/Glints2/dict_0001_0160.uasset" 8327
"../../../Engine/Content/EngineMaterials/Substrate/Glints2/dict_0001_0163.uasset" 8328
"/Engine/EngineMaterials/Substrate/Glints2/dict_0001_0156" 8329
"../../../Engine/Content/EngineMaterials/Substrate/Glints2/dict_0001_0162.uasset" 8330
"../../../Engine/Content/EngineMaterials/Substrate/Glints2/dict_0001_0164.uasset" 8331
"../../../Engine/Content/EngineMaterials/Substrate/Glints2/dict_0001_0166.uasset" 8332
"../../../Engine/Content/EngineMaterials/Substrate/Glints2/dict_0001_0165.uasset" 8333
"../../../Engine/Content/EngineMaterials/Substrate/Glints2/dict_0001_0170.uasset" 8334
"../../../Engine/Content/EngineMaterials/Substrate/Glints2/dict_0001_0168.uasset" 8335
"../../../Engine/Content/EngineMaterials/Substrate/Glints2/dict_0001_0169.uasset" 8336
"../../../Engine/Content/EngineMaterials/Substrate/Glints2/dict_0001_0167.uasset" 8337
"../../../Engine/Content/EngineMaterials/Substrate/Glints2/dict_0001_0171.uasset" 8338
"../../../Engine/Content/EngineMaterials/Substrate/Glints2/dict_0001_0172.uasset" 8339
"/Engine/EngineMaterials/Substrate/Glints2/dict_0001_0155" 8340
"../../../Engine/Content/EngineMaterials/Substrate/Glints2/dict_0001_0173.uasset" 8341
"../../../Engine/Content/EngineMaterials/Substrate/Glints2/dict_0001_0174.uasset" 8342
"../../../Engine/Content/EngineMaterials/Substrate/Glints2/dict_0001_0175.uasset" 8343
"../../../Engine/Content/EngineMaterials/Substrate/Glints2/dict_0001_0176.uasset" 8344
"../../../Engine/Content/EngineMaterials/Substrate/Glints2/dict_0001_0177.uasset" 8345
"/Engine/EngineMaterials/Substrate/Glints2/dict_0001_0154" 8346
"/Engine/EngineMaterials/Substrate/Glints2/dict_0001_0153" 8347
"/Engine/EngineMaterials/Substrate/Glints2/dict_0001_0152" 8348
"/Engine/EngineMaterials/Substrate/Glints2/dict_0001_0151" 8349
"/Engine/EngineMaterials/Substrate/Glints2/dict_0001_0150" 8350
"/Engine/EngineMaterials/Substrate/Glints2/dict_0001_0149" 8351
"/Engine/EngineMaterials/Substrate/Glints2/dict_0001_0148" 8352
"/Engine/EngineMaterials/Substrate/Glints2/dict_0001_0147" 8353
"/Engine/EngineMaterials/Substrate/Glints2/dict_0001_0146" 8354
"../../../Engine/Content/EngineMaterials/Substrate/Glints2/dict_0001_0179.uasset" 8355
"../../../Engine/Content/EngineMaterials/Substrate/Glints2/dict_0001_0182.uasset" 8356
"/Engine/EngineMaterials/Substrate/Glints2/dict_0001_0177" 8357
"../../../Engine/Content/EngineMaterials/Substrate/Glints2/dict_0001_0184.uasset" 8358
"../../../Engine/Content/EngineMaterials/Substrate/Glints2/dict_0001_0178.uasset" 8359
"../../../Engine/Content/EngineMaterials/Substrate/Glints2/dict_0001_0185.uasset" 8360
"../../../Engine/Content/EngineMaterials/Substrate/Glints2/dict_0001_0183.uasset" 8361
"../../../Engine/Content/EngineMaterials/Substrate/Glints2/dict_0001_0180.uasset" 8362
"../../../Engine/Content/EngineMaterials/Substrate/Glints2/dict_0001_0181.uasset" 8363
"../../../Engine/Content/EngineMaterials/Substrate/Glints2/dict_0001_0186.uasset" 8364
"../../../Engine/Content/EngineMaterials/Substrate/Glints2/dict_0001_0187.uasset" 8365
"../../../Engine/Content/EngineMaterials/Substrate/Glints2/dict_0001_0188.uasset" 8366
"/Engine/EngineMaterials/Substrate/Glints2/dict_0001_0176" 8367
"/Engine/EngineMaterials/Substrate/Glints2/dict_0001_0175" 8368
"/Engine/EngineMaterials/Substrate/Glints2/dict_0001_0174" 8369
"/Engine/EngineMaterials/Substrate/Glints2/dict_0001_0173" 8370
"/Engine/EngineMaterials/Substrate/Glints2/dict_0001_0172" 8371
"/Engine/EngineMaterials/Substrate/Glints2/dict_0001_0171" 8372
"/Engine/EngineMaterials/Substrate/Glints2/dict_0001_0170" 8373
"/Engine/EngineMaterials/Substrate/Glints2/dict_0001_0169" 8374
"/Engine/EngineMaterials/Substrate/Glints2/dict_0001_0168" 8375
"/Engine/EngineMaterials/Substrate/Glints2/dict_0001_0167" 8376
"/Engine/EngineMaterials/Substrate/Glints2/dict_0001_0166" 8377
"/Engine/EngineMaterials/Substrate/Glints2/dict_0001_0165" 8378
"/Engine/EngineMaterials/Substrate/Glints2/dict_0001_0164" 8379
"/Engine/EngineMaterials/Substrate/Glints2/dict_0001_0163" 8380
"/Engine/EngineMaterials/Substrate/Glints2/dict_0001_0162" 8381
"/Engine/EngineMaterials/Substrate/Glints2/dict_0001_0161" 8382
"/Engine/EngineMaterials/Substrate/Glints2/dict_0001_0160" 8383
"/Engine/EngineMaterials/Substrate/Glints2/dict_0001_0159" 8384
"/Engine/EngineMaterials/Substrate/Glints2/dict_0001_0158" 8385
"/Engine/EngineMaterials/Substrate/Glints2/dict_0001_0157" 8386
"../../../Engine/Content/EngineMaterials/Substrate/Glints2/dict_0001_0192.uasset" 8387
"/Engine/EngineMaterials/Substrate/Glints2/dict_0001_0188" 8388
"../../../Engine/Content/EngineMaterials/Substrate/Glints2/dict_0001_0191.uasset" 8389
"../../../Engine/Content/EngineMaterials/Substrate/Glints2/dict_0001_0194.uasset" 8390
"../../../Engine/Content/EngineMaterials/Substrate/Glints2/dict_0001_0193.uasset" 8391
"../../../Engine/Content/EngineMaterials/Substrate/Glints2/dict_0001_0197.uasset" 8392
"../../../Engine/Content/EngineMaterials/Substrate/Glints2/dict_0001_0196.uasset" 8393
"../../../Engine/Content/EngineMaterials/Substrate/Glints2/dict_0001_0195.uasset" 8394
"../../../Engine/Content/EngineMaterials/Substrate/Glints2/dict_0001_0199.uasset" 8395
"../../../Engine/Content/EngineMaterials/Substrate/Glints2/dict_0001_0198.uasset" 8396
"../../../Engine/Content/EngineMaterials/Substrate/Glints2/dict_0001_0200.uasset" 8397
"../../../Engine/Content/EngineMaterials/Substrate/Glints2/dict_0001_0190.uasset" 8398
"../../../Engine/Content/EngineMaterials/Substrate/Glints2/dict_0001_0202.uasset" 8399
"../../../Engine/Content/EngineMaterials/Substrate/Glints2/dict_0001_0189.uasset" 8400
"../../../Engine/Content/EngineMaterials/Substrate/Glints2/dict_0001_0203.uasset" 8401
"../../../Engine/Content/EngineMaterials/Substrate/Glints2/dict_0001_0201.uasset" 8402
"../../../Engine/Content/EngineMaterials/Substrate/Glints2/dict_0001_0204.uasset" 8403
"/Engine/EngineMaterials/Substrate/Glints2/dict_0001_0187" 8404
"../../../Engine/Content/EngineMaterials/Substrate/Glints2/dict_0001_0205.uasset" 8405
"../../../Engine/Content/EngineMaterials/Substrate/Glints2/dict_0001_0206.uasset" 8406
"../../../Engine/Content/EngineMaterials/Substrate/Glints2/dict_0001_0207.uasset" 8407
"../../../Engine/Content/EngineMaterials/Substrate/Glints2/dict_0001_0209.uasset" 8408
"../../../Engine/Content/EngineMaterials/Substrate/Glints2/dict_0001_0208.uasset" 8409
"/Engine/EngineMaterials/Substrate/Glints2/dict_0001_0186" 8410
"/Engine/EngineMaterials/Substrate/Glints2/dict_0001_0185" 8411
"/Engine/EngineMaterials/Substrate/Glints2/dict_0001_0184" 8412
"/Engine/EngineMaterials/Substrate/Glints2/dict_0001_0183" 8413
"/Engine/EngineMaterials/Substrate/Glints2/dict_0001_0182" 8414
"/Engine/EngineMaterials/Substrate/Glints2/dict_0001_0181" 8415
"/Engine/EngineMaterials/Substrate/Glints2/dict_0001_0180" 8416
"/Engine/EngineMaterials/Substrate/Glints2/dict_0001_0179" 8417
"/Engine/EngineMaterials/Substrate/Glints2/dict_0001_0178" 8418
"../../../Engine/Content/EngineMaterials/Substrate/Glints2/dict_0001_0211.uasset" 8419
"../../../Engine/Content/EngineMaterials/Substrate/Glints2/dict_0001_0210.uasset" 8420
"../../../Engine/Content/EngineMaterials/Substrate/Glints2/dict_0001_0215.uasset" 8421
"../../../Engine/Content/EngineMaterials/Substrate/Glints2/dict_0001_0213.uasset" 8422
"../../../Engine/Content/EngineMaterials/Substrate/Glints2/dict_0001_0214.uasset" 8423
"../../../Engine/Content/EngineMaterials/Substrate/Glints2/dict_0001_0217.uasset" 8424
"../../../Engine/Content/EngineMaterials/Substrate/Glints2/dict_0001_0216.uasset" 8425
"/Engine/EngineMaterials/Substrate/Glints2/dict_0001_0209" 8426
"../../../Engine/Content/EngineMaterials/Substrate/Glints2/dict_0001_0212.uasset" 8427
"../../../Engine/Content/EngineMaterials/Substrate/Glints2/dict_0001_0219.uasset" 8428
"../../../Engine/Content/EngineMaterials/Substrate/Glints2/dict_0001_0220.uasset" 8429
"../../../Engine/Content/EngineMaterials/Substrate/Glints2/dict_0001_0218.uasset" 8430
"/Engine/EngineMaterials/Substrate/Glints2/dict_0001_0208" 8431
"/Engine/EngineMaterials/Substrate/Glints2/dict_0001_0207" 8432
"/Engine/EngineMaterials/Substrate/Glints2/dict_0001_0206" 8433
"/Engine/EngineMaterials/Substrate/Glints2/dict_0001_0205" 8434
"/Engine/EngineMaterials/Substrate/Glints2/dict_0001_0204" 8435
"/Engine/EngineMaterials/Substrate/Glints2/dict_0001_0203" 8436
"/Engine/EngineMaterials/Substrate/Glints2/dict_0001_0202" 8437
"/Engine/EngineMaterials/Substrate/Glints2/dict_0001_0201" 8438
"/Engine/EngineMaterials/Substrate/Glints2/dict_0001_0200" 8439
"/Engine/EngineMaterials/Substrate/Glints2/dict_0001_0199" 8440
"/Engine/EngineMaterials/Substrate/Glints2/dict_0001_0198" 8441
"/Engine/EngineMaterials/Substrate/Glints2/dict_0001_0197" 8442
"/Engine/EngineMaterials/Substrate/Glints2/dict_0001_0196" 8443
"/Engine/EngineMaterials/Substrate/Glints2/dict_0001_0195" 8444
"/Engine/EngineMaterials/Substrate/Glints2/dict_0001_0194" 8445
"/Engine/EngineMaterials/Substrate/Glints2/dict_0001_0193" 8446
"/Engine/EngineMaterials/Substrate/Glints2/dict_0001_0192" 8447
"/Engine/EngineMaterials/Substrate/Glints2/dict_0001_0191" 8448
"/Engine/EngineMaterials/Substrate/Glints2/dict_0001_0190" 8449
"/Engine/EngineMaterials/Substrate/Glints2/dict_0001_0189" 8450
"/Engine/EngineMaterials/Substrate/Glints2/dict_0001_0220" 8451
"../../../Engine/Content/EngineMaterials/Substrate/Glints2/dict_0001_0221.uasset" 8452
"../../../Engine/Content/EngineMaterials/Substrate/Glints2/dict_0001_0229.uasset" 8453
"../../../Engine/Content/EngineMaterials/Substrate/Glints2/dict_0001_0223.uasset" 8454
"../../../Engine/Content/EngineMaterials/Substrate/Glints2/dict_0001_0226.uasset" 8455
"../../../Engine/Content/EngineMaterials/Substrate/Glints2/dict_0001_0227.uasset" 8456
"../../../Engine/Content/EngineMaterials/Substrate/Glints2/dict_0001_0230.uasset" 8457
"../../../Engine/Content/EngineMaterials/Substrate/Glints2/dict_0001_0228.uasset" 8458
"../../../Engine/Content/EngineMaterials/Substrate/Glints2/dict_0001_0222.uasset" 8459
"../../../Engine/Content/EngineMaterials/Substrate/Glints2/dict_0001_0225.uasset" 8460
"../../../Engine/Content/EngineMaterials/Substrate/Glints2/dict_0001_0224.uasset" 8461
"/Engine/EngineMaterials/Substrate/Glints2/dict_0001_0219" 8462
"../../../Engine/Content/EngineMaterials/Substrate/Glints2/dict_0001_0231.uasset" 8463
"../../../Engine/Content/EngineMaterials/Substrate/Glints2/dict_0001_0232.uasset" 8464
"../../../Engine/Content/EngineMaterials/Substrate/Glints2/dict_0001_0233.uasset" 8465
"../../../Engine/Content/EngineMaterials/Substrate/Glints2/dict_0001_0237.uasset" 8466
"../../../Engine/Content/EngineMaterials/Substrate/Glints2/dict_0001_0234.uasset" 8467
"../../../Engine/Content/EngineMaterials/Substrate/Glints2/dict_0001_0236.uasset" 8468
"../../../Engine/Content/EngineMaterials/Substrate/Glints2/dict_0001_0235.uasset" 8469
"../../../Engine/Content/EngineMaterials/Substrate/Glints2/dict_0001_0238.uasset" 8470
"../../../Engine/Content/EngineMaterials/Substrate/Glints2/dict_0001_0239.uasset" 8471
"../../../Engine/Content/EngineMaterials/Substrate/Glints2/dict_0001_0240.uasset" 8472
"../../../Engine/Content/EngineMaterials/Substrate/Glints2/dict_0001_0241.uasset" 8473
"/Engine/EngineMaterials/Substrate/Glints2/dict_0001_0218" 8474
"/Engine/EngineMaterials/Substrate/Glints2/dict_0001_0217" 8475
"/Engine/EngineMaterials/Substrate/Glints2/dict_0001_0216" 8476
"/Engine/EngineMaterials/Substrate/Glints2/dict_0001_0215" 8477
"/Engine/EngineMaterials/Substrate/Glints2/dict_0001_0214" 8478
"/Engine/EngineMaterials/Substrate/Glints2/dict_0001_0213" 8479
"/Engine/EngineMaterials/Substrate/Glints2/dict_0001_0212" 8480
"/Engine/EngineMaterials/Substrate/Glints2/dict_0001_0211" 8481
"/Engine/EngineMaterials/Substrate/Glints2/dict_0001_0210" 8482
"../../../Engine/Content/EngineMaterials/Substrate/Glints2/dict_0001_0243.uasset" 8483
"../../../Engine/Content/EngineMaterials/Substrate/Glints2/dict_0001_0248.uasset" 8484
"../../../Engine/Content/EngineMaterials/Substrate/Glints2/dict_0001_0247.uasset" 8485
"../../../Engine/Content/EngineMaterials/Substrate/Glints2/dict_0001_0244.uasset" 8486
"../../../Engine/Content/EngineMaterials/Substrate/Glints2/dict_0001_0245.uasset" 8487
"../../../Engine/Content/EngineMaterials/Substrate/Glints2/dict_0001_0246.uasset" 8488
"../../../Engine/Content/EngineMaterials/Substrate/Glints2/dict_0001_0242.uasset" 8489
"/Engine/EngineMaterials/Substrate/Glints2/dict_0001_0241" 8490
"../../../Engine/Content/EngineMaterials/Substrate/Glints2/dict_0001_0249.uasset" 8491
"../../../Engine/Content/EngineMaterials/Substrate/Glints2/dict_0001_0250.uasset" 8492
"../../../Engine/Content/EngineMaterials/Substrate/Glints2/dict_0001_0251.uasset" 8493
"../../../Engine/Content/EngineMaterials/Substrate/Glints2/dict_0001_0252.uasset" 8494
"/Engine/EngineMaterials/Substrate/Glints2/dict_0001_0240" 8495
"/Engine/EngineMaterials/Substrate/Glints2/dict_0001_0239" 8496
"/Engine/EngineMaterials/Substrate/Glints2/dict_0001_0238" 8497
"/Engine/EngineMaterials/Substrate/Glints2/dict_0001_0237" 8498
"/Engine/EngineMaterials/Substrate/Glints2/dict_0001_0236" 8499
"/Engine/EngineMaterials/Substrate/Glints2/dict_0001_0235" 8500
"/Engine/EngineMaterials/Substrate/Glints2/dict_0001_0234" 8501
"/Engine/EngineMaterials/Substrate/Glints2/dict_0001_0233" 8502
"/Engine/EngineMaterials/Substrate/Glints2/dict_0001_0232" 8503
"/Engine/EngineMaterials/Substrate/Glints2/dict_0001_0231" 8504
"/Engine/EngineMaterials/Substrate/Glints2/dict_0001_0230" 8505
"/Engine/EngineMaterials/Substrate/Glints2/dict_0001_0229" 8506
"/Engine/EngineMaterials/Substrate/Glints2/dict_0001_0228" 8507
"/Engine/EngineMaterials/Substrate/Glints2/dict_0001_0227" 8508
"/Engine/EngineMaterials/Substrate/Glints2/dict_0001_0226" 8509
"/Engine/EngineMaterials/Substrate/Glints2/dict_0001_0225" 8510
"/Engine/EngineMaterials/Substrate/Glints2/dict_0001_0224" 8511
"/Engine/EngineMaterials/Substrate/Glints2/dict_0001_0223" 8512
"/Engine/EngineMaterials/Substrate/Glints2/dict_0001_0222" 8513
"/Engine/EngineMaterials/Substrate/Glints2/dict_0001_0221" 8514
"/Engine/EngineMaterials/Substrate/Glints2/dict_0001_0252" 8515
"../../../Engine/Content/EngineMaterials/Substrate/Glints2/dict_0001_0254.uasset" 8516
"../../../Engine/Content/EngineMaterials/Substrate/Glints2/dict_0002_0000.uasset" 8517
"../../../Engine/Content/EngineMaterials/Substrate/Glints2/dict_0002_0001.uasset" 8518
"../../../Engine/Content/EngineMaterials/Substrate/Glints2/dict_0001_0255.uasset" 8519
"../../../Engine/Content/EngineMaterials/Substrate/Glints2/dict_0002_0002.uasset" 8520
"../../../Engine/Content/EngineMaterials/Substrate/Glints2/dict_0001_0253.uasset" 8521
"../../../Engine/Content/EngineMaterials/Substrate/Glints2/dict_0002_0003.uasset" 8522
"../../../Engine/Content/EngineMaterials/Substrate/Glints2/dict_0002_0004.uasset" 8523
"../../../Engine/Content/EngineMaterials/Substrate/Glints2/dict_0002_0007.uasset" 8524
"../../../Engine/Content/EngineMaterials/Substrate/Glints2/dict_0002_0005.uasset" 8525
"../../../Engine/Content/EngineMaterials/Substrate/Glints2/dict_0002_0008.uasset" 8526
"../../../Engine/Content/EngineMaterials/Substrate/Glints2/dict_0002_0006.uasset" 8527
"../../../Engine/Content/EngineMaterials/Substrate/Glints2/dict_0002_0009.uasset" 8528
"../../../Engine/Content/EngineMaterials/Substrate/Glints2/dict_0002_0011.uasset" 8529
"../../../Engine/Content/EngineMaterials/Substrate/Glints2/dict_0002_0010.uasset" 8530
"../../../Engine/Content/EngineMaterials/Substrate/Glints2/dict_0002_0012.uasset" 8531
"../../../Engine/Content/EngineMaterials/Substrate/Glints2/dict_0002_0013.uasset" 8532
"../../../Engine/Content/EngineMaterials/Substrate/Glints2/dict_0002_0014.uasset" 8533
"/Engine/EngineMaterials/Substrate/Glints2/dict_0001_0251" 8534
"../../../Engine/Content/EngineMaterials/Substrate/Glints2/dict_0002_0017.uasset" 8535
"../../../Engine/Content/EngineMaterials/Substrate/Glints2/dict_0002_0016.uasset" 8536
"../../../Engine/Content/EngineMaterials/Substrate/Glints2/dict_0002_0015.uasset" 8537
"/Engine/EngineMaterials/Substrate/Glints2/dict_0001_0250" 8538
"/Engine/EngineMaterials/Substrate/Glints2/dict_0001_0249" 8539
"/Engine/EngineMaterials/Substrate/Glints2/dict_0001_0248" 8540
"/Engine/EngineMaterials/Substrate/Glints2/dict_0001_0247" 8541
"/Engine/EngineMaterials/Substrate/Glints2/dict_0001_0246" 8542
"/Engine/EngineMaterials/Substrate/Glints2/dict_0001_0245" 8543
"/Engine/EngineMaterials/Substrate/Glints2/dict_0001_0244" 8544
"/Engine/EngineMaterials/Substrate/Glints2/dict_0001_0243" 8545
"/Engine/EngineMaterials/Substrate/Glints2/dict_0001_0242" 8546
"../../../Engine/Content/EngineMaterials/Substrate/Glints2/dict_0002_0019.uasset" 8547
"../../../Engine/Content/EngineMaterials/Substrate/Glints2/dict_0002_0020.uasset" 8548
"/Engine/EngineMaterials/Substrate/Glints2/dict_0002_0017" 8549
"../../../Engine/Content/EngineMaterials/Substrate/Glints2/dict_0002_0024.uasset" 8550
"../../../Engine/Content/EngineMaterials/Substrate/Glints2/dict_0002_0021.uasset" 8551
"../../../Engine/Content/EngineMaterials/Substrate/Glints2/dict_0002_0025.uasset" 8552
"../../../Engine/Content/EngineMaterials/Substrate/Glints2/dict_0002_0022.uasset" 8553
"../../../Engine/Content/EngineMaterials/Substrate/Glints2/dict_0002_0026.uasset" 8554
"../../../Engine/Content/EngineMaterials/Substrate/Glints2/dict_0002_0018.uasset" 8555
"../../../Engine/Content/EngineMaterials/Substrate/Glints2/dict_0002_0023.uasset" 8556
"../../../Engine/Content/EngineMaterials/Substrate/Glints2/dict_0002_0027.uasset" 8557
"../../../Engine/Content/EngineMaterials/Substrate/Glints2/dict_0002_0028.uasset" 8558
"/Engine/EngineMaterials/Substrate/Glints2/dict_0002_0016" 8559
"/Engine/EngineMaterials/Substrate/Glints2/dict_0002_0015" 8560
"/Engine/EngineMaterials/Substrate/Glints2/dict_0002_0014" 8561
"/Engine/EngineMaterials/Substrate/Glints2/dict_0002_0013" 8562
"/Engine/EngineMaterials/Substrate/Glints2/dict_0002_0012" 8563
"/Engine/EngineMaterials/Substrate/Glints2/dict_0002_0011" 8564
"/Engine/EngineMaterials/Substrate/Glints2/dict_0002_0010" 8565
"/Engine/EngineMaterials/Substrate/Glints2/dict_0002_0009" 8566
"/Engine/EngineMaterials/Substrate/Glints2/dict_0002_0008" 8567
"/Engine/EngineMaterials/Substrate/Glints2/dict_0002_0007" 8568
"/Engine/EngineMaterials/Substrate/Glints2/dict_0002_0006" 8569
"/Engine/EngineMaterials/Substrate/Glints2/dict_0002_0005" 8570
"/Engine/EngineMaterials/Substrate/Glints2/dict_0002_0004" 8571
"/Engine/EngineMaterials/Substrate/Glints2/dict_0002_0003" 8572
"/Engine/EngineMaterials/Substrate/Glints2/dict_0002_0002" 8573
"/Engine/EngineMaterials/Substrate/Glints2/dict_0002_0001" 8574
"/Engine/EngineMaterials/Substrate/Glints2/dict_0002_0000" 8575
"/Engine/EngineMaterials/Substrate/Glints2/dict_0001_0255" 8576
"/Engine/EngineMaterials/Substrate/Glints2/dict_0001_0254" 8577
"/Engine/EngineMaterials/Substrate/Glints2/dict_0001_0253" 8578
"../../../Engine/Content/EngineMaterials/Substrate/Glints2/dict_0002_0030.uasset" 8579
"../../../Engine/Content/EngineMaterials/Substrate/Glints2/dict_0002_0036.uasset" 8580
"../../../Engine/Content/EngineMaterials/Substrate/Glints2/dict_0002_0031.uasset" 8581
"/Engine/EngineMaterials/Substrate/Glints2/dict_0002_0028" 8582
"../../../Engine/Content/EngineMaterials/Substrate/Glints2/dict_0002_0035.uasset" 8583
"../../../Engine/Content/EngineMaterials/Substrate/Glints2/dict_0002_0033.uasset" 8584
"../../../Engine/Content/EngineMaterials/Substrate/Glints2/dict_0002_0029.uasset" 8585
"../../../Engine/Content/EngineMaterials/Substrate/Glints2/dict_0002_0032.uasset" 8586
"../../../Engine/Content/EngineMaterials/Substrate/Glints2/dict_0002_0034.uasset" 8587
"../../../Engine/Content/EngineMaterials/Substrate/Glints2/dict_0002_0037.uasset" 8588
"../../../Engine/Content/EngineMaterials/Substrate/Glints2/dict_0002_0039.uasset" 8589
"../../../Engine/Content/EngineMaterials/Substrate/Glints2/dict_0002_0038.uasset" 8590
"../../../Engine/Content/EngineMaterials/Substrate/Glints2/dict_0002_0040.uasset" 8591
"../../../Engine/Content/EngineMaterials/Substrate/Glints2/dict_0002_0041.uasset" 8592
"../../../Engine/Content/EngineMaterials/Substrate/Glints2/dict_0002_0043.uasset" 8593
"../../../Engine/Content/EngineMaterials/Substrate/Glints2/dict_0002_0042.uasset" 8594
"../../../Engine/Content/EngineMaterials/Substrate/Glints2/dict_0002_0044.uasset" 8595
"/Engine/EngineMaterials/Substrate/Glints2/dict_0002_0027" 8596
"../../../Engine/Content/EngineMaterials/Substrate/Glints2/dict_0002_0045.uasset" 8597
"../../../Engine/Content/EngineMaterials/Substrate/Glints2/dict_0002_0046.uasset" 8598
"../../../Engine/Content/EngineMaterials/Substrate/Glints2/dict_0002_0047.uasset" 8599
"../../../Engine/Content/EngineMaterials/Substrate/Glints2/dict_0002_0048.uasset" 8600
"../../../Engine/Content/EngineMaterials/Substrate/Glints2/dict_0002_0049.uasset" 8601
"/Engine/EngineMaterials/Substrate/Glints2/dict_0002_0026" 8602
"/Engine/EngineMaterials/Substrate/Glints2/dict_0002_0025" 8603
"/Engine/EngineMaterials/Substrate/Glints2/dict_0002_0024" 8604
"/Engine/EngineMaterials/Substrate/Glints2/dict_0002_0023" 8605
"/Engine/EngineMaterials/Substrate/Glints2/dict_0002_0022" 8606
"/Engine/EngineMaterials/Substrate/Glints2/dict_0002_0021" 8607
"/Engine/EngineMaterials/Substrate/Glints2/dict_0002_0020" 8608
"/Engine/EngineMaterials/Substrate/Glints2/dict_0002_0019" 8609
"/Engine/EngineMaterials/Substrate/Glints2/dict_0002_0018" 8610
"../../../Engine/Content/EngineMaterials/Substrate/Glints2/dict_0002_0053.uasset" 8611
"../../../Engine/Content/EngineMaterials/Substrate/Glints2/dict_0002_0058.uasset" 8612
"../../../Engine/Content/EngineMaterials/Substrate/Glints2/dict_0002_0050.uasset" 8613
"../../../Engine/Content/EngineMaterials/Substrate/Glints2/dict_0002_0054.uasset" 8614
"../../../Engine/Content/EngineMaterials/Substrate/Glints2/dict_0002_0051.uasset" 8615
"/Engine/EngineMaterials/Substrate/Glints2/dict_0002_0049" 8616
"../../../Engine/Content/EngineMaterials/Substrate/Glints2/dict_0002_0059.uasset" 8617
"../../../Engine/Content/EngineMaterials/Substrate/Glints2/dict_0002_0057.uasset" 8618
"../../../Engine/Content/EngineMaterials/Substrate/Glints2/dict_0002_0056.uasset" 8619
"../../../Engine/Content/EngineMaterials/Substrate/Glints2/dict_0002_0055.uasset" 8620
"../../../Engine/Content/EngineMaterials/Substrate/Glints2/dict_0002_0052.uasset" 8621
"../../../Engine/Content/EngineMaterials/Substrate/Glints2/dict_0002_0060.uasset" 8622
"/Engine/EngineMaterials/Substrate/Glints2/dict_0002_0048" 8623
"/Engine/EngineMaterials/Substrate/Glints2/dict_0002_0047" 8624
"/Engine/EngineMaterials/Substrate/Glints2/dict_0002_0046" 8625
"/Engine/EngineMaterials/Substrate/Glints2/dict_0002_0045" 8626
"/Engine/EngineMaterials/Substrate/Glints2/dict_0002_0044" 8627
"/Engine/EngineMaterials/Substrate/Glints2/dict_0002_0043" 8628
"/Engine/EngineMaterials/Substrate/Glints2/dict_0002_0042" 8629
"/Engine/EngineMaterials/Substrate/Glints2/dict_0002_0041" 8630
"/Engine/EngineMaterials/Substrate/Glints2/dict_0002_0040" 8631
"/Engine/EngineMaterials/Substrate/Glints2/dict_0002_0039" 8632
"/Engine/EngineMaterials/Substrate/Glints2/dict_0002_0038" 8633
"/Engine/EngineMaterials/Substrate/Glints2/dict_0002_0037" 8634
"/Engine/EngineMaterials/Substrate/Glints2/dict_0002_0036" 8635
"/Engine/EngineMaterials/Substrate/Glints2/dict_0002_0035" 8636
"/Engine/EngineMaterials/Substrate/Glints2/dict_0002_0034" 8637
"/Engine/EngineMaterials/Substrate/Glints2/dict_0002_0033" 8638
"/Engine/EngineMaterials/Substrate/Glints2/dict_0002_0032" 8639
"/Engine/EngineMaterials/Substrate/Glints2/dict_0002_0031" 8640
"/Engine/EngineMaterials/Substrate/Glints2/dict_0002_0030" 8641
"/Engine/EngineMaterials/Substrate/Glints2/dict_0002_0029" 8642
"../../../Engine/Content/EngineMaterials/Substrate/Glints2/dict_0002_0061.uasset" 8643
"../../../Engine/Content/EngineMaterials/Substrate/Glints2/dict_0002_0066.uasset" 8644
"../../../Engine/Content/EngineMaterials/Substrate/Glints2/dict_0002_0065.uasset" 8645
"../../../Engine/Content/EngineMaterials/Substrate/Glints2/dict_0002_0062.uasset" 8646
"../../../Engine/Content/EngineMaterials/Substrate/Glints2/dict_0002_0068.uasset" 8647
"../../../Engine/Content/EngineMaterials/Substrate/Glints2/dict_0002_0069.uasset" 8648
"/Engine/EngineMaterials/Substrate/Glints2/dict_0002_0060" 8649
"../../../Engine/Content/EngineMaterials/Substrate/Glints2/dict_0002_0064.uasset" 8650
"../../../Engine/Content/EngineMaterials/Substrate/Glints2/dict_0002_0067.uasset" 8651
"../../../Engine/Content/EngineMaterials/Substrate/Glints2/dict_0002_0063.uasset" 8652
"../../../Engine/Content/EngineMaterials/Substrate/Glints2/dict_0002_0071.uasset" 8653
"../../../Engine/Content/EngineMaterials/Substrate/Glints2/dict_0002_0070.uasset" 8654
"../../../Engine/Content/EngineMaterials/Substrate/Glints2/dict_0002_0074.uasset" 8655
"/Engine/EngineMaterials/Substrate/Glints2/dict_0002_0059" 8656
"../../../Engine/Content/EngineMaterials/Substrate/Glints2/dict_0002_0077.uasset" 8657
"../../../Engine/Content/EngineMaterials/Substrate/Glints2/dict_0002_0078.uasset" 8658
"../../../Engine/Content/EngineMaterials/Substrate/Glints2/dict_0002_0075.uasset" 8659
"../../../Engine/Content/EngineMaterials/Substrate/Glints2/dict_0002_0076.uasset" 8660
"../../../Engine/Content/EngineMaterials/Substrate/Glints2/dict_0002_0072.uasset" 8661
"../../../Engine/Content/EngineMaterials/Substrate/Glints2/dict_0002_0073.uasset" 8662
"../../../Engine/Content/EngineMaterials/Substrate/Glints2/dict_0002_0079.uasset" 8663
"../../../Engine/Content/EngineMaterials/Substrate/Glints2/dict_0002_0080.uasset" 8664
"/Engine/EngineMaterials/Substrate/Glints2/dict_0002_0058" 8665
"../../../Engine/Content/EngineMaterials/Substrate/Glints2/dict_0002_0081.uasset" 8666
"/Engine/EngineMaterials/Substrate/Glints2/dict_0002_0057" 8667
"/Engine/EngineMaterials/Substrate/Glints2/dict_0002_0056" 8668
"/Engine/EngineMaterials/Substrate/Glints2/dict_0002_0055" 8669
"/Engine/EngineMaterials/Substrate/Glints2/dict_0002_0054" 8670
"/Engine/EngineMaterials/Substrate/Glints2/dict_0002_0053" 8671
"/Engine/EngineMaterials/Substrate/Glints2/dict_0002_0052" 8672
"/Engine/EngineMaterials/Substrate/Glints2/dict_0002_0051" 8673
"/Engine/EngineMaterials/Substrate/Glints2/dict_0002_0050" 8674
"../../../Engine/Content/EngineMaterials/Substrate/Glints2/dict_0002_0082.uasset" 8675
"../../../Engine/Content/EngineMaterials/Substrate/Glints2/dict_0002_0083.uasset" 8676
"../../../Engine/Content/EngineMaterials/Substrate/Glints2/dict_0002_0085.uasset" 8677
"../../../Engine/Content/EngineMaterials/Substrate/Glints2/dict_0002_0087.uasset" 8678
"../../../Engine/Content/EngineMaterials/Substrate/Glints2/dict_0002_0086.uasset" 8679
"../../../Engine/Content/EngineMaterials/Substrate/Glints2/dict_0002_0089.uasset" 8680
"../../../Engine/Content/EngineMaterials/Substrate/Glints2/dict_0002_0084.uasset" 8681
"../../../Engine/Content/EngineMaterials/Substrate/Glints2/dict_0002_0090.uasset" 8682
"../../../Engine/Content/EngineMaterials/Substrate/Glints2/dict_0002_0088.uasset" 8683
"/Engine/EngineMaterials/Substrate/Glints2/dict_0002_0081" 8684
"../../../Engine/Content/EngineMaterials/Substrate/Glints2/dict_0002_0092.uasset" 8685
"../../../Engine/Content/EngineMaterials/Substrate/Glints2/dict_0002_0091.uasset" 8686
"/Engine/EngineMaterials/Substrate/Glints2/dict_0002_0080" 8687
"/Engine/EngineMaterials/Substrate/Glints2/dict_0002_0079" 8688
"/Engine/EngineMaterials/Substrate/Glints2/dict_0002_0078" 8689
"/Engine/EngineMaterials/Substrate/Glints2/dict_0002_0077" 8690
"/Engine/EngineMaterials/Substrate/Glints2/dict_0002_0076" 8691
"/Engine/EngineMaterials/Substrate/Glints2/dict_0002_0075" 8692
"/Engine/EngineMaterials/Substrate/Glints2/dict_0002_0074" 8693
"/Engine/EngineMaterials/Substrate/Glints2/dict_0002_0073" 8694
"/Engine/EngineMaterials/Substrate/Glints2/dict_0002_0072" 8695
"/Engine/EngineMaterials/Substrate/Glints2/dict_0002_0071" 8696
"/Engine/EngineMaterials/Substrate/Glints2/dict_0002_0070" 8697
"/Engine/EngineMaterials/Substrate/Glints2/dict_0002_0069" 8698
"/Engine/EngineMaterials/Substrate/Glints2/dict_0002_0068" 8699
"/Engine/EngineMaterials/Substrate/Glints2/dict_0002_0067" 8700
"/Engine/EngineMaterials/Substrate/Glints2/dict_0002_0066" 8701
"/Engine/EngineMaterials/Substrate/Glints2/dict_0002_0065" 8702
"/Engine/EngineMaterials/Substrate/Glints2/dict_0002_0064" 8703
"/Engine/EngineMaterials/Substrate/Glints2/dict_0002_0063" 8704
"/Engine/EngineMaterials/Substrate/Glints2/dict_0002_0062" 8705
"/Engine/EngineMaterials/Substrate/Glints2/dict_0002_0061" 8706
"../../../Engine/Content/EngineMaterials/Substrate/Glints2/dict_0002_0098.uasset" 8707
"../../../Engine/Content/EngineMaterials/Substrate/Glints2/dict_0002_0094.uasset" 8708
"../../../Engine/Content/EngineMaterials/Substrate/Glints2/dict_0002_0099.uasset" 8709
"../../../Engine/Content/EngineMaterials/Substrate/Glints2/dict_0002_0093.uasset" 8710
"../../../Engine/Content/EngineMaterials/Substrate/Glints2/dict_0002_0097.uasset" 8711
"../../../Engine/Content/EngineMaterials/Substrate/Glints2/dict_0002_0095.uasset" 8712
"../../../Engine/Content/EngineMaterials/Substrate/Glints2/dict_0002_0096.uasset" 8713
"/Engine/EngineMaterials/Substrate/Glints2/dict_0002_0092" 8714
"../../../Engine/Content/EngineMaterials/Substrate/Glints2/dict_0002_0104.uasset" 8715
"../../../Engine/Content/EngineMaterials/Substrate/Glints2/dict_0002_0100.uasset" 8716
"../../../Engine/Content/EngineMaterials/Substrate/Glints2/dict_0002_0105.uasset" 8717
"../../../Engine/Content/EngineMaterials/Substrate/Glints2/dict_0002_0106.uasset" 8718
"../../../Engine/Content/EngineMaterials/Substrate/Glints2/dict_0002_0103.uasset" 8719
"../../../Engine/Content/EngineMaterials/Substrate/Glints2/dict_0002_0102.uasset" 8720
"../../../Engine/Content/EngineMaterials/Substrate/Glints2/dict_0002_0101.uasset" 8721
"../../../Engine/Content/EngineMaterials/Substrate/Glints2/dict_0002_0107.uasset" 8722
"../../../Engine/Content/EngineMaterials/Substrate/Glints2/dict_0002_0108.uasset" 8723
"../../../Engine/Content/EngineMaterials/Substrate/Glints2/dict_0002_0109.uasset" 8724
"../../../Engine/Content/EngineMaterials/Substrate/Glints2/dict_0002_0110.uasset" 8725
"../../../Engine/Content/EngineMaterials/Substrate/Glints2/dict_0002_0112.uasset" 8726
"../../../Engine/Content/EngineMaterials/Substrate/Glints2/dict_0002_0111.uasset" 8727
"../../../Engine/Content/EngineMaterials/Substrate/Glints2/dict_0002_0113.uasset" 8728
"/Engine/EngineMaterials/Substrate/Glints2/dict_0002_0091" 8729
"/Engine/EngineMaterials/Substrate/Glints2/dict_0002_0090" 8730
"/Engine/EngineMaterials/Substrate/Glints2/dict_0002_0089" 8731
"/Engine/EngineMaterials/Substrate/Glints2/dict_0002_0088" 8732
"/Engine/EngineMaterials/Substrate/Glints2/dict_0002_0087" 8733
"/Engine/EngineMaterials/Substrate/Glints2/dict_0002_0086" 8734
"/Engine/EngineMaterials/Substrate/Glints2/dict_0002_0085" 8735
"/Engine/EngineMaterials/Substrate/Glints2/dict_0002_0084" 8736
"/Engine/EngineMaterials/Substrate/Glints2/dict_0002_0083" 8737
"/Engine/EngineMaterials/Substrate/Glints2/dict_0002_0082" 8738
"../../../Engine/Content/EngineMaterials/Substrate/Glints2/dict_0002_0121.uasset" 8739
"../../../Engine/Content/EngineMaterials/Substrate/Glints2/dict_0002_0115.uasset" 8740
"../../../Engine/Content/EngineMaterials/Substrate/Glints2/dict_0002_0116.uasset" 8741
"../../../Engine/Content/EngineMaterials/Substrate/Glints2/dict_0002_0117.uasset" 8742
"../../../Engine/Content/EngineMaterials/Substrate/Glints2/dict_0002_0122.uasset" 8743
"../../../Engine/Content/EngineMaterials/Substrate/Glints2/dict_0002_0119.uasset" 8744
"/Engine/EngineMaterials/Substrate/Glints2/dict_0002_0113" 8745
"../../../Engine/Content/EngineMaterials/Substrate/Glints2/dict_0002_0118.uasset" 8746
"../../../Engine/Content/EngineMaterials/Substrate/Glints2/dict_0002_0120.uasset" 8747
"../../../Engine/Content/EngineMaterials/Substrate/Glints2/dict_0002_0114.uasset" 8748
"../../../Engine/Content/EngineMaterials/Substrate/Glints2/dict_0002_0124.uasset" 8749
"../../../Engine/Content/EngineMaterials/Substrate/Glints2/dict_0002_0123.uasset" 8750
"/Engine/EngineMaterials/Substrate/Glints2/dict_0002_0112" 8751
"/Engine/EngineMaterials/Substrate/Glints2/dict_0002_0111" 8752
"/Engine/EngineMaterials/Substrate/Glints2/dict_0002_0110" 8753
"/Engine/EngineMaterials/Substrate/Glints2/dict_0002_0109" 8754
"/Engine/EngineMaterials/Substrate/Glints2/dict_0002_0108" 8755
"/Engine/EngineMaterials/Substrate/Glints2/dict_0002_0107" 8756
"/Engine/EngineMaterials/Substrate/Glints2/dict_0002_0106" 8757
"/Engine/EngineMaterials/Substrate/Glints2/dict_0002_0105" 8758
"/Engine/EngineMaterials/Substrate/Glints2/dict_0002_0104" 8759
"/Engine/EngineMaterials/Substrate/Glints2/dict_0002_0103" 8760
"/Engine/EngineMaterials/Substrate/Glints2/dict_0002_0102" 8761
"/Engine/EngineMaterials/Substrate/Glints2/dict_0002_0101" 8762
"/Engine/EngineMaterials/Substrate/Glints2/dict_0002_0100" 8763
"/Engine/EngineMaterials/Substrate/Glints2/dict_0002_0099" 8764
"/Engine/EngineMaterials/Substrate/Glints2/dict_0002_0098" 8765
"/Engine/EngineMaterials/Substrate/Glints2/dict_0002_0097" 8766
"/Engine/EngineMaterials/Substrate/Glints2/dict_0002_0096" 8767
"/Engine/EngineMaterials/Substrate/Glints2/dict_0002_0095" 8768
"/Engine/EngineMaterials/Substrate/Glints2/dict_0002_0094" 8769
"/Engine/EngineMaterials/Substrate/Glints2/dict_0002_0093" 8770
"/Engine/EngineMaterials/Substrate/Glints2/dict_0002_0124" 8771
"../../../Engine/Content/EngineMaterials/Substrate/Glints2/dict_0002_0126.uasset" 8772
"../../../Engine/Content/EngineMaterials/Substrate/Glints2/dict_0002_0131.uasset" 8773
"../../../Engine/Content/EngineMaterials/Substrate/Glints2/dict_0002_0128.uasset" 8774
"../../../Engine/Content/EngineMaterials/Substrate/Glints2/dict_0002_0133.uasset" 8775
"../../../Engine/Content/EngineMaterials/Substrate/Glints2/dict_0002_0130.uasset" 8776
"../../../Engine/Content/EngineMaterials/Substrate/Glints2/dict_0002_0129.uasset" 8777
"../../../Engine/Content/EngineMaterials/Substrate/Glints2/dict_0002_0125.uasset" 8778
"../../../Engine/Content/EngineMaterials/Substrate/Glints2/dict_0002_0132.uasset" 8779
"../../../Engine/Content/EngineMaterials/Substrate/Glints2/dict_0002_0127.uasset" 8780
"/Engine/EngineMaterials/Substrate/Glints2/dict_0002_0123" 8781
"../../../Engine/Content/EngineMaterials/Substrate/Glints2/dict_0002_0134.uasset" 8782
"../../../Engine/Content/EngineMaterials/Substrate/Glints2/dict_0002_0135.uasset" 8783
"../../../Engine/Content/EngineMaterials/Substrate/Glints2/dict_0002_0140.uasset" 8784
"../../../Engine/Content/EngineMaterials/Substrate/Glints2/dict_0002_0136.uasset" 8785
"/Engine/EngineMaterials/Substrate/Glints2/dict_0002_0122" 8786
"../../../Engine/Content/EngineMaterials/Substrate/Glints2/dict_0002_0139.uasset" 8787
"../../../Engine/Content/EngineMaterials/Substrate/Glints2/dict_0002_0141.uasset" 8788
"../../../Engine/Content/EngineMaterials/Substrate/Glints2/dict_0002_0138.uasset" 8789
"../../../Engine/Content/EngineMaterials/Substrate/Glints2/dict_0002_0143.uasset" 8790
"../../../Engine/Content/EngineMaterials/Substrate/Glints2/dict_0002_0142.uasset" 8791
"../../../Engine/Content/EngineMaterials/Substrate/Glints2/dict_0002_0137.uasset" 8792
"../../../Engine/Content/EngineMaterials/Substrate/Glints2/dict_0002_0144.uasset" 8793
"../../../Engine/Content/EngineMaterials/Substrate/Glints2/dict_0002_0145.uasset" 8794
"/Engine/EngineMaterials/Substrate/Glints2/dict_0002_0121" 8795
"/Engine/EngineMaterials/Substrate/Glints2/dict_0002_0120" 8796
"/Engine/EngineMaterials/Substrate/Glints2/dict_0002_0119" 8797
"/Engine/EngineMaterials/Substrate/Glints2/dict_0002_0118" 8798
"/Engine/EngineMaterials/Substrate/Glints2/dict_0002_0117" 8799
"/Engine/EngineMaterials/Substrate/Glints2/dict_0002_0116" 8800
"/Engine/EngineMaterials/Substrate/Glints2/dict_0002_0115" 8801
"/Engine/EngineMaterials/Substrate/Glints2/dict_0002_0114" 8802
"/Engine/EngineMaterials/Substrate/Glints2/dict_0002_0145" 8803
"../../../Engine/Content/EngineMaterials/Substrate/Glints2/dict_0002_0148.uasset" 8804
"../../../Engine/Content/EngineMaterials/Substrate/Glints2/dict_0002_0152.uasset" 8805
"../../../Engine/Content/EngineMaterials/Substrate/Glints2/dict_0002_0146.uasset" 8806
"../../../Engine/Content/EngineMaterials/Substrate/Glints2/dict_0002_0154.uasset" 8807
"../../../Engine/Content/EngineMaterials/Substrate/Glints2/dict_0002_0153.uasset" 8808
"../../../Engine/Content/EngineMaterials/Substrate/Glints2/dict_0002_0150.uasset" 8809
"../../../Engine/Content/EngineMaterials/Substrate/Glints2/dict_0002_0151.uasset" 8810
"../../../Engine/Content/EngineMaterials/Substrate/Glints2/dict_0002_0149.uasset" 8811
"../../../Engine/Content/EngineMaterials/Substrate/Glints2/dict_0002_0147.uasset" 8812
"/Engine/EngineMaterials/Substrate/Glints2/dict_0002_0144" 8813
"../../../Engine/Content/EngineMaterials/Substrate/Glints2/dict_0002_0155.uasset" 8814
"/Engine/EngineMaterials/Substrate/Glints2/dict_0002_0143" 8815
"../../../Engine/Content/EngineMaterials/Substrate/Glints2/dict_0002_0156.uasset" 8816
"/Engine/EngineMaterials/Substrate/Glints2/dict_0002_0142" 8817
"/Engine/EngineMaterials/Substrate/Glints2/dict_0002_0141" 8818
"/Engine/EngineMaterials/Substrate/Glints2/dict_0002_0140" 8819
"/Engine/EngineMaterials/Substrate/Glints2/dict_0002_0139" 8820
"/Engine/EngineMaterials/Substrate/Glints2/dict_0002_0138" 8821
"/Engine/EngineMaterials/Substrate/Glints2/dict_0002_0137" 8822
"/Engine/EngineMaterials/Substrate/Glints2/dict_0002_0136" 8823
"/Engine/EngineMaterials/Substrate/Glints2/dict_0002_0135" 8824
"/Engine/EngineMaterials/Substrate/Glints2/dict_0002_0134" 8825
"/Engine/EngineMaterials/Substrate/Glints2/dict_0002_0133" 8826
"/Engine/EngineMaterials/Substrate/Glints2/dict_0002_0132" 8827
"/Engine/EngineMaterials/Substrate/Glints2/dict_0002_0131" 8828
"/Engine/EngineMaterials/Substrate/Glints2/dict_0002_0130" 8829
"/Engine/EngineMaterials/Substrate/Glints2/dict_0002_0129" 8830
"/Engine/EngineMaterials/Substrate/Glints2/dict_0002_0128" 8831
"/Engine/EngineMaterials/Substrate/Glints2/dict_0002_0127" 8832
"/Engine/EngineMaterials/Substrate/Glints2/dict_0002_0126" 8833
"/Engine/EngineMaterials/Substrate/Glints2/dict_0002_0125" 8834
"../../../Engine/Content/EngineMaterials/Substrate/Glints2/dict_0002_0163.uasset" 8835
"../../../Engine/Content/EngineMaterials/Substrate/Glints2/dict_0002_0164.uasset" 8836
"/Engine/EngineMaterials/Substrate/Glints2/dict_0002_0156" 8837
"../../../Engine/Content/EngineMaterials/Substrate/Glints2/dict_0002_0161.uasset" 8838
"../../../Engine/Content/EngineMaterials/Substrate/Glints2/dict_0002_0160.uasset" 8839
"../../../Engine/Content/EngineMaterials/Substrate/Glints2/dict_0002_0158.uasset" 8840
"../../../Engine/Content/EngineMaterials/Substrate/Glints2/dict_0002_0162.uasset" 8841
"../../../Engine/Content/EngineMaterials/Substrate/Glints2/dict_0002_0165.uasset" 8842
"../../../Engine/Content/EngineMaterials/Substrate/Glints2/dict_0002_0159.uasset" 8843
"../../../Engine/Content/EngineMaterials/Substrate/Glints2/dict_0002_0157.uasset" 8844
"../../../Engine/Content/EngineMaterials/Substrate/Glints2/dict_0002_0166.uasset" 8845
"../../../Engine/Content/EngineMaterials/Substrate/Glints2/dict_0002_0167.uasset" 8846
"../../../Engine/Content/EngineMaterials/Substrate/Glints2/dict_0002_0168.uasset" 8847
"../../../Engine/Content/EngineMaterials/Substrate/Glints2/dict_0002_0169.uasset" 8848
"../../../Engine/Content/EngineMaterials/Substrate/Glints2/dict_0002_0170.uasset" 8849
"../../../Engine/Content/EngineMaterials/Substrate/Glints2/dict_0002_0171.uasset" 8850
"../../../Engine/Content/EngineMaterials/Substrate/Glints2/dict_0002_0172.uasset" 8851
"../../../Engine/Content/EngineMaterials/Substrate/Glints2/dict_0002_0173.uasset" 8852
"../../../Engine/Content/EngineMaterials/Substrate/Glints2/dict_0002_0174.uasset" 8853
"/Engine/EngineMaterials/Substrate/Glints2/dict_0002_0155" 8854
"../../../Engine/Content/EngineMaterials/Substrate/Glints2/dict_0002_0175.uasset" 8855
"../../../Engine/Content/EngineMaterials/Substrate/Glints2/dict_0002_0176.uasset" 8856
"../../../Engine/Content/EngineMaterials/Substrate/Glints2/dict_0002_0177.uasset" 8857
"/Engine/EngineMaterials/Substrate/Glints2/dict_0002_0154" 8858
"/Engine/EngineMaterials/Substrate/Glints2/dict_0002_0153" 8859
"/Engine/EngineMaterials/Substrate/Glints2/dict_0002_0152" 8860
"/Engine/EngineMaterials/Substrate/Glints2/dict_0002_0151" 8861
"/Engine/EngineMaterials/Substrate/Glints2/dict_0002_0150" 8862
"/Engine/EngineMaterials/Substrate/Glints2/dict_0002_0149" 8863
"/Engine/EngineMaterials/Substrate/Glints2/dict_0002_0148" 8864
"/Engine/EngineMaterials/Substrate/Glints2/dict_0002_0147" 8865
"/Engine/EngineMaterials/Substrate/Glints2/dict_0002_0146" 8866
"../../../Engine/Content/EngineMaterials/Substrate/Glints2/dict_0002_0187.uasset" 8867
"../../../Engine/Content/EngineMaterials/Substrate/Glints2/dict_0002_0179.uasset" 8868
"../../../Engine/Content/EngineMaterials/Substrate/Glints2/dict_0002_0185.uasset" 8869
"../../../Engine/Content/EngineMaterials/Substrate/Glints2/dict_0002_0182.uasset" 8870
"../../../Engine/Content/EngineMaterials/Substrate/Glints2/dict_0002_0184.uasset" 8871
"../../../Engine/Content/EngineMaterials/Substrate/Glints2/dict_0002_0183.uasset" 8872
"../../../Engine/Content/EngineMaterials/Substrate/Glints2/dict_0002_0186.uasset" 8873
"/Engine/EngineMaterials/Substrate/Glints2/dict_0002_0177" 8874
"../../../Engine/Content/EngineMaterials/Substrate/Glints2/dict_0002_0178.uasset" 8875
"../../../Engine/Content/EngineMaterials/Substrate/Glints2/dict_0002_0181.uasset" 8876
"../../../Engine/Content/EngineMaterials/Substrate/Glints2/dict_0002_0180.uasset" 8877
"../../../Engine/Content/EngineMaterials/Substrate/Glints2/dict_0002_0188.uasset" 8878
"/Engine/EngineMaterials/Substrate/Glints2/dict_0002_0176" 8879
"/Engine/EngineMaterials/Substrate/Glints2/dict_0002_0175" 8880
"/Engine/EngineMaterials/Substrate/Glints2/dict_0002_0174" 8881
"/Engine/EngineMaterials/Substrate/Glints2/dict_0002_0173" 8882
"/Engine/EngineMaterials/Substrate/Glints2/dict_0002_0172" 8883
"/Engine/EngineMaterials/Substrate/Glints2/dict_0002_0171" 8884
"/Engine/EngineMaterials/Substrate/Glints2/dict_0002_0170" 8885
"/Engine/EngineMaterials/Substrate/Glints2/dict_0002_0169" 8886
"/Engine/EngineMaterials/Substrate/Glints2/dict_0002_0168" 8887
"/Engine/EngineMaterials/Substrate/Glints2/dict_0002_0167" 8888
"/Engine/EngineMaterials/Substrate/Glints2/dict_0002_0166" 8889
"/Engine/EngineMaterials/Substrate/Glints2/dict_0002_0165" 8890
"/Engine/EngineMaterials/Substrate/Glints2/dict_0002_0164" 8891
"/Engine/EngineMaterials/Substrate/Glints2/dict_0002_0163" 8892
"/Engine/EngineMaterials/Substrate/Glints2/dict_0002_0162" 8893
"/Engine/EngineMaterials/Substrate/Glints2/dict_0002_0161" 8894
"/Engine/EngineMaterials/Substrate/Glints2/dict_0002_0160" 8895
"/Engine/EngineMaterials/Substrate/Glints2/dict_0002_0159" 8896
"/Engine/EngineMaterials/Substrate/Glints2/dict_0002_0158" 8897
"/Engine/EngineMaterials/Substrate/Glints2/dict_0002_0157" 8898
"../../../Engine/Content/EngineMaterials/Substrate/Glints2/dict_0002_0191.uasset" 8899
"../../../Engine/Content/EngineMaterials/Substrate/Glints2/dict_0002_0194.uasset" 8900
"../../../Engine/Content/EngineMaterials/Substrate/Glints2/dict_0002_0189.uasset" 8901
"../../../Engine/Content/EngineMaterials/Substrate/Glints2/dict_0002_0195.uasset" 8902
"/Engine/EngineMaterials/Substrate/Glints2/dict_0002_0188" 8903
"../../../Engine/Content/EngineMaterials/Substrate/Glints2/dict_0002_0193.uasset" 8904
"../../../Engine/Content/EngineMaterials/Substrate/Glints2/dict_0002_0190.uasset" 8905
"../../../Engine/Content/EngineMaterials/Substrate/Glints2/dict_0002_0198.uasset" 8906
"../../../Engine/Content/EngineMaterials/Substrate/Glints2/dict_0002_0196.uasset" 8907
"../../../Engine/Content/EngineMaterials/Substrate/Glints2/dict_0002_0192.uasset" 8908
"../../../Engine/Content/EngineMaterials/Substrate/Glints2/dict_0002_0197.uasset" 8909
"../../../Engine/Content/EngineMaterials/Substrate/Glints2/dict_0002_0199.uasset" 8910
"../../../Engine/Content/EngineMaterials/Substrate/Glints2/dict_0002_0200.uasset" 8911
"../../../Engine/Content/EngineMaterials/Substrate/Glints2/dict_0002_0201.uasset" 8912
"../../../Engine/Content/EngineMaterials/Substrate/Glints2/dict_0002_0202.uasset" 8913
"../../../Engine/Content/EngineMaterials/Substrate/Glints2/dict_0002_0203.uasset" 8914
"../../../Engine/Content/EngineMaterials/Substrate/Glints2/dict_0002_0204.uasset" 8915
"../../../Engine/Content/EngineMaterials/Substrate/Glints2/dict_0002_0205.uasset" 8916
"/Engine/EngineMaterials/Substrate/Glints2/dict_0002_0187" 8917
"../../../Engine/Content/EngineMaterials/Substrate/Glints2/dict_0002_0206.uasset" 8918
"../../../Engine/Content/EngineMaterials/Substrate/Glints2/dict_0002_0207.uasset" 8919
"../../../Engine/Content/EngineMaterials/Substrate/Glints2/dict_0002_0208.uasset" 8920
"../../../Engine/Content/EngineMaterials/Substrate/Glints2/dict_0002_0209.uasset" 8921
"/Engine/EngineMaterials/Substrate/Glints2/dict_0002_0186" 8922
"/Engine/EngineMaterials/Substrate/Glints2/dict_0002_0185" 8923
"/Engine/EngineMaterials/Substrate/Glints2/dict_0002_0184" 8924
"/Engine/EngineMaterials/Substrate/Glints2/dict_0002_0183" 8925
"/Engine/EngineMaterials/Substrate/Glints2/dict_0002_0182" 8926
"/Engine/EngineMaterials/Substrate/Glints2/dict_0002_0181" 8927
"/Engine/EngineMaterials/Substrate/Glints2/dict_0002_0180" 8928
"/Engine/EngineMaterials/Substrate/Glints2/dict_0002_0179" 8929
"/Engine/EngineMaterials/Substrate/Glints2/dict_0002_0178" 8930
"../../../Engine/Content/EngineMaterials/Substrate/Glints2/dict_0002_0212.uasset" 8931
"../../../Engine/Content/EngineMaterials/Substrate/Glints2/dict_0002_0214.uasset" 8932
"../../../Engine/Content/EngineMaterials/Substrate/Glints2/dict_0002_0210.uasset" 8933
"../../../Engine/Content/EngineMaterials/Substrate/Glints2/dict_0002_0217.uasset" 8934
"../../../Engine/Content/EngineMaterials/Substrate/Glints2/dict_0002_0211.uasset" 8935
"/Engine/EngineMaterials/Substrate/Glints2/dict_0002_0209" 8936
"../../../Engine/Content/EngineMaterials/Substrate/Glints2/dict_0002_0216.uasset" 8937
"../../../Engine/Content/EngineMaterials/Substrate/Glints2/dict_0002_0213.uasset" 8938
"../../../Engine/Content/EngineMaterials/Substrate/Glints2/dict_0002_0215.uasset" 8939
"../../../Engine/Content/EngineMaterials/Substrate/Glints2/dict_0002_0218.uasset" 8940
"../../../Engine/Content/EngineMaterials/Substrate/Glints2/dict_0002_0220.uasset" 8941
"../../../Engine/Content/EngineMaterials/Substrate/Glints2/dict_0002_0219.uasset" 8942
"/Engine/EngineMaterials/Substrate/Glints2/dict_0002_0208" 8943
"/Engine/EngineMaterials/Substrate/Glints2/dict_0002_0207" 8944
"/Engine/EngineMaterials/Substrate/Glints2/dict_0002_0206" 8945
"/Engine/EngineMaterials/Substrate/Glints2/dict_0002_0205" 8946
"/Engine/EngineMaterials/Substrate/Glints2/dict_0002_0204" 8947
"/Engine/EngineMaterials/Substrate/Glints2/dict_0002_0203" 8948
"/Engine/EngineMaterials/Substrate/Glints2/dict_0002_0202" 8949
"/Engine/EngineMaterials/Substrate/Glints2/dict_0002_0201" 8950
"/Engine/EngineMaterials/Substrate/Glints2/dict_0002_0200" 8951
"/Engine/EngineMaterials/Substrate/Glints2/dict_0002_0199" 8952
"/Engine/EngineMaterials/Substrate/Glints2/dict_0002_0198" 8953
"/Engine/EngineMaterials/Substrate/Glints2/dict_0002_0197" 8954
"/Engine/EngineMaterials/Substrate/Glints2/dict_0002_0196" 8955
"/Engine/EngineMaterials/Substrate/Glints2/dict_0002_0195" 8956
"/Engine/EngineMaterials/Substrate/Glints2/dict_0002_0194" 8957
"/Engine/EngineMaterials/Substrate/Glints2/dict_0002_0193" 8958
"/Engine/EngineMaterials/Substrate/Glints2/dict_0002_0192" 8959
"/Engine/EngineMaterials/Substrate/Glints2/dict_0002_0191" 8960
"/Engine/EngineMaterials/Substrate/Glints2/dict_0002_0190" 8961
"/Engine/EngineMaterials/Substrate/Glints2/dict_0002_0189" 8962
"../../../Engine/Content/EngineMaterials/Substrate/Glints2/dict_0002_0222.uasset" 8963
"/Engine/EngineMaterials/Substrate/Glints2/dict_0002_0220" 8964
"../../../Engine/Content/EngineMaterials/Substrate/Glints2/dict_0002_0224.uasset" 8965
"../../../Engine/Content/EngineMaterials/Substrate/Glints2/dict_0002_0227.uasset" 8966
"../../../Engine/Content/EngineMaterials/Substrate/Glints2/dict_0002_0225.uasset" 8967
"../../../Engine/Content/EngineMaterials/Substrate/Glints2/dict_0002_0228.uasset" 8968
"../../../Engine/Content/EngineMaterials/Substrate/Glints2/dict_0002_0221.uasset" 8969
"../../../Engine/Content/EngineMaterials/Substrate/Glints2/dict_0002_0226.uasset" 8970
"../../../Engine/Content/EngineMaterials/Substrate/Glints2/dict_0002_0229.uasset" 8971
"/Engine/EngineMaterials/Substrate/Glints2/dict_0002_0219" 8972
"../../../Engine/Content/EngineMaterials/Substrate/Glints2/dict_0002_0223.uasset" 8973
"../../../Engine/Content/EngineMaterials/Substrate/Glints2/dict_0002_0230.uasset" 8974
"../../../Engine/Content/EngineMaterials/Substrate/Glints2/dict_0002_0232.uasset" 8975
"../../../Engine/Content/EngineMaterials/Substrate/Glints2/dict_0002_0233.uasset" 8976
"../../../Engine/Content/EngineMaterials/Substrate/Glints2/dict_0002_0231.uasset" 8977
"../../../Engine/Content/EngineMaterials/Substrate/Glints2/dict_0002_0235.uasset" 8978
"../../../Engine/Content/EngineMaterials/Substrate/Glints2/dict_0002_0234.uasset" 8979
"../../../Engine/Content/EngineMaterials/Substrate/Glints2/dict_0002_0236.uasset" 8980
"../../../Engine/Content/EngineMaterials/Substrate/Glints2/dict_0002_0237.uasset" 8981
"../../../Engine/Content/EngineMaterials/Substrate/Glints2/dict_0002_0238.uasset" 8982
"/Engine/EngineMaterials/Substrate/Glints2/dict_0002_0218" 8983
"../../../Engine/Content/EngineMaterials/Substrate/Glints2/dict_0002_0239.uasset" 8984
"../../../Engine/Content/EngineMaterials/Substrate/Glints2/dict_0002_0240.uasset" 8985
"../../../Engine/Content/EngineMaterials/Substrate/Glints2/dict_0002_0241.uasset" 8986
"/Engine/EngineMaterials/Substrate/Glints2/dict_0002_0217" 8987
"/Engine/EngineMaterials/Substrate/Glints2/dict_0002_0216" 8988
"/Engine/EngineMaterials/Substrate/Glints2/dict_0002_0215" 8989
"/Engine/EngineMaterials/Substrate/Glints2/dict_0002_0214" 8990
"/Engine/EngineMaterials/Substrate/Glints2/dict_0002_0213" 8991
"/Engine/EngineMaterials/Substrate/Glints2/dict_0002_0212" 8992
"/Engine/EngineMaterials/Substrate/Glints2/dict_0002_0211" 8993
"/Engine/EngineMaterials/Substrate/Glints2/dict_0002_0210" 8994
"../../../Engine/Content/EngineMaterials/Substrate/Glints2/dict_0002_0242.uasset" 8995
"../../../Engine/Content/EngineMaterials/Substrate/Glints2/dict_0002_0246.uasset" 8996
"../../../Engine/Content/EngineMaterials/Substrate/Glints2/dict_0002_0244.uasset" 8997
"/Engine/EngineMaterials/Substrate/Glints2/dict_0002_0241" 8998
"../../../Engine/Content/EngineMaterials/Substrate/Glints2/dict_0002_0245.uasset" 8999
"../../../Engine/Content/EngineMaterials/Substrate/Glints2/dict_0002_0247.uasset" 9000
"../../../Engine/Content/EngineMaterials/Substrate/Glints2/dict_0002_0249.uasset" 9001
"../../../Engine/Content/EngineMaterials/Substrate/Glints2/dict_0002_0248.uasset" 9002
"../../../Engine/Content/EngineMaterials/Substrate/Glints2/dict_0002_0243.uasset" 9003
"../../../Engine/Content/EngineMaterials/Substrate/Glints2/dict_0002_0250.uasset" 9004
"../../../Engine/Content/EngineMaterials/Substrate/Glints2/dict_0002_0251.uasset" 9005
"/Engine/EngineMaterials/Substrate/Glints2/dict_0002_0240" 9006
"../../../Engine/Content/EngineMaterials/Substrate/Glints2/dict_0002_0252.uasset" 9007
"/Engine/EngineMaterials/Substrate/Glints2/dict_0002_0239" 9008
"/Engine/EngineMaterials/Substrate/Glints2/dict_0002_0238" 9009
"/Engine/EngineMaterials/Substrate/Glints2/dict_0002_0237" 9010
"/Engine/EngineMaterials/Substrate/Glints2/dict_0002_0236" 9011
"/Engine/EngineMaterials/Substrate/Glints2/dict_0002_0235" 9012
"/Engine/EngineMaterials/Substrate/Glints2/dict_0002_0234" 9013
"/Engine/EngineMaterials/Substrate/Glints2/dict_0002_0233" 9014
"/Engine/EngineMaterials/Substrate/Glints2/dict_0002_0232" 9015
"/Engine/EngineMaterials/Substrate/Glints2/dict_0002_0231" 9016
"/Engine/EngineMaterials/Substrate/Glints2/dict_0002_0230" 9017
"/Engine/EngineMaterials/Substrate/Glints2/dict_0002_0229" 9018
"/Engine/EngineMaterials/Substrate/Glints2/dict_0002_0228" 9019
"/Engine/EngineMaterials/Substrate/Glints2/dict_0002_0227" 9020
"/Engine/EngineMaterials/Substrate/Glints2/dict_0002_0226" 9021
"/Engine/EngineMaterials/Substrate/Glints2/dict_0002_0225" 9022
"/Engine/EngineMaterials/Substrate/Glints2/dict_0002_0224" 9023
"/Engine/EngineMaterials/Substrate/Glints2/dict_0002_0223" 9024
"/Engine/EngineMaterials/Substrate/Glints2/dict_0002_0222" 9025
"/Engine/EngineMaterials/Substrate/Glints2/dict_0002_0221" 9026
"../../../Engine/Content/EngineMaterials/Substrate/Glints2/dict_0002_0254.uasset" 9027
"../../../Engine/Content/EngineMaterials/Substrate/Glints2/dict_0003_0000.uasset" 9028
"/Engine/EngineMaterials/Substrate/Glints2/dict_0002_0252" 9029
"../../../Engine/Content/EngineMaterials/Substrate/Glints2/dict_0003_0004.uasset" 9030
"../../../Engine/Content/EngineMaterials/Substrate/Glints2/dict_0003_0001.uasset" 9031
"../../../Engine/Content/EngineMaterials/Substrate/Glints2/dict_0003_0003.uasset" 9032
"../../../Engine/Content/EngineMaterials/Substrate/Glints2/dict_0002_0255.uasset" 9033
"../../../Engine/Content/EngineMaterials/Substrate/Glints2/dict_0003_0002.uasset" 9034
"../../../Engine/Content/EngineMaterials/Substrate/Glints2/dict_0002_0253.uasset" 9035
"/Engine/EngineMaterials/Substrate/Glints2/dict_0002_0251" 9036
"../../../Engine/Content/EngineMaterials/Substrate/Glints2/dict_0003_0005.uasset" 9037
"../../../Engine/Content/EngineMaterials/Substrate/Glints2/dict_0003_0007.uasset" 9038
"../../../Engine/Content/EngineMaterials/Substrate/Glints2/dict_0003_0006.uasset" 9039
"../../../Engine/Content/EngineMaterials/Substrate/Glints2/dict_0003_0008.uasset" 9040
"../../../Engine/Content/EngineMaterials/Substrate/Glints2/dict_0003_0009.uasset" 9041
"../../../Engine/Content/EngineMaterials/Substrate/Glints2/dict_0003_0011.uasset" 9042
"../../../Engine/Content/EngineMaterials/Substrate/Glints2/dict_0003_0010.uasset" 9043
"/Engine/EngineMaterials/Substrate/Glints2/dict_0002_0250" 9044
"../../../Engine/Content/EngineMaterials/Substrate/Glints2/dict_0003_0012.uasset" 9045
"../../../Engine/Content/EngineMaterials/Substrate/Glints2/dict_0003_0014.uasset" 9046
"../../../Engine/Content/EngineMaterials/Substrate/Glints2/dict_0003_0015.uasset" 9047
"../../../Engine/Content/EngineMaterials/Substrate/Glints2/dict_0003_0013.uasset" 9048
"../../../Engine/Content/EngineMaterials/Substrate/Glints2/dict_0003_0016.uasset" 9049
"../../../Engine/Content/EngineMaterials/Substrate/Glints2/dict_0003_0017.uasset" 9050
"/Engine/EngineMaterials/Substrate/Glints2/dict_0002_0249" 9051
"/Engine/EngineMaterials/Substrate/Glints2/dict_0002_0248" 9052
"/Engine/EngineMaterials/Substrate/Glints2/dict_0002_0247" 9053
"/Engine/EngineMaterials/Substrate/Glints2/dict_0002_0246" 9054
"/Engine/EngineMaterials/Substrate/Glints2/dict_0002_0245" 9055
"/Engine/EngineMaterials/Substrate/Glints2/dict_0002_0244" 9056
"/Engine/EngineMaterials/Substrate/Glints2/dict_0002_0243" 9057
"/Engine/EngineMaterials/Substrate/Glints2/dict_0002_0242" 9058
"../../../Engine/Content/EngineMaterials/Substrate/Glints2/dict_0003_0026.uasset" 9059
"../../../Engine/Content/EngineMaterials/Substrate/Glints2/dict_0003_0018.uasset" 9060
"../../../Engine/Content/EngineMaterials/Substrate/Glints2/dict_0003_0019.uasset" 9061
"../../../Engine/Content/EngineMaterials/Substrate/Glints2/dict_0003_0020.uasset" 9062
"../../../Engine/Content/EngineMaterials/Substrate/Glints2/dict_0003_0021.uasset" 9063
"../../../Engine/Content/EngineMaterials/Substrate/Glints2/dict_0003_0025.uasset" 9064
"../../../Engine/Content/EngineMaterials/Substrate/Glints2/dict_0003_0022.uasset" 9065
"../../../Engine/Content/EngineMaterials/Substrate/Glints2/dict_0003_0024.uasset" 9066
"/Engine/EngineMaterials/Substrate/Glints2/dict_0003_0017" 9067
"../../../Engine/Content/EngineMaterials/Substrate/Glints2/dict_0003_0023.uasset" 9068
"../../../Engine/Content/EngineMaterials/Substrate/Glints2/dict_0003_0027.uasset" 9069
"../../../Engine/Content/EngineMaterials/Substrate/Glints2/dict_0003_0028.uasset" 9070
"/Engine/EngineMaterials/Substrate/Glints2/dict_0003_0016" 9071
"/Engine/EngineMaterials/Substrate/Glints2/dict_0003_0015" 9072
"/Engine/EngineMaterials/Substrate/Glints2/dict_0003_0014" 9073
"/Engine/EngineMaterials/Substrate/Glints2/dict_0003_0013" 9074
"/Engine/EngineMaterials/Substrate/Glints2/dict_0003_0012" 9075
"/Engine/EngineMaterials/Substrate/Glints2/dict_0003_0011" 9076
"/Engine/EngineMaterials/Substrate/Glints2/dict_0003_0010" 9077
"/Engine/EngineMaterials/Substrate/Glints2/dict_0003_0009" 9078
"/Engine/EngineMaterials/Substrate/Glints2/dict_0003_0008" 9079
"/Engine/EngineMaterials/Substrate/Glints2/dict_0003_0007" 9080
"/Engine/EngineMaterials/Substrate/Glints2/dict_0003_0006" 9081
"/Engine/EngineMaterials/Substrate/Glints2/dict_0003_0005" 9082
"/Engine/EngineMaterials/Substrate/Glints2/dict_0003_0004" 9083
"/Engine/EngineMaterials/Substrate/Glints2/dict_0003_0003" 9084
"/Engine/EngineMaterials/Substrate/Glints2/dict_0003_0002" 9085
"/Engine/EngineMaterials/Substrate/Glints2/dict_0003_0001" 9086
"/Engine/EngineMaterials/Substrate/Glints2/dict_0003_0000" 9087
"/Engine/EngineMaterials/Substrate/Glints2/dict_0002_0255" 9088
"/Engine/EngineMaterials/Substrate/Glints2/dict_0002_0254" 9089
"/Engine/EngineMaterials/Substrate/Glints2/dict_0002_0253" 9090
"/Engine/EngineMaterials/Substrate/Glints2/dict_0003_0028" 9091
"../../../Engine/Content/EngineMaterials/Substrate/Glints2/dict_0003_0035.uasset" 9092
"../../../Engine/Content/EngineMaterials/Substrate/Glints2/dict_0003_0032.uasset" 9093
"../../../Engine/Content/EngineMaterials/Substrate/Glints2/dict_0003_0034.uasset" 9094
"../../../Engine/Content/EngineMaterials/Substrate/Glints2/dict_0003_0030.uasset" 9095
"../../../Engine/Content/EngineMaterials/Substrate/Glints2/dict_0003_0031.uasset" 9096
"../../../Engine/Content/EngineMaterials/Substrate/Glints2/dict_0003_0029.uasset" 9097
"../../../Engine/Content/EngineMaterials/Substrate/Glints2/dict_0003_0033.uasset" 9098
"../../../Engine/Content/EngineMaterials/Substrate/Glints2/dict_0003_0036.uasset" 9099
"../../../Engine/Content/EngineMaterials/Substrate/Glints2/dict_0003_0037.uasset" 9100
"../../../Engine/Content/EngineMaterials/Substrate/Glints2/dict_0003_0038.uasset" 9101
"../../../Engine/Content/EngineMaterials/Substrate/Glints2/dict_0003_0040.uasset" 9102
"../../../Engine/Content/EngineMaterials/Substrate/Glints2/dict_0003_0039.uasset" 9103
"/Engine/EngineMaterials/Substrate/Glints2/dict_0003_0027" 9104
"../../../Engine/Content/EngineMaterials/Substrate/Glints2/dict_0003_0041.uasset" 9105
"../../../Engine/Content/EngineMaterials/Substrate/Glints2/dict_0003_0044.uasset" 9106
"../../../Engine/Content/EngineMaterials/Substrate/Glints2/dict_0003_0042.uasset" 9107
"../../../Engine/Content/EngineMaterials/Substrate/Glints2/dict_0003_0043.uasset" 9108
"../../../Engine/Content/EngineMaterials/Substrate/Glints2/dict_0003_0045.uasset" 9109
"../../../Engine/Content/EngineMaterials/Substrate/Glints2/dict_0003_0046.uasset" 9110
"../../../Engine/Content/EngineMaterials/Substrate/Glints2/dict_0003_0047.uasset" 9111
"../../../Engine/Content/EngineMaterials/Substrate/Glints2/dict_0003_0048.uasset" 9112
"../../../Engine/Content/EngineMaterials/Substrate/Glints2/dict_0003_0049.uasset" 9113
"/Engine/EngineMaterials/Substrate/Glints2/dict_0003_0026" 9114
"/Engine/EngineMaterials/Substrate/Glints2/dict_0003_0025" 9115
"/Engine/EngineMaterials/Substrate/Glints2/dict_0003_0024" 9116
"/Engine/EngineMaterials/Substrate/Glints2/dict_0003_0023" 9117
"/Engine/EngineMaterials/Substrate/Glints2/dict_0003_0022" 9118
"/Engine/EngineMaterials/Substrate/Glints2/dict_0003_0021" 9119
"/Engine/EngineMaterials/Substrate/Glints2/dict_0003_0020" 9120
"/Engine/EngineMaterials/Substrate/Glints2/dict_0003_0019" 9121
"/Engine/EngineMaterials/Substrate/Glints2/dict_0003_0018" 9122
"../../../Engine/Content/EngineMaterials/Substrate/Glints2/dict_0003_0052.uasset" 9123
"../../../Engine/Content/EngineMaterials/Substrate/Glints2/dict_0003_0059.uasset" 9124
"../../../Engine/Content/EngineMaterials/Substrate/Glints2/dict_0003_0053.uasset" 9125
"../../../Engine/Content/EngineMaterials/Substrate/Glints2/dict_0003_0054.uasset" 9126
"../../../Engine/Content/EngineMaterials/Substrate/Glints2/dict_0003_0057.uasset" 9127
"../../../Engine/Content/EngineMaterials/Substrate/Glints2/dict_0003_0050.uasset" 9128
"../../../Engine/Content/EngineMaterials/Substrate/Glints2/dict_0003_0055.uasset" 9129
"../../../Engine/Content/EngineMaterials/Substrate/Glints2/dict_0003_0051.uasset" 9130
"../../../Engine/Content/EngineMaterials/Substrate/Glints2/dict_0003_0056.uasset" 9131
"../../../Engine/Content/EngineMaterials/Substrate/Glints2/dict_0003_0058.uasset" 9132
"/Engine/EngineMaterials/Substrate/Glints2/dict_0003_0049" 9133
"../../../Engine/Content/EngineMaterials/Substrate/Glints2/dict_0003_0060.uasset" 9134
"/Engine/EngineMaterials/Substrate/Glints2/dict_0003_0048" 9135
"/Engine/EngineMaterials/Substrate/Glints2/dict_0003_0047" 9136
"/Engine/EngineMaterials/Substrate/Glints2/dict_0003_0046" 9137
"/Engine/EngineMaterials/Substrate/Glints2/dict_0003_0045" 9138
"/Engine/EngineMaterials/Substrate/Glints2/dict_0003_0044" 9139
"/Engine/EngineMaterials/Substrate/Glints2/dict_0003_0043" 9140
"/Engine/EngineMaterials/Substrate/Glints2/dict_0003_0042" 9141
"/Engine/EngineMaterials/Substrate/Glints2/dict_0003_0041" 9142
"/Engine/EngineMaterials/Substrate/Glints2/dict_0003_0040" 9143
"/Engine/EngineMaterials/Substrate/Glints2/dict_0003_0039" 9144
"/Engine/EngineMaterials/Substrate/Glints2/dict_0003_0038" 9145
"/Engine/EngineMaterials/Substrate/Glints2/dict_0003_0037" 9146
"/Engine/EngineMaterials/Substrate/Glints2/dict_0003_0036" 9147
"/Engine/EngineMaterials/Substrate/Glints2/dict_0003_0035" 9148
"/Engine/EngineMaterials/Substrate/Glints2/dict_0003_0034" 9149
"/Engine/EngineMaterials/Substrate/Glints2/dict_0003_0033" 9150
"/Engine/EngineMaterials/Substrate/Glints2/dict_0003_0032" 9151
"/Engine/EngineMaterials/Substrate/Glints2/dict_0003_0031" 9152
"/Engine/EngineMaterials/Substrate/Glints2/dict_0003_0030" 9153
"/Engine/EngineMaterials/Substrate/Glints2/dict_0003_0029" 9154
"../../../Engine/Content/EngineMaterials/Substrate/Glints2/dict_0003_0062.uasset" 9155
"../../../Engine/Content/EngineMaterials/Substrate/Glints2/dict_0003_0063.uasset" 9156
"../../../Engine/Content/EngineMaterials/Substrate/Glints2/dict_0003_0061.uasset" 9157
"../../../Engine/Content/EngineMaterials/Substrate/Glints2/dict_0003_0065.uasset" 9158
"../../../Engine/Content/EngineMaterials/Substrate/Glints2/dict_0003_0069.uasset" 9159
"../../../Engine/Content/EngineMaterials/Substrate/Glints2/dict_0003_0064.uasset" 9160
"../../../Engine/Content/EngineMaterials/Substrate/Glints2/dict_0003_0068.uasset" 9161
"../../../Engine/Content/EngineMaterials/Substrate/Glints2/dict_0003_0066.uasset" 9162
"../../../Engine/Content/EngineMaterials/Substrate/Glints2/dict_0003_0070.uasset" 9163
"../../../Engine/Content/EngineMaterials/Substrate/Glints2/dict_0003_0067.uasset" 9164
"/Engine/EngineMaterials/Substrate/Glints2/dict_0003_0060" 9165
"../../../Engine/Content/EngineMaterials/Substrate/Glints2/dict_0003_0073.uasset" 9166
"../../../Engine/Content/EngineMaterials/Substrate/Glints2/dict_0003_0071.uasset" 9167
"../../../Engine/Content/EngineMaterials/Substrate/Glints2/dict_0003_0074.uasset" 9168
"../../../Engine/Content/EngineMaterials/Substrate/Glints2/dict_0003_0072.uasset" 9169
"../../../Engine/Content/EngineMaterials/Substrate/Glints2/dict_0003_0076.uasset" 9170
"../../../Engine/Content/EngineMaterials/Substrate/Glints2/dict_0003_0075.uasset" 9171
"../../../Engine/Content/EngineMaterials/Substrate/Glints2/dict_0003_0077.uasset" 9172
"../../../Engine/Content/EngineMaterials/Substrate/Glints2/dict_0003_0078.uasset" 9173
"/Engine/EngineMaterials/Substrate/Glints2/dict_0003_0059" 9174
"../../../Engine/Content/EngineMaterials/Substrate/Glints2/dict_0003_0079.uasset" 9175
"../../../Engine/Content/EngineMaterials/Substrate/Glints2/dict_0003_0080.uasset" 9176
"../../../Engine/Content/EngineMaterials/Substrate/Glints2/dict_0003_0081.uasset" 9177
"/Engine/EngineMaterials/Substrate/Glints2/dict_0003_0058" 9178
"/Engine/EngineMaterials/Substrate/Glints2/dict_0003_0057" 9179
"/Engine/EngineMaterials/Substrate/Glints2/dict_0003_0056" 9180
"/Engine/EngineMaterials/Substrate/Glints2/dict_0003_0055" 9181
"/Engine/EngineMaterials/Substrate/Glints2/dict_0003_0054" 9182
"/Engine/EngineMaterials/Substrate/Glints2/dict_0003_0053" 9183
"/Engine/EngineMaterials/Substrate/Glints2/dict_0003_0052" 9184
"/Engine/EngineMaterials/Substrate/Glints2/dict_0003_0051" 9185
"/Engine/EngineMaterials/Substrate/Glints2/dict_0003_0050" 9186
"../../../Engine/Content/EngineMaterials/Substrate/Glints2/dict_0003_0085.uasset" 9187
"../../../Engine/Content/EngineMaterials/Substrate/Glints2/dict_0003_0088.uasset" 9188
"../../../Engine/Content/EngineMaterials/Substrate/Glints2/dict_0003_0089.uasset" 9189
"../../../Engine/Content/EngineMaterials/Substrate/Glints2/dict_0003_0082.uasset" 9190
"/Engine/EngineMaterials/Substrate/Glints2/dict_0003_0081" 9191
"../../../Engine/Content/EngineMaterials/Substrate/Glints2/dict_0003_0084.uasset" 9192
"../../../Engine/Content/EngineMaterials/Substrate/Glints2/dict_0003_0086.uasset" 9193
"../../../Engine/Content/EngineMaterials/Substrate/Glints2/dict_0003_0090.uasset" 9194
"../../../Engine/Content/EngineMaterials/Substrate/Glints2/dict_0003_0083.uasset" 9195
"../../../Engine/Content/EngineMaterials/Substrate/Glints2/dict_0003_0091.uasset" 9196
"../../../Engine/Content/EngineMaterials/Substrate/Glints2/dict_0003_0087.uasset" 9197
"../../../Engine/Content/EngineMaterials/Substrate/Glints2/dict_0003_0092.uasset" 9198
"/Engine/EngineMaterials/Substrate/Glints2/dict_0003_0080" 9199
"/Engine/EngineMaterials/Substrate/Glints2/dict_0003_0079" 9200
"/Engine/EngineMaterials/Substrate/Glints2/dict_0003_0078" 9201
"/Engine/EngineMaterials/Substrate/Glints2/dict_0003_0077" 9202
"/Engine/EngineMaterials/Substrate/Glints2/dict_0003_0076" 9203
"/Engine/EngineMaterials/Substrate/Glints2/dict_0003_0075" 9204
"/Engine/EngineMaterials/Substrate/Glints2/dict_0003_0074" 9205
"/Engine/EngineMaterials/Substrate/Glints2/dict_0003_0073" 9206
"/Engine/EngineMaterials/Substrate/Glints2/dict_0003_0072" 9207
"/Engine/EngineMaterials/Substrate/Glints2/dict_0003_0071" 9208
"/Engine/EngineMaterials/Substrate/Glints2/dict_0003_0070" 9209
"/Engine/EngineMaterials/Substrate/Glints2/dict_0003_0069" 9210
"/Engine/EngineMaterials/Substrate/Glints2/dict_0003_0068" 9211
"/Engine/EngineMaterials/Substrate/Glints2/dict_0003_0067" 9212
"/Engine/EngineMaterials/Substrate/Glints2/dict_0003_0066" 9213
"/Engine/EngineMaterials/Substrate/Glints2/dict_0003_0065" 9214
"/Engine/EngineMaterials/Substrate/Glints2/dict_0003_0064" 9215
"/Engine/EngineMaterials/Substrate/Glints2/dict_0003_0063" 9216
"/Engine/EngineMaterials/Substrate/Glints2/dict_0003_0062" 9217
"/Engine/EngineMaterials/Substrate/Glints2/dict_0003_0061" 9218
"../../../Engine/Content/EngineMaterials/Substrate/Glints2/dict_0003_0100.uasset" 9219
"../../../Engine/Content/EngineMaterials/Substrate/Glints2/dict_0003_0098.uasset" 9220
"../../../Engine/Content/EngineMaterials/Substrate/Glints2/dict_0003_0094.uasset" 9221
"../../../Engine/Content/EngineMaterials/Substrate/Glints2/dict_0003_0101.uasset" 9222
"../../../Engine/Content/EngineMaterials/Substrate/Glints2/dict_0003_0095.uasset" 9223
"../../../Engine/Content/EngineMaterials/Substrate/Glints2/dict_0003_0093.uasset" 9224
"../../../Engine/Content/EngineMaterials/Substrate/Glints2/dict_0003_0096.uasset" 9225
"../../../Engine/Content/EngineMaterials/Substrate/Glints2/dict_0003_0097.uasset" 9226
"/Engine/EngineMaterials/Substrate/Glints2/dict_0003_0092" 9227
"../../../Engine/Content/EngineMaterials/Substrate/Glints2/dict_0003_0099.uasset" 9228
"../../../Engine/Content/EngineMaterials/Substrate/Glints2/dict_0003_0102.uasset" 9229
"../../../Engine/Content/EngineMaterials/Substrate/Glints2/dict_0003_0104.uasset" 9230
"../../../Engine/Content/EngineMaterials/Substrate/Glints2/dict_0003_0103.uasset" 9231
"/Engine/EngineMaterials/Substrate/Glints2/dict_0003_0091" 9232
"../../../Engine/Content/EngineMaterials/Substrate/Glints2/dict_0003_0106.uasset" 9233
"../../../Engine/Content/EngineMaterials/Substrate/Glints2/dict_0003_0105.uasset" 9234
"../../../Engine/Content/EngineMaterials/Substrate/Glints2/dict_0003_0107.uasset" 9235
"../../../Engine/Content/EngineMaterials/Substrate/Glints2/dict_0003_0108.uasset" 9236
"../../../Engine/Content/EngineMaterials/Substrate/Glints2/dict_0003_0109.uasset" 9237
"../../../Engine/Content/EngineMaterials/Substrate/Glints2/dict_0003_0110.uasset" 9238
"../../../Engine/Content/EngineMaterials/Substrate/Glints2/dict_0003_0111.uasset" 9239
"../../../Engine/Content/EngineMaterials/Substrate/Glints2/dict_0003_0113.uasset" 9240
"../../../Engine/Content/EngineMaterials/Substrate/Glints2/dict_0003_0112.uasset" 9241
"/Engine/EngineMaterials/Substrate/Glints2/dict_0003_0090" 9242
"/Engine/EngineMaterials/Substrate/Glints2/dict_0003_0089" 9243
"/Engine/EngineMaterials/Substrate/Glints2/dict_0003_0088" 9244
"/Engine/EngineMaterials/Substrate/Glints2/dict_0003_0087" 9245
"/Engine/EngineMaterials/Substrate/Glints2/dict_0003_0086" 9246
"/Engine/EngineMaterials/Substrate/Glints2/dict_0003_0085" 9247
"/Engine/EngineMaterials/Substrate/Glints2/dict_0003_0084" 9248
"/Engine/EngineMaterials/Substrate/Glints2/dict_0003_0083" 9249
"/Engine/EngineMaterials/Substrate/Glints2/dict_0003_0082" 9250
"/Engine/EngineMaterials/Substrate/Glints2/dict_0003_0113" 9251
"../../../Engine/Content/EngineMaterials/Substrate/Glints2/dict_0003_0122.uasset" 9252
"../../../Engine/Content/EngineMaterials/Substrate/Glints2/dict_0003_0116.uasset" 9253
"../../../Engine/Content/EngineMaterials/Substrate/Glints2/dict_0003_0121.uasset" 9254
"../../../Engine/Content/EngineMaterials/Substrate/Glints2/dict_0003_0115.uasset" 9255
"../../../Engine/Content/EngineMaterials/Substrate/Glints2/dict_0003_0117.uasset" 9256
"../../../Engine/Content/EngineMaterials/Substrate/Glints2/dict_0003_0119.uasset" 9257
"../../../Engine/Content/EngineMaterials/Substrate/Glints2/dict_0003_0120.uasset" 9258
"../../../Engine/Content/EngineMaterials/Substrate/Glints2/dict_0003_0114.uasset" 9259
"../../../Engine/Content/EngineMaterials/Substrate/Glints2/dict_0003_0118.uasset" 9260
"/Engine/EngineMaterials/Substrate/Glints2/dict_0003_0112" 9261
"../../../Engine/Content/EngineMaterials/Substrate/Glints2/dict_0003_0123.uasset" 9262
"../../../Engine/Content/EngineMaterials/Substrate/Glints2/dict_0003_0124.uasset" 9263
"/Engine/EngineMaterials/Substrate/Glints2/dict_0003_0111" 9264
"/Engine/EngineMaterials/Substrate/Glints2/dict_0003_0110" 9265
"/Engine/EngineMaterials/Substrate/Glints2/dict_0003_0109" 9266
"/Engine/EngineMaterials/Substrate/Glints2/dict_0003_0108" 9267
"/Engine/EngineMaterials/Substrate/Glints2/dict_0003_0107" 9268
"/Engine/EngineMaterials/Substrate/Glints2/dict_0003_0106" 9269
"/Engine/EngineMaterials/Substrate/Glints2/dict_0003_0105" 9270
"/Engine/EngineMaterials/Substrate/Glints2/dict_0003_0104" 9271
"/Engine/EngineMaterials/Substrate/Glints2/dict_0003_0103" 9272
"/Engine/EngineMaterials/Substrate/Glints2/dict_0003_0102" 9273
"/Engine/EngineMaterials/Substrate/Glints2/dict_0003_0101" 9274
"/Engine/EngineMaterials/Substrate/Glints2/dict_0003_0100" 9275
"/Engine/EngineMaterials/Substrate/Glints2/dict_0003_0099" 9276
"/Engine/EngineMaterials/Substrate/Glints2/dict_0003_0098" 9277
"/Engine/EngineMaterials/Substrate/Glints2/dict_0003_0097" 9278
"/Engine/EngineMaterials/Substrate/Glints2/dict_0003_0096" 9279
"/Engine/EngineMaterials/Substrate/Glints2/dict_0003_0095" 9280
"/Engine/EngineMaterials/Substrate/Glints2/dict_0003_0094" 9281
"/Engine/EngineMaterials/Substrate/Glints2/dict_0003_0093" 9282
"../../../Engine/Content/EngineMaterials/Substrate/Glints2/dict_0003_0128.uasset" 9283
"/Engine/EngineMaterials/Substrate/Glints2/dict_0003_0124" 9284
"../../../Engine/Content/EngineMaterials/Substrate/Glints2/dict_0003_0133.uasset" 9285
"../../../Engine/Content/EngineMaterials/Substrate/Glints2/dict_0003_0127.uasset" 9286
"../../../Engine/Content/EngineMaterials/Substrate/Glints2/dict_0003_0130.uasset" 9287
"../../../Engine/Content/EngineMaterials/Substrate/Glints2/dict_0003_0125.uasset" 9288
"../../../Engine/Content/EngineMaterials/Substrate/Glints2/dict_0003_0129.uasset" 9289
"../../../Engine/Content/EngineMaterials/Substrate/Glints2/dict_0003_0126.uasset" 9290
"../../../Engine/Content/EngineMaterials/Substrate/Glints2/dict_0003_0131.uasset" 9291
"../../../Engine/Content/EngineMaterials/Substrate/Glints2/dict_0003_0132.uasset" 9292
"/Engine/EngineMaterials/Substrate/Glints2/dict_0003_0123" 9293
"/Engine/EngineMaterials/Substrate/Glints2/dict_0003_0122" 9294
"../../../Engine/Content/EngineMaterials/Substrate/Glints2/dict_0003_0134.uasset" 9295
"../../../Engine/Content/EngineMaterials/Substrate/Glints2/dict_0003_0135.uasset" 9296
"../../../Engine/Content/EngineMaterials/Substrate/Glints2/dict_0003_0137.uasset" 9297
"../../../Engine/Content/EngineMaterials/Substrate/Glints2/dict_0003_0136.uasset" 9298
"../../../Engine/Content/EngineMaterials/Substrate/Glints2/dict_0003_0138.uasset" 9299
"../../../Engine/Content/EngineMaterials/Substrate/Glints2/dict_0003_0140.uasset" 9300
"../../../Engine/Content/EngineMaterials/Substrate/Glints2/dict_0003_0139.uasset" 9301
"/Engine/EngineMaterials/Substrate/Glints2/dict_0003_0121" 9302
"../../../Engine/Content/EngineMaterials/Substrate/Glints2/dict_0003_0142.uasset" 9303
"../../../Engine/Content/EngineMaterials/Substrate/Glints2/dict_0003_0144.uasset" 9304
"/Engine/EngineMaterials/Substrate/Glints2/dict_0003_0120" 9305
"../../../Engine/Content/EngineMaterials/Substrate/Glints2/dict_0003_0145.uasset" 9306
"../../../Engine/Content/EngineMaterials/Substrate/Glints2/dict_0003_0143.uasset" 9307
"../../../Engine/Content/EngineMaterials/Substrate/Glints2/dict_0003_0141.uasset" 9308
"/Engine/EngineMaterials/Substrate/Glints2/dict_0003_0119" 9309
"/Engine/EngineMaterials/Substrate/Glints2/dict_0003_0118" 9310
"/Engine/EngineMaterials/Substrate/Glints2/dict_0003_0117" 9311
"/Engine/EngineMaterials/Substrate/Glints2/dict_0003_0116" 9312
"/Engine/EngineMaterials/Substrate/Glints2/dict_0003_0115" 9313
"/Engine/EngineMaterials/Substrate/Glints2/dict_0003_0114" 9314
"../../../Engine/Content/EngineMaterials/Substrate/Glints2/dict_0003_0147.uasset" 9315
"../../../Engine/Content/EngineMaterials/Substrate/Glints2/dict_0003_0153.uasset" 9316
"/Engine/EngineMaterials/Substrate/Glints2/dict_0003_0145" 9317
"../../../Engine/Content/EngineMaterials/Substrate/Glints2/dict_0003_0146.uasset" 9318
"../../../Engine/Content/EngineMaterials/Substrate/Glints2/dict_0003_0154.uasset" 9319
"../../../Engine/Content/EngineMaterials/Substrate/Glints2/dict_0003_0151.uasset" 9320
"../../../Engine/Content/EngineMaterials/Substrate/Glints2/dict_0003_0149.uasset" 9321
"../../../Engine/Content/EngineMaterials/Substrate/Glints2/dict_0003_0152.uasset" 9322
"../../../Engine/Content/EngineMaterials/Substrate/Glints2/dict_0003_0148.uasset" 9323
"../../../Engine/Content/EngineMaterials/Substrate/Glints2/dict_0003_0150.uasset" 9324
"../../../Engine/Content/EngineMaterials/Substrate/Glints2/dict_0003_0156.uasset" 9325
"../../../Engine/Content/EngineMaterials/Substrate/Glints2/dict_0003_0155.uasset" 9326
"/Engine/EngineMaterials/Substrate/Glints2/dict_0003_0144" 9327
"/Engine/EngineMaterials/Substrate/Glints2/dict_0003_0143" 9328
"/Engine/EngineMaterials/Substrate/Glints2/dict_0003_0142" 9329
"/Engine/EngineMaterials/Substrate/Glints2/dict_0003_0141" 9330
"/Engine/EngineMaterials/Substrate/Glints2/dict_0003_0140" 9331
"/Engine/EngineMaterials/Substrate/Glints2/dict_0003_0139" 9332
"/Engine/EngineMaterials/Substrate/Glints2/dict_0003_0138" 9333
"/Engine/EngineMaterials/Substrate/Glints2/dict_0003_0137" 9334
"/Engine/EngineMaterials/Substrate/Glints2/dict_0003_0136" 9335
"/Engine/EngineMaterials/Substrate/Glints2/dict_0003_0135" 9336
"/Engine/EngineMaterials/Substrate/Glints2/dict_0003_0134" 9337
"/Engine/EngineMaterials/Substrate/Glints2/dict_0003_0133" 9338
"/Engine/EngineMaterials/Substrate/Glints2/dict_0003_0132" 9339
"/Engine/EngineMaterials/Substrate/Glints2/dict_0003_0131" 9340
"/Engine/EngineMaterials/Substrate/Glints2/dict_0003_0130" 9341
"/Engine/EngineMaterials/Substrate/Glints2/dict_0003_0129" 9342
"/Engine/EngineMaterials/Substrate/Glints2/dict_0003_0128" 9343
"/Engine/EngineMaterials/Substrate/Glints2/dict_0003_0127" 9344
"/Engine/EngineMaterials/Substrate/Glints2/dict_0003_0126" 9345
"/Engine/EngineMaterials/Substrate/Glints2/dict_0003_0125" 9346
"../../../Engine/Content/EngineMaterials/Substrate/Glints2/dict_0003_0161.uasset" 9347
"../../../Engine/Content/EngineMaterials/Substrate/Glints2/dict_0003_0163.uasset" 9348
"../../../Engine/Content/EngineMaterials/Substrate/Glints2/dict_0003_0160.uasset" 9349
"../../../Engine/Content/EngineMaterials/Substrate/Glints2/dict_0003_0159.uasset" 9350
"../../../Engine/Content/EngineMaterials/Substrate/Glints2/dict_0003_0162.uasset" 9351
"../../../Engine/Content/EngineMaterials/Substrate/Glints2/dict_0003_0157.uasset" 9352
"/Engine/EngineMaterials/Substrate/Glints2/dict_0003_0156" 9353
"../../../Engine/Content/EngineMaterials/Substrate/Glints2/dict_0003_0164.uasset" 9354
"../../../Engine/Content/EngineMaterials/Substrate/Glints2/dict_0003_0158.uasset" 9355
"../../../Engine/Content/EngineMaterials/Substrate/Glints2/dict_0003_0170.uasset" 9356
"/Engine/EngineMaterials/Substrate/Glints2/dict_0003_0155" 9357
"../../../Engine/Content/EngineMaterials/Substrate/Glints2/dict_0003_0172.uasset" 9358
"../../../Engine/Content/EngineMaterials/Substrate/Glints2/dict_0003_0171.uasset" 9359
"../../../Engine/Content/EngineMaterials/Substrate/Glints2/dict_0003_0169.uasset" 9360
"../../../Engine/Content/EngineMaterials/Substrate/Glints2/dict_0003_0167.uasset" 9361
"../../../Engine/Content/EngineMaterials/Substrate/Glints2/dict_0003_0166.uasset" 9362
"../../../Engine/Content/EngineMaterials/Substrate/Glints2/dict_0003_0165.uasset" 9363
"../../../Engine/Content/EngineMaterials/Substrate/Glints2/dict_0003_0168.uasset" 9364
"../../../Engine/Content/EngineMaterials/Substrate/Glints2/dict_0003_0177.uasset" 9365
"../../../Engine/Content/EngineMaterials/Substrate/Glints2/dict_0003_0174.uasset" 9366
"../../../Engine/Content/EngineMaterials/Substrate/Glints2/dict_0003_0176.uasset" 9367
"../../../Engine/Content/EngineMaterials/Substrate/Glints2/dict_0003_0173.uasset" 9368
"/Engine/EngineMaterials/Substrate/Glints2/dict_0003_0154" 9369
"../../../Engine/Content/EngineMaterials/Substrate/Glints2/dict_0003_0175.uasset" 9370
"/Engine/EngineMaterials/Substrate/Glints2/dict_0003_0153" 9371
"/Engine/EngineMaterials/Substrate/Glints2/dict_0003_0152" 9372
"/Engine/EngineMaterials/Substrate/Glints2/dict_0003_0151" 9373
"/Engine/EngineMaterials/Substrate/Glints2/dict_0003_0150" 9374
"/Engine/EngineMaterials/Substrate/Glints2/dict_0003_0149" 9375
"/Engine/EngineMaterials/Substrate/Glints2/dict_0003_0148" 9376
"/Engine/EngineMaterials/Substrate/Glints2/dict_0003_0147" 9377
"/Engine/EngineMaterials/Substrate/Glints2/dict_0003_0146" 9378
"/Engine/EngineMaterials/Substrate/Glints2/dict_0003_0177" 9379
"../../../Engine/Content/EngineMaterials/Substrate/Glints2/dict_0003_0183.uasset" 9380
"../../../Engine/Content/EngineMaterials/Substrate/Glints2/dict_0003_0182.uasset" 9381
"../../../Engine/Content/EngineMaterials/Substrate/Glints2/dict_0003_0180.uasset" 9382
"../../../Engine/Content/EngineMaterials/Substrate/Glints2/dict_0003_0185.uasset" 9383
"../../../Engine/Content/EngineMaterials/Substrate/Glints2/dict_0003_0179.uasset" 9384
"../../../Engine/Content/EngineMaterials/Substrate/Glints2/dict_0003_0178.uasset" 9385
"../../../Engine/Content/EngineMaterials/Substrate/Glints2/dict_0003_0181.uasset" 9386
"../../../Engine/Content/EngineMaterials/Substrate/Glints2/dict_0003_0184.uasset" 9387
"../../../Engine/Content/EngineMaterials/Substrate/Glints2/dict_0003_0186.uasset" 9388
"/Engine/EngineMaterials/Substrate/Glints2/dict_0003_0176" 9389
"../../../Engine/Content/EngineMaterials/Substrate/Glints2/dict_0003_0187.uasset" 9390
"../../../Engine/Content/EngineMaterials/Substrate/Glints2/dict_0003_0188.uasset" 9391
"/Engine/EngineMaterials/Substrate/Glints2/dict_0003_0175" 9392
"/Engine/EngineMaterials/Substrate/Glints2/dict_0003_0174" 9393
"/Engine/EngineMaterials/Substrate/Glints2/dict_0003_0173" 9394
"/Engine/EngineMaterials/Substrate/Glints2/dict_0003_0172" 9395
"/Engine/EngineMaterials/Substrate/Glints2/dict_0003_0171" 9396
"/Engine/EngineMaterials/Substrate/Glints2/dict_0003_0170" 9397
"/Engine/EngineMaterials/Substrate/Glints2/dict_0003_0169" 9398
"/Engine/EngineMaterials/Substrate/Glints2/dict_0003_0168" 9399
"/Engine/EngineMaterials/Substrate/Glints2/dict_0003_0167" 9400
"/Engine/EngineMaterials/Substrate/Glints2/dict_0003_0166" 9401
"/Engine/EngineMaterials/Substrate/Glints2/dict_0003_0165" 9402
"/Engine/EngineMaterials/Substrate/Glints2/dict_0003_0164" 9403
"/Engine/EngineMaterials/Substrate/Glints2/dict_0003_0163" 9404
"/Engine/EngineMaterials/Substrate/Glints2/dict_0003_0162" 9405
"/Engine/EngineMaterials/Substrate/Glints2/dict_0003_0161" 9406
"/Engine/EngineMaterials/Substrate/Glints2/dict_0003_0160" 9407
"/Engine/EngineMaterials/Substrate/Glints2/dict_0003_0159" 9408
"/Engine/EngineMaterials/Substrate/Glints2/dict_0003_0158" 9409
"/Engine/EngineMaterials/Substrate/Glints2/dict_0003_0157" 9410
"../../../Engine/Content/EngineMaterials/Substrate/Glints2/dict_0003_0190.uasset" 9411
"../../../Engine/Content/EngineMaterials/Substrate/Glints2/dict_0003_0193.uasset" 9412
"../../../Engine/Content/EngineMaterials/Substrate/Glints2/dict_0003_0197.uasset" 9413
"/Engine/EngineMaterials/Substrate/Glints2/dict_0003_0188" 9414
"../../../Engine/Content/EngineMaterials/Substrate/Glints2/dict_0003_0192.uasset" 9415
"../../../Engine/Content/EngineMaterials/Substrate/Glints2/dict_0003_0195.uasset" 9416
"../../../Engine/Content/EngineMaterials/Substrate/Glints2/dict_0003_0191.uasset" 9417
"../../../Engine/Content/EngineMaterials/Substrate/Glints2/dict_0003_0189.uasset" 9418
"../../../Engine/Content/EngineMaterials/Substrate/Glints2/dict_0003_0196.uasset" 9419
"../../../Engine/Content/EngineMaterials/Substrate/Glints2/dict_0003_0194.uasset" 9420
"../../../Engine/Content/EngineMaterials/Substrate/Glints2/dict_0003_0198.uasset" 9421
"/Engine/EngineMaterials/Substrate/Glints2/dict_0003_0187" 9422
"../../../Engine/Content/EngineMaterials/Substrate/Glints2/dict_0003_0199.uasset" 9423
"../../../Engine/Content/EngineMaterials/Substrate/Glints2/dict_0003_0200.uasset" 9424
"../../../Engine/Content/EngineMaterials/Substrate/Glints2/dict_0003_0202.uasset" 9425
"../../../Engine/Content/EngineMaterials/Substrate/Glints2/dict_0003_0201.uasset" 9426
"../../../Engine/Content/EngineMaterials/Substrate/Glints2/dict_0003_0203.uasset" 9427
"../../../Engine/Content/EngineMaterials/Substrate/Glints2/dict_0003_0205.uasset" 9428
"../../../Engine/Content/EngineMaterials/Substrate/Glints2/dict_0003_0204.uasset" 9429
"/Engine/EngineMaterials/Substrate/Glints2/dict_0003_0186" 9430
"../../../Engine/Content/EngineMaterials/Substrate/Glints2/dict_0003_0206.uasset" 9431
"../../../Engine/Content/EngineMaterials/Substrate/Glints2/dict_0003_0209.uasset" 9432
"../../../Engine/Content/EngineMaterials/Substrate/Glints2/dict_0003_0208.uasset" 9433
"../../../Engine/Content/EngineMaterials/Substrate/Glints2/dict_0003_0207.uasset" 9434
"/Engine/EngineMaterials/Substrate/Glints2/dict_0003_0185" 9435
"/Engine/EngineMaterials/Substrate/Glints2/dict_0003_0184" 9436
"/Engine/EngineMaterials/Substrate/Glints2/dict_0003_0183" 9437
"/Engine/EngineMaterials/Substrate/Glints2/dict_0003_0182" 9438
"/Engine/EngineMaterials/Substrate/Glints2/dict_0003_0181" 9439
"/Engine/EngineMaterials/Substrate/Glints2/dict_0003_0180" 9440
"/Engine/EngineMaterials/Substrate/Glints2/dict_0003_0179" 9441
"/Engine/EngineMaterials/Substrate/Glints2/dict_0003_0178" 9442
"/Engine/EngineMaterials/Substrate/Glints2/dict_0003_0209" 9443
"../../../Engine/Content/EngineMaterials/Substrate/Glints2/dict_0003_0211.uasset" 9444
"../../../Engine/Content/EngineMaterials/Substrate/Glints2/dict_0003_0210.uasset" 9445
"../../../Engine/Content/EngineMaterials/Substrate/Glints2/dict_0003_0215.uasset" 9446
"../../../Engine/Content/EngineMaterials/Substrate/Glints2/dict_0003_0217.uasset" 9447
"../../../Engine/Content/EngineMaterials/Substrate/Glints2/dict_0003_0214.uasset" 9448
"../../../Engine/Content/EngineMaterials/Substrate/Glints2/dict_0003_0213.uasset" 9449
"../../../Engine/Content/EngineMaterials/Substrate/Glints2/dict_0003_0216.uasset" 9450
"../../../Engine/Content/EngineMaterials/Substrate/Glints2/dict_0003_0212.uasset" 9451
"../../../Engine/Content/EngineMaterials/Substrate/Glints2/dict_0003_0218.uasset" 9452
"/Engine/EngineMaterials/Substrate/Glints2/dict_0003_0208" 9453
"../../../Engine/Content/EngineMaterials/Substrate/Glints2/dict_0003_0219.uasset" 9454
"../../../Engine/Content/EngineMaterials/Substrate/Glints2/dict_0003_0220.uasset" 9455
"/Engine/EngineMaterials/Substrate/Glints2/dict_0003_0207" 9456
"/Engine/EngineMaterials/Substrate/Glints2/dict_0003_0206" 9457
"/Engine/EngineMaterials/Substrate/Glints2/dict_0003_0205" 9458
"/Engine/EngineMaterials/Substrate/Glints2/dict_0003_0204" 9459
"/Engine/EngineMaterials/Substrate/Glints2/dict_0003_0203" 9460
"/Engine/EngineMaterials/Substrate/Glints2/dict_0003_0202" 9461
"/Engine/EngineMaterials/Substrate/Glints2/dict_0003_0201" 9462
"/Engine/EngineMaterials/Substrate/Glints2/dict_0003_0200" 9463
"/Engine/EngineMaterials/Substrate/Glints2/dict_0003_0199" 9464
"/Engine/EngineMaterials/Substrate/Glints2/dict_0003_0198" 9465
"/Engine/EngineMaterials/Substrate/Glints2/dict_0003_0197" 9466
"/Engine/EngineMaterials/Substrate/Glints2/dict_0003_0196" 9467
"/Engine/EngineMaterials/Substrate/Glints2/dict_0003_0195" 9468
"/Engine/EngineMaterials/Substrate/Glints2/dict_0003_0194" 9469
"/Engine/EngineMaterials/Substrate/Glints2/dict_0003_0193" 9470
"/Engine/EngineMaterials/Substrate/Glints2/dict_0003_0192" 9471
"/Engine/EngineMaterials/Substrate/Glints2/dict_0003_0191" 9472
"/Engine/EngineMaterials/Substrate/Glints2/dict_0003_0190" 9473
"/Engine/EngineMaterials/Substrate/Glints2/dict_0003_0189" 9474
"../../../Engine/Content/EngineMaterials/Substrate/Glints2/dict_0003_0225.uasset" 9475
"../../../Engine/Content/EngineMaterials/Substrate/Glints2/dict_0003_0226.uasset" 9476
"../../../Engine/Content/EngineMaterials/Substrate/Glints2/dict_0003_0227.uasset" 9477
"../../../Engine/Content/EngineMaterials/Substrate/Glints2/dict_0003_0224.uasset" 9478
"../../../Engine/Content/EngineMaterials/Substrate/Glints2/dict_0003_0229.uasset" 9479
"../../../Engine/Content/EngineMaterials/Substrate/Glints2/dict_0003_0222.uasset" 9480
"/Engine/EngineMaterials/Substrate/Glints2/dict_0003_0220" 9481
"../../../Engine/Content/EngineMaterials/Substrate/Glints2/dict_0003_0228.uasset" 9482
"../../../Engine/Content/EngineMaterials/Substrate/Glints2/dict_0003_0223.uasset" 9483
"../../../Engine/Content/EngineMaterials/Substrate/Glints2/dict_0003_0221.uasset" 9484
"/Engine/EngineMaterials/Substrate/Glints2/dict_0003_0219" 9485
"../../../Engine/Content/EngineMaterials/Substrate/Glints2/dict_0003_0230.uasset" 9486
"../../../Engine/Content/EngineMaterials/Substrate/Glints2/dict_0003_0231.uasset" 9487
"../../../Engine/Content/EngineMaterials/Substrate/Glints2/dict_0003_0232.uasset" 9488
"../../../Engine/Content/EngineMaterials/Substrate/Glints2/dict_0003_0234.uasset" 9489
"../../../Engine/Content/EngineMaterials/Substrate/Glints2/dict_0003_0233.uasset" 9490
"/Engine/EngineMaterials/Substrate/Glints2/dict_0003_0218" 9491
"../../../Engine/Content/EngineMaterials/Substrate/Glints2/dict_0003_0235.uasset" 9492
"../../../Engine/Content/EngineMaterials/Substrate/Glints2/dict_0003_0236.uasset" 9493
"/Engine/EngineMaterials/Substrate/Glints2/dict_0003_0217" 9494
"/Engine/EngineMaterials/Substrate/Glints2/dict_0003_0216" 9495
"../../../Engine/Content/EngineMaterials/Substrate/Glints2/dict_0003_0237.uasset" 9496
"/Engine/EngineMaterials/Substrate/Glints2/dict_0003_0215" 9497
"../../../Engine/Content/EngineMaterials/Substrate/Glints2/dict_0003_0239.uasset" 9498
"../../../Engine/Content/EngineMaterials/Substrate/Glints2/dict_0003_0238.uasset" 9499
"../../../Engine/Content/EngineMaterials/Substrate/Glints2/dict_0003_0240.uasset" 9500
"../../../Engine/Content/EngineMaterials/Substrate/Glints2/dict_0003_0241.uasset" 9501
"/Engine/EngineMaterials/Substrate/Glints2/dict_0003_0214" 9502
"/Engine/EngineMaterials/Substrate/Glints2/dict_0003_0213" 9503
"/Engine/EngineMaterials/Substrate/Glints2/dict_0003_0212" 9504
"/Engine/EngineMaterials/Substrate/Glints2/dict_0003_0211" 9505
"/Engine/EngineMaterials/Substrate/Glints2/dict_0003_0210" 9506
"../../../Engine/Content/EngineMaterials/Substrate/Glints2/dict_0003_0246.uasset" 9507
"../../../Engine/Content/EngineMaterials/Substrate/Glints2/dict_0003_0243.uasset" 9508
"../../../Engine/Content/EngineMaterials/Substrate/Glints2/dict_0003_0249.uasset" 9509
"/Engine/EngineMaterials/Substrate/Glints2/dict_0003_0241" 9510
"../../../Engine/Content/EngineMaterials/Substrate/Glints2/dict_0003_0247.uasset" 9511
"../../../Engine/Content/EngineMaterials/Substrate/Glints2/dict_0003_0245.uasset" 9512
"../../../Engine/Content/EngineMaterials/Substrate/Glints2/dict_0003_0244.uasset" 9513
"../../../Engine/Content/EngineMaterials/Substrate/Glints2/dict_0003_0250.uasset" 9514
"../../../Engine/Content/EngineMaterials/Substrate/Glints2/dict_0003_0242.uasset" 9515
"../../../Engine/Content/EngineMaterials/Substrate/Glints2/dict_0003_0248.uasset" 9516
"../../../Engine/Content/EngineMaterials/Substrate/Glints2/dict_0003_0251.uasset" 9517
"../../../Engine/Content/EngineMaterials/Substrate/Glints2/dict_0003_0252.uasset" 9518
"/Engine/EngineMaterials/Substrate/Glints2/dict_0003_0240" 9519
"/Engine/EngineMaterials/Substrate/Glints2/dict_0003_0239" 9520
"/Engine/EngineMaterials/Substrate/Glints2/dict_0003_0238" 9521
"/Engine/EngineMaterials/Substrate/Glints2/dict_0003_0237" 9522
"/Engine/EngineMaterials/Substrate/Glints2/dict_0003_0236" 9523
"/Engine/EngineMaterials/Substrate/Glints2/dict_0003_0235" 9524
"/Engine/EngineMaterials/Substrate/Glints2/dict_0003_0234" 9525
"/Engine/EngineMaterials/Substrate/Glints2/dict_0003_0233" 9526
"/Engine/EngineMaterials/Substrate/Glints2/dict_0003_0232" 9527
"/Engine/EngineMaterials/Substrate/Glints2/dict_0003_0231" 9528
"/Engine/EngineMaterials/Substrate/Glints2/dict_0003_0230" 9529
"/Engine/EngineMaterials/Substrate/Glints2/dict_0003_0229" 9530
"/Engine/EngineMaterials/Substrate/Glints2/dict_0003_0228" 9531
"/Engine/EngineMaterials/Substrate/Glints2/dict_0003_0227" 9532
"/Engine/EngineMaterials/Substrate/Glints2/dict_0003_0226" 9533
"/Engine/EngineMaterials/Substrate/Glints2/dict_0003_0225" 9534
"/Engine/EngineMaterials/Substrate/Glints2/dict_0003_0224" 9535
"/Engine/EngineMaterials/Substrate/Glints2/dict_0003_0223" 9536
"/Engine/EngineMaterials/Substrate/Glints2/dict_0003_0222" 9537
"/Engine/EngineMaterials/Substrate/Glints2/dict_0003_0221" 9538
"../../../Engine/Content/EngineMaterials/Substrate/Glints2/dict_0004_0004.uasset" 9539
"../../../Engine/Content/EngineMaterials/Substrate/Glints2/dict_0003_0254.uasset" 9540
"../../../Engine/Content/EngineMaterials/Substrate/Glints2/dict_0004_0003.uasset" 9541
"/Engine/EngineMaterials/Substrate/Glints2/dict_0003_0252" 9542
"../../../Engine/Content/EngineMaterials/Substrate/Glints2/dict_0004_0002.uasset" 9543
"../../../Engine/Content/EngineMaterials/Substrate/Glints2/dict_0003_0253.uasset" 9544
"../../../Engine/Content/EngineMaterials/Substrate/Glints2/dict_0004_0000.uasset" 9545
"../../../Engine/Content/EngineMaterials/Substrate/Glints2/dict_0004_0001.uasset" 9546
"../../../Engine/Content/EngineMaterials/Substrate/Glints2/dict_0003_0255.uasset" 9547
"../../../Engine/Content/EngineMaterials/Substrate/Glints2/dict_0004_0005.uasset" 9548
"../../../Engine/Content/EngineMaterials/Substrate/Glints2/dict_0004_0006.uasset" 9549
"../../../Engine/Content/EngineMaterials/Substrate/Glints2/dict_0004_0012.uasset" 9550
"../../../Engine/Content/EngineMaterials/Substrate/Glints2/dict_0004_0010.uasset" 9551
"../../../Engine/Content/EngineMaterials/Substrate/Glints2/dict_0004_0008.uasset" 9552
"../../../Engine/Content/EngineMaterials/Substrate/Glints2/dict_0004_0011.uasset" 9553
"/Engine/EngineMaterials/Substrate/Glints2/dict_0003_0251" 9554
"../../../Engine/Content/EngineMaterials/Substrate/Glints2/dict_0004_0009.uasset" 9555
"../../../Engine/Content/EngineMaterials/Substrate/Glints2/dict_0004_0007.uasset" 9556
"../../../Engine/Content/EngineMaterials/Substrate/Glints2/dict_0004_0015.uasset" 9557
"../../../Engine/Content/EngineMaterials/Substrate/Glints2/dict_0004_0014.uasset" 9558
"../../../Engine/Content/EngineMaterials/Substrate/Glints2/dict_0004_0013.uasset" 9559
"../../../Engine/Content/EngineMaterials/Substrate/Glints2/dict_0004_0016.uasset" 9560
"../../../Engine/Content/EngineMaterials/Substrate/Glints2/dict_0004_0017.uasset" 9561
"/Engine/EngineMaterials/Substrate/Glints2/dict_0003_0250" 9562
"/Engine/EngineMaterials/Substrate/Glints2/dict_0003_0249" 9563
"/Engine/EngineMaterials/Substrate/Glints2/dict_0003_0248" 9564
"/Engine/EngineMaterials/Substrate/Glints2/dict_0003_0247" 9565
"/Engine/EngineMaterials/Substrate/Glints2/dict_0003_0246" 9566
"/Engine/EngineMaterials/Substrate/Glints2/dict_0003_0245" 9567
"/Engine/EngineMaterials/Substrate/Glints2/dict_0003_0244" 9568
"/Engine/EngineMaterials/Substrate/Glints2/dict_0003_0243" 9569
"/Engine/EngineMaterials/Substrate/Glints2/dict_0003_0242" 9570
"/Engine/EngineMaterials/Substrate/Glints2/dict_0004_0017" 9571
"../../../Engine/Content/EngineMaterials/Substrate/Glints2/dict_0004_0020.uasset" 9572
"../../../Engine/Content/EngineMaterials/Substrate/Glints2/dict_0004_0019.uasset" 9573
"../../../Engine/Content/EngineMaterials/Substrate/Glints2/dict_0004_0018.uasset" 9574
"../../../Engine/Content/EngineMaterials/Substrate/Glints2/dict_0004_0021.uasset" 9575
"/Engine/EngineMaterials/Substrate/Glints2/dict_0004_0016" 9576
"../../../Engine/Content/EngineMaterials/Substrate/Glints2/dict_0004_0022.uasset" 9577
"../../../Engine/Content/EngineMaterials/Substrate/Glints2/dict_0004_0023.uasset" 9578
"../../../Engine/Content/EngineMaterials/Substrate/Glints2/dict_0004_0024.uasset" 9579
"../../../Engine/Content/EngineMaterials/Substrate/Glints2/dict_0004_0026.uasset" 9580
"../../../Engine/Content/EngineMaterials/Substrate/Glints2/dict_0004_0025.uasset" 9581
"/Engine/EngineMaterials/Substrate/Glints2/dict_0004_0015" 9582
"../../../Engine/Content/EngineMaterials/Substrate/Glints2/dict_0004_0028.uasset" 9583
"../../../Engine/Content/EngineMaterials/Substrate/Glints2/dict_0004_0027.uasset" 9584
"/Engine/EngineMaterials/Substrate/Glints2/dict_0004_0014" 9585
"/Engine/EngineMaterials/Substrate/Glints2/dict_0004_0013" 9586
"/Engine/EngineMaterials/Substrate/Glints2/dict_0004_0012" 9587
"/Engine/EngineMaterials/Substrate/Glints2/dict_0004_0011" 9588
"/Engine/EngineMaterials/Substrate/Glints2/dict_0004_0010" 9589
"/Engine/EngineMaterials/Substrate/Glints2/dict_0004_0009" 9590
"/Engine/EngineMaterials/Substrate/Glints2/dict_0004_0008" 9591
"/Engine/EngineMaterials/Substrate/Glints2/dict_0004_0007" 9592
"/Engine/EngineMaterials/Substrate/Glints2/dict_0004_0006" 9593
"/Engine/EngineMaterials/Substrate/Glints2/dict_0004_0005" 9594
"/Engine/EngineMaterials/Substrate/Glints2/dict_0004_0004" 9595
"/Engine/EngineMaterials/Substrate/Glints2/dict_0004_0003" 9596
"/Engine/EngineMaterials/Substrate/Glints2/dict_0004_0002" 9597
"/Engine/EngineMaterials/Substrate/Glints2/dict_0004_0001" 9598
"/Engine/EngineMaterials/Substrate/Glints2/dict_0004_0000" 9599
"/Engine/EngineMaterials/Substrate/Glints2/dict_0003_0255" 9600
"/Engine/EngineMaterials/Substrate/Glints2/dict_0003_0254" 9601
"/Engine/EngineMaterials/Substrate/Glints2/dict_0003_0253" 9602
"../../../Engine/Content/EngineMaterials/Substrate/Glints2/dict_0004_0032.uasset" 9603
"../../../Engine/Content/EngineMaterials/Substrate/Glints2/dict_0004_0035.uasset" 9604
"/Engine/EngineMaterials/Substrate/Glints2/dict_0004_0028" 9605
"../../../Engine/Content/EngineMaterials/Substrate/Glints2/dict_0004_0033.uasset" 9606
"../../../Engine/Content/EngineMaterials/Substrate/Glints2/dict_0004_0030.uasset" 9607
"../../../Engine/Content/EngineMaterials/Substrate/Glints2/dict_0004_0029.uasset" 9608
"../../../Engine/Content/EngineMaterials/Substrate/Glints2/dict_0004_0034.uasset" 9609
"../../../Engine/Content/EngineMaterials/Substrate/Glints2/dict_0004_0031.uasset" 9610
"../../../Engine/Content/EngineMaterials/Substrate/Glints2/dict_0004_0036.uasset" 9611
"../../../Engine/Content/EngineMaterials/Substrate/Glints2/dict_0004_0037.uasset" 9612
"/Engine/EngineMaterials/Substrate/Glints2/dict_0004_0027" 9613
"../../../Engine/Content/EngineMaterials/Substrate/Glints2/dict_0004_0038.uasset" 9614
"../../../Engine/Content/EngineMaterials/Substrate/Glints2/dict_0004_0039.uasset" 9615
"../../../Engine/Content/EngineMaterials/Substrate/Glints2/dict_0004_0040.uasset" 9616
"../../../Engine/Content/EngineMaterials/Substrate/Glints2/dict_0004_0042.uasset" 9617
"../../../Engine/Content/EngineMaterials/Substrate/Glints2/dict_0004_0041.uasset" 9618
"../../../Engine/Content/EngineMaterials/Substrate/Glints2/dict_0004_0043.uasset" 9619
"../../../Engine/Content/EngineMaterials/Substrate/Glints2/dict_0004_0044.uasset" 9620
"../../../Engine/Content/EngineMaterials/Substrate/Glints2/dict_0004_0045.uasset" 9621
"../../../Engine/Content/EngineMaterials/Substrate/Glints2/dict_0004_0046.uasset" 9622
"../../../Engine/Content/EngineMaterials/Substrate/Glints2/dict_0004_0048.uasset" 9623
"../../../Engine/Content/EngineMaterials/Substrate/Glints2/dict_0004_0047.uasset" 9624
"../../../Engine/Content/EngineMaterials/Substrate/Glints2/dict_0004_0049.uasset" 9625
"/Engine/EngineMaterials/Substrate/Glints2/dict_0004_0026" 9626
"/Engine/EngineMaterials/Substrate/Glints2/dict_0004_0025" 9627
"/Engine/EngineMaterials/Substrate/Glints2/dict_0004_0024" 9628
"/Engine/EngineMaterials/Substrate/Glints2/dict_0004_0023" 9629
"/Engine/EngineMaterials/Substrate/Glints2/dict_0004_0022" 9630
"/Engine/EngineMaterials/Substrate/Glints2/dict_0004_0021" 9631
"/Engine/EngineMaterials/Substrate/Glints2/dict_0004_0020" 9632
"/Engine/EngineMaterials/Substrate/Glints2/dict_0004_0019" 9633
"/Engine/EngineMaterials/Substrate/Glints2/dict_0004_0018" 9634
"../../../Engine/Content/EngineMaterials/Substrate/Glints2/dict_0004_0057.uasset" 9635
"../../../Engine/Content/EngineMaterials/Substrate/Glints2/dict_0004_0052.uasset" 9636
"../../../Engine/Content/EngineMaterials/Substrate/Glints2/dict_0004_0053.uasset" 9637
"../../../Engine/Content/EngineMaterials/Substrate/Glints2/dict_0004_0055.uasset" 9638
"../../../Engine/Content/EngineMaterials/Substrate/Glints2/dict_0004_0056.uasset" 9639
"/Engine/EngineMaterials/Substrate/Glints2/dict_0004_0049" 9640
"../../../Engine/Content/EngineMaterials/Substrate/Glints2/dict_0004_0054.uasset" 9641
"../../../Engine/Content/EngineMaterials/Substrate/Glints2/dict_0004_0051.uasset" 9642
"../../../Engine/Content/EngineMaterials/Substrate/Glints2/dict_0004_0058.uasset" 9643
"../../../Engine/Content/EngineMaterials/Substrate/Glints2/dict_0004_0050.uasset" 9644
"../../../Engine/Content/EngineMaterials/Substrate/Glints2/dict_0004_0059.uasset" 9645
"../../../Engine/Content/EngineMaterials/Substrate/Glints2/dict_0004_0060.uasset" 9646
"/Engine/EngineMaterials/Substrate/Glints2/dict_0004_0048" 9647
"/Engine/EngineMaterials/Substrate/Glints2/dict_0004_0047" 9648
"/Engine/EngineMaterials/Substrate/Glints2/dict_0004_0046" 9649
"/Engine/EngineMaterials/Substrate/Glints2/dict_0004_0045" 9650
"/Engine/EngineMaterials/Substrate/Glints2/dict_0004_0044" 9651
"/Engine/EngineMaterials/Substrate/Glints2/dict_0004_0043" 9652
"/Engine/EngineMaterials/Substrate/Glints2/dict_0004_0042" 9653
"/Engine/EngineMaterials/Substrate/Glints2/dict_0004_0041" 9654
"/Engine/EngineMaterials/Substrate/Glints2/dict_0004_0040" 9655
"/Engine/EngineMaterials/Substrate/Glints2/dict_0004_0039" 9656
"/Engine/EngineMaterials/Substrate/Glints2/dict_0004_0038" 9657
"/Engine/EngineMaterials/Substrate/Glints2/dict_0004_0037" 9658
"/Engine/EngineMaterials/Substrate/Glints2/dict_0004_0036" 9659
"/Engine/EngineMaterials/Substrate/Glints2/dict_0004_0035" 9660
"/Engine/EngineMaterials/Substrate/Glints2/dict_0004_0034" 9661
"/Engine/EngineMaterials/Substrate/Glints2/dict_0004_0033" 9662
"/Engine/EngineMaterials/Substrate/Glints2/dict_0004_0032" 9663
"/Engine/EngineMaterials/Substrate/Glints2/dict_0004_0031" 9664
"/Engine/EngineMaterials/Substrate/Glints2/dict_0004_0030" 9665
"/Engine/EngineMaterials/Substrate/Glints2/dict_0004_0029" 9666
"../../../Engine/Content/EngineMaterials/Substrate/Glints2/dict_0004_0063.uasset" 9667
"../../../Engine/Content/EngineMaterials/Substrate/Glints2/dict_0004_0069.uasset" 9668
"../../../Engine/Content/EngineMaterials/Substrate/Glints2/dict_0004_0066.uasset" 9669
"/Engine/EngineMaterials/Substrate/Glints2/dict_0004_0060" 9670
"../../../Engine/Content/EngineMaterials/Substrate/Glints2/dict_0004_0064.uasset" 9671
"../../../Engine/Content/EngineMaterials/Substrate/Glints2/dict_0004_0062.uasset" 9672
"../../../Engine/Content/EngineMaterials/Substrate/Glints2/dict_0004_0065.uasset" 9673
"../../../Engine/Content/EngineMaterials/Substrate/Glints2/dict_0004_0070.uasset" 9674
"../../../Engine/Content/EngineMaterials/Substrate/Glints2/dict_0004_0068.uasset" 9675
"../../../Engine/Content/EngineMaterials/Substrate/Glints2/dict_0004_0067.uasset" 9676
"../../../Engine/Content/EngineMaterials/Substrate/Glints2/dict_0004_0061.uasset" 9677
"/Engine/EngineMaterials/Substrate/Glints2/dict_0004_0059" 9678
"../../../Engine/Content/EngineMaterials/Substrate/Glints2/dict_0004_0071.uasset" 9679
"../../../Engine/Content/EngineMaterials/Substrate/Glints2/dict_0004_0072.uasset" 9680
"../../../Engine/Content/EngineMaterials/Substrate/Glints2/dict_0004_0073.uasset" 9681
"../../../Engine/Content/EngineMaterials/Substrate/Glints2/dict_0004_0074.uasset" 9682
"../../../Engine/Content/EngineMaterials/Substrate/Glints2/dict_0004_0075.uasset" 9683
"../../../Engine/Content/EngineMaterials/Substrate/Glints2/dict_0004_0076.uasset" 9684
"../../../Engine/Content/EngineMaterials/Substrate/Glints2/dict_0004_0078.uasset" 9685
"/Engine/EngineMaterials/Substrate/Glints2/dict_0004_0058" 9686
"../../../Engine/Content/EngineMaterials/Substrate/Glints2/dict_0004_0077.uasset" 9687
"../../../Engine/Content/EngineMaterials/Substrate/Glints2/dict_0004_0079.uasset" 9688
"/Engine/EngineMaterials/Substrate/Glints2/dict_0004_0057" 9689
"../../../Engine/Content/EngineMaterials/Substrate/Glints2/dict_0004_0080.uasset" 9690
"../../../Engine/Content/EngineMaterials/Substrate/Glints2/dict_0004_0081.uasset" 9691
"/Engine/EngineMaterials/Substrate/Glints2/dict_0004_0056" 9692
"/Engine/EngineMaterials/Substrate/Glints2/dict_0004_0055" 9693
"/Engine/EngineMaterials/Substrate/Glints2/dict_0004_0054" 9694
"/Engine/EngineMaterials/Substrate/Glints2/dict_0004_0053" 9695
"/Engine/EngineMaterials/Substrate/Glints2/dict_0004_0052" 9696
"/Engine/EngineMaterials/Substrate/Glints2/dict_0004_0051" 9697
"/Engine/EngineMaterials/Substrate/Glints2/dict_0004_0050" 9698
"../../../Engine/Content/EngineMaterials/Substrate/Glints2/dict_0004_0084.uasset" 9699
"../../../Engine/Content/EngineMaterials/Substrate/Glints2/dict_0004_0086.uasset" 9700
"/Engine/EngineMaterials/Substrate/Glints2/dict_0004_0081" 9701
"../../../Engine/Content/EngineMaterials/Substrate/Glints2/dict_0004_0082.uasset" 9702
"../../../Engine/Content/EngineMaterials/Substrate/Glints2/dict_0004_0089.uasset" 9703
"../../../Engine/Content/EngineMaterials/Substrate/Glints2/dict_0004_0087.uasset" 9704
"../../../Engine/Content/EngineMaterials/Substrate/Glints2/dict_0004_0083.uasset" 9705
"../../../Engine/Content/EngineMaterials/Substrate/Glints2/dict_0004_0088.uasset" 9706
"../../../Engine/Content/EngineMaterials/Substrate/Glints2/dict_0004_0090.uasset" 9707
"../../../Engine/Content/EngineMaterials/Substrate/Glints2/dict_0004_0092.uasset" 9708
"../../../Engine/Content/EngineMaterials/Substrate/Glints2/dict_0004_0091.uasset" 9709
"../../../Engine/Content/EngineMaterials/Substrate/Glints2/dict_0004_0085.uasset" 9710
"/Engine/EngineMaterials/Substrate/Glints2/dict_0004_0080" 9711
"/Engine/EngineMaterials/Substrate/Glints2/dict_0004_0079" 9712
"/Engine/EngineMaterials/Substrate/Glints2/dict_0004_0078" 9713
"/Engine/EngineMaterials/Substrate/Glints2/dict_0004_0077" 9714
"/Engine/EngineMaterials/Substrate/Glints2/dict_0004_0076" 9715
"/Engine/EngineMaterials/Substrate/Glints2/dict_0004_0075" 9716
"/Engine/EngineMaterials/Substrate/Glints2/dict_0004_0074" 9717
"/Engine/EngineMaterials/Substrate/Glints2/dict_0004_0073" 9718
"/Engine/EngineMaterials/Substrate/Glints2/dict_0004_0072" 9719
"/Engine/EngineMaterials/Substrate/Glints2/dict_0004_0071" 9720
"/Engine/EngineMaterials/Substrate/Glints2/dict_0004_0070" 9721
"/Engine/EngineMaterials/Substrate/Glints2/dict_0004_0069" 9722
"/Engine/EngineMaterials/Substrate/Glints2/dict_0004_0068" 9723
"/Engine/EngineMaterials/Substrate/Glints2/dict_0004_0067" 9724
"/Engine/EngineMaterials/Substrate/Glints2/dict_0004_0066" 9725
"/Engine/EngineMaterials/Substrate/Glints2/dict_0004_0065" 9726
"/Engine/EngineMaterials/Substrate/Glints2/dict_0004_0064" 9727
"/Engine/EngineMaterials/Substrate/Glints2/dict_0004_0063" 9728
"/Engine/EngineMaterials/Substrate/Glints2/dict_0004_0062" 9729
"/Engine/EngineMaterials/Substrate/Glints2/dict_0004_0061" 9730
"../../../Engine/Content/EngineMaterials/Substrate/Glints2/dict_0004_0101.uasset" 9731
"../../../Engine/Content/EngineMaterials/Substrate/Glints2/dict_0004_0096.uasset" 9732
"../../../Engine/Content/EngineMaterials/Substrate/Glints2/dict_0004_0094.uasset" 9733
"../../../Engine/Content/EngineMaterials/Substrate/Glints2/dict_0004_0100.uasset" 9734
"../../../Engine/Content/EngineMaterials/Substrate/Glints2/dict_0004_0095.uasset" 9735
"../../../Engine/Content/EngineMaterials/Substrate/Glints2/dict_0004_0099.uasset" 9736
"/Engine/EngineMaterials/Substrate/Glints2/dict_0004_0092" 9737
"../../../Engine/Content/EngineMaterials/Substrate/Glints2/dict_0004_0093.uasset" 9738
"../../../Engine/Content/EngineMaterials/Substrate/Glints2/dict_0004_0098.uasset" 9739
"../../../Engine/Content/EngineMaterials/Substrate/Glints2/dict_0004_0097.uasset" 9740
"../../../Engine/Content/EngineMaterials/Substrate/Glints2/dict_0004_0102.uasset" 9741
"../../../Engine/Content/EngineMaterials/Substrate/Glints2/dict_0004_0103.uasset" 9742
"../../../Engine/Content/EngineMaterials/Substrate/Glints2/dict_0004_0104.uasset" 9743
"../../../Engine/Content/EngineMaterials/Substrate/Glints2/dict_0004_0106.uasset" 9744
"../../../Engine/Content/EngineMaterials/Substrate/Glints2/dict_0004_0105.uasset" 9745
"../../../Engine/Content/EngineMaterials/Substrate/Glints2/dict_0004_0107.uasset" 9746
"../../../Engine/Content/EngineMaterials/Substrate/Glints2/dict_0004_0108.uasset" 9747
"../../../Engine/Content/EngineMaterials/Substrate/Glints2/dict_0004_0109.uasset" 9748
"/Engine/EngineMaterials/Substrate/Glints2/dict_0004_0091" 9749
"../../../Engine/Content/EngineMaterials/Substrate/Glints2/dict_0004_0110.uasset" 9750
"../../../Engine/Content/EngineMaterials/Substrate/Glints2/dict_0004_0111.uasset" 9751
"../../../Engine/Content/EngineMaterials/Substrate/Glints2/dict_0004_0112.uasset" 9752
"../../../Engine/Content/EngineMaterials/Substrate/Glints2/dict_0004_0113.uasset" 9753
"/Engine/EngineMaterials/Substrate/Glints2/dict_0004_0090" 9754
"/Engine/EngineMaterials/Substrate/Glints2/dict_0004_0089" 9755
"/Engine/EngineMaterials/Substrate/Glints2/dict_0004_0088" 9756
"/Engine/EngineMaterials/Substrate/Glints2/dict_0004_0087" 9757
"/Engine/EngineMaterials/Substrate/Glints2/dict_0004_0086" 9758
"/Engine/EngineMaterials/Substrate/Glints2/dict_0004_0085" 9759
"/Engine/EngineMaterials/Substrate/Glints2/dict_0004_0084" 9760
"/Engine/EngineMaterials/Substrate/Glints2/dict_0004_0083" 9761
"/Engine/EngineMaterials/Substrate/Glints2/dict_0004_0082" 9762
"../../../Engine/Content/EngineMaterials/Substrate/Glints2/dict_0004_0116.uasset" 9763
"/Engine/EngineMaterials/Substrate/Glints2/dict_0004_0113" 9764
"../../../Engine/Content/EngineMaterials/Substrate/Glints2/dict_0004_0120.uasset" 9765
"../../../Engine/Content/EngineMaterials/Substrate/Glints2/dict_0004_0119.uasset" 9766
"../../../Engine/Content/EngineMaterials/Substrate/Glints2/dict_0004_0115.uasset" 9767
"../../../Engine/Content/EngineMaterials/Substrate/Glints2/dict_0004_0118.uasset" 9768
"../../../Engine/Content/EngineMaterials/Substrate/Glints2/dict_0004_0114.uasset" 9769
"../../../Engine/Content/EngineMaterials/Substrate/Glints2/dict_0004_0117.uasset" 9770
"/Engine/EngineMaterials/Substrate/Glints2/dict_0004_0112" 9771
"../../../Engine/Content/EngineMaterials/Substrate/Glints2/dict_0004_0121.uasset" 9772
"../../../Engine/Content/EngineMaterials/Substrate/Glints2/dict_0004_0122.uasset" 9773
"../../../Engine/Content/EngineMaterials/Substrate/Glints2/dict_0004_0124.uasset" 9774
"../../../Engine/Content/EngineMaterials/Substrate/Glints2/dict_0004_0123.uasset" 9775
"/Engine/EngineMaterials/Substrate/Glints2/dict_0004_0111" 9776
"/Engine/EngineMaterials/Substrate/Glints2/dict_0004_0110" 9777
"/Engine/EngineMaterials/Substrate/Glints2/dict_0004_0109" 9778
"/Engine/EngineMaterials/Substrate/Glints2/dict_0004_0108" 9779
"/Engine/EngineMaterials/Substrate/Glints2/dict_0004_0107" 9780
"/Engine/EngineMaterials/Substrate/Glints2/dict_0004_0106" 9781
"/Engine/EngineMaterials/Substrate/Glints2/dict_0004_0105" 9782
"/Engine/EngineMaterials/Substrate/Glints2/dict_0004_0104" 9783
"/Engine/EngineMaterials/Substrate/Glints2/dict_0004_0103" 9784
"/Engine/EngineMaterials/Substrate/Glints2/dict_0004_0102" 9785
"/Engine/EngineMaterials/Substrate/Glints2/dict_0004_0101" 9786
"/Engine/EngineMaterials/Substrate/Glints2/dict_0004_0100" 9787
"/Engine/EngineMaterials/Substrate/Glints2/dict_0004_0099" 9788
"/Engine/EngineMaterials/Substrate/Glints2/dict_0004_0098" 9789
"/Engine/EngineMaterials/Substrate/Glints2/dict_0004_0097" 9790
"/Engine/EngineMaterials/Substrate/Glints2/dict_0004_0096" 9791
"/Engine/EngineMaterials/Substrate/Glints2/dict_0004_0095" 9792
"/Engine/EngineMaterials/Substrate/Glints2/dict_0004_0094" 9793
"/Engine/EngineMaterials/Substrate/Glints2/dict_0004_0093" 9794
"../../../Engine/Content/EngineMaterials/Substrate/Glints2/dict_0004_0125.uasset" 9795
"../../../Engine/Content/EngineMaterials/Substrate/Glints2/dict_0004_0134.uasset" 9796
"/Engine/EngineMaterials/Substrate/Glints2/dict_0004_0124" 9797
"../../../Engine/Content/EngineMaterials/Substrate/Glints2/dict_0004_0129.uasset" 9798
"../../../Engine/Content/EngineMaterials/Substrate/Glints2/dict_0004_0131.uasset" 9799
"../../../Engine/Content/EngineMaterials/Substrate/Glints2/dict_0004_0130.uasset" 9800
"../../../Engine/Content/EngineMaterials/Substrate/Glints2/dict_0004_0132.uasset" 9801
"../../../Engine/Content/EngineMaterials/Substrate/Glints2/dict_0004_0133.uasset" 9802
"../../../Engine/Content/EngineMaterials/Substrate/Glints2/dict_0004_0127.uasset" 9803
"../../../Engine/Content/EngineMaterials/Substrate/Glints2/dict_0004_0128.uasset" 9804
"../../../Engine/Content/EngineMaterials/Substrate/Glints2/dict_0004_0126.uasset" 9805
"../../../Engine/Content/EngineMaterials/Substrate/Glints2/dict_0004_0135.uasset" 9806
"/Engine/EngineMaterials/Substrate/Glints2/dict_0004_0123" 9807
"../../../Engine/Content/EngineMaterials/Substrate/Glints2/dict_0004_0136.uasset" 9808
"/Engine/EngineMaterials/Substrate/Glints2/dict_0004_0122" 9809
"/Engine/EngineMaterials/Substrate/Glints2/dict_0004_0121" 9810
"../../../Engine/Content/EngineMaterials/Substrate/Glints2/dict_0004_0137.uasset" 9811
"../../../Engine/Content/EngineMaterials/Substrate/Glints2/dict_0004_0138.uasset" 9812
"../../../Engine/Content/EngineMaterials/Substrate/Glints2/dict_0004_0139.uasset" 9813
"../../../Engine/Content/EngineMaterials/Substrate/Glints2/dict_0004_0140.uasset" 9814
"../../../Engine/Content/EngineMaterials/Substrate/Glints2/dict_0004_0141.uasset" 9815
"../../../Engine/Content/EngineMaterials/Substrate/Glints2/dict_0004_0142.uasset" 9816
"/Engine/EngineMaterials/Substrate/Glints2/dict_0004_0120" 9817
"../../../Engine/Content/EngineMaterials/Substrate/Glints2/dict_0004_0144.uasset" 9818
"../../../Engine/Content/EngineMaterials/Substrate/Glints2/dict_0004_0143.uasset" 9819
"/Engine/EngineMaterials/Substrate/Glints2/dict_0004_0119" 9820
"/Engine/EngineMaterials/Substrate/Glints2/dict_0004_0118" 9821
"../../../Engine/Content/EngineMaterials/Substrate/Glints2/dict_0004_0145.uasset" 9822
"/Engine/EngineMaterials/Substrate/Glints2/dict_0004_0117" 9823
"/Engine/EngineMaterials/Substrate/Glints2/dict_0004_0116" 9824
"/Engine/EngineMaterials/Substrate/Glints2/dict_0004_0115" 9825
"/Engine/EngineMaterials/Substrate/Glints2/dict_0004_0114" 9826
"../../../Engine/Content/EngineMaterials/Substrate/Glints2/dict_0004_0149.uasset" 9827
"../../../Engine/Content/EngineMaterials/Substrate/Glints2/dict_0004_0150.uasset" 9828
"../../../Engine/Content/EngineMaterials/Substrate/Glints2/dict_0004_0154.uasset" 9829
"../../../Engine/Content/EngineMaterials/Substrate/Glints2/dict_0004_0153.uasset" 9830
"../../../Engine/Content/EngineMaterials/Substrate/Glints2/dict_0004_0155.uasset" 9831
"../../../Engine/Content/EngineMaterials/Substrate/Glints2/dict_0004_0148.uasset" 9832
"../../../Engine/Content/EngineMaterials/Substrate/Glints2/dict_0004_0152.uasset" 9833
"../../../Engine/Content/EngineMaterials/Substrate/Glints2/dict_0004_0151.uasset" 9834
"../../../Engine/Content/EngineMaterials/Substrate/Glints2/dict_0004_0147.uasset" 9835
"../../../Engine/Content/EngineMaterials/Substrate/Glints2/dict_0004_0146.uasset" 9836
"/Engine/EngineMaterials/Substrate/Glints2/dict_0004_0145" 9837
"../../../Engine/Content/EngineMaterials/Substrate/Glints2/dict_0004_0156.uasset" 9838
"/Engine/EngineMaterials/Substrate/Glints2/dict_0004_0144" 9839
"/Engine/EngineMaterials/Substrate/Glints2/dict_0004_0143" 9840
"/Engine/EngineMaterials/Substrate/Glints2/dict_0004_0142" 9841
"/Engine/EngineMaterials/Substrate/Glints2/dict_0004_0141" 9842
"/Engine/EngineMaterials/Substrate/Glints2/dict_0004_0140" 9843
"/Engine/EngineMaterials/Substrate/Glints2/dict_0004_0139" 9844
"/Engine/EngineMaterials/Substrate/Glints2/dict_0004_0138" 9845
"/Engine/EngineMaterials/Substrate/Glints2/dict_0004_0137" 9846
"/Engine/EngineMaterials/Substrate/Glints2/dict_0004_0136" 9847
"/Engine/EngineMaterials/Substrate/Glints2/dict_0004_0135" 9848
"/Engine/EngineMaterials/Substrate/Glints2/dict_0004_0134" 9849
"/Engine/EngineMaterials/Substrate/Glints2/dict_0004_0133" 9850
"/Engine/EngineMaterials/Substrate/Glints2/dict_0004_0132" 9851
"/Engine/EngineMaterials/Substrate/Glints2/dict_0004_0131" 9852
"/Engine/EngineMaterials/Substrate/Glints2/dict_0004_0130" 9853
"/Engine/EngineMaterials/Substrate/Glints2/dict_0004_0129" 9854
"/Engine/EngineMaterials/Substrate/Glints2/dict_0004_0128" 9855
"/Engine/EngineMaterials/Substrate/Glints2/dict_0004_0127" 9856
"/Engine/EngineMaterials/Substrate/Glints2/dict_0004_0126" 9857
"/Engine/EngineMaterials/Substrate/Glints2/dict_0004_0125" 9858
"../../../Engine/Content/EngineMaterials/Substrate/Glints2/dict_0004_0162.uasset" 9859
"../../../Engine/Content/EngineMaterials/Substrate/Glints2/dict_0004_0158.uasset" 9860
"../../../Engine/Content/EngineMaterials/Substrate/Glints2/dict_0004_0166.uasset" 9861
"../../../Engine/Content/EngineMaterials/Substrate/Glints2/dict_0004_0160.uasset" 9862
"../../../Engine/Content/EngineMaterials/Substrate/Glints2/dict_0004_0164.uasset" 9863
"../../../Engine/Content/EngineMaterials/Substrate/Glints2/dict_0004_0161.uasset" 9864
"/Engine/EngineMaterials/Substrate/Glints2/dict_0004_0156" 9865
"../../../Engine/Content/EngineMaterials/Substrate/Glints2/dict_0004_0163.uasset" 9866
"../../../Engine/Content/EngineMaterials/Substrate/Glints2/dict_0004_0157.uasset" 9867
"../../../Engine/Content/EngineMaterials/Substrate/Glints2/dict_0004_0165.uasset" 9868
"../../../Engine/Content/EngineMaterials/Substrate/Glints2/dict_0004_0159.uasset" 9869
"../../../Engine/Content/EngineMaterials/Substrate/Glints2/dict_0004_0168.uasset" 9870
"../../../Engine/Content/EngineMaterials/Substrate/Glints2/dict_0004_0167.uasset" 9871
"/Engine/EngineMaterials/Substrate/Glints2/dict_0004_0155" 9872
"../../../Engine/Content/EngineMaterials/Substrate/Glints2/dict_0004_0169.uasset" 9873
"../../../Engine/Content/EngineMaterials/Substrate/Glints2/dict_0004_0170.uasset" 9874
"../../../Engine/Content/EngineMaterials/Substrate/Glints2/dict_0004_0171.uasset" 9875
"../../../Engine/Content/EngineMaterials/Substrate/Glints2/dict_0004_0172.uasset" 9876
"../../../Engine/Content/EngineMaterials/Substrate/Glints2/dict_0004_0173.uasset" 9877
"../../../Engine/Content/EngineMaterials/Substrate/Glints2/dict_0004_0174.uasset" 9878
"../../../Engine/Content/EngineMaterials/Substrate/Glints2/dict_0004_0175.uasset" 9879
"../../../Engine/Content/EngineMaterials/Substrate/Glints2/dict_0004_0176.uasset" 9880
"../../../Engine/Content/EngineMaterials/Substrate/Glints2/dict_0004_0177.uasset" 9881
"/Engine/EngineMaterials/Substrate/Glints2/dict_0004_0154" 9882
"/Engine/EngineMaterials/Substrate/Glints2/dict_0004_0153" 9883
"/Engine/EngineMaterials/Substrate/Glints2/dict_0004_0152" 9884
"/Engine/EngineMaterials/Substrate/Glints2/dict_0004_0151" 9885
"/Engine/EngineMaterials/Substrate/Glints2/dict_0004_0150" 9886
"/Engine/EngineMaterials/Substrate/Glints2/dict_0004_0149" 9887
"/Engine/EngineMaterials/Substrate/Glints2/dict_0004_0148" 9888
"/Engine/EngineMaterials/Substrate/Glints2/dict_0004_0147" 9889
"/Engine/EngineMaterials/Substrate/Glints2/dict_0004_0146" 9890
"../../../Engine/Content/EngineMaterials/Substrate/Glints2/dict_0004_0178.uasset" 9891
"../../../Engine/Content/EngineMaterials/Substrate/Glints2/dict_0004_0185.uasset" 9892
"../../../Engine/Content/EngineMaterials/Substrate/Glints2/dict_0004_0183.uasset" 9893
"/Engine/EngineMaterials/Substrate/Glints2/dict_0004_0177" 9894
"../../../Engine/Content/EngineMaterials/Substrate/Glints2/dict_0004_0187.uasset" 9895
"../../../Engine/Content/EngineMaterials/Substrate/Glints2/dict_0004_0182.uasset" 9896
"../../../Engine/Content/EngineMaterials/Substrate/Glints2/dict_0004_0179.uasset" 9897
"../../../Engine/Content/EngineMaterials/Substrate/Glints2/dict_0004_0181.uasset" 9898
"../../../Engine/Content/EngineMaterials/Substrate/Glints2/dict_0004_0180.uasset" 9899
"../../../Engine/Content/EngineMaterials/Substrate/Glints2/dict_0004_0184.uasset" 9900
"../../../Engine/Content/EngineMaterials/Substrate/Glints2/dict_0004_0186.uasset" 9901
"/Engine/EngineMaterials/Substrate/Glints2/dict_0004_0176" 9902
"../../../Engine/Content/EngineMaterials/Substrate/Glints2/dict_0004_0188.uasset" 9903
"/Engine/EngineMaterials/Substrate/Glints2/dict_0004_0175" 9904
"/Engine/EngineMaterials/Substrate/Glints2/dict_0004_0174" 9905
"/Engine/EngineMaterials/Substrate/Glints2/dict_0004_0173" 9906
"/Engine/EngineMaterials/Substrate/Glints2/dict_0004_0172" 9907
"/Engine/EngineMaterials/Substrate/Glints2/dict_0004_0171" 9908
"/Engine/EngineMaterials/Substrate/Glints2/dict_0004_0170" 9909
"/Engine/EngineMaterials/Substrate/Glints2/dict_0004_0169" 9910
"/Engine/EngineMaterials/Substrate/Glints2/dict_0004_0168" 9911
"/Engine/EngineMaterials/Substrate/Glints2/dict_0004_0167" 9912
"/Engine/EngineMaterials/Substrate/Glints2/dict_0004_0166" 9913
"/Engine/EngineMaterials/Substrate/Glints2/dict_0004_0165" 9914
"/Engine/EngineMaterials/Substrate/Glints2/dict_0004_0164" 9915
"/Engine/EngineMaterials/Substrate/Glints2/dict_0004_0163" 9916
"/Engine/EngineMaterials/Substrate/Glints2/dict_0004_0162" 9917
"/Engine/EngineMaterials/Substrate/Glints2/dict_0004_0161" 9918
"/Engine/EngineMaterials/Substrate/Glints2/dict_0004_0160" 9919
"/Engine/EngineMaterials/Substrate/Glints2/dict_0004_0159" 9920
"/Engine/EngineMaterials/Substrate/Glints2/dict_0004_0158" 9921
"/Engine/EngineMaterials/Substrate/Glints2/dict_0004_0157" 9922
"../../../Engine/Content/EngineMaterials/Substrate/Glints2/dict_0004_0190.uasset" 9923
"../../../Engine/Content/EngineMaterials/Substrate/Glints2/dict_0004_0191.uasset" 9924
"../../../Engine/Content/EngineMaterials/Substrate/Glints2/dict_0004_0194.uasset" 9925
"/Engine/EngineMaterials/Substrate/Glints2/dict_0004_0188" 9926
"../../../Engine/Content/EngineMaterials/Substrate/Glints2/dict_0004_0193.uasset" 9927
"../../../Engine/Content/EngineMaterials/Substrate/Glints2/dict_0004_0196.uasset" 9928
"../../../Engine/Content/EngineMaterials/Substrate/Glints2/dict_0004_0189.uasset" 9929
"../../../Engine/Content/EngineMaterials/Substrate/Glints2/dict_0004_0195.uasset" 9930
"../../../Engine/Content/EngineMaterials/Substrate/Glints2/dict_0004_0192.uasset" 9931
"/Engine/EngineMaterials/Substrate/Glints2/dict_0004_0187" 9932
"/Engine/EngineMaterials/Substrate/Glints2/dict_0004_0186" 9933
"/Engine/EngineMaterials/Substrate/Glints2/dict_0004_0185" 9934
"/Engine/EngineMaterials/Substrate/Glints2/dict_0004_0184" 9935
"/Engine/EngineMaterials/Substrate/Glints2/dict_0004_0183" 9936
"/Engine/EngineMaterials/Substrate/Glints2/dict_0004_0182" 9937
"/Engine/EngineMaterials/Substrate/Glints2/dict_0004_0181" 9938
"/Engine/EngineMaterials/Substrate/Glints2/dict_0004_0180" 9939
"../../../Engine/Content/EngineMaterials/Substrate/Glints2/dict_0004_0197.uasset" 9940
"/Engine/EngineMaterials/Substrate/Glints2/dict_0004_0179" 9941
"/Engine/EngineMaterials/Substrate/Glints2/dict_0004_0178" 9942
"../../../Engine/Content/EngineMaterials/Substrate/Glints2/dict_0004_0201.uasset" 9943
"../../../Engine/Content/EngineMaterials/Substrate/Glints2/dict_0004_0199.uasset" 9944
"../../../Engine/Content/EngineMaterials/Substrate/Glints2/dict_0004_0198.uasset" 9945
"../../../Engine/Content/EngineMaterials/Substrate/Glints2/dict_0004_0200.uasset" 9946
"../../../Engine/Content/EngineMaterials/Substrate/Glints2/dict_0004_0202.uasset" 9947
"../../../Engine/Content/EngineMaterials/Substrate/Glints2/dict_0004_0204.uasset" 9948
"../../../Engine/Content/EngineMaterials/Substrate/Glints2/dict_0004_0205.uasset" 9949
"../../../Engine/Content/EngineMaterials/Substrate/Glints2/dict_0004_0203.uasset" 9950
"/Engine/EngineMaterials/Substrate/Glints2/dict_0004_0196" 9951
"/Engine/EngineMaterials/Substrate/Glints2/dict_0004_0195" 9952
"/Engine/EngineMaterials/Substrate/Glints2/dict_0004_0194" 9953
"/Engine/EngineMaterials/Substrate/Glints2/dict_0004_0193" 9954
"/Engine/EngineMaterials/Substrate/Glints2/dict_0004_0192" 9955
"/Engine/EngineMaterials/Substrate/Glints2/dict_0004_0191" 9956
"/Engine/EngineMaterials/Substrate/Glints2/dict_0004_0190" 9957
"/Engine/EngineMaterials/Substrate/Glints2/dict_0004_0189" 9958
"../../../Engine/Content/EngineMaterials/Substrate/Glints2/dict_0004_0206.uasset" 9959
"../../../Engine/Content/EngineMaterials/Substrate/Glints2/dict_0004_0207.uasset" 9960
"../../../Engine/Content/EngineMaterials/Substrate/Glints2/dict_0004_0208.uasset" 9961
"../../../Engine/Content/EngineMaterials/Substrate/Glints2/dict_0004_0209.uasset" 9962
"../../../Engine/Content/EngineMaterials/Substrate/Glints2/dict_0004_0210.uasset" 9963
"../../../Engine/Content/EngineMaterials/Substrate/Glints2/dict_0004_0211.uasset" 9964
"../../../Engine/Content/EngineMaterials/Substrate/Glints2/dict_0004_0212.uasset" 9965
"../../../Engine/Content/EngineMaterials/Substrate/Glints2/dict_0004_0214.uasset" 9966
"../../../Engine/Content/EngineMaterials/Substrate/Glints2/dict_0004_0213.uasset" 9967
"../../../Engine/Content/EngineMaterials/Substrate/Glints2/dict_0004_0215.uasset" 9968
"/Engine/EngineMaterials/Substrate/Glints2/dict_0004_0205" 9969
"/Engine/EngineMaterials/Substrate/Glints2/dict_0004_0204" 9970
"/Engine/EngineMaterials/Substrate/Glints2/dict_0004_0203" 9971
"/Engine/EngineMaterials/Substrate/Glints2/dict_0004_0202" 9972
"/Engine/EngineMaterials/Substrate/Glints2/dict_0004_0201" 9973
"/Engine/EngineMaterials/Substrate/Glints2/dict_0004_0200" 9974
"/Engine/EngineMaterials/Substrate/Glints2/dict_0004_0199" 9975
"/Engine/EngineMaterials/Substrate/Glints2/dict_0004_0198" 9976
"/Engine/EngineMaterials/Substrate/Glints2/dict_0004_0197" 9977
"../../../Engine/Content/EngineMaterials/Substrate/Glints2/dict_0004_0217.uasset" 9978
"../../../Engine/Content/EngineMaterials/Substrate/Glints2/dict_0004_0216.uasset" 9979
"../../../Engine/Content/EngineMaterials/Substrate/Glints2/dict_0004_0218.uasset" 9980
"../../../Engine/Content/EngineMaterials/Substrate/Glints2/dict_0004_0219.uasset" 9981
"../../../Engine/Content/EngineMaterials/Substrate/Glints2/dict_0004_0221.uasset" 9982
"../../../Engine/Content/EngineMaterials/Substrate/Glints2/dict_0004_0220.uasset" 9983
"../../../Engine/Content/EngineMaterials/Substrate/Glints2/dict_0004_0222.uasset" 9984
"../../../Engine/Content/EngineMaterials/Substrate/Glints2/dict_0004_0223.uasset" 9985
"../../../Engine/Content/EngineMaterials/Substrate/Glints2/dict_0004_0225.uasset" 9986
"../../../Engine/Content/EngineMaterials/Substrate/Glints2/dict_0004_0224.uasset" 9987
"/Engine/EngineMaterials/Substrate/Glints2/dict_0004_0215" 9988
"/Engine/EngineMaterials/Substrate/Glints2/dict_0004_0214" 9989
"/Engine/EngineMaterials/Substrate/Glints2/dict_0004_0213" 9990
"/Engine/EngineMaterials/Substrate/Glints2/dict_0004_0212" 9991
"/Engine/EngineMaterials/Substrate/Glints2/dict_0004_0211" 9992
"/Engine/EngineMaterials/Substrate/Glints2/dict_0004_0209" 9993
"/Engine/EngineMaterials/Substrate/Glints2/dict_0004_0208" 9994
"/Engine/EngineMaterials/Substrate/Glints2/dict_0004_0207" 9995
"/Engine/EngineMaterials/Substrate/Glints2/dict_0004_0210" 9996
"/Engine/EngineMaterials/Substrate/Glints2/dict_0004_0206" 9997
"../../../Engine/Content/EngineMaterials/Substrate/Glints2/dict_0004_0226.uasset" 9998
"../../../Engine/Content/EngineMaterials/Substrate/Glints2/dict_0004_0227.uasset" 9999
"../../../Engine/Content/EngineMaterials/Substrate/Glints2/dict_0004_0229.uasset" 10000
"../../../Engine/Content/EngineMaterials/Substrate/Glints2/dict_0004_0233.uasset" 10001
"../../../Engine/Content/EngineMaterials/Substrate/Glints2/dict_0004_0228.uasset" 10002
"../../../Engine/Content/EngineMaterials/Substrate/Glints2/dict_0004_0231.uasset" 10003
"../../../Engine/Content/EngineMaterials/Substrate/Glints2/dict_0004_0232.uasset" 10004
"../../../Engine/Content/EngineMaterials/Substrate/Glints2/dict_0004_0230.uasset" 10005
"../../../Engine/Content/EngineMaterials/Substrate/Glints2/dict_0004_0234.uasset" 10006
"../../../Engine/Content/EngineMaterials/Substrate/Glints2/dict_0004_0235.uasset" 10007
"/Engine/EngineMaterials/Substrate/Glints2/dict_0004_0220" 10008
"/Engine/EngineMaterials/Substrate/Glints2/dict_0004_0219" 10009
"/Engine/EngineMaterials/Substrate/Glints2/dict_0004_0218" 10010
"/Engine/EngineMaterials/Substrate/Glints2/dict_0004_0217" 10011
"/Engine/EngineMaterials/Substrate/Glints2/dict_0004_0216" 10012
"/Engine/EngineMaterials/Substrate/Glints2/dict_0004_0225" 10013
"/Engine/EngineMaterials/Substrate/Glints2/dict_0004_0224" 10014
"/Engine/EngineMaterials/Substrate/Glints2/dict_0004_0223" 10015
"/Engine/EngineMaterials/Substrate/Glints2/dict_0004_0222" 10016
"../../../Engine/Content/EngineMaterials/Substrate/Glints2/dict_0004_0236.uasset" 10017
"../../../Engine/Content/EngineMaterials/Substrate/Glints2/dict_0004_0237.uasset" 10018
"/Engine/EngineMaterials/Substrate/Glints2/dict_0004_0221" 10019
"/Engine/EngineMaterials/Substrate/Glints2/dict_0004_0227" 10020
"/Engine/EngineMaterials/Substrate/Glints2/dict_0004_0226" 10021
"../../../Engine/Content/EngineMaterials/Substrate/Glints2/dict_0004_0238.uasset" 10022
"../../../Engine/Content/EngineMaterials/Substrate/Glints2/dict_0004_0239.uasset" 10023
"../../../Engine/Content/EngineMaterials/Substrate/Glints2/dict_0004_0240.uasset" 10024
"../../../Engine/Content/EngineMaterials/Substrate/Glints2/dict_0004_0244.uasset" 10025
"../../../Engine/Content/EngineMaterials/Substrate/Glints2/dict_0004_0241.uasset" 10026
"../../../Engine/Content/EngineMaterials/Substrate/Glints2/dict_0004_0242.uasset" 10027
"../../../Engine/Content/EngineMaterials/Substrate/Glints2/dict_0004_0243.uasset" 10028
"../../../Engine/Content/EngineMaterials/Substrate/Glints2/dict_0004_0245.uasset" 10029
"/Engine/EngineMaterials/Substrate/Glints2/dict_0004_0235" 10030
"/Engine/EngineMaterials/Substrate/Glints2/dict_0004_0234" 10031
"/Engine/EngineMaterials/Substrate/Glints2/dict_0004_0233" 10032
"/Engine/EngineMaterials/Substrate/Glints2/dict_0004_0232" 10033
"/Engine/EngineMaterials/Substrate/Glints2/dict_0004_0231" 10034
"/Engine/EngineMaterials/Substrate/Glints2/dict_0004_0230" 10035
"/Engine/EngineMaterials/Substrate/Glints2/dict_0004_0229" 10036
"/Engine/EngineMaterials/Substrate/Glints2/dict_0004_0228" 10037
"../../../Engine/Content/EngineMaterials/Substrate/Glints2/dict_0004_0247.uasset" 10038
"../../../Engine/Content/EngineMaterials/Substrate/Glints2/dict_0004_0246.uasset" 10039
"/Engine/EngineMaterials/Substrate/Glints2/dict_0004_0237" 10040
"/Engine/EngineMaterials/Substrate/Glints2/dict_0004_0236" 10041
"../../../Engine/Content/EngineMaterials/Substrate/Glints2/dict_0004_0248.uasset" 10042
"../../../Engine/Content/EngineMaterials/Substrate/Glints2/dict_0004_0250.uasset" 10043
"../../../Engine/Content/EngineMaterials/Substrate/Glints2/dict_0004_0252.uasset" 10044
"../../../Engine/Content/EngineMaterials/Substrate/Glints2/dict_0004_0251.uasset" 10045
"../../../Engine/Content/EngineMaterials/Substrate/Glints2/dict_0004_0249.uasset" 10046
"../../../Engine/Content/EngineMaterials/Substrate/Glints2/dict_0004_0253.uasset" 10047
"../../../Engine/Content/EngineMaterials/Substrate/Glints2/dict_0004_0254.uasset" 10048
"../../../Engine/Content/EngineMaterials/Substrate/Glints2/dict_0004_0255.uasset" 10049
"/Engine/EngineMaterials/Substrate/Glints2/dict_0004_0245" 10050
"/Engine/EngineMaterials/Substrate/Glints2/dict_0004_0244" 10051
"/Engine/EngineMaterials/Substrate/Glints2/dict_0004_0243" 10052
"/Engine/EngineMaterials/Substrate/Glints2/dict_0004_0242" 10053
"/Engine/EngineMaterials/Substrate/Glints2/dict_0004_0241" 10054
"/Engine/EngineMaterials/Substrate/Glints2/dict_0004_0240" 10055
"/Engine/EngineMaterials/Substrate/Glints2/dict_0004_0239" 10056
"/Engine/EngineMaterials/Substrate/Glints2/dict_0004_0238" 10057
"../../../Engine/Content/EngineMaterials/Substrate/Glints2/dict_0005_0000.uasset" 10058
"../../../Engine/Content/EngineMaterials/Substrate/Glints2/dict_0005_0001.uasset" 10059
"../../../Engine/Content/EngineMaterials/Substrate/Glints2/dict_0005_0002.uasset" 10060
"../../../Engine/Content/EngineMaterials/Substrate/Glints2/dict_0005_0003.uasset" 10061
"../../../Engine/Content/EngineMaterials/Substrate/Glints2/dict_0005_0004.uasset" 10062
"../../../Engine/Content/EngineMaterials/Substrate/Glints2/dict_0005_0005.uasset" 10063
"../../../Engine/Content/EngineMaterials/Substrate/Glints2/dict_0005_0006.uasset" 10064
"../../../Engine/Content/EngineMaterials/Substrate/Glints2/dict_0005_0007.uasset" 10065
"../../../Engine/Content/EngineMaterials/Substrate/Glints2/dict_0005_0008.uasset" 10066
"../../../Engine/Content/EngineMaterials/Substrate/Glints2/dict_0005_0009.uasset" 10067
"/Engine/EngineMaterials/Substrate/Glints2/dict_0004_0255" 10068
"/Engine/EngineMaterials/Substrate/Glints2/dict_0004_0254" 10069
"/Engine/EngineMaterials/Substrate/Glints2/dict_0004_0253" 10070
"/Engine/EngineMaterials/Substrate/Glints2/dict_0004_0247" 10071
"/Engine/EngineMaterials/Substrate/Glints2/dict_0004_0246" 10072
"/Engine/EngineMaterials/Substrate/Glints2/dict_0004_0252" 10073
"/Engine/EngineMaterials/Substrate/Glints2/dict_0004_0251" 10074
"/Engine/EngineMaterials/Substrate/Glints2/dict_0004_0250" 10075
"/Engine/EngineMaterials/Substrate/Glints2/dict_0004_0249" 10076
"/Engine/EngineMaterials/Substrate/Glints2/dict_0004_0248" 10077
"/Engine/EngineMaterials/Substrate/Glints2/dict_0005_0001" 10078
"../../../Engine/Content/EngineMaterials/Substrate/Glints2/dict_0005_0010.uasset" 10079
"../../../Engine/Content/EngineMaterials/Substrate/Glints2/dict_0005_0011.uasset" 10080
"/Engine/EngineMaterials/Substrate/Glints2/dict_0005_0000" 10081
"../../../Engine/Content/EngineMaterials/Substrate/Glints2/dict_0005_0012.uasset" 10082
"../../../Engine/Content/EngineMaterials/Substrate/Glints2/dict_0005_0013.uasset" 10083
"../../../Engine/Content/EngineMaterials/Substrate/Glints2/dict_0005_0014.uasset" 10084
"../../../Engine/Content/EngineMaterials/Substrate/Glints2/dict_0005_0015.uasset" 10085
"../../../Engine/Content/EngineMaterials/Substrate/Glints2/dict_0005_0016.uasset" 10086
"../../../Engine/Content/EngineMaterials/Substrate/Glints2/dict_0005_0017.uasset" 10087
"../../../Engine/Content/EngineMaterials/Substrate/Glints2/dict_0005_0018.uasset" 10088
"../../../Engine/Content/EngineMaterials/Substrate/Glints2/dict_0005_0019.uasset" 10089
"/Engine/EngineMaterials/Substrate/Glints2/dict_0005_0009" 10090
"/Engine/EngineMaterials/Substrate/Glints2/dict_0005_0008" 10091
"/Engine/EngineMaterials/Substrate/Glints2/dict_0005_0007" 10092
"/Engine/EngineMaterials/Substrate/Glints2/dict_0005_0006" 10093
"/Engine/EngineMaterials/Substrate/Glints2/dict_0005_0005" 10094
"/Engine/EngineMaterials/Substrate/Glints2/dict_0005_0004" 10095
"/Engine/EngineMaterials/Substrate/Glints2/dict_0005_0003" 10096
"../../../Engine/Content/EngineMaterials/Substrate/Glints2/dict_0005_0020.uasset" 10097
"../../../Engine/Content/EngineMaterials/Substrate/Glints2/dict_0005_0021.uasset" 10098
"/Engine/EngineMaterials/Substrate/Glints2/dict_0005_0002" 10099
"/Engine/EngineMaterials/Substrate/Glints2/dict_0005_0011" 10100
"/Engine/EngineMaterials/Substrate/Glints2/dict_0005_0010" 10101
"../../../Engine/Content/EngineMaterials/Substrate/Glints2/dict_0005_0022.uasset" 10102
"../../../Engine/Content/EngineMaterials/Substrate/Glints2/dict_0005_0023.uasset" 10103
"../../../Engine/Content/EngineMaterials/Substrate/Glints2/dict_0005_0024.uasset" 10104
"../../../Engine/Content/EngineMaterials/Substrate/Glints2/dict_0005_0025.uasset" 10105
"../../../Engine/Content/EngineMaterials/Substrate/Glints2/dict_0005_0026.uasset" 10106
"../../../Engine/Content/EngineMaterials/Substrate/Glints2/dict_0005_0028.uasset" 10107
"../../../Engine/Content/EngineMaterials/Substrate/Glints2/dict_0005_0027.uasset" 10108
"../../../Engine/Content/EngineMaterials/Substrate/Glints2/dict_0005_0029.uasset" 10109
"/Engine/EngineMaterials/Substrate/Glints2/dict_0005_0019" 10110
"/Engine/EngineMaterials/Substrate/Glints2/dict_0005_0018" 10111
"/Engine/EngineMaterials/Substrate/Glints2/dict_0005_0017" 10112
"/Engine/EngineMaterials/Substrate/Glints2/dict_0005_0016" 10113
"/Engine/EngineMaterials/Substrate/Glints2/dict_0005_0015" 10114
"/Engine/EngineMaterials/Substrate/Glints2/dict_0005_0014" 10115
"/Engine/EngineMaterials/Substrate/Glints2/dict_0005_0013" 10116
"/Engine/EngineMaterials/Substrate/Glints2/dict_0005_0012" 10117
"../../../Engine/Content/EngineMaterials/Substrate/Glints2/dict_0005_0030.uasset" 10118
"../../../Engine/Content/EngineMaterials/Substrate/Glints2/dict_0005_0031.uasset" 10119
"../../../Engine/Content/EngineMaterials/Substrate/Glints2/dict_0005_0032.uasset" 10120
"../../../Engine/Content/EngineMaterials/Substrate/Glints2/dict_0005_0033.uasset" 10121
"../../../Engine/Content/EngineMaterials/Substrate/Glints2/dict_0005_0034.uasset" 10122
"../../../Engine/Content/EngineMaterials/Substrate/Glints2/dict_0005_0035.uasset" 10123
"../../../Engine/Content/EngineMaterials/Substrate/Glints2/dict_0005_0036.uasset" 10124
"../../../Engine/Content/EngineMaterials/Substrate/Glints2/dict_0005_0037.uasset" 10125
"../../../Engine/Content/EngineMaterials/Substrate/Glints2/dict_0005_0038.uasset" 10126
"../../../Engine/Content/EngineMaterials/Substrate/Glints2/dict_0005_0039.uasset" 10127
"/Engine/EngineMaterials/Substrate/Glints2/dict_0005_0029" 10128
"/Engine/EngineMaterials/Substrate/Glints2/dict_0005_0028" 10129
"/Engine/EngineMaterials/Substrate/Glints2/dict_0005_0027" 10130
"/Engine/EngineMaterials/Substrate/Glints2/dict_0005_0021" 10131
"/Engine/EngineMaterials/Substrate/Glints2/dict_0005_0020" 10132
"/Engine/EngineMaterials/Substrate/Glints2/dict_0005_0026" 10133
"/Engine/EngineMaterials/Substrate/Glints2/dict_0005_0025" 10134
"/Engine/EngineMaterials/Substrate/Glints2/dict_0005_0024" 10135
"/Engine/EngineMaterials/Substrate/Glints2/dict_0005_0023" 10136
"/Engine/EngineMaterials/Substrate/Glints2/dict_0005_0022" 10137
"../../../Engine/Content/EngineMaterials/Substrate/Glints2/dict_0005_0040.uasset" 10138
"../../../Engine/Content/EngineMaterials/Substrate/Glints2/dict_0005_0043.uasset" 10139
"../../../Engine/Content/EngineMaterials/Substrate/Glints2/dict_0005_0042.uasset" 10140
"../../../Engine/Content/EngineMaterials/Substrate/Glints2/dict_0005_0041.uasset" 10141
"../../../Engine/Content/EngineMaterials/Substrate/Glints2/dict_0005_0044.uasset" 10142
"../../../Engine/Content/EngineMaterials/Substrate/Glints2/dict_0005_0045.uasset" 10143
"../../../Engine/Content/EngineMaterials/Substrate/Glints2/dict_0005_0046.uasset" 10144
"../../../Engine/Content/EngineMaterials/Substrate/Glints2/dict_0005_0047.uasset" 10145
"../../../Engine/Content/EngineMaterials/Substrate/Glints2/dict_0005_0048.uasset" 10146
"../../../Engine/Content/EngineMaterials/Substrate/Glints2/dict_0005_0049.uasset" 10147
"/Engine/EngineMaterials/Substrate/Glints2/dict_0005_0033" 10148
"/Engine/EngineMaterials/Substrate/Glints2/dict_0005_0032" 10149
"/Engine/EngineMaterials/Substrate/Glints2/dict_0005_0031" 10150
"/Engine/EngineMaterials/Substrate/Glints2/dict_0005_0030" 10151
"/Engine/EngineMaterials/Substrate/Glints2/dict_0005_0039" 10152
"/Engine/EngineMaterials/Substrate/Glints2/dict_0005_0038" 10153
"/Engine/EngineMaterials/Substrate/Glints2/dict_0005_0037" 10154
"/Engine/EngineMaterials/Substrate/Glints2/dict_0005_0036" 10155
"/Engine/EngineMaterials/Substrate/Glints2/dict_0005_0035" 10156
"/Engine/EngineMaterials/Substrate/Glints2/dict_0005_0034" 10157
"../../../Engine/Content/EngineMaterials/Substrate/Glints2/dict_0005_0050.uasset" 10158
"../../../Engine/Content/EngineMaterials/Substrate/Glints2/dict_0005_0051.uasset" 10159
"../../../Engine/Content/EngineMaterials/Substrate/Glints2/dict_0005_0053.uasset" 10160
"../../../Engine/Content/EngineMaterials/Substrate/Glints2/dict_0005_0052.uasset" 10161
"../../../Engine/Content/EngineMaterials/Substrate/Glints2/dict_0005_0054.uasset" 10162
"../../../Engine/Content/EngineMaterials/Substrate/Glints2/dict_0005_0055.uasset" 10163
"../../../Engine/Content/EngineMaterials/Substrate/Glints2/dict_0005_0056.uasset" 10164
"../../../Engine/Content/EngineMaterials/Substrate/Glints2/dict_0005_0057.uasset" 10165
"../../../Engine/Content/EngineMaterials/Substrate/Glints2/dict_0005_0058.uasset" 10166
"../../../Engine/Content/EngineMaterials/Substrate/Glints2/dict_0005_0059.uasset" 10167
"/Engine/EngineMaterials/Substrate/Glints2/dict_0005_0049" 10168
"/Engine/EngineMaterials/Substrate/Glints2/dict_0005_0048" 10169
"/Engine/EngineMaterials/Substrate/Glints2/dict_0005_0047" 10170
"/Engine/EngineMaterials/Substrate/Glints2/dict_0005_0046" 10171
"/Engine/EngineMaterials/Substrate/Glints2/dict_0005_0045" 10172
"/Engine/EngineMaterials/Substrate/Glints2/dict_0005_0044" 10173
"/Engine/EngineMaterials/Substrate/Glints2/dict_0005_0043" 10174
"/Engine/EngineMaterials/Substrate/Glints2/dict_0005_0042" 10175
"/Engine/EngineMaterials/Substrate/Glints2/dict_0005_0041" 10176
"../../../Engine/Content/EngineMaterials/Substrate/Glints2/dict_0005_0062.uasset" 10177
"../../../Engine/Content/EngineMaterials/Substrate/Glints2/dict_0005_0060.uasset" 10178
"../../../Engine/Content/EngineMaterials/Substrate/Glints2/dict_0005_0061.uasset" 10179
"../../../Engine/Content/EngineMaterials/Substrate/Glints2/dict_0005_0063.uasset" 10180
"/Engine/EngineMaterials/Substrate/Glints2/dict_0005_0040" 10181
"/Engine/EngineMaterials/Substrate/Glints2/dict_0005_0051" 10182
"/Engine/EngineMaterials/Substrate/Glints2/dict_0005_0050" 10183
"/Engine/EngineMaterials/Substrate/Glints2/dict_0005_0053" 10184
"/Engine/EngineMaterials/Substrate/Glints2/dict_0005_0052" 10185
"../../../Engine/Content/EngineMaterials/Substrate/Glints2/dict_0005_0064.uasset" 10186
"../../../Engine/Content/EngineMaterials/Substrate/Glints2/dict_0005_0065.uasset" 10187
"../../../Engine/Content/EngineMaterials/Substrate/Glints2/dict_0005_0066.uasset" 10188
"../../../Engine/Content/EngineMaterials/Substrate/Glints2/dict_0005_0067.uasset" 10189
"../../../Engine/Content/EngineMaterials/Substrate/Glints2/dict_0005_0068.uasset" 10190
"../../../Engine/Content/EngineMaterials/Substrate/Glints2/dict_0005_0069.uasset" 10191
"/Engine/EngineMaterials/Substrate/Glints2/dict_0005_0059" 10192
"/Engine/EngineMaterials/Substrate/Glints2/dict_0005_0058" 10193
"../../../Engine/Content/EngineMaterials/Substrate/Glints2/dict_0005_0070.uasset" 10194
"/Engine/EngineMaterials/Substrate/Glints2/dict_0005_0057" 10195
"../../../Engine/Content/EngineMaterials/Substrate/Glints2/dict_0005_0071.uasset" 10196
"../../../Engine/Content/EngineMaterials/Substrate/Glints2/dict_0005_0073.uasset" 10197
"../../../Engine/Content/EngineMaterials/Substrate/Glints2/dict_0005_0072.uasset" 10198
"/Engine/EngineMaterials/Substrate/Glints2/dict_0005_0056" 10199
"/Engine/EngineMaterials/Substrate/Glints2/dict_0005_0055" 10200
"/Engine/EngineMaterials/Substrate/Glints2/dict_0005_0054" 10201
"/Engine/EngineMaterials/Substrate/Glints2/dict_0005_0061" 10202
"/Engine/EngineMaterials/Substrate/Glints2/dict_0005_0060" 10203
"/Engine/EngineMaterials/Substrate/Glints2/dict_0005_0063" 10204
"/Engine/EngineMaterials/Substrate/Glints2/dict_0005_0062" 10205
"../../../Engine/Content/EngineMaterials/Substrate/Glints2/dict_0005_0074.uasset" 10206
"../../../Engine/Content/EngineMaterials/Substrate/Glints2/dict_0005_0075.uasset" 10207
"../../../Engine/Content/EngineMaterials/Substrate/Glints2/dict_0005_0076.uasset" 10208
"../../../Engine/Content/EngineMaterials/Substrate/Glints2/dict_0005_0077.uasset" 10209
"../../../Engine/Content/EngineMaterials/Substrate/Glints2/dict_0005_0078.uasset" 10210
"../../../Engine/Content/EngineMaterials/Substrate/Glints2/dict_0005_0079.uasset" 10211
"../../../Engine/Content/EngineMaterials/Substrate/Glints2/dict_0005_0083.uasset" 10212
"../../../Engine/Content/EngineMaterials/Substrate/Glints2/dict_0005_0080.uasset" 10213
"../../../Engine/Content/EngineMaterials/Substrate/Glints2/dict_0005_0081.uasset" 10214
"../../../Engine/Content/EngineMaterials/Substrate/Glints2/dict_0005_0082.uasset" 10215
"/Engine/EngineMaterials/Substrate/Glints2/dict_0005_0071" 10216
"../../../Engine/Content/EngineMaterials/Substrate/Glints2/dict_0005_0087.uasset" 10217
"../../../Engine/Content/EngineMaterials/Substrate/Glints2/dict_0005_0086.uasset" 10218
"/Engine/EngineMaterials/Substrate/Glints2/dict_0005_0070" 10219
"../../../Engine/Content/EngineMaterials/Substrate/Glints2/dict_0005_0084.uasset" 10220
"../../../Engine/Content/EngineMaterials/Substrate/Glints2/dict_0005_0088.uasset" 10221
"../../../Engine/Content/EngineMaterials/Substrate/Glints2/dict_0005_0085.uasset" 10222
"../../../Engine/Content/EngineMaterials/Substrate/Glints2/dict_0005_0089.uasset" 10223
"/Engine/EngineMaterials/Substrate/Glints2/dict_0005_0069" 10224
"/Engine/EngineMaterials/Substrate/Glints2/dict_0005_0068" 10225
"/Engine/EngineMaterials/Substrate/Glints2/dict_0005_0073" 10226
"/Engine/EngineMaterials/Substrate/Glints2/dict_0005_0072" 10227
"/Engine/EngineMaterials/Substrate/Glints2/dict_0005_0067" 10228
"/Engine/EngineMaterials/Substrate/Glints2/dict_0005_0066" 10229
"/Engine/EngineMaterials/Substrate/Glints2/dict_0005_0065" 10230
"/Engine/EngineMaterials/Substrate/Glints2/dict_0005_0064" 10231
"/Engine/EngineMaterials/Substrate/Glints2/dict_0005_0079" 10232
"/Engine/EngineMaterials/Substrate/Glints2/dict_0005_0078" 10233
"/Engine/EngineMaterials/Substrate/Glints2/dict_0005_0077" 10234
"/Engine/EngineMaterials/Substrate/Glints2/dict_0005_0076" 10235
"/Engine/EngineMaterials/Substrate/Glints2/dict_0005_0075" 10236
"/Engine/EngineMaterials/Substrate/Glints2/dict_0005_0074" 10237
"../../../Engine/Content/EngineMaterials/Substrate/Glints2/dict_0005_0094.uasset" 10238
"../../../Engine/Content/EngineMaterials/Substrate/Glints2/dict_0005_0095.uasset" 10239
"../../../Engine/Content/EngineMaterials/Substrate/Glints2/dict_0005_0096.uasset" 10240
"../../../Engine/Content/EngineMaterials/Substrate/Glints2/dict_0005_0090.uasset" 10241
"../../../Engine/Content/EngineMaterials/Substrate/Glints2/dict_0005_0092.uasset" 10242
"../../../Engine/Content/EngineMaterials/Substrate/Glints2/dict_0005_0091.uasset" 10243
"../../../Engine/Content/EngineMaterials/Substrate/Glints2/dict_0005_0097.uasset" 10244
"../../../Engine/Content/EngineMaterials/Substrate/Glints2/dict_0005_0099.uasset" 10245
"../../../Engine/Content/EngineMaterials/Substrate/Glints2/dict_0005_0098.uasset" 10246
"../../../Engine/Content/EngineMaterials/Substrate/Glints2/dict_0005_0100.uasset" 10247
"../../../Engine/Content/EngineMaterials/Substrate/Glints2/dict_0005_0101.uasset" 10248
"../../../Engine/Content/EngineMaterials/Substrate/Glints2/dict_0005_0093.uasset" 10249
"../../../Engine/Content/EngineMaterials/Substrate/Glints2/dict_0005_0102.uasset" 10250
"../../../Engine/Content/EngineMaterials/Substrate/Glints2/dict_0005_0103.uasset" 10251
"../../../Engine/Content/EngineMaterials/Substrate/Glints2/dict_0005_0105.uasset" 10252
"../../../Engine/Content/EngineMaterials/Substrate/Glints2/dict_0005_0104.uasset" 10253
"../../../Engine/Content/EngineMaterials/Substrate/Glints2/dict_0005_0106.uasset" 10254
"../../../Engine/Content/EngineMaterials/Substrate/Glints2/dict_0005_0107.uasset" 10255
"../../../Engine/Content/EngineMaterials/Substrate/Glints2/dict_0005_0108.uasset" 10256
"../../../Engine/Content/EngineMaterials/Substrate/Glints2/dict_0005_0110.uasset" 10257
"../../../Engine/Content/EngineMaterials/Substrate/Glints2/dict_0005_0111.uasset" 10258
"/Engine/EngineMaterials/Substrate/Glints2/dict_0005_0105" 10259
"../../../Engine/Content/EngineMaterials/Substrate/Glints2/dict_0005_0109.uasset" 10260
"/Engine/EngineMaterials/Substrate/Glints2/dict_0005_0104" 10261
"/Engine/EngineMaterials/Substrate/Glints2/dict_0005_0103" 10262
"/Engine/EngineMaterials/Substrate/Glints2/dict_0005_0102" 10263
"/Engine/EngineMaterials/Substrate/Glints2/dict_0005_0095" 10264
"/Engine/EngineMaterials/Substrate/Glints2/dict_0005_0094" 10265
"/Engine/EngineMaterials/Substrate/Glints2/dict_0005_0091" 10266
"/Engine/EngineMaterials/Substrate/Glints2/dict_0005_0090" 10267
"/Engine/EngineMaterials/Substrate/Glints2/dict_0005_0089" 10268
"/Engine/EngineMaterials/Substrate/Glints2/dict_0005_0085" 10269
"/Engine/EngineMaterials/Substrate/Glints2/dict_0005_0084" 10270
"/Engine/EngineMaterials/Substrate/Glints2/dict_0005_0081" 10271
"/Engine/EngineMaterials/Substrate/Glints2/dict_0005_0080" 10272
"/Engine/EngineMaterials/Substrate/Glints2/dict_0005_0108" 10273
"/Engine/EngineMaterials/Substrate/Glints2/dict_0005_0107" 10274
"/Engine/EngineMaterials/Substrate/Glints2/dict_0005_0106" 10275
"/Engine/EngineMaterials/Substrate/Glints2/dict_0005_0101" 10276
"/Engine/EngineMaterials/Substrate/Glints2/dict_0005_0100" 10277
"/Engine/EngineMaterials/Substrate/Glints2/dict_0005_0099" 10278
"/Engine/EngineMaterials/Substrate/Glints2/dict_0005_0098" 10279
"/Engine/EngineMaterials/Substrate/Glints2/dict_0005_0097" 10280
"/Engine/EngineMaterials/Substrate/Glints2/dict_0005_0096" 10281
"/Engine/EngineMaterials/Substrate/Glints2/dict_0005_0093" 10282
"/Engine/EngineMaterials/Substrate/Glints2/dict_0005_0092" 10283
"/Engine/EngineMaterials/Substrate/Glints2/dict_0005_0088" 10284
"/Engine/EngineMaterials/Substrate/Glints2/dict_0005_0087" 10285
"/Engine/EngineMaterials/Substrate/Glints2/dict_0005_0086" 10286
"/Engine/EngineMaterials/Substrate/Glints2/dict_0005_0083" 10287
"/Engine/EngineMaterials/Substrate/Glints2/dict_0005_0082" 10288
"/Engine/EngineMaterials/Substrate/Glints2/dict_0005_0111" 10289
"../../../Engine/Content/EngineMaterials/Substrate/Glints2/dict_0005_0119.uasset" 10290
"../../../Engine/Content/EngineMaterials/Substrate/Glints2/dict_0005_0112.uasset" 10291
"../../../Engine/Content/EngineMaterials/Substrate/Glints2/dict_0005_0118.uasset" 10292
"../../../Engine/Content/EngineMaterials/Substrate/Glints2/dict_0005_0114.uasset" 10293
"../../../Engine/Content/EngineMaterials/Substrate/Glints2/dict_0005_0115.uasset" 10294
"../../../Engine/Content/EngineMaterials/Substrate/Glints2/dict_0005_0113.uasset" 10295
"../../../Engine/Content/EngineMaterials/Substrate/Glints2/dict_0005_0117.uasset" 10296
"../../../Engine/Content/EngineMaterials/Substrate/Glints2/dict_0005_0116.uasset" 10297
"/Engine/EngineMaterials/Substrate/Glints2/dict_0005_0110" 10298
"/Engine/EngineMaterials/Substrate/Glints2/dict_0005_0109" 10299
"../../../Engine/Content/EngineMaterials/Substrate/Glints2/dict_0005_0120.uasset" 10300
"../../../Engine/Content/EngineMaterials/Substrate/Glints2/dict_0005_0121.uasset" 10301
"../../../Engine/Content/EngineMaterials/Substrate/Glints2/dict_0005_0125.uasset" 10302
"../../../Engine/Content/EngineMaterials/Substrate/Glints2/dict_0005_0124.uasset" 10303
"../../../Engine/Content/EngineMaterials/Substrate/Glints2/dict_0005_0128.uasset" 10304
"../../../Engine/Content/EngineMaterials/Substrate/Glints2/dict_0005_0126.uasset" 10305
"../../../Engine/Content/EngineMaterials/Substrate/Glints2/dict_0005_0127.uasset" 10306
"../../../Engine/Content/EngineMaterials/Substrate/Glints2/dict_0005_0129.uasset" 10307
"../../../Engine/Content/EngineMaterials/Substrate/Glints2/dict_0005_0123.uasset" 10308
"../../../Engine/Content/EngineMaterials/Substrate/Glints2/dict_0005_0122.uasset" 10309
"../../../Engine/Content/EngineMaterials/Substrate/Glints2/dict_0005_0132.uasset" 10310
"../../../Engine/Content/EngineMaterials/Substrate/Glints2/dict_0005_0131.uasset" 10311
"../../../Engine/Content/EngineMaterials/Substrate/Glints2/dict_0005_0130.uasset" 10312
"../../../Engine/Content/EngineMaterials/Substrate/Glints2/dict_0005_0137.uasset" 10313
"../../../Engine/Content/EngineMaterials/Substrate/Glints2/dict_0005_0134.uasset" 10314
"../../../Engine/Content/EngineMaterials/Substrate/Glints2/dict_0005_0136.uasset" 10315
"../../../Engine/Content/EngineMaterials/Substrate/Glints2/dict_0005_0135.uasset" 10316
"../../../Engine/Content/EngineMaterials/Substrate/Glints2/dict_0005_0133.uasset" 10317
"../../../Engine/Content/EngineMaterials/Substrate/Glints2/dict_0005_0138.uasset" 10318
"/Engine/EngineMaterials/Substrate/Glints2/dict_0005_0129" 10319
"/Engine/EngineMaterials/Substrate/Glints2/dict_0005_0128" 10320
"/Engine/EngineMaterials/Substrate/Glints2/dict_0005_0127" 10321
"/Engine/EngineMaterials/Substrate/Glints2/dict_0005_0126" 10322
"../../../Engine/Content/EngineMaterials/Substrate/Glints2/dict_0005_0139.uasset" 10323
"/Engine/EngineMaterials/Substrate/Glints2/dict_0005_0125" 10324
"/Engine/EngineMaterials/Substrate/Glints2/dict_0005_0124" 10325
"/Engine/EngineMaterials/Substrate/Glints2/dict_0005_0123" 10326
"/Engine/EngineMaterials/Substrate/Glints2/dict_0005_0122" 10327
"/Engine/EngineMaterials/Substrate/Glints2/dict_0005_0121" 10328
"/Engine/EngineMaterials/Substrate/Glints2/dict_0005_0120" 10329
"/Engine/EngineMaterials/Substrate/Glints2/dict_0005_0119" 10330
"/Engine/EngineMaterials/Substrate/Glints2/dict_0005_0118" 10331
"/Engine/EngineMaterials/Substrate/Glints2/dict_0005_0117" 10332
"/Engine/EngineMaterials/Substrate/Glints2/dict_0005_0116" 10333
"/Engine/EngineMaterials/Substrate/Glints2/dict_0005_0115" 10334
"/Engine/EngineMaterials/Substrate/Glints2/dict_0005_0114" 10335
"/Engine/EngineMaterials/Substrate/Glints2/dict_0005_0113" 10336
"/Engine/EngineMaterials/Substrate/Glints2/dict_0005_0112" 10337
"../../../Engine/Content/EngineMaterials/Substrate/Glints2/dict_0005_0140.uasset" 10338
"../../../Engine/Content/EngineMaterials/Substrate/Glints2/dict_0005_0141.uasset" 10339
"../../../Engine/Content/EngineMaterials/Substrate/Glints2/dict_0005_0142.uasset" 10340
"../../../Engine/Content/EngineMaterials/Substrate/Glints2/dict_0005_0143.uasset" 10341
"../../../Engine/Content/EngineMaterials/Substrate/Glints2/dict_0005_0144.uasset" 10342
"../../../Engine/Content/EngineMaterials/Substrate/Glints2/dict_0005_0145.uasset" 10343
"../../../Engine/Content/EngineMaterials/Substrate/Glints2/dict_0005_0146.uasset" 10344
"../../../Engine/Content/EngineMaterials/Substrate/Glints2/dict_0005_0147.uasset" 10345
"/Engine/EngineMaterials/Substrate/Glints2/dict_0005_0137" 10346
"/Engine/EngineMaterials/Substrate/Glints2/dict_0005_0136" 10347
"../../../Engine/Content/EngineMaterials/Substrate/Glints2/dict_0005_0149.uasset" 10348
"../../../Engine/Content/EngineMaterials/Substrate/Glints2/dict_0005_0148.uasset" 10349
"../../../Engine/Content/EngineMaterials/Substrate/Glints2/dict_0005_0150.uasset" 10350
"../../../Engine/Content/EngineMaterials/Substrate/Glints2/dict_0005_0151.uasset" 10351
"../../../Engine/Content/EngineMaterials/Substrate/Glints2/dict_0005_0153.uasset" 10352
"../../../Engine/Content/EngineMaterials/Substrate/Glints2/dict_0005_0152.uasset" 10353
"../../../Engine/Content/EngineMaterials/Substrate/Glints2/dict_0005_0154.uasset" 10354
"../../../Engine/Content/EngineMaterials/Substrate/Glints2/dict_0005_0156.uasset" 10355
"../../../Engine/Content/EngineMaterials/Substrate/Glints2/dict_0005_0155.uasset" 10356
"../../../Engine/Content/EngineMaterials/Substrate/Glints2/dict_0005_0157.uasset" 10357
"/Engine/EngineMaterials/Substrate/Glints2/dict_0005_0135" 10358
"/Engine/EngineMaterials/Substrate/Glints2/dict_0005_0134" 10359
"/Engine/EngineMaterials/Substrate/Glints2/dict_0005_0133" 10360
"/Engine/EngineMaterials/Substrate/Glints2/dict_0005_0132" 10361
"/Engine/EngineMaterials/Substrate/Glints2/dict_0005_0131" 10362
"/Engine/EngineMaterials/Substrate/Glints2/dict_0005_0130" 10363
"/Engine/EngineMaterials/Substrate/Glints2/dict_0005_0140" 10364
"/Engine/EngineMaterials/Substrate/Glints2/dict_0005_0139" 10365
"/Engine/EngineMaterials/Substrate/Glints2/dict_0005_0138" 10366
"/Engine/EngineMaterials/Substrate/Glints2/dict_0005_0143" 10367
"../../../Engine/Content/EngineMaterials/Substrate/Glints2/dict_0005_0158.uasset" 10368
"../../../Engine/Content/EngineMaterials/Substrate/Glints2/dict_0005_0159.uasset" 10369
"/Engine/EngineMaterials/Substrate/Glints2/dict_0005_0142" 10370
"/Engine/EngineMaterials/Substrate/Glints2/dict_0005_0141" 10371
"/Engine/EngineMaterials/Substrate/Glints2/dict_0005_0147" 10372
"/Engine/EngineMaterials/Substrate/Glints2/dict_0005_0146" 10373
"/Engine/EngineMaterials/Substrate/Glints2/dict_0005_0145" 10374
"/Engine/EngineMaterials/Substrate/Glints2/dict_0005_0144" 10375
"/Engine/EngineMaterials/Substrate/Glints2/dict_0005_0153" 10376
"/Engine/EngineMaterials/Substrate/Glints2/dict_0005_0151" 10377
"../../../Engine/Content/EngineMaterials/Substrate/Glints2/dict_0005_0161.uasset" 10378
"../../../Engine/Content/EngineMaterials/Substrate/Glints2/dict_0005_0162.uasset" 10379
"../../../Engine/Content/EngineMaterials/Substrate/Glints2/dict_0005_0160.uasset" 10380
"../../../Engine/Content/EngineMaterials/Substrate/Glints2/dict_0005_0163.uasset" 10381
"../../../Engine/Content/EngineMaterials/Substrate/Glints2/dict_0005_0164.uasset" 10382
"../../../Engine/Content/EngineMaterials/Substrate/Glints2/dict_0005_0165.uasset" 10383
"../../../Engine/Content/EngineMaterials/Substrate/Glints2/dict_0005_0166.uasset" 10384
"../../../Engine/Content/EngineMaterials/Substrate/Glints2/dict_0005_0167.uasset" 10385
"../../../Engine/Content/EngineMaterials/Substrate/Glints2/dict_0005_0169.uasset" 10386
"../../../Engine/Content/EngineMaterials/Substrate/Glints2/dict_0005_0172.uasset" 10387
"../../../Engine/Content/EngineMaterials/Substrate/Glints2/dict_0005_0168.uasset" 10388
"../../../Engine/Content/EngineMaterials/Substrate/Glints2/dict_0005_0171.uasset" 10389
"../../../Engine/Content/EngineMaterials/Substrate/Glints2/dict_0005_0170.uasset" 10390
"../../../Engine/Content/EngineMaterials/Substrate/Glints2/dict_0005_0176.uasset" 10391
"../../../Engine/Content/EngineMaterials/Substrate/Glints2/dict_0005_0174.uasset" 10392
"../../../Engine/Content/EngineMaterials/Substrate/Glints2/dict_0005_0175.uasset" 10393
"../../../Engine/Content/EngineMaterials/Substrate/Glints2/dict_0005_0173.uasset" 10394
"../../../Engine/Content/EngineMaterials/Substrate/Glints2/dict_0005_0177.uasset" 10395
"../../../Engine/Content/EngineMaterials/Substrate/Glints2/dict_0005_0179.uasset" 10396
"../../../Engine/Content/EngineMaterials/Substrate/Glints2/dict_0005_0178.uasset" 10397
"../../../Engine/Content/EngineMaterials/Substrate/Glints2/dict_0005_0181.uasset" 10398
"../../../Engine/Content/EngineMaterials/Substrate/Glints2/dict_0005_0180.uasset" 10399
"E:/Development/Projects/Squeak/DerivedDataCache/VT/TEXTURE_7C16439390E24F1F9468894FB4D4BC55_VTCHUNK2EEEBC316D7DF38B69621B3369E3C875504B2B17" 10400
"E:/Development/Projects/Squeak/DerivedDataCache/VT/TEXTURE_7C16439390E24F1F9468894FB4D4BC55_VTCHUNKEBB59E82EC81B1FE4C08566490EC06E918F2C40F" 10401
"E:/Development/Projects/Squeak/DerivedDataCache/VT/TEXTURE_7C16439390E24F1F9468894FB4D4BC55_VTCHUNK645D8F97719F168A695DD8B2BBEA4543D0E0C5FD" 10402
"E:/Development/Projects/Squeak/DerivedDataCache/VT/TEXTURE_7C16439390E24F1F9468894FB4D4BC55_VTCHUNK88757583FBF1D81D5273D26AEFE322C30BF9E6D2" 10403
"E:/Development/Projects/Squeak/DerivedDataCache/VT/TEXTURE_7C16439390E24F1F9468894FB4D4BC55_VTCHUNK214A3AB79652877F236DC50E71A5E042B94AB879" 10404
"E:/Development/Projects/Squeak/DerivedDataCache/VT/TEXTURE_7C16439390E24F1F9468894FB4D4BC55_VTCHUNK2EB2EFA93B6A7C4F90C17C323AE17D371FBA20C0" 10405
"E:/Development/Projects/Squeak/DerivedDataCache/VT/TEXTURE_7C16439390E24F1F9468894FB4D4BC55_VTCHUNKFFE574386D1095CB6DB8D59CBF1081432DD4F5B5" 10406
"E:/Development/Projects/Squeak/DerivedDataCache/VT/TEXTURE_7C16439390E24F1F9468894FB4D4BC55_VTCHUNKEAAAA4A439CEB40AE3C256D2CB5DC610DE63C3A7" 10407
"E:/Development/Projects/Squeak/DerivedDataCache/VT/TEXTURE_7C16439390E24F1F9468894FB4D4BC55_VTCHUNK64FC0F3269758D32BF36F5E35B9CEFA8F820703B" 10408
"E:/Development/Projects/Squeak/DerivedDataCache/VT/TEXTURE_7C16439390E24F1F9468894FB4D4BC55_VTCHUNK55FA28C3CEE4FB0E9C7D94262BA3A725642DA111" 10409
"E:/Development/Projects/Squeak/DerivedDataCache/VT/TEXTURE_7C16439390E24F1F9468894FB4D4BC55_VTCHUNK4F345A01E5391D85D0419E851FD53F52766BEE36" 10410
"E:/Development/Projects/Squeak/DerivedDataCache/VT/TEXTURE_7C16439390E24F1F9468894FB4D4BC55_VTCHUNK162FBDAC3F907C05DE7852D7A721B093763F77B5" 10411
"E:/Development/Projects/Squeak/DerivedDataCache/VT/TEXTURE_7C16439390E24F1F9468894FB4D4BC55_VTCHUNKCD93B764D32B9486C426F36709F4A7B283FAA60B" 10412
"E:/Development/Projects/Squeak/DerivedDataCache/VT/TEXTURE_7C16439390E24F1F9468894FB4D4BC55_VTCHUNK57BB5DADAE9B88AB603DB584761C19441D361DEF" 10413
"E:/Development/Projects/Squeak/DerivedDataCache/VT/TEXTURE_7C16439390E24F1F9468894FB4D4BC55_VTCHUNK72FA74BB415934A2D49C89ED24457E30EDA0526B" 10414
"E:/Development/Projects/Squeak/DerivedDataCache/VT/TEXTURE_7C16439390E24F1F9468894FB4D4BC55_VTCHUNK49B4B40EF95443325608D073771CCE7DEBAAC4FB" 10415
"E:/Development/Projects/Squeak/DerivedDataCache/VT/TEXTURE_7C16439390E24F1F9468894FB4D4BC55_VTCHUNK76450C3698A7B6EE99C1D13F8191B177F8CD381F" 10416
"E:/Development/Projects/Squeak/DerivedDataCache/VT/TEXTURE_7C16439390E24F1F9468894FB4D4BC55_VTCHUNK78FD7805F8E4E0F62285509A820A45E784E9B3A8" 10417
"/Engine/EngineMaterials/Substrate/Glints2/dict_0005_0179" 10418
"/Engine/EngineMaterials/Substrate/Glints2/dict_0005_0178" 10419
"/Engine/EngineMaterials/Substrate/Glints2/dict_0005_0177" 10420
"/Engine/EngineMaterials/Substrate/Glints2/dict_0005_0169" 10421
"/Engine/EngineMaterials/Substrate/Glints2/dict_0005_0168" 10422
"/Engine/EngineMaterials/Substrate/Glints2/dict_0005_0167" 10423
"/Engine/EngineMaterials/Substrate/Glints2/dict_0005_0166" 10424
"/Engine/EngineMaterials/Substrate/Glints2/dict_0005_0165" 10425
"/Engine/EngineMaterials/Substrate/Glints2/dict_0005_0164" 10426
"/Engine/EngineMaterials/Substrate/Glints2/dict_0005_0163" 10427
"/Engine/EngineMaterials/Substrate/Glints2/dict_0005_0162" 10428
"/Engine/EngineMaterials/Substrate/Glints2/dict_0005_0161" 10429
"/Engine/EngineMaterials/Substrate/Glints2/dict_0005_0160" 10430
"/Engine/EngineMaterials/Substrate/Glints2/dict_0005_0176" 10431
"/Engine/EngineMaterials/Substrate/Glints2/dict_0005_0175" 10432
"/Engine/EngineMaterials/Substrate/Glints2/dict_0005_0174" 10433
"/Engine/EngineMaterials/Substrate/Glints2/dict_0005_0159" 10434
"/Engine/EngineMaterials/Substrate/Glints2/dict_0005_0158" 10435
"/Engine/EngineMaterials/Substrate/Glints2/dict_0005_0157" 10436
"/Engine/EngineMaterials/Substrate/Glints2/dict_0005_0156" 10437
"/Engine/EngineMaterials/Substrate/Glints2/dict_0005_0155" 10438
"/Engine/EngineMaterials/Substrate/Glints2/dict_0005_0154" 10439
"/Engine/EngineMaterials/Substrate/Glints2/dict_0005_0181" 10440
"/Engine/EngineMaterials/Substrate/Glints2/dict_0005_0152" 10441
"/Engine/EngineMaterials/Substrate/Glints2/dict_0005_0180" 10442
"/Engine/EngineMaterials/Substrate/Glints2/dict_0005_0150" 10443
"/Engine/EngineMaterials/Substrate/Glints2/dict_0005_0149" 10444
"/Engine/EngineMaterials/Substrate/Glints2/dict_0005_0148" 10445
"/Engine/EngineMaterials/Substrate/Glints2/dict_0005_0173" 10446
"/Engine/EngineMaterials/Substrate/Glints2/dict_0005_0172" 10447
"/Engine/EngineMaterials/Substrate/Glints2/dict_0005_0171" 10448
"/Engine/EngineMaterials/Substrate/Glints2/dict_0005_0170" 10449
"/Game/content_2/PlayerAuraEffect/Audio/Sounds_Wav/A_Instant26" 10450
"../../../Engine/Content/EngineMaterials/Substrate/Glints2/dict_0005_0182.uasset" 10451
"/Game/content_2/PlayerAuraEffect/Audio/Sounds_Wav/A_DashWoosh01" 10452
"../../../Engine/Content/EngineMaterials/Substrate/Glints2/dict_0005_0183.uasset" 10453
"../../../Engine/Content/EngineMaterials/Substrate/Glints2/dict_0005_0184.uasset" 10454
"/Engine/EngineMaterials/Substrate/Glints2/dict_0005_0182" 10455
"../../../Engine/Content/EngineMaterials/Substrate/Glints2/dict_0005_0186.uasset" 10456
"../../../Engine/Content/EngineMaterials/Substrate/Glints2/dict_0005_0185.uasset" 10457
"/Engine/EngineMaterials/Substrate/Glints2/dict_0005_0186" 10458
"/Engine/EngineMaterials/Substrate/Glints2/dict_0005_0185" 10459
"/Engine/EngineMaterials/Substrate/Glints2/dict_0005_0184" 10460
"/Engine/EngineMaterials/Substrate/Glints2/dict_0005_0183" 10461
"../../../Engine/Content/EngineMaterials/Substrate/Glints2/dict_0005_0187.uasset" 10462
"../../../Engine/Content/EngineMaterials/Substrate/Glints2/dict_0005_0188.uasset" 10463
"../../../Engine/Content/EngineMaterials/Substrate/Glints2/dict_0005_0189.uasset" 10464
"../../../Engine/Content/EngineMaterials/Substrate/Glints2/dict_0005_0190.uasset" 10465
"/Engine/EngineMaterials/Substrate/Glints2/dict_0005_0188" 10466
"/Engine/EngineMaterials/Substrate/Glints2/dict_0005_0187" 10467
"/Engine/EngineMaterials/Substrate/Glints2/dict_0005_0190" 10468
"/Engine/EngineMaterials/Substrate/Glints2/dict_0005_0189" 10469
"../../../Engine/Content/EngineMaterials/Substrate/Glints2/dict_0005_0191.uasset" 10470
"../../../Engine/Content/EngineMaterials/Substrate/Glints2/dict_0005_0192.uasset" 10471
"/Engine/EngineMaterials/Substrate/Glints2/dict_0005_0191" 10472
"../../../Engine/Content/EngineMaterials/Substrate/Glints2/dict_0005_0193.uasset" 10473
"../../../Engine/Content/EngineMaterials/Substrate/Glints2/dict_0005_0194.uasset" 10474
"/Engine/EngineMaterials/Substrate/Glints2/dict_0005_0192" 10475
"/Engine/EngineMaterials/Substrate/Glints2/dict_0005_0194" 10476
"/Engine/EngineMaterials/Substrate/Glints2/dict_0005_0193" 10477
"../../../Engine/Content/EngineMaterials/Substrate/Glints2/dict_0005_0196.uasset" 10478
"../../../Engine/Content/EngineMaterials/Substrate/Glints2/dict_0005_0195.uasset" 10479
"../../../Engine/Content/EngineMaterials/Substrate/Glints2/dict_0005_0198.uasset" 10480
"../../../Engine/Content/EngineMaterials/Substrate/Glints2/dict_0005_0197.uasset" 10481
"/Engine/EngineMaterials/Substrate/Glints2/dict_0005_0196" 10482
"/Engine/EngineMaterials/Substrate/Glints2/dict_0005_0195" 10483
"../../../Engine/Content/EngineMaterials/Substrate/Glints2/dict_0005_0200.uasset" 10484
"../../../Engine/Content/EngineMaterials/Substrate/Glints2/dict_0005_0199.uasset" 10485
"../../../Engine/Content/EngineMaterials/Substrate/Glints2/dict_0005_0201.uasset" 10486
"/Engine/EngineMaterials/Substrate/Glints2/dict_0005_0198" 10487
"../../../Engine/Content/EngineMaterials/Substrate/Glints2/dict_0005_0202.uasset" 10488
"/Engine/EngineMaterials/Substrate/Glints2/dict_0005_0197" 10489
"/Engine/EngineMaterials/Substrate/Glints2/dict_0005_0200" 10490
"/Engine/EngineMaterials/Substrate/Glints2/dict_0005_0199" 10491
"../../../Engine/Content/EngineMaterials/Substrate/Glints2/dict_0005_0203.uasset" 10492
"../../../Engine/Content/EngineMaterials/Substrate/Glints2/dict_0005_0204.uasset" 10493
"../../../Engine/Content/EngineMaterials/Substrate/Glints2/dict_0005_0205.uasset" 10494
"../../../Engine/Content/EngineMaterials/Substrate/Glints2/dict_0005_0206.uasset" 10495
"/Engine/EngineMaterials/Substrate/Glints2/dict_0005_0203" 10496
"/Engine/EngineMaterials/Substrate/Glints2/dict_0005_0202" 10497
"/Engine/EngineMaterials/Substrate/Glints2/dict_0005_0201" 10498
"/Engine/EngineMaterials/Substrate/Glints2/dict_0005_0206" 10499
"/Engine/EngineMaterials/Substrate/Glints2/dict_0005_0205" 10500
"/Engine/EngineMaterials/Substrate/Glints2/dict_0005_0204" 10501
"../../../Engine/Content/EngineMaterials/Substrate/Glints2/dict_0005_0207.uasset" 10502
"../../../Engine/Content/EngineMaterials/Substrate/Glints2/dict_0005_0210.uasset" 10503
"../../../Engine/Content/EngineMaterials/Substrate/Glints2/dict_0005_0208.uasset" 10504
"../../../Engine/Content/EngineMaterials/Substrate/Glints2/dict_0005_0209.uasset" 10505
"/Engine/EngineMaterials/Substrate/Glints2/dict_0005_0210" 10506
"/Engine/EngineMaterials/Substrate/Glints2/dict_0005_0209" 10507
"/Engine/EngineMaterials/Substrate/Glints2/dict_0005_0208" 10508
"/Engine/EngineMaterials/Substrate/Glints2/dict_0005_0207" 10509
"../../../Engine/Content/EngineMaterials/Substrate/Glints2/dict_0005_0212.uasset" 10510
"../../../Engine/Content/EngineMaterials/Substrate/Glints2/dict_0005_0211.uasset" 10511
"../../../Engine/Content/EngineMaterials/Substrate/Glints2/dict_0005_0213.uasset" 10512
"../../../Engine/Content/EngineMaterials/Substrate/Glints2/dict_0005_0214.uasset" 10513
"../../../Engine/Content/EngineMaterials/Substrate/Glints2/dict_0005_0217.uasset" 10514
"../../../Engine/Content/EngineMaterials/Substrate/Glints2/dict_0005_0216.uasset" 10515
"../../../Engine/Content/EngineMaterials/Substrate/Glints2/dict_0005_0218.uasset" 10516
"../../../Engine/Content/EngineMaterials/Substrate/Glints2/dict_0005_0215.uasset" 10517
"/Engine/EngineMaterials/Substrate/Glints2/dict_0005_0211" 10518
"/Engine/EngineMaterials/Substrate/Glints2/dict_0005_0214" 10519
"/Engine/EngineMaterials/Substrate/Glints2/dict_0005_0213" 10520
"/Engine/EngineMaterials/Substrate/Glints2/dict_0005_0212" 10521
"../../../Engine/Content/EngineMaterials/Substrate/Glints2/dict_0005_0221.uasset" 10522
"../../../Engine/Content/EngineMaterials/Substrate/Glints2/dict_0005_0219.uasset" 10523
"../../../Engine/Content/EngineMaterials/Substrate/Glints2/dict_0005_0222.uasset" 10524
"../../../Engine/Content/EngineMaterials/Substrate/Glints2/dict_0005_0220.uasset" 10525
"/Engine/EngineMaterials/Substrate/Glints2/dict_0005_0222" 10526
"/Engine/EngineMaterials/Substrate/Glints2/dict_0005_0221" 10527
"/Engine/EngineMaterials/Substrate/Glints2/dict_0005_0220" 10528
"/Engine/EngineMaterials/Substrate/Glints2/dict_0005_0219" 10529
"/Engine/EngineMaterials/Substrate/Glints2/dict_0005_0218" 10530
"/Engine/EngineMaterials/Substrate/Glints2/dict_0005_0217" 10531
"/Engine/EngineMaterials/Substrate/Glints2/dict_0005_0216" 10532
"/Engine/EngineMaterials/Substrate/Glints2/dict_0005_0215" 10533
"../../../Engine/Content/EngineMaterials/Substrate/Glints2/dict_0005_0227.uasset" 10534
"../../../Engine/Content/EngineMaterials/Substrate/Glints2/dict_0005_0224.uasset" 10535
"../../../Engine/Content/EngineMaterials/Substrate/Glints2/dict_0005_0225.uasset" 10536
"../../../Engine/Content/EngineMaterials/Substrate/Glints2/dict_0005_0223.uasset" 10537
"../../../Engine/Content/EngineMaterials/Substrate/Glints2/dict_0005_0226.uasset" 10538
"../../../Engine/Content/EngineMaterials/Substrate/Glints2/dict_0005_0230.uasset" 10539
"../../../Engine/Content/EngineMaterials/Substrate/Glints2/dict_0005_0228.uasset" 10540
"../../../Engine/Content/EngineMaterials/Substrate/Glints2/dict_0005_0229.uasset" 10541
"/Engine/EngineMaterials/Substrate/Glints2/dict_0005_0227" 10542
"/Engine/EngineMaterials/Substrate/Glints2/dict_0005_0226" 10543
"/Engine/EngineMaterials/Substrate/Glints2/dict_0005_0225" 10544
"/Engine/EngineMaterials/Substrate/Glints2/dict_0005_0224" 10545
"../../../Engine/Content/EngineMaterials/Substrate/Glints2/dict_0005_0232.uasset" 10546
"../../../Engine/Content/EngineMaterials/Substrate/Glints2/dict_0005_0231.uasset" 10547
"/Engine/EngineMaterials/Substrate/Glints2/dict_0005_0223" 10548
"../../../Engine/Content/EngineMaterials/Substrate/Glints2/dict_0005_0234.uasset" 10549
"/Engine/EngineMaterials/Substrate/Glints2/dict_0005_0230" 10550
"/Engine/EngineMaterials/Substrate/Glints2/dict_0005_0229" 10551
"/Engine/EngineMaterials/Substrate/Glints2/dict_0005_0228" 10552
"../../../Engine/Content/EngineMaterials/Substrate/Glints2/dict_0005_0235.uasset" 10553
"../../../Engine/Content/EngineMaterials/Substrate/Glints2/dict_0005_0237.uasset" 10554
"../../../Engine/Content/EngineMaterials/Substrate/Glints2/dict_0005_0238.uasset" 10555
"../../../Engine/Content/EngineMaterials/Substrate/Glints2/dict_0005_0236.uasset" 10556
"../../../Engine/Content/EngineMaterials/Substrate/Glints2/dict_0005_0233.uasset" 10557
"/Engine/EngineMaterials/Substrate/Glints2/dict_0005_0238" 10558
"../../../Engine/Content/EngineMaterials/Substrate/Glints2/dict_0005_0241.uasset" 10559
"../../../Engine/Content/EngineMaterials/Substrate/Glints2/dict_0005_0242.uasset" 10560
"../../../Engine/Content/EngineMaterials/Substrate/Glints2/dict_0005_0240.uasset" 10561
"../../../Engine/Content/EngineMaterials/Substrate/Glints2/dict_0005_0239.uasset" 10562
"/Engine/EngineMaterials/Substrate/Glints2/dict_0005_0237" 10563
"/Engine/EngineMaterials/Substrate/Glints2/dict_0005_0236" 10564
"/Engine/EngineMaterials/Substrate/Glints2/dict_0005_0235" 10565
"/Engine/EngineMaterials/Substrate/Glints2/dict_0005_0234" 10566
"/Engine/EngineMaterials/Substrate/Glints2/dict_0005_0233" 10567
"/Engine/EngineMaterials/Substrate/Glints2/dict_0005_0232" 10568
"/Engine/EngineMaterials/Substrate/Glints2/dict_0005_0231" 10569
"../../../Engine/Content/EngineMaterials/Substrate/Glints2/dict_0005_0243.uasset" 10570
"../../../Engine/Content/EngineMaterials/Substrate/Glints2/dict_0005_0244.uasset" 10571
"../../../Engine/Content/EngineMaterials/Substrate/Glints2/dict_0005_0245.uasset" 10572
"../../../Engine/Content/EngineMaterials/Substrate/Glints2/dict_0005_0246.uasset" 10573
"../../../Engine/Content/EngineMaterials/Substrate/Glints2/dict_0005_0247.uasset" 10574
"../../../Engine/Content/EngineMaterials/Substrate/Glints2/dict_0005_0249.uasset" 10575
"../../../Engine/Content/EngineMaterials/Substrate/Glints2/dict_0005_0250.uasset" 10576
"../../../Engine/Content/EngineMaterials/Substrate/Glints2/dict_0005_0248.uasset" 10577
"../../../Engine/Content/EngineMaterials/Substrate/Glints2/dict_0005_0251.uasset" 10578
"../../../Engine/Content/EngineMaterials/Substrate/Glints2/dict_0005_0253.uasset" 10579
"../../../Engine/Content/EngineMaterials/Substrate/Glints2/dict_0005_0254.uasset" 10580
"../../../Engine/Content/EngineMaterials/Substrate/Glints2/dict_0005_0252.uasset" 10581
"/Engine/EngineMaterials/Substrate/Glints2/dict_0005_0246" 10582
"/Engine/EngineMaterials/Substrate/Glints2/dict_0005_0242" 10583
"/Engine/EngineMaterials/Substrate/Glints2/dict_0005_0241" 10584
"/Engine/EngineMaterials/Substrate/Glints2/dict_0005_0240" 10585
"/Engine/EngineMaterials/Substrate/Glints2/dict_0005_0239" 10586
"/Engine/EngineMaterials/Substrate/Glints2/dict_0005_0254" 10587
"../../../Engine/Content/EngineMaterials/Substrate/Glints2/dict_0006_0001.uasset" 10588
"../../../Engine/Content/EngineMaterials/Substrate/Glints2/dict_0005_0255.uasset" 10589
"../../../Engine/Content/EngineMaterials/Substrate/Glints2/dict_0006_0002.uasset" 10590
"../../../Engine/Content/EngineMaterials/Substrate/Glints2/dict_0006_0000.uasset" 10591
"/Engine/EngineMaterials/Substrate/Glints2/dict_0005_0253" 10592
"/Engine/EngineMaterials/Substrate/Glints2/dict_0005_0251" 10593
"/Engine/EngineMaterials/Substrate/Glints2/dict_0005_0250" 10594
"/Engine/EngineMaterials/Substrate/Glints2/dict_0005_0249" 10595
"/Engine/EngineMaterials/Substrate/Glints2/dict_0005_0248" 10596
"/Engine/EngineMaterials/Substrate/Glints2/dict_0005_0247" 10597
"/Engine/EngineMaterials/Substrate/Glints2/dict_0005_0245" 10598
"/Engine/EngineMaterials/Substrate/Glints2/dict_0005_0244" 10599
"/Engine/EngineMaterials/Substrate/Glints2/dict_0005_0243" 10600
"/Engine/EngineMaterials/Substrate/Glints2/dict_0005_0252" 10601
"../../../Engine/Content/EngineMaterials/Substrate/Glints2/dict_0006_0003.uasset" 10602
"../../../Engine/Content/EngineMaterials/Substrate/Glints2/dict_0006_0004.uasset" 10603
"../../../Engine/Content/EngineMaterials/Substrate/Glints2/dict_0006_0005.uasset" 10604
"../../../Engine/Content/EngineMaterials/Substrate/Glints2/dict_0006_0006.uasset" 10605
"../../../Engine/Content/EngineMaterials/Substrate/Glints2/dict_0006_0007.uasset" 10606
"../../../Engine/Content/EngineMaterials/Substrate/Glints2/dict_0006_0011.uasset" 10607
"../../../Engine/Content/EngineMaterials/Substrate/Glints2/dict_0006_0008.uasset" 10608
"../../../Engine/Content/EngineMaterials/Substrate/Glints2/dict_0006_0009.uasset" 10609
"../../../Engine/Content/EngineMaterials/Substrate/Glints2/dict_0006_0010.uasset" 10610
"../../../Engine/Content/EngineMaterials/Substrate/Glints2/dict_0006_0012.uasset" 10611
"/Engine/EngineMaterials/Substrate/Glints2/dict_0006_0007" 10612
"/Engine/EngineMaterials/Substrate/Glints2/dict_0006_0006" 10613
"/Engine/EngineMaterials/Substrate/Glints2/dict_0006_0005" 10614
"../../../Engine/Content/EngineMaterials/Substrate/Glints2/dict_0006_0013.uasset" 10615
"../../../Engine/Content/EngineMaterials/Substrate/Glints2/dict_0006_0014.uasset" 10616
"/Engine/EngineMaterials/Substrate/Glints2/dict_0006_0004" 10617
"/Engine/EngineMaterials/Substrate/Glints2/dict_0006_0003" 10618
"/Engine/EngineMaterials/Substrate/Glints2/dict_0006_0002" 10619
"/Engine/EngineMaterials/Substrate/Glints2/dict_0006_0001" 10620
"/Engine/EngineMaterials/Substrate/Glints2/dict_0006_0000" 10621
"/Engine/EngineMaterials/Substrate/Glints2/dict_0005_0255" 10622
"/Engine/EngineMaterials/Substrate/Glints2/dict_0006_0011" 10623
"/Engine/EngineMaterials/Substrate/Glints2/dict_0006_0010" 10624
"/Engine/EngineMaterials/Substrate/Glints2/dict_0006_0009" 10625
"/Engine/EngineMaterials/Substrate/Glints2/dict_0006_0008" 10626
"/Engine/EngineMaterials/Substrate/Glints2/dict_0006_0012" 10627
"/Engine/EngineMaterials/Substrate/Glints2/dict_0006_0014" 10628
"/Engine/EngineMaterials/Substrate/Glints2/dict_0006_0013" 10629
"../../../Engine/Content/EngineMaterials/Substrate/Glints2/dict_0006_0016.uasset" 10630
"../../../Engine/Content/EngineMaterials/Substrate/Glints2/dict_0006_0015.uasset" 10631
"../../../Engine/Content/EngineMaterials/Substrate/Glints2/dict_0006_0018.uasset" 10632
"../../../Engine/Content/EngineMaterials/Substrate/Glints2/dict_0006_0017.uasset" 10633
"../../../Engine/Content/EngineMaterials/Substrate/Glints2/dict_0006_0019.uasset" 10634
"../../../Engine/Content/EngineMaterials/Substrate/Glints2/dict_0006_0020.uasset" 10635
"../../../Engine/Content/EngineMaterials/Substrate/Glints2/dict_0006_0021.uasset" 10636
"../../../Engine/Content/EngineMaterials/Substrate/Glints2/dict_0006_0022.uasset" 10637
"/Engine/EngineMaterials/Substrate/Glints2/dict_0006_0019" 10638
"../../../Engine/Content/EngineMaterials/Substrate/Glints2/dict_0006_0024.uasset" 10639
"../../../Engine/Content/EngineMaterials/Substrate/Glints2/dict_0006_0023.uasset" 10640
"/Engine/EngineMaterials/Substrate/Glints2/dict_0006_0018" 10641
"/Engine/EngineMaterials/Substrate/Glints2/dict_0006_0017" 10642
"/Engine/EngineMaterials/Substrate/Glints2/dict_0006_0016" 10643
"/Engine/EngineMaterials/Substrate/Glints2/dict_0006_0015" 10644
"../../../Engine/Content/EngineMaterials/Substrate/Glints2/dict_0006_0025.uasset" 10645
"../../../Engine/Content/EngineMaterials/Substrate/Glints2/dict_0006_0026.uasset" 10646
"../../../Engine/Content/EngineMaterials/Substrate/Glints2/dict_0006_0027.uasset" 10647
"../../../Engine/Content/EngineMaterials/Substrate/Glints2/dict_0006_0028.uasset" 10648
"../../../Engine/Content/EngineMaterials/Substrate/Glints2/dict_0006_0029.uasset" 10649
"../../../Engine/Content/EngineMaterials/Substrate/Glints2/dict_0006_0030.uasset" 10650
"../../../Engine/Content/EngineMaterials/Substrate/Glints2/dict_0006_0031.uasset" 10651
"../../../Engine/Content/EngineMaterials/Substrate/Glints2/dict_0006_0032.uasset" 10652
"../../../Engine/Content/EngineMaterials/Substrate/Glints2/dict_0006_0034.uasset" 10653
"../../../Engine/Content/EngineMaterials/Substrate/Glints2/dict_0006_0033.uasset" 10654
"../../../Engine/Content/EngineMaterials/Substrate/Glints2/dict_0006_0035.uasset" 10655
"/Engine/EngineMaterials/Substrate/Glints2/dict_0006_0029" 10656
"/Engine/EngineMaterials/Substrate/Glints2/dict_0006_0028" 10657
"/Engine/EngineMaterials/Substrate/Glints2/dict_0006_0027" 10658
"/Engine/EngineMaterials/Substrate/Glints2/dict_0006_0026" 10659
"/Engine/EngineMaterials/Substrate/Glints2/dict_0006_0025" 10660
"/Engine/EngineMaterials/Substrate/Glints2/dict_0006_0024" 10661
"/Engine/EngineMaterials/Substrate/Glints2/dict_0006_0023" 10662
"/Engine/EngineMaterials/Substrate/Glints2/dict_0006_0030" 10663
"/Engine/EngineMaterials/Substrate/Glints2/dict_0006_0022" 10664
"/Engine/EngineMaterials/Substrate/Glints2/dict_0006_0021" 10665
"/Engine/EngineMaterials/Substrate/Glints2/dict_0006_0020" 10666
"/Engine/EngineMaterials/Substrate/Glints2/dict_0006_0031" 10667
"../../../Engine/Content/EngineMaterials/Substrate/Glints2/dict_0006_0036.uasset" 10668
"../../../Engine/Content/EngineMaterials/Substrate/Glints2/dict_0006_0037.uasset" 10669
"../../../Engine/Content/EngineMaterials/Substrate/Glints2/dict_0006_0038.uasset" 10670
"../../../Engine/Content/EngineMaterials/Substrate/Glints2/dict_0006_0039.uasset" 10671
"../../../Engine/Content/EngineMaterials/Substrate/Glints2/dict_0006_0040.uasset" 10672
"../../../Engine/Content/EngineMaterials/Substrate/Glints2/dict_0006_0042.uasset" 10673
"../../../Engine/Content/EngineMaterials/Substrate/Glints2/dict_0006_0041.uasset" 10674
"../../../Engine/Content/EngineMaterials/Substrate/Glints2/dict_0006_0043.uasset" 10675
"../../../Engine/Content/EngineMaterials/Substrate/Glints2/dict_0006_0044.uasset" 10676
"../../../Engine/Content/EngineMaterials/Substrate/Glints2/dict_0006_0045.uasset" 10677
"../../../Engine/Content/EngineMaterials/Substrate/Glints2/dict_0006_0046.uasset" 10678
"/Engine/EngineMaterials/Substrate/Glints2/dict_0006_0042" 10679
"/Engine/EngineMaterials/Substrate/Glints2/dict_0006_0040" 10680
"/Engine/EngineMaterials/Substrate/Glints2/dict_0006_0039" 10681
"/Engine/EngineMaterials/Substrate/Glints2/dict_0006_0038" 10682
"/Engine/EngineMaterials/Substrate/Glints2/dict_0006_0037" 10683
"/Engine/EngineMaterials/Substrate/Glints2/dict_0006_0036" 10684
"/Engine/EngineMaterials/Substrate/Glints2/dict_0006_0035" 10685
"/Engine/EngineMaterials/Substrate/Glints2/dict_0006_0034" 10686
"/Engine/EngineMaterials/Substrate/Glints2/dict_0006_0033" 10687
"/Engine/EngineMaterials/Substrate/Glints2/dict_0006_0032" 10688
"/Engine/EngineMaterials/Substrate/Glints2/dict_0006_0044" 10689
"/Engine/EngineMaterials/Substrate/Glints2/dict_0006_0043" 10690
"/Engine/EngineMaterials/Substrate/Glints2/dict_0006_0041" 10691
"/Engine/EngineMaterials/Substrate/Glints2/dict_0006_0046" 10692
"/Engine/EngineMaterials/Substrate/Glints2/dict_0006_0045" 10693
"../../../Engine/Content/EngineMaterials/Substrate/Glints2/dict_0006_0048.uasset" 10694
"../../../Engine/Content/EngineMaterials/Substrate/Glints2/dict_0006_0047.uasset" 10695
"../../../Engine/Content/EngineMaterials/Substrate/Glints2/dict_0006_0049.uasset" 10696
"../../../Engine/Content/EngineMaterials/Substrate/Glints2/dict_0006_0050.uasset" 10697
"../../../Engine/Content/EngineMaterials/Substrate/Glints2/dict_0006_0051.uasset" 10698
"../../../Engine/Content/EngineMaterials/Substrate/Glints2/dict_0006_0052.uasset" 10699
"../../../Engine/Content/EngineMaterials/Substrate/Glints2/dict_0006_0053.uasset" 10700
"../../../Engine/Content/EngineMaterials/Substrate/Glints2/dict_0006_0054.uasset" 10701
"/Engine/EngineMaterials/Substrate/Glints2/dict_0006_0049" 10702
"/Engine/EngineMaterials/Substrate/Glints2/dict_0006_0048" 10703
"/Engine/EngineMaterials/Substrate/Glints2/dict_0006_0047" 10704
"/Engine/EngineMaterials/Substrate/Glints2/dict_0006_0052" 10705
"/Engine/EngineMaterials/Substrate/Glints2/dict_0006_0051" 10706
"/Engine/EngineMaterials/Substrate/Glints2/dict_0006_0050" 10707
"../../../Engine/Content/EngineMaterials/Substrate/Glints2/dict_0006_0055.uasset" 10708
"../../../Engine/Content/EngineMaterials/Substrate/Glints2/dict_0006_0057.uasset" 10709
"../../../Engine/Content/EngineMaterials/Substrate/Glints2/dict_0006_0058.uasset" 10710
"../../../Engine/Content/EngineMaterials/Substrate/Glints2/dict_0006_0056.uasset" 10711
"../../../Engine/Content/EngineMaterials/Substrate/Glints2/dict_0006_0059.uasset" 10712
"../../../Engine/Content/EngineMaterials/Substrate/Glints2/dict_0006_0060.uasset" 10713
"../../../Engine/Content/EngineMaterials/Substrate/Glints2/dict_0006_0061.uasset" 10714
"../../../Engine/Content/EngineMaterials/Substrate/Glints2/dict_0006_0062.uasset" 10715
"/Engine/EngineMaterials/Substrate/Glints2/dict_0006_0059" 10716
"/Engine/EngineMaterials/Substrate/Glints2/dict_0006_0058" 10717
"/Engine/EngineMaterials/Substrate/Glints2/dict_0006_0057" 10718
"/Engine/EngineMaterials/Substrate/Glints2/dict_0006_0056" 10719
"/Engine/EngineMaterials/Substrate/Glints2/dict_0006_0055" 10720
"/Engine/EngineMaterials/Substrate/Glints2/dict_0006_0054" 10721
"/Engine/EngineMaterials/Substrate/Glints2/dict_0006_0053" 10722
"/Engine/EngineMaterials/Substrate/Glints2/dict_0006_0062" 10723
"../../../Engine/Content/EngineMaterials/Substrate/Glints2/dict_0006_0063.uasset" 10724
"../../../Engine/Content/EngineMaterials/Substrate/Glints2/dict_0006_0064.uasset" 10725
"../../../Engine/Content/EngineMaterials/Substrate/Glints2/dict_0006_0066.uasset" 10726
"../../../Engine/Content/EngineMaterials/Substrate/Glints2/dict_0006_0065.uasset" 10727
"/Engine/EngineMaterials/Substrate/Glints2/dict_0006_0061" 10728
"../../../Engine/Content/EngineMaterials/Substrate/Glints2/dict_0006_0067.uasset" 10729
"/Engine/EngineMaterials/Substrate/Glints2/dict_0006_0060" 10730
"../../../Engine/Content/EngineMaterials/Substrate/Glints2/dict_0006_0069.uasset" 10731
"../../../Engine/Content/EngineMaterials/Substrate/Glints2/dict_0006_0068.uasset" 10732
"../../../Engine/Content/EngineMaterials/Substrate/Glints2/dict_0006_0070.uasset" 10733
"../../../Engine/Content/EngineMaterials/Substrate/Glints2/dict_0006_0072.uasset" 10734
"../../../Engine/Content/EngineMaterials/Substrate/Glints2/dict_0006_0071.uasset" 10735
"../../../Engine/Content/EngineMaterials/Substrate/Glints2/dict_0006_0073.uasset" 10736
"../../../Engine/Content/EngineMaterials/Substrate/Glints2/dict_0006_0074.uasset" 10737
"/Engine/EngineMaterials/Substrate/Glints2/dict_0006_0070" 10738
"/Engine/EngineMaterials/Substrate/Glints2/dict_0006_0069" 10739
"/Engine/EngineMaterials/Substrate/Glints2/dict_0006_0068" 10740
"/Engine/EngineMaterials/Substrate/Glints2/dict_0006_0067" 10741
"/Engine/EngineMaterials/Substrate/Glints2/dict_0006_0066" 10742
"/Engine/EngineMaterials/Substrate/Glints2/dict_0006_0065" 10743
"/Engine/EngineMaterials/Substrate/Glints2/dict_0006_0064" 10744
"/Engine/EngineMaterials/Substrate/Glints2/dict_0006_0063" 10745
"../../../Engine/Content/EngineMaterials/Substrate/Glints2/dict_0006_0075.uasset" 10746
"../../../Engine/Content/EngineMaterials/Substrate/Glints2/dict_0006_0076.uasset" 10747
"../../../Engine/Content/EngineMaterials/Substrate/Glints2/dict_0006_0077.uasset" 10748
"../../../Engine/Content/EngineMaterials/Substrate/Glints2/dict_0006_0078.uasset" 10749
"../../../Engine/Content/EngineMaterials/Substrate/Glints2/dict_0006_0080.uasset" 10750
"../../../Engine/Content/EngineMaterials/Substrate/Glints2/dict_0006_0079.uasset" 10751
"../../../Engine/Content/EngineMaterials/Substrate/Glints2/dict_0006_0082.uasset" 10752
"../../../Engine/Content/EngineMaterials/Substrate/Glints2/dict_0006_0081.uasset" 10753
"../../../Engine/Content/EngineMaterials/Substrate/Glints2/dict_0006_0083.uasset" 10754
"/Engine/EngineMaterials/Substrate/Glints2/dict_0006_0078" 10755
"/Engine/EngineMaterials/Substrate/Glints2/dict_0006_0077" 10756
"/Engine/EngineMaterials/Substrate/Glints2/dict_0006_0076" 10757
"/Engine/EngineMaterials/Substrate/Glints2/dict_0006_0075" 10758
"/Engine/EngineMaterials/Substrate/Glints2/dict_0006_0073" 10759
"/Engine/EngineMaterials/Substrate/Glints2/dict_0006_0074" 10760
"/Engine/EngineMaterials/Substrate/Glints2/dict_0006_0072" 10761
"/Engine/EngineMaterials/Substrate/Glints2/dict_0006_0071" 10762
"../../../Engine/Content/EngineMaterials/Substrate/Glints2/dict_0006_0084.uasset" 10763
"../../../Engine/Content/EngineMaterials/Substrate/Glints2/dict_0006_0085.uasset" 10764
"../../../Engine/Content/EngineMaterials/Substrate/Glints2/dict_0006_0086.uasset" 10765
"../../../Engine/Content/EngineMaterials/Substrate/Glints2/dict_0006_0087.uasset" 10766
"../../../Engine/Content/EngineMaterials/Substrate/Glints2/dict_0006_0088.uasset" 10767
"../../../Engine/Content/EngineMaterials/Substrate/Glints2/dict_0006_0089.uasset" 10768
"../../../Engine/Content/EngineMaterials/Substrate/Glints2/dict_0006_0090.uasset" 10769
"../../../Engine/Content/EngineMaterials/Substrate/Glints2/dict_0006_0091.uasset" 10770
"../../../Engine/Content/EngineMaterials/Substrate/Glints2/dict_0006_0092.uasset" 10771
"../../../Engine/Content/EngineMaterials/Substrate/Glints2/dict_0006_0093.uasset" 10772
"../../../Engine/Content/EngineMaterials/Substrate/Glints2/dict_0006_0094.uasset" 10773
"/Engine/EngineMaterials/Substrate/Glints2/dict_0006_0092" 10774
"/Engine/EngineMaterials/Substrate/Glints2/dict_0006_0091" 10775
"/Engine/EngineMaterials/Substrate/Glints2/dict_0006_0090" 10776
"/Engine/EngineMaterials/Substrate/Glints2/dict_0006_0089" 10777
"/Engine/EngineMaterials/Substrate/Glints2/dict_0006_0088" 10778
"/Engine/EngineMaterials/Substrate/Glints2/dict_0006_0087" 10779
"/Engine/EngineMaterials/Substrate/Glints2/dict_0006_0086" 10780
"/Engine/EngineMaterials/Substrate/Glints2/dict_0006_0085" 10781
"/Engine/EngineMaterials/Substrate/Glints2/dict_0006_0084" 10782
"/Engine/EngineMaterials/Substrate/Glints2/dict_0006_0083" 10783
"/Engine/EngineMaterials/Substrate/Glints2/dict_0006_0082" 10784
"/Engine/EngineMaterials/Substrate/Glints2/dict_0006_0081" 10785
"/Engine/EngineMaterials/Substrate/Glints2/dict_0006_0080" 10786
"/Engine/EngineMaterials/Substrate/Glints2/dict_0006_0079" 10787
"/Engine/EngineMaterials/Substrate/Glints2/dict_0006_0094" 10788
"/Engine/EngineMaterials/Substrate/Glints2/dict_0006_0093" 10789
"../../../Engine/Content/EngineMaterials/Substrate/Glints2/dict_0006_0098.uasset" 10790
"../../../Engine/Content/EngineMaterials/Substrate/Glints2/dict_0006_0095.uasset" 10791
"../../../Engine/Content/EngineMaterials/Substrate/Glints2/dict_0006_0097.uasset" 10792
"../../../Engine/Content/EngineMaterials/Substrate/Glints2/dict_0006_0096.uasset" 10793
"../../../Engine/Content/EngineMaterials/Substrate/Glints2/dict_0006_0099.uasset" 10794
"../../../Engine/Content/EngineMaterials/Substrate/Glints2/dict_0006_0102.uasset" 10795
"../../../Engine/Content/EngineMaterials/Substrate/Glints2/dict_0006_0101.uasset" 10796
"../../../Engine/Content/EngineMaterials/Substrate/Glints2/dict_0006_0100.uasset" 10797
"../../../Engine/Content/EngineMaterials/Substrate/Glints2/dict_0006_0103.uasset" 10798
"../../../Engine/Content/EngineMaterials/Substrate/Glints2/dict_0006_0104.uasset" 10799
"../../../Engine/Content/EngineMaterials/Substrate/Glints2/dict_0006_0106.uasset" 10800
"../../../Engine/Content/EngineMaterials/Substrate/Glints2/dict_0006_0105.uasset" 10801
"/Engine/EngineMaterials/Substrate/Glints2/dict_0006_0105" 10802
"../../../Engine/Content/EngineMaterials/Substrate/Glints2/dict_0006_0107.uasset" 10803
"/Engine/EngineMaterials/Substrate/Glints2/dict_0006_0104" 10804
"/Engine/EngineMaterials/Substrate/Glints2/dict_0006_0103" 10805
"/Engine/EngineMaterials/Substrate/Glints2/dict_0006_0102" 10806
"/Engine/EngineMaterials/Substrate/Glints2/dict_0006_0101" 10807
"/Engine/EngineMaterials/Substrate/Glints2/dict_0006_0100" 10808
"/Engine/EngineMaterials/Substrate/Glints2/dict_0006_0099" 10809
"/Engine/EngineMaterials/Substrate/Glints2/dict_0006_0098" 10810
"/Engine/EngineMaterials/Substrate/Glints2/dict_0006_0097" 10811
"/Engine/EngineMaterials/Substrate/Glints2/dict_0006_0096" 10812
"/Engine/EngineMaterials/Substrate/Glints2/dict_0006_0095" 10813
"/Engine/EngineMaterials/Substrate/Glints2/dict_0006_0106" 10814
"../../../Engine/Content/EngineMaterials/Substrate/Glints2/dict_0006_0109.uasset" 10815
"../../../Engine/Content/EngineMaterials/Substrate/Glints2/dict_0006_0108.uasset" 10816
"../../../Engine/Content/EngineMaterials/Substrate/Glints2/dict_0006_0110.uasset" 10817
"../../../Engine/Content/EngineMaterials/Substrate/Glints2/dict_0006_0111.uasset" 10818
"../../../Engine/Content/EngineMaterials/Substrate/Glints2/dict_0006_0112.uasset" 10819
"../../../Engine/Content/EngineMaterials/Substrate/Glints2/dict_0006_0113.uasset" 10820
"../../../Engine/Content/EngineMaterials/Substrate/Glints2/dict_0006_0114.uasset" 10821
"/Engine/EngineMaterials/Substrate/Glints2/dict_0006_0110" 10822
"/Engine/EngineMaterials/Substrate/Glints2/dict_0006_0109" 10823
"/Engine/EngineMaterials/Substrate/Glints2/dict_0006_0108" 10824
"/Engine/EngineMaterials/Substrate/Glints2/dict_0006_0107" 10825
"../../../Engine/Content/EngineMaterials/Substrate/Glints2/dict_0006_0115.uasset" 10826
"../../../Engine/Content/EngineMaterials/Substrate/Glints2/dict_0006_0116.uasset" 10827
"../../../Engine/Content/EngineMaterials/Substrate/Glints2/dict_0006_0117.uasset" 10828
"../../../Engine/Content/EngineMaterials/Substrate/Glints2/dict_0006_0118.uasset" 10829
"../../../Engine/Content/EngineMaterials/Substrate/Glints2/dict_0006_0119.uasset" 10830
"/Engine/EngineMaterials/Substrate/Glints2/dict_0006_0114" 10831
"../../../Engine/Content/EngineMaterials/Substrate/Glints2/dict_0006_0120.uasset" 10832
"../../../Engine/Content/EngineMaterials/Substrate/Glints2/dict_0006_0121.uasset" 10833
"/Engine/EngineMaterials/Substrate/Glints2/dict_0006_0113" 10834
"/Engine/EngineMaterials/Substrate/Glints2/dict_0006_0112" 10835
"/Engine/EngineMaterials/Substrate/Glints2/dict_0006_0111" 10836
"/Engine/EngineMaterials/Substrate/Glints2/dict_0006_0116" 10837
"/Engine/EngineMaterials/Substrate/Glints2/dict_0006_0115" 10838
"../../../Engine/Content/EngineMaterials/Substrate/Glints2/dict_0006_0122.uasset" 10839
"../../../Engine/Content/EngineMaterials/Substrate/Glints2/dict_0006_0123.uasset" 10840
"../../../Engine/Content/EngineMaterials/Substrate/Glints2/dict_0006_0124.uasset" 10841
"../../../Engine/Content/EngineMaterials/Substrate/Glints2/dict_0006_0126.uasset" 10842
"../../../Engine/Content/EngineMaterials/Substrate/Glints2/dict_0006_0125.uasset" 10843
"/Engine/EngineMaterials/Substrate/Glints2/dict_0006_0122" 10844
"/Engine/EngineMaterials/Substrate/Glints2/dict_0006_0121" 10845
"/Engine/EngineMaterials/Substrate/Glints2/dict_0006_0120" 10846
"/Engine/EngineMaterials/Substrate/Glints2/dict_0006_0119" 10847
"/Engine/EngineMaterials/Substrate/Glints2/dict_0006_0118" 10848
"/Engine/EngineMaterials/Substrate/Glints2/dict_0006_0117" 10849
"../../../Engine/Content/EngineMaterials/Substrate/Glints2/dict_0006_0128.uasset" 10850
"../../../Engine/Content/EngineMaterials/Substrate/Glints2/dict_0006_0127.uasset" 10851
"../../../Engine/Content/EngineMaterials/Substrate/Glints2/dict_0006_0130.uasset" 10852
"../../../Engine/Content/EngineMaterials/Substrate/Glints2/dict_0006_0129.uasset" 10853
"/Engine/EngineMaterials/Substrate/Glints2/dict_0006_0126" 10854
"/Engine/EngineMaterials/Substrate/Glints2/dict_0006_0125" 10855
"/Engine/EngineMaterials/Substrate/Glints2/dict_0006_0124" 10856
"/Engine/EngineMaterials/Substrate/Glints2/dict_0006_0123" 10857
"../../../Engine/Content/EngineMaterials/Substrate/Glints2/dict_0006_0131.uasset" 10858
"../../../Engine/Content/EngineMaterials/Substrate/Glints2/dict_0006_0132.uasset" 10859
"../../../Engine/Content/EngineMaterials/Substrate/Glints2/dict_0006_0133.uasset" 10860
"../../../Engine/Content/EngineMaterials/Substrate/Glints2/dict_0006_0134.uasset" 10861
"../../../Engine/Content/EngineMaterials/Substrate/Glints2/dict_0006_0135.uasset" 10862
"../../../Engine/Content/EngineMaterials/Substrate/Glints2/dict_0006_0137.uasset" 10863
"../../../Engine/Content/EngineMaterials/Substrate/Glints2/dict_0006_0138.uasset" 10864
"../../../Engine/Content/EngineMaterials/Substrate/Glints2/dict_0006_0136.uasset" 10865
"/Engine/EngineMaterials/Substrate/Glints2/dict_0006_0134" 10866
"/Engine/EngineMaterials/Substrate/Glints2/dict_0006_0133" 10867
"/Engine/EngineMaterials/Substrate/Glints2/dict_0006_0132" 10868
"/Engine/EngineMaterials/Substrate/Glints2/dict_0006_0131" 10869
"/Engine/EngineMaterials/Substrate/Glints2/dict_0006_0130" 10870
"/Engine/EngineMaterials/Substrate/Glints2/dict_0006_0129" 10871
"/Engine/EngineMaterials/Substrate/Glints2/dict_0006_0128" 10872
"/Engine/EngineMaterials/Substrate/Glints2/dict_0006_0127" 10873
"../../../Engine/Content/EngineMaterials/Substrate/Glints2/dict_0006_0139.uasset" 10874
"../../../Engine/Content/EngineMaterials/Substrate/Glints2/dict_0006_0140.uasset" 10875
"../../../Engine/Content/EngineMaterials/Substrate/Glints2/dict_0006_0142.uasset" 10876
"../../../Engine/Content/EngineMaterials/Substrate/Glints2/dict_0006_0141.uasset" 10877
"/Engine/EngineMaterials/Substrate/Glints2/dict_0006_0142" 10878
"/Engine/EngineMaterials/Substrate/Glints2/dict_0006_0141" 10879
"/Engine/EngineMaterials/Substrate/Glints2/dict_0006_0140" 10880
"/Engine/EngineMaterials/Substrate/Glints2/dict_0006_0139" 10881
"/Engine/EngineMaterials/Substrate/Glints2/dict_0006_0138" 10882
"/Engine/EngineMaterials/Substrate/Glints2/dict_0006_0137" 10883
"/Engine/EngineMaterials/Substrate/Glints2/dict_0006_0136" 10884
"/Engine/EngineMaterials/Substrate/Glints2/dict_0006_0135" 10885
"../../../Engine/Content/EngineMaterials/Substrate/Glints2/dict_0006_0145.uasset" 10886
"../../../Engine/Content/EngineMaterials/Substrate/Glints2/dict_0006_0146.uasset" 10887
"../../../Engine/Content/EngineMaterials/Substrate/Glints2/dict_0006_0143.uasset" 10888
"../../../Engine/Content/EngineMaterials/Substrate/Glints2/dict_0006_0144.uasset" 10889
"../../../Engine/Content/EngineMaterials/Substrate/Glints2/dict_0006_0147.uasset" 10890
"../../../Engine/Content/EngineMaterials/Substrate/Glints2/dict_0006_0148.uasset" 10891
"../../../Engine/Content/EngineMaterials/Substrate/Glints2/dict_0006_0149.uasset" 10892
"../../../Engine/Content/EngineMaterials/Substrate/Glints2/dict_0006_0150.uasset" 10893
"../../../Engine/Content/EngineMaterials/Substrate/Glints2/dict_0006_0151.uasset" 10894
"/Engine/EngineMaterials/Substrate/Glints2/dict_0006_0147" 10895
"/Engine/EngineMaterials/Substrate/Glints2/dict_0006_0146" 10896
"../../../Engine/Content/EngineMaterials/Substrate/Glints2/dict_0006_0153.uasset" 10897
"../../../Engine/Content/EngineMaterials/Substrate/Glints2/dict_0006_0154.uasset" 10898
"../../../Engine/Content/EngineMaterials/Substrate/Glints2/dict_0006_0152.uasset" 10899
"/Engine/EngineMaterials/Substrate/Glints2/dict_0006_0145" 10900
"/Engine/EngineMaterials/Substrate/Glints2/dict_0006_0144" 10901
"/Engine/EngineMaterials/Substrate/Glints2/dict_0006_0143" 10902
"/Engine/EngineMaterials/Substrate/Glints2/dict_0006_0150" 10903
"/Engine/EngineMaterials/Substrate/Glints2/dict_0006_0149" 10904
"/Engine/EngineMaterials/Substrate/Glints2/dict_0006_0148" 10905
"../../../Engine/Content/EngineMaterials/Substrate/Glints2/dict_0006_0155.uasset" 10906
"../../../Engine/Content/EngineMaterials/Substrate/Glints2/dict_0006_0157.uasset" 10907
"../../../Engine/Content/EngineMaterials/Substrate/Glints2/dict_0006_0158.uasset" 10908
"../../../Engine/Content/EngineMaterials/Substrate/Glints2/dict_0006_0156.uasset" 10909
"../../../Engine/Content/EngineMaterials/Substrate/Glints2/dict_0006_0159.uasset" 10910
"../../../Engine/Content/EngineMaterials/Substrate/Glints2/dict_0006_0161.uasset" 10911
"../../../Engine/Content/EngineMaterials/Substrate/Glints2/dict_0006_0162.uasset" 10912
"../../../Engine/Content/EngineMaterials/Substrate/Glints2/dict_0006_0160.uasset" 10913
"../../../Engine/Content/EngineMaterials/Substrate/Glints2/dict_0006_0163.uasset" 10914
"../../../Engine/Content/EngineMaterials/Substrate/Glints2/dict_0006_0164.uasset" 10915
"/Engine/EngineMaterials/Substrate/Glints2/dict_0006_0158" 10916
"/Engine/EngineMaterials/Substrate/Glints2/dict_0006_0157" 10917
"/Engine/EngineMaterials/Substrate/Glints2/dict_0006_0156" 10918
"/Engine/EngineMaterials/Substrate/Glints2/dict_0006_0155" 10919
"/Engine/EngineMaterials/Substrate/Glints2/dict_0006_0154" 10920
"../../../Engine/Content/EngineMaterials/Substrate/Glints2/dict_0006_0165.uasset" 10921
"/Engine/EngineMaterials/Substrate/Glints2/dict_0006_0162" 10922
"/Engine/EngineMaterials/Substrate/Glints2/dict_0006_0153" 10923
"/Engine/EngineMaterials/Substrate/Glints2/dict_0006_0152" 10924
"../../../Engine/Content/EngineMaterials/Substrate/Glints2/dict_0006_0166.uasset" 10925
"/Engine/EngineMaterials/Substrate/Glints2/dict_0006_0151" 10926
"/Engine/EngineMaterials/Substrate/Glints2/dict_0006_0161" 10927
"/Engine/EngineMaterials/Substrate/Glints2/dict_0006_0159" 10928
"../../../Engine/Content/EngineMaterials/Substrate/Glints2/dict_0006_0168.uasset" 10929
"../../../Engine/Content/EngineMaterials/Substrate/Glints2/dict_0006_0169.uasset" 10930
"../../../Engine/Content/EngineMaterials/Substrate/Glints2/dict_0006_0167.uasset" 10931
"../../../Engine/Content/EngineMaterials/Substrate/Glints2/dict_0006_0170.uasset" 10932
"../../../Engine/Content/EngineMaterials/Substrate/Glints2/dict_0006_0171.uasset" 10933
"/Engine/EngineMaterials/Substrate/Glints2/dict_0006_0166" 10934
"/Engine/EngineMaterials/Substrate/Glints2/dict_0006_0165" 10935
"/Engine/EngineMaterials/Substrate/Glints2/dict_0006_0164" 10936
"/Engine/EngineMaterials/Substrate/Glints2/dict_0006_0163" 10937
"/Engine/EngineMaterials/Substrate/Glints2/dict_0006_0160" 10938
"../../../Engine/Content/EngineMaterials/Substrate/Glints2/dict_0006_0172.uasset" 10939
"../../../Engine/Content/EngineMaterials/Substrate/Glints2/dict_0006_0174.uasset" 10940
"../../../Engine/Content/EngineMaterials/Substrate/Glints2/dict_0006_0173.uasset" 10941
"/Engine/EngineMaterials/Substrate/Glints2/dict_0006_0174" 10942
"/Engine/EngineMaterials/Substrate/Glints2/dict_0006_0173" 10943
"/Engine/EngineMaterials/Substrate/Glints2/dict_0006_0172" 10944
"/Engine/EngineMaterials/Substrate/Glints2/dict_0006_0171" 10945
"/Engine/EngineMaterials/Substrate/Glints2/dict_0006_0170" 10946
"/Engine/EngineMaterials/Substrate/Glints2/dict_0006_0169" 10947
"/Engine/EngineMaterials/Substrate/Glints2/dict_0006_0168" 10948
"/Engine/EngineMaterials/Substrate/Glints2/dict_0006_0167" 10949
"../../../Engine/Content/EngineMaterials/Substrate/Glints2/dict_0006_0176.uasset" 10950
"../../../Engine/Content/EngineMaterials/Substrate/Glints2/dict_0006_0175.uasset" 10951
"../../../Engine/Content/EngineMaterials/Substrate/Glints2/dict_0006_0177.uasset" 10952
"../../../Engine/Content/EngineMaterials/Substrate/Glints2/dict_0006_0178.uasset" 10953
"../../../Engine/Content/EngineMaterials/Substrate/Glints2/dict_0006_0179.uasset" 10954
"../../../Engine/Content/EngineMaterials/Substrate/Glints2/dict_0006_0181.uasset" 10955
"../../../Engine/Content/EngineMaterials/Substrate/Glints2/dict_0006_0180.uasset" 10956
"../../../Engine/Content/EngineMaterials/Substrate/Glints2/dict_0006_0182.uasset" 10957
"/Engine/EngineMaterials/Substrate/Glints2/dict_0006_0179" 10958
"/Engine/EngineMaterials/Substrate/Glints2/dict_0006_0178" 10959
"/Engine/EngineMaterials/Substrate/Glints2/dict_0006_0177" 10960
"/Engine/EngineMaterials/Substrate/Glints2/dict_0006_0176" 10961
"/Engine/EngineMaterials/Substrate/Glints2/dict_0006_0175" 10962
"../../../Engine/Content/EngineMaterials/Substrate/Glints2/dict_0006_0183.uasset" 10963
"../../../Engine/Content/EngineMaterials/Substrate/Glints2/dict_0006_0184.uasset" 10964
"../../../Engine/Content/EngineMaterials/Substrate/Glints2/dict_0006_0185.uasset" 10965
"../../../Engine/Content/EngineMaterials/Substrate/Glints2/dict_0006_0186.uasset" 10966
"../../../Engine/Content/EngineMaterials/Substrate/Glints2/dict_0006_0188.uasset" 10967
"../../../Engine/Content/EngineMaterials/Substrate/Glints2/dict_0006_0190.uasset" 10968
"../../../Engine/Content/EngineMaterials/Substrate/Glints2/dict_0006_0189.uasset" 10969
"../../../Engine/Content/EngineMaterials/Substrate/Glints2/dict_0006_0187.uasset" 10970
"/Engine/EngineMaterials/Substrate/Glints2/dict_0006_0186" 10971
"/Engine/EngineMaterials/Substrate/Glints2/dict_0006_0185" 10972
"/Engine/EngineMaterials/Substrate/Glints2/dict_0006_0184" 10973
"/Engine/EngineMaterials/Substrate/Glints2/dict_0006_0183" 10974
"/Engine/EngineMaterials/Substrate/Glints2/dict_0006_0182" 10975
"/Engine/EngineMaterials/Substrate/Glints2/dict_0006_0181" 10976
"/Engine/EngineMaterials/Substrate/Glints2/dict_0006_0180" 10977
"/Engine/EngineMaterials/Substrate/Glints2/dict_0006_0190" 10978
"/Engine/EngineMaterials/Substrate/Glints2/dict_0006_0189" 10979
"/Engine/EngineMaterials/Substrate/Glints2/dict_0006_0188" 10980
"/Engine/EngineMaterials/Substrate/Glints2/dict_0006_0187" 10981
"../../../Engine/Content/EngineMaterials/Substrate/Glints2/dict_0006_0191.uasset" 10982
"../../../Engine/Content/EngineMaterials/Substrate/Glints2/dict_0006_0192.uasset" 10983
"../../../Engine/Content/EngineMaterials/Substrate/Glints2/dict_0006_0194.uasset" 10984
"../../../Engine/Content/EngineMaterials/Substrate/Glints2/dict_0006_0193.uasset" 10985
"../../../Engine/Content/EngineMaterials/Substrate/Glints2/dict_0006_0195.uasset" 10986
"../../../Engine/Content/EngineMaterials/Substrate/Glints2/dict_0006_0197.uasset" 10987
"../../../Engine/Content/EngineMaterials/Substrate/Glints2/dict_0006_0196.uasset" 10988
"../../../Engine/Content/EngineMaterials/Substrate/Glints2/dict_0006_0198.uasset" 10989
"../../../Engine/Content/EngineMaterials/Substrate/Glints2/dict_0006_0200.uasset" 10990
"../../../Engine/Content/EngineMaterials/Substrate/Glints2/dict_0006_0199.uasset" 10991
"../../../Engine/Content/EngineMaterials/Substrate/Glints2/dict_0006_0201.uasset" 10992
"../../../Engine/Content/EngineMaterials/Substrate/Glints2/dict_0006_0202.uasset" 10993
"/Engine/EngineMaterials/Substrate/Glints2/dict_0006_0191" 10994
"/Engine/EngineMaterials/Substrate/Glints2/dict_0006_0198" 10995
"/Engine/EngineMaterials/Substrate/Glints2/dict_0006_0197" 10996
"/Engine/EngineMaterials/Substrate/Glints2/dict_0006_0196" 10997
"/Engine/EngineMaterials/Substrate/Glints2/dict_0006_0195" 10998
"/Engine/EngineMaterials/Substrate/Glints2/dict_0006_0193" 10999
"/Engine/EngineMaterials/Substrate/Glints2/dict_0006_0194" 11000
"/Engine/EngineMaterials/Substrate/Glints2/dict_0006_0192" 11001
"../../../Engine/Content/EngineMaterials/Substrate/Glints2/dict_0006_0203.uasset" 11002
"../../../Engine/Content/EngineMaterials/Substrate/Glints2/dict_0006_0204.uasset" 11003
"../../../Engine/Content/EngineMaterials/Substrate/Glints2/dict_0006_0206.uasset" 11004
"../../../Engine/Content/EngineMaterials/Substrate/Glints2/dict_0006_0205.uasset" 11005
"/Engine/EngineMaterials/Substrate/Glints2/dict_0006_0202" 11006
"/Engine/EngineMaterials/Substrate/Glints2/dict_0006_0201" 11007
"/Engine/EngineMaterials/Substrate/Glints2/dict_0006_0200" 11008
"/Engine/EngineMaterials/Substrate/Glints2/dict_0006_0199" 11009
"/Engine/EngineMaterials/Substrate/Glints2/dict_0006_0206" 11010
"/Engine/EngineMaterials/Substrate/Glints2/dict_0006_0205" 11011
"/Engine/EngineMaterials/Substrate/Glints2/dict_0006_0204" 11012
"/Engine/EngineMaterials/Substrate/Glints2/dict_0006_0203" 11013
"../../../Engine/Content/EngineMaterials/Substrate/Glints2/dict_0006_0211.uasset" 11014
"../../../Engine/Content/EngineMaterials/Substrate/Glints2/dict_0006_0208.uasset" 11015
"../../../Engine/Content/EngineMaterials/Substrate/Glints2/dict_0006_0210.uasset" 11016
"../../../Engine/Content/EngineMaterials/Substrate/Glints2/dict_0006_0209.uasset" 11017
"../../../Engine/Content/EngineMaterials/Substrate/Glints2/dict_0006_0207.uasset" 11018
"../../../Engine/Content/EngineMaterials/Substrate/Glints2/dict_0006_0212.uasset" 11019
"../../../Engine/Content/EngineMaterials/Substrate/Glints2/dict_0006_0213.uasset" 11020
"../../../Engine/Content/EngineMaterials/Substrate/Glints2/dict_0006_0214.uasset" 11021
"../../../Engine/Content/EngineMaterials/Substrate/Glints2/dict_0006_0216.uasset" 11022
"../../../Engine/Content/EngineMaterials/Substrate/Glints2/dict_0006_0215.uasset" 11023
"../../../Engine/Content/EngineMaterials/Substrate/Glints2/dict_0006_0217.uasset" 11024
"../../../Engine/Content/EngineMaterials/Substrate/Glints2/dict_0006_0218.uasset" 11025
"/Engine/EngineMaterials/Substrate/Glints2/dict_0006_0214" 11026
"/Engine/EngineMaterials/Substrate/Glints2/dict_0006_0213" 11027
"/Engine/EngineMaterials/Substrate/Glints2/dict_0006_0212" 11028
"/Engine/EngineMaterials/Substrate/Glints2/dict_0006_0211" 11029
"/Engine/EngineMaterials/Substrate/Glints2/dict_0006_0210" 11030
"/Engine/EngineMaterials/Substrate/Glints2/dict_0006_0209" 11031
"/Engine/EngineMaterials/Substrate/Glints2/dict_0006_0208" 11032
"/Engine/EngineMaterials/Substrate/Glints2/dict_0006_0207" 11033
"../../../Engine/Content/EngineMaterials/Substrate/Glints2/dict_0006_0221.uasset" 11034
"../../../Engine/Content/EngineMaterials/Substrate/Glints2/dict_0006_0219.uasset" 11035
"../../../Engine/Content/EngineMaterials/Substrate/Glints2/dict_0006_0222.uasset" 11036
"/Engine/EngineMaterials/Substrate/Glints2/dict_0006_0218" 11037
"/Engine/EngineMaterials/Substrate/Glints2/dict_0006_0217" 11038
"/Engine/EngineMaterials/Substrate/Glints2/dict_0006_0216" 11039
"/Engine/EngineMaterials/Substrate/Glints2/dict_0006_0215" 11040
"../../../Engine/Content/EngineMaterials/Substrate/Glints2/dict_0006_0220.uasset" 11041
"/Engine/EngineMaterials/Substrate/Glints2/dict_0006_0222" 11042
"/Engine/EngineMaterials/Substrate/Glints2/dict_0006_0221" 11043
"/Engine/EngineMaterials/Substrate/Glints2/dict_0006_0219" 11044
"../../../Engine/Content/EngineMaterials/Substrate/Glints2/dict_0006_0223.uasset" 11045
"../../../Engine/Content/EngineMaterials/Substrate/Glints2/dict_0006_0224.uasset" 11046
"../../../Engine/Content/EngineMaterials/Substrate/Glints2/dict_0006_0226.uasset" 11047
"../../../Engine/Content/EngineMaterials/Substrate/Glints2/dict_0006_0225.uasset" 11048
"/Engine/EngineMaterials/Substrate/Glints2/dict_0006_0220" 11049
"../../../Engine/Content/EngineMaterials/Substrate/Glints2/dict_0006_0227.uasset" 11050
"/Engine/EngineMaterials/Substrate/Glints2/dict_0006_0226" 11051
"/Engine/EngineMaterials/Substrate/Glints2/dict_0006_0225" 11052
"/Engine/EngineMaterials/Substrate/Glints2/dict_0006_0224" 11053
"/Engine/EngineMaterials/Substrate/Glints2/dict_0006_0223" 11054
"../../../Engine/Content/EngineMaterials/Substrate/Glints2/dict_0006_0230.uasset" 11055
"../../../Engine/Content/EngineMaterials/Substrate/Glints2/dict_0006_0229.uasset" 11056
"../../../Engine/Content/EngineMaterials/Substrate/Glints2/dict_0006_0228.uasset" 11057
"../../../Engine/Content/EngineMaterials/Substrate/Glints2/dict_0006_0231.uasset" 11058
"../../../Engine/Content/EngineMaterials/Substrate/Glints2/dict_0006_0232.uasset" 11059
"/Engine/EngineMaterials/Substrate/Glints2/dict_0006_0227" 11060
"../../../Engine/Content/EngineMaterials/Substrate/Glints2/dict_0006_0233.uasset" 11061
"../../../Engine/Content/EngineMaterials/Substrate/Glints2/dict_0006_0234.uasset" 11062
"/Engine/EngineMaterials/Substrate/Glints2/dict_0006_0230" 11063
"/Engine/EngineMaterials/Substrate/Glints2/dict_0006_0232" 11064
"/Engine/EngineMaterials/Substrate/Glints2/dict_0006_0231" 11065
"/Engine/EngineMaterials/Substrate/Glints2/dict_0006_0229" 11066
"/Engine/EngineMaterials/Substrate/Glints2/dict_0006_0228" 11067
"../../../Engine/Content/EngineMaterials/Substrate/Glints2/dict_0006_0235.uasset" 11068
"../../../Engine/Content/EngineMaterials/Substrate/Glints2/dict_0006_0238.uasset" 11069
"../../../Engine/Content/EngineMaterials/Substrate/Glints2/dict_0006_0236.uasset" 11070
"../../../Engine/Content/EngineMaterials/Substrate/Glints2/dict_0006_0237.uasset" 11071
"/Engine/EngineMaterials/Substrate/Glints2/dict_0006_0234" 11072
"/Engine/EngineMaterials/Substrate/Glints2/dict_0006_0233" 11073
"/Engine/EngineMaterials/Substrate/Glints2/dict_0006_0238" 11074
"/Engine/EngineMaterials/Substrate/Glints2/dict_0006_0237" 11075
"/Engine/EngineMaterials/Substrate/Glints2/dict_0006_0236" 11076
"/Engine/EngineMaterials/Substrate/Glints2/dict_0006_0235" 11077
"../../../Engine/Content/EngineMaterials/Substrate/Glints2/dict_0006_0243.uasset" 11078
"../../../Engine/Content/EngineMaterials/Substrate/Glints2/dict_0006_0240.uasset" 11079
"../../../Engine/Content/EngineMaterials/Substrate/Glints2/dict_0006_0239.uasset" 11080
"../../../Engine/Content/EngineMaterials/Substrate/Glints2/dict_0006_0242.uasset" 11081
"../../../Engine/Content/EngineMaterials/Substrate/Glints2/dict_0006_0241.uasset" 11082
"../../../Engine/Content/EngineMaterials/Substrate/Glints2/dict_0006_0245.uasset" 11083
"../../../Engine/Content/EngineMaterials/Substrate/Glints2/dict_0006_0244.uasset" 11084
"../../../Engine/Content/EngineMaterials/Substrate/Glints2/dict_0006_0246.uasset" 11085
"/Engine/EngineMaterials/Substrate/Glints2/dict_0006_0243" 11086
"/Engine/EngineMaterials/Substrate/Glints2/dict_0006_0242" 11087
"/Engine/EngineMaterials/Substrate/Glints2/dict_0006_0241" 11088
"/Engine/EngineMaterials/Substrate/Glints2/dict_0006_0240" 11089
"/Engine/EngineMaterials/Substrate/Glints2/dict_0006_0239" 11090
"../../../Engine/Content/EngineMaterials/Substrate/Glints2/dict_0006_0248.uasset" 11091
"../../../Engine/Content/EngineMaterials/Substrate/Glints2/dict_0006_0247.uasset" 11092
"../../../Engine/Content/EngineMaterials/Substrate/Glints2/dict_0006_0249.uasset" 11093
"../../../Engine/Content/EngineMaterials/Substrate/Glints2/dict_0006_0250.uasset" 11094
"/Engine/EngineMaterials/Substrate/Glints2/dict_0006_0246" 11095
"/Engine/EngineMaterials/Substrate/Glints2/dict_0006_0245" 11096
"/Engine/EngineMaterials/Substrate/Glints2/dict_0006_0244" 11097
"../../../Engine/Content/EngineMaterials/Substrate/Glints2/dict_0006_0251.uasset" 11098
"../../../Engine/Content/EngineMaterials/Substrate/Glints2/dict_0006_0252.uasset" 11099
"../../../Engine/Content/EngineMaterials/Substrate/Glints2/dict_0006_0253.uasset" 11100
"../../../Engine/Content/EngineMaterials/Substrate/Glints2/dict_0006_0254.uasset" 11101
"/Engine/EngineMaterials/Substrate/Glints2/dict_0006_0250" 11102
"/Engine/EngineMaterials/Substrate/Glints2/dict_0006_0249" 11103
"/Engine/EngineMaterials/Substrate/Glints2/dict_0006_0248" 11104
"/Engine/EngineMaterials/Substrate/Glints2/dict_0006_0247" 11105
"/Engine/EngineMaterials/Substrate/Glints2/dict_0006_0253" 11106
"/Engine/EngineMaterials/Substrate/Glints2/dict_0006_0252" 11107
"/Engine/EngineMaterials/Substrate/Glints2/dict_0006_0254" 11108
"/Engine/EngineMaterials/Substrate/Glints2/dict_0006_0251" 11109
"../../../Engine/Content/EngineMaterials/Substrate/Glints2/dict_0007_0003.uasset" 11110
"../../../Engine/Content/EngineMaterials/Substrate/Glints2/dict_0007_0001.uasset" 11111
"../../../Engine/Content/EngineMaterials/Substrate/Glints2/dict_0007_0000.uasset" 11112
"../../../Engine/Content/EngineMaterials/Substrate/Glints2/dict_0007_0002.uasset" 11113
"../../../Engine/Content/EngineMaterials/Substrate/Glints2/dict_0006_0255.uasset" 11114
"../../../Engine/Content/EngineMaterials/Substrate/Glints2/dict_0007_0004.uasset" 11115
"../../../Engine/Content/EngineMaterials/Substrate/Glints2/dict_0007_0005.uasset" 11116
"../../../Engine/Content/EngineMaterials/Substrate/Glints2/dict_0007_0006.uasset" 11117
"/Engine/EngineMaterials/Substrate/Glints2/dict_0007_0003" 11118
"/Engine/EngineMaterials/Substrate/Glints2/dict_0007_0002" 11119
"/Engine/EngineMaterials/Substrate/Glints2/dict_0007_0001" 11120
"/Engine/EngineMaterials/Substrate/Glints2/dict_0007_0000" 11121
"/Engine/EngineMaterials/Substrate/Glints2/dict_0006_0255" 11122
"../../../Engine/Content/EngineMaterials/Substrate/Glints2/dict_0007_0007.uasset" 11123
"../../../Engine/Content/EngineMaterials/Substrate/Glints2/dict_0007_0010.uasset" 11124
"../../../Engine/Content/EngineMaterials/Substrate/Glints2/dict_0007_0008.uasset" 11125
"../../../Engine/Content/EngineMaterials/Substrate/Glints2/dict_0007_0009.uasset" 11126
"/Engine/EngineMaterials/Substrate/Glints2/dict_0007_0006" 11127
"/Engine/EngineMaterials/Substrate/Glints2/dict_0007_0005" 11128
"/Engine/EngineMaterials/Substrate/Glints2/dict_0007_0004" 11129
"../../../Engine/Content/EngineMaterials/Substrate/Glints2/dict_0007_0011.uasset" 11130
"../../../Engine/Content/EngineMaterials/Substrate/Glints2/dict_0007_0013.uasset" 11131
"../../../Engine/Content/EngineMaterials/Substrate/Glints2/dict_0007_0012.uasset" 11132
"../../../Engine/Content/EngineMaterials/Substrate/Glints2/dict_0007_0014.uasset" 11133
"/Engine/EngineMaterials/Substrate/Glints2/dict_0007_0008" 11134
"/Engine/EngineMaterials/Substrate/Glints2/dict_0007_0010" 11135
"/Engine/EngineMaterials/Substrate/Glints2/dict_0007_0009" 11136
"/Engine/EngineMaterials/Substrate/Glints2/dict_0007_0007" 11137
"/Engine/EngineMaterials/Substrate/Glints2/dict_0007_0014" 11138
"/Engine/EngineMaterials/Substrate/Glints2/dict_0007_0013" 11139
"/Engine/EngineMaterials/Substrate/Glints2/dict_0007_0012" 11140
"/Engine/EngineMaterials/Substrate/Glints2/dict_0007_0011" 11141
"../../../Engine/Content/EngineMaterials/Substrate/Glints2/dict_0007_0019.uasset" 11142
"../../../Engine/Content/EngineMaterials/Substrate/Glints2/dict_0007_0015.uasset" 11143
"../../../Engine/Content/EngineMaterials/Substrate/Glints2/dict_0007_0016.uasset" 11144
"../../../Engine/Content/EngineMaterials/Substrate/Glints2/dict_0007_0017.uasset" 11145
"../../../Engine/Content/EngineMaterials/Substrate/Glints2/dict_0007_0018.uasset" 11146
"../../../Engine/Content/EngineMaterials/Substrate/Glints2/dict_0007_0020.uasset" 11147
"../../../Engine/Content/EngineMaterials/Substrate/Glints2/dict_0007_0021.uasset" 11148
"../../../Engine/Content/EngineMaterials/Substrate/Glints2/dict_0007_0022.uasset" 11149
"/Engine/EngineMaterials/Substrate/Glints2/dict_0007_0019" 11150
"/Engine/EngineMaterials/Substrate/Glints2/dict_0007_0018" 11151
"/Engine/EngineMaterials/Substrate/Glints2/dict_0007_0017" 11152
"/Engine/EngineMaterials/Substrate/Glints2/dict_0007_0016" 11153
"/Engine/EngineMaterials/Substrate/Glints2/dict_0007_0015" 11154
"../../../Engine/Content/EngineMaterials/Substrate/Glints2/dict_0007_0024.uasset" 11155
"../../../Engine/Content/EngineMaterials/Substrate/Glints2/dict_0007_0023.uasset" 11156
"../../../Engine/Content/EngineMaterials/Substrate/Glints2/dict_0007_0025.uasset" 11157
"../../../Engine/Content/EngineMaterials/Substrate/Glints2/dict_0007_0026.uasset" 11158
"/Engine/EngineMaterials/Substrate/Glints2/dict_0007_0022" 11159
"/Engine/EngineMaterials/Substrate/Glints2/dict_0007_0021" 11160
"/Engine/EngineMaterials/Substrate/Glints2/dict_0007_0020" 11161
"../../../Engine/Content/EngineMaterials/Substrate/Glints2/dict_0007_0028.uasset" 11162
"../../../Engine/Content/EngineMaterials/Substrate/Glints2/dict_0007_0027.uasset" 11163
"../../../Engine/Content/EngineMaterials/Substrate/Glints2/dict_0007_0030.uasset" 11164
"../../../Engine/Content/EngineMaterials/Substrate/Glints2/dict_0007_0029.uasset" 11165
"/Engine/EngineMaterials/Substrate/Glints2/dict_0007_0026" 11166
"/Engine/EngineMaterials/Substrate/Glints2/dict_0007_0025" 11167
"/Engine/EngineMaterials/Substrate/Glints2/dict_0007_0024" 11168
"/Engine/EngineMaterials/Substrate/Glints2/dict_0007_0023" 11169
"/Engine/EngineMaterials/Substrate/Glints2/dict_0007_0030" 11170
"/Engine/EngineMaterials/Substrate/Glints2/dict_0007_0029" 11171
"/Engine/EngineMaterials/Substrate/Glints2/dict_0007_0028" 11172
"/Engine/EngineMaterials/Substrate/Glints2/dict_0007_0027" 11173
"../../../Engine/Content/EngineMaterials/Substrate/Glints2/dict_0007_0035.uasset" 11174
"../../../Engine/Content/EngineMaterials/Substrate/Glints2/dict_0007_0032.uasset" 11175
"../../../Engine/Content/EngineMaterials/Substrate/Glints2/dict_0007_0031.uasset" 11176
"../../../Engine/Content/EngineMaterials/Substrate/Glints2/dict_0007_0033.uasset" 11177
"../../../Engine/Content/EngineMaterials/Substrate/Glints2/dict_0007_0034.uasset" 11178
"../../../Engine/Content/EngineMaterials/Substrate/Glints2/dict_0007_0038.uasset" 11179
"../../../Engine/Content/EngineMaterials/Substrate/Glints2/dict_0007_0036.uasset" 11180
"../../../Engine/Content/EngineMaterials/Substrate/Glints2/dict_0007_0037.uasset" 11181
"/Engine/EngineMaterials/Substrate/Glints2/dict_0007_0035" 11182
"/Engine/EngineMaterials/Substrate/Glints2/dict_0007_0034" 11183
"/Engine/EngineMaterials/Substrate/Glints2/dict_0007_0033" 11184
"/Engine/EngineMaterials/Substrate/Glints2/dict_0007_0032" 11185
"/Engine/EngineMaterials/Substrate/Glints2/dict_0007_0031" 11186
"../../../Engine/Content/EngineMaterials/Substrate/Glints2/dict_0007_0039.uasset" 11187
"../../../Engine/Content/EngineMaterials/Substrate/Glints2/dict_0007_0040.uasset" 11188
"../../../Engine/Content/EngineMaterials/Substrate/Glints2/dict_0007_0041.uasset" 11189
"../../../Engine/Content/EngineMaterials/Substrate/Glints2/dict_0007_0042.uasset" 11190
"/Engine/EngineMaterials/Substrate/Glints2/dict_0007_0038" 11191
"/Engine/EngineMaterials/Substrate/Glints2/dict_0007_0037" 11192
"/Engine/EngineMaterials/Substrate/Glints2/dict_0007_0036" 11193
"../../../Engine/Content/EngineMaterials/Substrate/Glints2/dict_0007_0043.uasset" 11194
"../../../Engine/Content/EngineMaterials/Substrate/Glints2/dict_0007_0046.uasset" 11195
"../../../Engine/Content/EngineMaterials/Substrate/Glints2/dict_0007_0044.uasset" 11196
"../../../Engine/Content/EngineMaterials/Substrate/Glints2/dict_0007_0045.uasset" 11197
"/Engine/EngineMaterials/Substrate/Glints2/dict_0007_0042" 11198
"/Engine/EngineMaterials/Substrate/Glints2/dict_0007_0046" 11199
"/Engine/EngineMaterials/Substrate/Glints2/dict_0007_0045" 11200
"/Engine/EngineMaterials/Substrate/Glints2/dict_0007_0044" 11201
"/Engine/EngineMaterials/Substrate/Glints2/dict_0007_0043" 11202
"/Engine/EngineMaterials/Substrate/Glints2/dict_0007_0041" 11203
"/Engine/EngineMaterials/Substrate/Glints2/dict_0007_0040" 11204
"/Engine/EngineMaterials/Substrate/Glints2/dict_0007_0039" 11205
"../../../Engine/Content/EngineMaterials/Substrate/Glints2/dict_0007_0051.uasset" 11206
"../../../Engine/Content/EngineMaterials/Substrate/Glints2/dict_0007_0047.uasset" 11207
"../../../Engine/Content/EngineMaterials/Substrate/Glints2/dict_0007_0049.uasset" 11208
"../../../Engine/Content/EngineMaterials/Substrate/Glints2/dict_0007_0050.uasset" 11209
"../../../Engine/Content/EngineMaterials/Substrate/Glints2/dict_0007_0048.uasset" 11210
"../../../Engine/Content/EngineMaterials/Substrate/Glints2/dict_0007_0053.uasset" 11211
"../../../Engine/Content/EngineMaterials/Substrate/Glints2/dict_0007_0052.uasset" 11212
"../../../Engine/Content/EngineMaterials/Substrate/Glints2/dict_0007_0054.uasset" 11213
"/Engine/EngineMaterials/Substrate/Glints2/dict_0007_0051" 11214
"/Engine/EngineMaterials/Substrate/Glints2/dict_0007_0050" 11215
"/Engine/EngineMaterials/Substrate/Glints2/dict_0007_0049" 11216
"/Engine/EngineMaterials/Substrate/Glints2/dict_0007_0047" 11217
"../../../Engine/Content/EngineMaterials/Substrate/Glints2/dict_0007_0055.uasset" 11218
"../../../Engine/Content/EngineMaterials/Substrate/Glints2/dict_0007_0057.uasset" 11219
"../../../Engine/Content/EngineMaterials/Substrate/Glints2/dict_0007_0058.uasset" 11220
"/Engine/EngineMaterials/Substrate/Glints2/dict_0007_0054" 11221
"/Engine/EngineMaterials/Substrate/Glints2/dict_0007_0053" 11222
"../../../Engine/Content/EngineMaterials/Substrate/Glints2/dict_0007_0056.uasset" 11223
"/Engine/EngineMaterials/Substrate/Glints2/dict_0007_0052" 11224
"/Engine/EngineMaterials/Substrate/Glints2/dict_0007_0048" 11225
"../../../Engine/Content/EngineMaterials/Substrate/Glints2/dict_0007_0059.uasset" 11226
"../../../Engine/Content/EngineMaterials/Substrate/Glints2/dict_0007_0061.uasset" 11227
"../../../Engine/Content/EngineMaterials/Substrate/Glints2/dict_0007_0060.uasset" 11228
"../../../Engine/Content/EngineMaterials/Substrate/Glints2/dict_0007_0062.uasset" 11229
"/Engine/EngineMaterials/Substrate/Glints2/dict_0007_0058" 11230
"/Engine/EngineMaterials/Substrate/Glints2/dict_0007_0057" 11231
"/Engine/EngineMaterials/Substrate/Glints2/dict_0007_0055" 11232
"/Engine/EngineMaterials/Substrate/Glints2/dict_0007_0062" 11233
"/Engine/EngineMaterials/Substrate/Glints2/dict_0007_0061" 11234
"/Engine/EngineMaterials/Substrate/Glints2/dict_0007_0060" 11235
"/Engine/EngineMaterials/Substrate/Glints2/dict_0007_0059" 11236
"/Engine/EngineMaterials/Substrate/Glints2/dict_0007_0056" 11237
"../../../Engine/Content/EngineMaterials/Substrate/Glints2/dict_0007_0063.uasset" 11238
"../../../Engine/Content/EngineMaterials/Substrate/Glints2/dict_0007_0067.uasset" 11239
"../../../Engine/Content/EngineMaterials/Substrate/Glints2/dict_0007_0066.uasset" 11240
"../../../Engine/Content/EngineMaterials/Substrate/Glints2/dict_0007_0065.uasset" 11241
"../../../Engine/Content/EngineMaterials/Substrate/Glints2/dict_0007_0064.uasset" 11242
"../../../Engine/Content/EngineMaterials/Substrate/Glints2/dict_0007_0068.uasset" 11243
"/Engine/EngineMaterials/Substrate/Glints2/dict_0007_0063" 11244
"/Engine/EngineMaterials/Substrate/Glints2/dict_0007_0067" 11245
"../../../Engine/Content/EngineMaterials/Substrate/Glints2/dict_0007_0069.uasset" 11246
"../../../Engine/Content/EngineMaterials/Substrate/Glints2/dict_0007_0070.uasset" 11247
"/Engine/EngineMaterials/Substrate/Glints2/dict_0007_0066" 11248
"/Engine/EngineMaterials/Substrate/Glints2/dict_0007_0065" 11249
"/Engine/EngineMaterials/Substrate/Glints2/dict_0007_0064" 11250
"../../../Engine/Content/EngineMaterials/Substrate/Glints2/dict_0007_0071.uasset" 11251
"../../../Engine/Content/EngineMaterials/Substrate/Glints2/dict_0007_0072.uasset" 11252
"../../../Engine/Content/EngineMaterials/Substrate/Glints2/dict_0007_0074.uasset" 11253
"../../../Engine/Content/EngineMaterials/Substrate/Glints2/dict_0007_0073.uasset" 11254
"/Engine/EngineMaterials/Substrate/Glints2/dict_0007_0072" 11255
"/Engine/EngineMaterials/Substrate/Glints2/dict_0007_0071" 11256
"../../../Engine/Content/EngineMaterials/Substrate/Glints2/dict_0007_0075.uasset" 11257
"/Engine/EngineMaterials/Substrate/Glints2/dict_0007_0070" 11258
"/Engine/EngineMaterials/Substrate/Glints2/dict_0007_0069" 11259
"/Engine/EngineMaterials/Substrate/Glints2/dict_0007_0068" 11260
"../../../Engine/Content/EngineMaterials/Substrate/Glints2/dict_0007_0078.uasset" 11261
"/Engine/EngineMaterials/Substrate/Glints2/dict_0007_0073" 11262
"../../../Engine/Content/EngineMaterials/Substrate/Glints2/dict_0007_0076.uasset" 11263
"../../../Engine/Content/EngineMaterials/Substrate/Glints2/dict_0007_0077.uasset" 11264
"/Engine/EngineMaterials/Substrate/Glints2/dict_0007_0078" 11265
"/Engine/EngineMaterials/Substrate/Glints2/dict_0007_0075" 11266
"/Engine/EngineMaterials/Substrate/Glints2/dict_0007_0074" 11267
"/Engine/EngineMaterials/Substrate/Glints2/dict_0007_0077" 11268
"/Engine/EngineMaterials/Substrate/Glints2/dict_0007_0076" 11269
"../../../Engine/Content/EngineMaterials/Substrate/Glints2/dict_0007_0081.uasset" 11270
"../../../Engine/Content/EngineMaterials/Substrate/Glints2/dict_0007_0079.uasset" 11271
"../../../Engine/Content/EngineMaterials/Substrate/Glints2/dict_0007_0082.uasset" 11272
"../../../Engine/Content/EngineMaterials/Substrate/Glints2/dict_0007_0080.uasset" 11273
"../../../Engine/Content/EngineMaterials/Substrate/Glints2/dict_0007_0083.uasset" 11274
"../../../Engine/Content/EngineMaterials/Substrate/Glints2/dict_0007_0084.uasset" 11275
"../../../Engine/Content/EngineMaterials/Substrate/Glints2/dict_0007_0085.uasset" 11276
"../../../Engine/Content/EngineMaterials/Substrate/Glints2/dict_0007_0086.uasset" 11277
"/Engine/EngineMaterials/Substrate/Glints2/dict_0007_0082" 11278
"/Engine/EngineMaterials/Substrate/Glints2/dict_0007_0081" 11279
"/Engine/EngineMaterials/Substrate/Glints2/dict_0007_0080" 11280
"/Engine/EngineMaterials/Substrate/Glints2/dict_0007_0079" 11281
"../../../Engine/Content/EngineMaterials/Substrate/Glints2/dict_0007_0087.uasset" 11282
"../../../Engine/Content/EngineMaterials/Substrate/Glints2/dict_0007_0088.uasset" 11283
"../../../Engine/Content/EngineMaterials/Substrate/Glints2/dict_0007_0089.uasset" 11284
"../../../Engine/Content/EngineMaterials/Substrate/Glints2/dict_0007_0090.uasset" 11285
"/Engine/EngineMaterials/Substrate/Glints2/dict_0007_0086" 11286
"/Engine/EngineMaterials/Substrate/Glints2/dict_0007_0085" 11287
"/Engine/EngineMaterials/Substrate/Glints2/dict_0007_0084" 11288
"/Engine/EngineMaterials/Substrate/Glints2/dict_0007_0083" 11289
"../../../Engine/Content/EngineMaterials/Substrate/Glints2/dict_0007_0091.uasset" 11290
"../../../Engine/Content/EngineMaterials/Substrate/Glints2/dict_0007_0092.uasset" 11291
"../../../Engine/Content/EngineMaterials/Substrate/Glints2/dict_0007_0094.uasset" 11292
"/Engine/EngineMaterials/Substrate/Glints2/dict_0007_0089" 11293
"/Engine/EngineMaterials/Substrate/Glints2/dict_0007_0088" 11294
"/Engine/EngineMaterials/Substrate/Glints2/dict_0007_0090" 11295
"/Engine/EngineMaterials/Substrate/Glints2/dict_0007_0087" 11296
"../../../Engine/Content/EngineMaterials/Substrate/Glints2/dict_0007_0093.uasset" 11297
"/Engine/EngineMaterials/Substrate/Glints2/dict_0007_0094" 11298
"/Engine/EngineMaterials/Substrate/Glints2/dict_0007_0093" 11299
"/Engine/EngineMaterials/Substrate/Glints2/dict_0007_0092" 11300
"/Engine/EngineMaterials/Substrate/Glints2/dict_0007_0091" 11301
"../../../Engine/Content/EngineMaterials/Substrate/Glints2/dict_0007_0095.uasset" 11302
"../../../Engine/Content/EngineMaterials/Substrate/Glints2/dict_0007_0098.uasset" 11303
"../../../Engine/Content/EngineMaterials/Substrate/Glints2/dict_0007_0099.uasset" 11304
"../../../Engine/Content/EngineMaterials/Substrate/Glints2/dict_0007_0096.uasset" 11305
"../../../Engine/Content/EngineMaterials/Substrate/Glints2/dict_0007_0097.uasset" 11306
"../../../Engine/Content/EngineMaterials/Substrate/Glints2/dict_0007_0101.uasset" 11307
"../../../Engine/Content/EngineMaterials/Substrate/Glints2/dict_0007_0100.uasset" 11308
"../../../Engine/Content/EngineMaterials/Substrate/Glints2/dict_0007_0102.uasset" 11309
"/Engine/EngineMaterials/Substrate/Glints2/dict_0007_0096" 11310
"/Engine/EngineMaterials/Substrate/Glints2/dict_0007_0099" 11311
"/Engine/EngineMaterials/Substrate/Glints2/dict_0007_0098" 11312
"/Engine/EngineMaterials/Substrate/Glints2/dict_0007_0097" 11313
"/Engine/EngineMaterials/Substrate/Glints2/dict_0007_0095" 11314
"../../../Engine/Content/EngineMaterials/Substrate/Glints2/dict_0007_0104.uasset" 11315
"../../../Engine/Content/EngineMaterials/Substrate/Glints2/dict_0007_0103.uasset" 11316
"/Engine/EngineMaterials/Substrate/Glints2/dict_0007_0102" 11317
"/Engine/EngineMaterials/Substrate/Glints2/dict_0007_0101" 11318
"/Engine/EngineMaterials/Substrate/Glints2/dict_0007_0100" 11319
"../../../Engine/Content/EngineMaterials/Substrate/Glints2/dict_0007_0106.uasset" 11320
"../../../Engine/Content/EngineMaterials/Substrate/Glints2/dict_0007_0105.uasset" 11321
"../../../Engine/Content/EngineMaterials/Substrate/Glints2/dict_0007_0107.uasset" 11322
"../../../Engine/Content/EngineMaterials/Substrate/Glints2/dict_0007_0109.uasset" 11323
"../../../Engine/Content/EngineMaterials/Substrate/Glints2/dict_0007_0108.uasset" 11324
"/Engine/EngineMaterials/Substrate/Glints2/dict_0007_0104" 11325
"/Engine/EngineMaterials/Substrate/Glints2/dict_0007_0103" 11326
"../../../Engine/Content/EngineMaterials/Substrate/Glints2/dict_0007_0110.uasset" 11327
"/Engine/EngineMaterials/Substrate/Glints2/dict_0007_0108" 11328
"/Engine/EngineMaterials/Substrate/Glints2/dict_0007_0109" 11329
"/Engine/EngineMaterials/Substrate/Glints2/dict_0007_0107" 11330
"/Engine/EngineMaterials/Substrate/Glints2/dict_0007_0106" 11331
"/Engine/EngineMaterials/Substrate/Glints2/dict_0007_0105" 11332
"/Engine/EngineMaterials/Substrate/Glints2/dict_0007_0110" 11333
"../../../Engine/Content/EngineMaterials/Substrate/Glints2/dict_0007_0115.uasset" 11334
"../../../Engine/Content/EngineMaterials/Substrate/Glints2/dict_0007_0111.uasset" 11335
"../../../Engine/Content/EngineMaterials/Substrate/Glints2/dict_0007_0113.uasset" 11336
"../../../Engine/Content/EngineMaterials/Substrate/Glints2/dict_0007_0112.uasset" 11337
"../../../Engine/Content/EngineMaterials/Substrate/Glints2/dict_0007_0114.uasset" 11338
"../../../Engine/Content/EngineMaterials/Substrate/Glints2/dict_0007_0117.uasset" 11339
"../../../Engine/Content/EngineMaterials/Substrate/Glints2/dict_0007_0116.uasset" 11340
"../../../Engine/Content/EngineMaterials/Substrate/Glints2/dict_0007_0118.uasset" 11341
"/Engine/EngineMaterials/Substrate/Glints2/dict_0007_0114" 11342
"/Engine/EngineMaterials/Substrate/Glints2/dict_0007_0113" 11343
"/Engine/EngineMaterials/Substrate/Glints2/dict_0007_0112" 11344
"/Engine/EngineMaterials/Substrate/Glints2/dict_0007_0115" 11345
"/Engine/EngineMaterials/Substrate/Glints2/dict_0007_0111" 11346
"/Engine/EngineMaterials/Substrate/Glints2/dict_0007_0117" 11347
"/Engine/EngineMaterials/Substrate/Glints2/dict_0007_0116" 11348
"../../../Engine/Content/EngineMaterials/Substrate/Glints2/dict_0007_0121.uasset" 11349
"../../../Engine/Content/EngineMaterials/Substrate/Glints2/dict_0007_0122.uasset" 11350
"../../../Engine/Content/EngineMaterials/Substrate/Glints2/dict_0007_0120.uasset" 11351
"../../../Engine/Content/EngineMaterials/Substrate/Glints2/dict_0007_0119.uasset" 11352
"/Engine/EngineMaterials/Substrate/Glints2/dict_0007_0118" 11353
"../../../Engine/Content/EngineMaterials/Substrate/Glints2/dict_0007_0123.uasset" 11354
"../../../Engine/Content/EngineMaterials/Substrate/Glints2/dict_0007_0125.uasset" 11355
"../../../Engine/Content/EngineMaterials/Substrate/Glints2/dict_0007_0124.uasset" 11356
"../../../Engine/Content/EngineMaterials/Substrate/Glints2/dict_0007_0126.uasset" 11357
"/Engine/EngineMaterials/Substrate/Glints2/dict_0007_0122" 11358
"/Engine/EngineMaterials/Substrate/Glints2/dict_0007_0121" 11359
"/Engine/EngineMaterials/Substrate/Glints2/dict_0007_0120" 11360
"/Engine/EngineMaterials/Substrate/Glints2/dict_0007_0119" 11361
"/Engine/EngineMaterials/Substrate/Glints2/dict_0007_0123" 11362
"../../../Engine/Content/EngineMaterials/Substrate/Glints2/dict_0007_0129.uasset" 11363
"../../../Engine/Content/EngineMaterials/Substrate/Glints2/dict_0007_0127.uasset" 11364
"../../../Engine/Content/EngineMaterials/Substrate/Glints2/dict_0007_0130.uasset" 11365
"../../../Engine/Content/EngineMaterials/Substrate/Glints2/dict_0007_0131.uasset" 11366
"/Engine/EngineMaterials/Substrate/Glints2/dict_0007_0126" 11367
"/Engine/EngineMaterials/Substrate/Glints2/dict_0007_0125" 11368
"/Engine/EngineMaterials/Substrate/Glints2/dict_0007_0124" 11369
"../../../Engine/Content/EngineMaterials/Substrate/Glints2/dict_0007_0128.uasset" 11370
"../../../Engine/Content/EngineMaterials/Substrate/Glints2/dict_0007_0133.uasset" 11371
"../../../Engine/Content/EngineMaterials/Substrate/Glints2/dict_0007_0132.uasset" 11372
"../../../Engine/Content/EngineMaterials/Substrate/Glints2/dict_0007_0134.uasset" 11373
"/Engine/EngineMaterials/Substrate/Glints2/dict_0007_0131" 11374
"/Engine/EngineMaterials/Substrate/Glints2/dict_0007_0130" 11375
"/Engine/EngineMaterials/Substrate/Glints2/dict_0007_0129" 11376
"/Engine/EngineMaterials/Substrate/Glints2/dict_0007_0128" 11377
"/Engine/EngineMaterials/Substrate/Glints2/dict_0007_0127" 11378
"../../../Engine/Content/EngineMaterials/Substrate/Glints2/dict_0007_0135.uasset" 11379
"../../../Engine/Content/EngineMaterials/Substrate/Glints2/dict_0007_0136.uasset" 11380
"../../../Engine/Content/EngineMaterials/Substrate/Glints2/dict_0007_0137.uasset" 11381
"../../../Engine/Content/EngineMaterials/Substrate/Glints2/dict_0007_0139.uasset" 11382
"../../../Engine/Content/EngineMaterials/Substrate/Glints2/dict_0007_0138.uasset" 11383
"/Engine/EngineMaterials/Substrate/Glints2/dict_0007_0134" 11384
"/Engine/EngineMaterials/Substrate/Glints2/dict_0007_0133" 11385
"/Engine/EngineMaterials/Substrate/Glints2/dict_0007_0132" 11386
"../../../Engine/Content/EngineMaterials/Substrate/Glints2/dict_0007_0140.uasset" 11387
"/Engine/EngineMaterials/Substrate/Glints2/dict_0007_0135" 11388
"../../../Engine/Content/EngineMaterials/Substrate/Glints2/dict_0007_0141.uasset" 11389
"../../../Engine/Content/EngineMaterials/Substrate/Glints2/dict_0007_0142.uasset" 11390
"/Engine/EngineMaterials/Substrate/Glints2/dict_0007_0140" 11391
"/Engine/EngineMaterials/Substrate/Glints2/dict_0007_0139" 11392
"/Engine/EngineMaterials/Substrate/Glints2/dict_0007_0138" 11393
"/Engine/EngineMaterials/Substrate/Glints2/dict_0007_0137" 11394
"/Engine/EngineMaterials/Substrate/Glints2/dict_0007_0136" 11395
"/Engine/EngineMaterials/Substrate/Glints2/dict_0007_0141" 11396
"/Engine/EngineMaterials/Substrate/Glints2/dict_0007_0142" 11397
"../../../Engine/Content/EngineMaterials/Substrate/Glints2/dict_0007_0147.uasset" 11398
"../../../Engine/Content/EngineMaterials/Substrate/Glints2/dict_0007_0144.uasset" 11399
"../../../Engine/Content/EngineMaterials/Substrate/Glints2/dict_0007_0145.uasset" 11400
"../../../Engine/Content/EngineMaterials/Substrate/Glints2/dict_0007_0143.uasset" 11401
"../../../Engine/Content/EngineMaterials/Substrate/Glints2/dict_0007_0146.uasset" 11402
"../../../Engine/Content/EngineMaterials/Substrate/Glints2/dict_0007_0148.uasset" 11403
"../../../Engine/Content/EngineMaterials/Substrate/Glints2/dict_0007_0149.uasset" 11404
"../../../Engine/Content/EngineMaterials/Substrate/Glints2/dict_0007_0150.uasset" 11405
"/Engine/EngineMaterials/Substrate/Glints2/dict_0007_0147" 11406
"/Engine/EngineMaterials/Substrate/Glints2/dict_0007_0146" 11407
"/Engine/EngineMaterials/Substrate/Glints2/dict_0007_0145" 11408
"/Engine/EngineMaterials/Substrate/Glints2/dict_0007_0144" 11409
"/Engine/EngineMaterials/Substrate/Glints2/dict_0007_0143" 11410
"../../../Engine/Content/EngineMaterials/Substrate/Glints2/dict_0007_0151.uasset" 11411
"../../../Engine/Content/EngineMaterials/Substrate/Glints2/dict_0007_0153.uasset" 11412
"../../../Engine/Content/EngineMaterials/Substrate/Glints2/dict_0007_0154.uasset" 11413
"../../../Engine/Content/EngineMaterials/Substrate/Glints2/dict_0007_0152.uasset" 11414
"../../../Engine/Content/EngineMaterials/Substrate/Glints2/dict_0007_0155.uasset" 11415
"../../../Engine/Content/EngineMaterials/Substrate/Glints2/dict_0007_0156.uasset" 11416
"../../../Engine/Content/EngineMaterials/Substrate/Glints2/dict_0007_0157.uasset" 11417
"../../../Engine/Content/EngineMaterials/Substrate/Glints2/dict_0007_0158.uasset" 11418
"/Engine/EngineMaterials/Substrate/Glints2/dict_0007_0158" 11419
"/Engine/EngineMaterials/Substrate/Glints2/dict_0007_0157" 11420
"/Engine/EngineMaterials/Substrate/Glints2/dict_0007_0156" 11421
"/Engine/EngineMaterials/Substrate/Glints2/dict_0007_0155" 11422
"/Engine/EngineMaterials/Substrate/Glints2/dict_0007_0154" 11423
"/Engine/EngineMaterials/Substrate/Glints2/dict_0007_0153" 11424
"/Engine/EngineMaterials/Substrate/Glints2/dict_0007_0152" 11425
"/Engine/EngineMaterials/Substrate/Glints2/dict_0007_0151" 11426
"/Engine/EngineMaterials/Substrate/Glints2/dict_0007_0150" 11427
"/Engine/EngineMaterials/Substrate/Glints2/dict_0007_0149" 11428
"/Engine/EngineMaterials/Substrate/Glints2/dict_0007_0148" 11429
"../../../Engine/Content/EngineMaterials/Substrate/Glints2/dict_0007_0159.uasset" 11430
"../../../Engine/Content/EngineMaterials/Substrate/Glints2/dict_0007_0161.uasset" 11431
"../../../Engine/Content/EngineMaterials/Substrate/Glints2/dict_0007_0160.uasset" 11432
"../../../Engine/Content/EngineMaterials/Substrate/Glints2/dict_0007_0162.uasset" 11433
"../../../Engine/Content/EngineMaterials/Substrate/Glints2/dict_0007_0163.uasset" 11434
"../../../Engine/Content/EngineMaterials/Substrate/Glints2/dict_0007_0164.uasset" 11435
"../../../Engine/Content/EngineMaterials/Substrate/Glints2/dict_0007_0165.uasset" 11436
"../../../Engine/Content/EngineMaterials/Substrate/Glints2/dict_0007_0166.uasset" 11437
"/Engine/EngineMaterials/Substrate/Glints2/dict_0007_0163" 11438
"/Engine/EngineMaterials/Substrate/Glints2/dict_0007_0162" 11439
"/Engine/EngineMaterials/Substrate/Glints2/dict_0007_0161" 11440
"/Engine/EngineMaterials/Substrate/Glints2/dict_0007_0160" 11441
"/Engine/EngineMaterials/Substrate/Glints2/dict_0007_0159" 11442
"/Engine/EngineMaterials/Substrate/Glints2/dict_0007_0164" 11443
"../../../Engine/Content/EngineMaterials/Substrate/Glints2/dict_0007_0167.uasset" 11444
"../../../Engine/Content/EngineMaterials/Substrate/Glints2/dict_0007_0168.uasset" 11445
"../../../Engine/Content/EngineMaterials/Substrate/Glints2/dict_0007_0170.uasset" 11446
"../../../Engine/Content/EngineMaterials/Substrate/Glints2/dict_0007_0169.uasset" 11447
"/Engine/EngineMaterials/Substrate/Glints2/dict_0007_0166" 11448
"/Engine/EngineMaterials/Substrate/Glints2/dict_0007_0165" 11449
"../../../Engine/Content/EngineMaterials/Substrate/Glints2/dict_0007_0171.uasset" 11450
"../../../Engine/Content/EngineMaterials/Substrate/Glints2/dict_0007_0174.uasset" 11451
"../../../Engine/Content/EngineMaterials/Substrate/Glints2/dict_0007_0173.uasset" 11452
"../../../Engine/Content/EngineMaterials/Substrate/Glints2/dict_0007_0172.uasset" 11453
"/Engine/EngineMaterials/Substrate/Glints2/dict_0007_0174" 11454
"/Engine/EngineMaterials/Substrate/Glints2/dict_0007_0173" 11455
"/Engine/EngineMaterials/Substrate/Glints2/dict_0007_0172" 11456
"/Engine/EngineMaterials/Substrate/Glints2/dict_0007_0171" 11457
"/Engine/EngineMaterials/Substrate/Glints2/dict_0007_0170" 11458
"/Engine/EngineMaterials/Substrate/Glints2/dict_0007_0169" 11459
"/Engine/EngineMaterials/Substrate/Glints2/dict_0007_0168" 11460
"/Engine/EngineMaterials/Substrate/Glints2/dict_0007_0167" 11461
"../../../Engine/Content/EngineMaterials/Substrate/Glints2/dict_0007_0175.uasset" 11462
"../../../Engine/Content/EngineMaterials/Substrate/Glints2/dict_0007_0179.uasset" 11463
"../../../Engine/Content/EngineMaterials/Substrate/Glints2/dict_0007_0178.uasset" 11464
"../../../Engine/Content/EngineMaterials/Substrate/Glints2/dict_0007_0176.uasset" 11465
"../../../Engine/Content/EngineMaterials/Substrate/Glints2/dict_0007_0177.uasset" 11466
"../../../Engine/Content/EngineMaterials/Substrate/Glints2/dict_0007_0180.uasset" 11467
"/Engine/EngineMaterials/Substrate/Glints2/dict_0007_0175" 11468
"../../../Engine/Content/EngineMaterials/Substrate/Glints2/dict_0007_0181.uasset" 11469
"../../../Engine/Content/EngineMaterials/Substrate/Glints2/dict_0007_0182.uasset" 11470
"../../../Engine/Content/EngineMaterials/Substrate/Glints2/dict_0007_0183.uasset" 11471
"../../../Engine/Content/EngineMaterials/Substrate/Glints2/dict_0007_0184.uasset" 11472
"/Engine/EngineMaterials/Substrate/Glints2/dict_0007_0180" 11473
"../../../Engine/Content/EngineMaterials/Substrate/Glints2/dict_0007_0186.uasset" 11474
"/Engine/EngineMaterials/Substrate/Glints2/dict_0007_0179" 11475
"/Engine/EngineMaterials/Substrate/Glints2/dict_0007_0178" 11476
"/Engine/EngineMaterials/Substrate/Glints2/dict_0007_0177" 11477
"/Engine/EngineMaterials/Substrate/Glints2/dict_0007_0176" 11478
"/Engine/EngineMaterials/Substrate/Glints2/dict_0007_0182" 11479
"../../../Engine/Content/EngineMaterials/Substrate/Glints2/dict_0007_0185.uasset" 11480
"/Engine/EngineMaterials/Substrate/Glints2/dict_0007_0181" 11481
"../../../Engine/Content/EngineMaterials/Substrate/Glints2/dict_0007_0187.uasset" 11482
"../../../Engine/Content/EngineMaterials/Substrate/Glints2/dict_0007_0188.uasset" 11483
"../../../Engine/Content/EngineMaterials/Substrate/Glints2/dict_0007_0189.uasset" 11484
"../../../Engine/Content/EngineMaterials/Substrate/Glints2/dict_0007_0190.uasset" 11485
"/Engine/EngineMaterials/Substrate/Glints2/dict_0007_0186" 11486
"/Engine/EngineMaterials/Substrate/Glints2/dict_0007_0185" 11487
"/Engine/EngineMaterials/Substrate/Glints2/dict_0007_0184" 11488
"/Engine/EngineMaterials/Substrate/Glints2/dict_0007_0183" 11489
"/Engine/EngineMaterials/Substrate/Glints2/dict_0007_0190" 11490
"/Engine/EngineMaterials/Substrate/Glints2/dict_0007_0189" 11491
"/Engine/EngineMaterials/Substrate/Glints2/dict_0007_0188" 11492
"/Engine/EngineMaterials/Substrate/Glints2/dict_0007_0187" 11493
"../../../Engine/Content/EngineMaterials/Substrate/Glints2/dict_0007_0191.uasset" 11494
"../../../Engine/Content/EngineMaterials/Substrate/Glints2/dict_0007_0192.uasset" 11495
"../../../Engine/Content/EngineMaterials/Substrate/Glints2/dict_0007_0194.uasset" 11496
"../../../Engine/Content/EngineMaterials/Substrate/Glints2/dict_0007_0193.uasset" 11497
"../../../Engine/Content/EngineMaterials/Substrate/Glints2/dict_0007_0195.uasset" 11498
"../../../Engine/Content/EngineMaterials/Substrate/Glints2/dict_0007_0196.uasset" 11499
"/Engine/EngineMaterials/Substrate/Glints2/dict_0007_0191" 11500
"../../../Engine/Content/EngineMaterials/Substrate/Glints2/dict_0007_0198.uasset" 11501
"../../../Engine/Content/EngineMaterials/Substrate/Glints2/dict_0007_0197.uasset" 11502
"/Engine/EngineMaterials/Substrate/Glints2/dict_0007_0196" 11503
"/Engine/EngineMaterials/Substrate/Glints2/dict_0007_0195" 11504
"/Engine/EngineMaterials/Substrate/Glints2/dict_0007_0194" 11505
"/Engine/EngineMaterials/Substrate/Glints2/dict_0007_0193" 11506
"/Engine/EngineMaterials/Substrate/Glints2/dict_0007_0192" 11507
"../../../Engine/Content/EngineMaterials/Substrate/Glints2/dict_0007_0199.uasset" 11508
"../../../Engine/Content/EngineMaterials/Substrate/Glints2/dict_0007_0200.uasset" 11509
"../../../Engine/Content/EngineMaterials/Substrate/Glints2/dict_0007_0201.uasset" 11510
"../../../Engine/Content/EngineMaterials/Substrate/Glints2/dict_0007_0202.uasset" 11511
"/Engine/EngineMaterials/Substrate/Glints2/dict_0007_0198" 11512
"../../../Engine/Content/EngineMaterials/Substrate/Glints2/dict_0007_0203.uasset" 11513
"/Engine/EngineMaterials/Substrate/Glints2/dict_0007_0197" 11514
"../../../Engine/Content/EngineMaterials/Substrate/Glints2/dict_0007_0204.uasset" 11515
"../../../Engine/Content/EngineMaterials/Substrate/Glints2/dict_0007_0205.uasset" 11516
"../../../Engine/Content/EngineMaterials/Substrate/Glints2/dict_0007_0206.uasset" 11517
"/Engine/EngineMaterials/Substrate/Glints2/dict_0007_0206" 11518
"/Engine/EngineMaterials/Substrate/Glints2/dict_0007_0205" 11519
"/Engine/EngineMaterials/Substrate/Glints2/dict_0007_0204" 11520
"/Engine/EngineMaterials/Substrate/Glints2/dict_0007_0203" 11521
"/Engine/EngineMaterials/Substrate/Glints2/dict_0007_0202" 11522
"/Engine/EngineMaterials/Substrate/Glints2/dict_0007_0201" 11523
"/Engine/EngineMaterials/Substrate/Glints2/dict_0007_0200" 11524
"/Engine/EngineMaterials/Substrate/Glints2/dict_0007_0199" 11525
"../../../Engine/Content/EngineMaterials/Substrate/Glints2/dict_0007_0210.uasset" 11526
"../../../Engine/Content/EngineMaterials/Substrate/Glints2/dict_0007_0207.uasset" 11527
"../../../Engine/Content/EngineMaterials/Substrate/Glints2/dict_0007_0208.uasset" 11528
"../../../Engine/Content/EngineMaterials/Substrate/Glints2/dict_0007_0209.uasset" 11529
"../../../Engine/Content/EngineMaterials/Substrate/Glints2/dict_0007_0211.uasset" 11530
"../../../Engine/Content/EngineMaterials/Substrate/Glints2/dict_0007_0213.uasset" 11531
"../../../Engine/Content/EngineMaterials/Substrate/Glints2/dict_0007_0214.uasset" 11532
"../../../Engine/Content/EngineMaterials/Substrate/Glints2/dict_0007_0212.uasset" 11533
"/Engine/EngineMaterials/Substrate/Glints2/dict_0007_0214" 11534
"../../../Engine/Content/EngineMaterials/Substrate/Glints2/dict_0007_0216.uasset" 11535
"../../../Engine/Content/EngineMaterials/Substrate/Glints2/dict_0007_0215.uasset" 11536
"/Engine/EngineMaterials/Substrate/Glints2/dict_0007_0213" 11537
"/Engine/EngineMaterials/Substrate/Glints2/dict_0007_0211" 11538
"/Engine/EngineMaterials/Substrate/Glints2/dict_0007_0210" 11539
"/Engine/EngineMaterials/Substrate/Glints2/dict_0007_0209" 11540
"/Engine/EngineMaterials/Substrate/Glints2/dict_0007_0208" 11541
"/Engine/EngineMaterials/Substrate/Glints2/dict_0007_0207" 11542
"/Engine/EngineMaterials/Substrate/Glints2/dict_0007_0212" 11543
"../../../Engine/Content/EngineMaterials/Substrate/Glints2/dict_0007_0218.uasset" 11544
"../../../Engine/Content/EngineMaterials/Substrate/Glints2/dict_0007_0217.uasset" 11545
"../../../Engine/Content/EngineMaterials/Substrate/Glints2/dict_0007_0219.uasset" 11546
"../../../Engine/Content/EngineMaterials/Substrate/Glints2/dict_0007_0221.uasset" 11547
"../../../Engine/Content/EngineMaterials/Substrate/Glints2/dict_0007_0220.uasset" 11548
"/Engine/EngineMaterials/Substrate/Glints2/dict_0007_0216" 11549
"/Engine/EngineMaterials/Substrate/Glints2/dict_0007_0215" 11550
"../../../Engine/Content/EngineMaterials/Substrate/Glints2/dict_0007_0222.uasset" 11551
"/Engine/EngineMaterials/Substrate/Glints2/dict_0007_0221" 11552
"/Engine/EngineMaterials/Substrate/Glints2/dict_0007_0220" 11553
"/Engine/EngineMaterials/Substrate/Glints2/dict_0007_0219" 11554
"/Engine/EngineMaterials/Substrate/Glints2/dict_0007_0218" 11555
"/Engine/EngineMaterials/Substrate/Glints2/dict_0007_0217" 11556
"/Engine/EngineMaterials/Substrate/Glints2/dict_0007_0222" 11557
"../../../Engine/Content/EngineMaterials/Substrate/Glints2/dict_0007_0227.uasset" 11558
"../../../Engine/Content/EngineMaterials/Substrate/Glints2/dict_0007_0225.uasset" 11559
"../../../Engine/Content/EngineMaterials/Substrate/Glints2/dict_0007_0224.uasset" 11560
"../../../Engine/Content/EngineMaterials/Substrate/Glints2/dict_0007_0223.uasset" 11561
"../../../Engine/Content/EngineMaterials/Substrate/Glints2/dict_0007_0226.uasset" 11562
"../../../Engine/Content/EngineMaterials/Substrate/Glints2/dict_0007_0228.uasset" 11563
"../../../Engine/Content/EngineMaterials/Substrate/Glints2/dict_0007_0229.uasset" 11564
"../../../Engine/Content/EngineMaterials/Substrate/Glints2/dict_0007_0230.uasset" 11565
"/Engine/EngineMaterials/Substrate/Glints2/dict_0007_0227" 11566
"/Engine/EngineMaterials/Substrate/Glints2/dict_0007_0226" 11567
"../../../Engine/Content/EngineMaterials/Substrate/Glints2/dict_0007_0232.uasset" 11568
"../../../Engine/Content/EngineMaterials/Substrate/Glints2/dict_0007_0231.uasset" 11569
"/Engine/EngineMaterials/Substrate/Glints2/dict_0007_0225" 11570
"/Engine/EngineMaterials/Substrate/Glints2/dict_0007_0224" 11571
"/Engine/EngineMaterials/Substrate/Glints2/dict_0007_0223" 11572
"/Engine/EngineMaterials/Substrate/Glints2/dict_0007_0230" 11573
"/Engine/EngineMaterials/Substrate/Glints2/dict_0007_0229" 11574
"/Engine/EngineMaterials/Substrate/Glints2/dict_0007_0228" 11575
"../../../Engine/Content/EngineMaterials/Substrate/Glints2/dict_0007_0234.uasset" 11576
"../../../Engine/Content/EngineMaterials/Substrate/Glints2/dict_0007_0233.uasset" 11577
"../../../Engine/Content/EngineMaterials/Substrate/Glints2/dict_0007_0235.uasset" 11578
"../../../Engine/Content/EngineMaterials/Substrate/Glints2/dict_0007_0236.uasset" 11579
"../../../Engine/Content/EngineMaterials/Substrate/Glints2/dict_0007_0237.uasset" 11580
"/Engine/EngineMaterials/Substrate/Glints2/dict_0007_0232" 11581
"/Engine/EngineMaterials/Substrate/Glints2/dict_0007_0231" 11582
"../../../Engine/Content/EngineMaterials/Substrate/Glints2/dict_0007_0238.uasset" 11583
"/Engine/EngineMaterials/Substrate/Glints2/dict_0007_0237" 11584
"/Engine/EngineMaterials/Substrate/Glints2/dict_0007_0236" 11585
"/Engine/EngineMaterials/Substrate/Glints2/dict_0007_0235" 11586
"/Engine/EngineMaterials/Substrate/Glints2/dict_0007_0234" 11587
"/Engine/EngineMaterials/Substrate/Glints2/dict_0007_0233" 11588
"../../../Engine/Content/EngineMaterials/Substrate/Glints2/dict_0007_0239.uasset" 11589
"../../../Engine/Content/EngineMaterials/Substrate/Glints2/dict_0007_0241.uasset" 11590
"../../../Engine/Content/EngineMaterials/Substrate/Glints2/dict_0007_0240.uasset" 11591
"../../../Engine/Content/EngineMaterials/Substrate/Glints2/dict_0007_0242.uasset" 11592
"/Engine/EngineMaterials/Substrate/Glints2/dict_0007_0238" 11593
"../../../Engine/Content/EngineMaterials/Substrate/Glints2/dict_0007_0243.uasset" 11594
"../../../Engine/Content/EngineMaterials/Substrate/Glints2/dict_0007_0245.uasset" 11595
"../../../Engine/Content/EngineMaterials/Substrate/Glints2/dict_0007_0244.uasset" 11596
"../../../Engine/Content/EngineMaterials/Substrate/Glints2/dict_0007_0246.uasset" 11597
"/Engine/EngineMaterials/Substrate/Glints2/dict_0007_0243" 11598
"/Engine/EngineMaterials/Substrate/Glints2/dict_0007_0242" 11599
"/Engine/EngineMaterials/Substrate/Glints2/dict_0007_0241" 11600
"/Engine/EngineMaterials/Substrate/Glints2/dict_0007_0240" 11601
"/Engine/EngineMaterials/Substrate/Glints2/dict_0007_0239" 11602
"../../../Engine/Content/EngineMaterials/Substrate/Glints2/dict_0007_0247.uasset" 11603
"../../../Engine/Content/EngineMaterials/Substrate/Glints2/dict_0007_0248.uasset" 11604
"../../../Engine/Content/EngineMaterials/Substrate/Glints2/dict_0007_0249.uasset" 11605
"../../../Engine/Content/EngineMaterials/Substrate/Glints2/dict_0007_0250.uasset" 11606
"/Engine/EngineMaterials/Substrate/Glints2/dict_0007_0245" 11607
"/Engine/EngineMaterials/Substrate/Glints2/dict_0007_0244" 11608
"../../../Engine/Content/EngineMaterials/Substrate/Glints2/dict_0007_0251.uasset" 11609
"../../../Engine/Content/EngineMaterials/Substrate/Glints2/dict_0007_0252.uasset" 11610
"/Engine/EngineMaterials/Substrate/Glints2/dict_0007_0246" 11611
"../../../Engine/Content/EngineMaterials/Substrate/Glints2/dict_0007_0253.uasset" 11612
"../../../Engine/Content/EngineMaterials/Substrate/Glints2/dict_0007_0254.uasset" 11613
"/Engine/EngineMaterials/Substrate/Glints2/dict_0007_0249" 11614
"/Engine/EngineMaterials/Substrate/Glints2/dict_0007_0248" 11615
"/Engine/EngineMaterials/Substrate/Glints2/dict_0007_0247" 11616
"/Engine/EngineMaterials/Substrate/Glints2/dict_0007_0250" 11617
"../../../Engine/Content/EngineMaterials/Substrate/Glints2/dict_0007_0255.uasset" 11618
"../../../Engine/Content/EngineMaterials/Substrate/Volume/SubstrateSimpleVolumeLUT3D.uasset" 11619
"../../../Engine/Content/EngineMaterials/Substrate/Volume/SubstrateSimpleVolumeEnvLUT2D.uasset" 11620
"/Engine/EngineMaterials/Substrate/Glints2/dict_0007_0254" 11621
"/Engine/EngineMaterials/Substrate/Glints2/dict_0007_0253" 11622
"../../../Engine/Content/EngineMaterials/Substrate/Volume/SubstrateSimpleVolumeLUT2D.uasset" 11623
"../../../Engine/Content/EngineMaterials/Substrate/Glints2/AGlintTex2dArray2.uasset" 11624
"../../../Engine/Content/EngineMaterials/Substrate/Volume/SubstrateSimpleVolumeEnvLUT3D.uasset" 11625
"/Engine/EngineMaterials/Substrate/Glints2/dict_0007_0252" 11626
"/Engine/EngineMaterials/Substrate/Glints2/dict_0007_0251" 11627
"/Engine/EngineMaterials/Substrate/Volume/SubstrateSimpleVolumeEnvLUT2D" 11628
"/Engine/EngineMaterials/Substrate/Glints2/dict_0007_0255" 11629
"/Engine/EngineMaterials/Substrate/Volume/SubstrateSimpleVolumeEnvLUT3D" 11630
"/Engine/EngineMaterials/Substrate/Volume/SubstrateSimpleVolumeLUT3D" 11631
"/Engine/EngineMaterials/Substrate/Glints2/AGlintTex2dArray2" 11632
"../../../Engine/Content/EngineMaterials/DefaultCalibrationColor.uasset" 11633
"../../../Engine/Content/EngineMaterials/PPM_DefaultCalibrationColor.uasset" 11634
"../../../Engine/Content/EngineMaterials/DefaultCalibrationGrayscale.uasset" 11635
"../../../Engine/Content/EngineMaterials/PPM_DefaultCalibrationGrayscale.uasset" 11636
"../../../Engine/Content/MobileResources/HUD/DefaultVirtualJoysticks.uasset" 11637
"../../../Engine/Content/MobileResources/HUD/VirtualJoystick_Thumb.uasset" 11638
"../../../Engine/Content/MobileResources/HUD/VirtualJoystick_Background.uasset" 11639
"../../../Engine/Content/Functions/MaterialLayerFunctions/MatLayerBlend_OverrideOpacity.uasset" 11640
"../../../Engine/Plugins/Interchange/Assets/Content/Functions/MX_Surface.uasset" 11641
"../../../Engine/Content/Functions/Engine_MaterialFunctions03/Procedurals/HeightToNormalSmooth.uasset" 11642
"../../../Engine/Content/Functions/Engine_MaterialFunctions02/Utility/BlendAngleCorrectedNormals.uasset" 11643
"../../../Engine/Plugins/Interchange/Assets/Content/Functions/MX_Displacement.uasset" 11644
"../../../Engine/Plugins/MovieScene/MovieRenderPipeline/Content/Materials/MovieRenderQueue_MotionVectors.uasset" 11645
"../../../Engine/Plugins/MovieScene/MovieRenderPipeline/Content/Materials/MoviePipeline_StencilCutout.uasset" 11646
"../../../Engine/Plugins/NNE/NNEDenoiser/Content/NNEDIM_ColorAlbedoNormal_Alpha.uasset" 11647
"../../../Engine/Plugins/NNE/NNEDenoiser/Content/NNEDIM_HighQuality_Default.uasset" 11648
"../../../Engine/Plugins/NNE/NNEDenoiser/Content/NNEDIM_HighQuality_Alpha.uasset" 11649
"../../../Engine/Plugins/NNE/NNEDenoiser/Content/NNEDOM_Output_Alpha.uasset" 11650
"../../../Engine/Plugins/NNE/NNEDenoiser/Content/NNEDIM_ColorAlbedoNormal_Default.uasset" 11651
"../../../Engine/Plugins/NNE/NNEDenoiser/Content/NNEDOM_Output_Default.uasset" 11652
"../../../Engine/Plugins/NNE/NNEDenoiser/Content/NNEDTIM_ColorAlbedoNormal_Default.uasset" 11653
"../../../Engine/Plugins/NNE/NNEDenoiser/Content/NNEDTIM_ColorAlbedoNormal_Alpha.uasset" 11654
"../../../Engine/Plugins/NNE/NNEDenoiser/Content/NNEDT_Oidn2-3_Balanced.uasset" 11655
"../../../Engine/Plugins/NNE/NNEDenoiser/Content/NNEDTOM_Output_Default.uasset" 11656
"../../../Engine/Plugins/NNE/NNEDenoiser/Content/NNEDTOM_Output_Alpha.uasset" 11657
"../../../Engine/Plugins/NNE/NNEDenoiser/Content/NNEDT_Oidn2-3_Balanced_Alpha.uasset" 11658
"../../../Engine/Plugins/NNE/NNEDenoiser/Content/NNED_Oidn2-3_Balanced.uasset" 11659
"../../../Engine/Plugins/NNE/NNEDenoiser/Content/NNED_Oidn2-3_Balanced_Alpha.uasset" 11660
"../../../Engine/Plugins/NNE/NNEDenoiser/Content/NNED_Oidn2-3_Fast.uasset" 11661
"/Engine/Functions/Engine_MaterialFunctions03/Procedurals/HeightToNormalSmooth" 11662
"/NNEDenoiser/NNEDT_Oidn2-3_Balanced_Alpha" 11663
"/NNEDenoiser/NNEDT_Oidn2-3_Balanced" 11664
"/NNEDenoiser/NNEDTOM_Output_Default" 11665
"/NNEDenoiser/NNEDTOM_Output_Alpha" 11666
"/InterchangeAssets/Functions/MX_Surface" 11667
"/Engine/EngineMaterials/PPM_DefaultCalibrationGrayscale" 11668
"/Engine/EngineMaterials/PPM_DefaultCalibrationColor" 11669
"/Engine/MobileResources/HUD/DefaultVirtualJoysticks" 11670
"/NNEDenoiser/NNED_Oidn2-3_Balanced_Alpha" 11671
"../../../Engine/Plugins/NNE/NNEDenoiser/Content/NNED_Oidn2-3_Fast_Alpha.uasset" 11672
"../../../Engine/Plugins/NNE/NNEDenoiser/Content/NNED_Oidn2-3_HighQuality.uasset" 11673
"../../../Engine/Plugins/NNE/NNEDenoiser/Content/NNED_Oidn2-3_HighQuality_Alpha.uasset" 11674
"/NNEDenoiser/NNEDTIM_ColorAlbedoNormal_Default" 11675
"/NNEDenoiser/NNED_Oidn2-3_Balanced" 11676
"/NNEDenoiser/NNEDTIM_ColorAlbedoNormal_Alpha" 11677
"/NNEDenoiser/NNEDOM_Output_Default" 11678
"/NNEDenoiser/NNEDOM_Output_Alpha" 11679
"/NNEDenoiser/NNEDIM_HighQuality_Default" 11680
"/NNEDenoiser/NNEDIM_HighQuality_Alpha" 11681
"/NNEDenoiser/NNEDIM_ColorAlbedoNormal_Default" 11682
"/NNEDenoiser/NNEDIM_ColorAlbedoNormal_Alpha" 11683
"/MovieRenderPipeline/Materials/MoviePipeline_StencilCutout" 11684
"/MovieRenderPipeline/Materials/MovieRenderQueue_MotionVectors" 11685
"/InterchangeAssets/Functions/MX_Displacement" 11686
"/NNEDenoiser/NNED_Oidn2-3_HighQuality_Alpha" 11687
"/NNEDenoiser/NNED_Oidn2-3_HighQuality" 11688
"/NNEDenoiser/NNED_Oidn2-3_Fast_Alpha" 11689
"/NNEDenoiser/NNED_Oidn2-3_Fast" 11690
"../../../Engine/Plugins/NNE/NNEDenoiser/Content/NNE_oidn2-3-0_rt_hdr_alb_nrm__dyn__fp16_opset11_DenoiseAlpha.uasset" 11691
"../../../Engine/Plugins/NNE/NNEDenoiser/Content/NNE_oidn2-3-0_rt_hdr_alb_nrm_small__dyn__fp16_opset11_ForwardAlpha.uasset" 11692
"../../../Engine/Plugins/NNE/NNEDenoiser/Content/NNE_oidn2-3-0_rt_hdr_alb_nrm_small__dyn__fp16_opset11_DenoiseAlpha.uasset" 11693
"../../../Engine/Plugins/NNE/NNEDenoiser/Content/NNE_oidn2-3-0_rt_hdr_alb_nrm__dyn__fp16_opset11_ForwardAlpha.uasset" 11694
"/NNEDenoiser/NNE_oidn2-3-0_rt_hdr_alb_nrm__dyn__fp16_opset11_DenoiseAlpha" 11695
"../../../Engine/Plugins/NNE/NNEDenoiser/Content/NNE_oidn2-3-0_rt_hdr_calb_cnrm_large__dyn__fp16_opset11_DenoiseAlpha.uasset" 11696
"../../../Engine/Plugins/NNE/NNEDenoiser/Content/NNE_oidn2-3-0_rt_hdr_calb_cnrm_large__dyn__fp16_opset11_ForwardAlpha.uasset" 11697
"../../../Engine/Content/EditorResources/BSPVertex.uasset" 11698
"../../../Engine/Content/EngineMaterials/DefaultBloomKernel.uasset" 11699
"../../../Engine/Content/EngineResources/FilmGrains/Marcie_Grain_v3_128_M2_000.uasset" 11700
"../../../Engine/Content/EngineDebugMaterials/DebugEditorMaterial.uasset" 11701
"../../../Engine/Content/EngineMaterials/FastBlueNoise_scalar_128x128x64.uasset" 11702
"../../../Engine/Content/EngineMaterials/FastBlueNoise_vec2_128x128x64.uasset" 11703
"../../../Engine/Content/EngineResources/Development/ZenLogo_64.uasset" 11704
"../../../Engine/Content/EngineMaterials/FastBlueNoise_scalar_128x128x8.uasset" 11705
"/Engine/EngineMaterials/FastBlueNoise_vec2_128x128x64" 11706
"../../../Engine/Content/EngineMaterials/EnergyConservation/Sheen_Energy.uasset" 11707
"../../../Engine/Content/EngineMaterials/LTC/Sheen_LTC.uasset" 11708
"/Engine/EngineMaterials/FastBlueNoise_scalar_128x128x64" 11709
"/Engine/EngineDebugMaterials/DebugEditorMaterial" 11710
"/Engine/EngineResources/FilmGrains/Marcie_Grain_v3_128_M2_000" 11711
"/Engine/EngineMaterials/DefaultBloomKernel" 11712
"/Engine/EditorResources/BSPVertex" 11713
"/NNEDenoiser/NNE_oidn2-3-0_rt_hdr_calb_cnrm_large__dyn__fp16_opset11_ForwardAlpha" 11714
"../../../Engine/Content/EngineSounds/Master.uasset" 11715
"../../../Engine/Content/EngineMaterials/EnergyConservation/Diffuse_Energy.uasset" 11716
"../../../Engine/Plugins/Interchange/Runtime/Content/Pipelines/DefaultGLTFAssetsPipeline.uasset" 11717
"../../../Engine/Plugins/Interchange/Runtime/Content/Pipelines/DefaultAssetsPipeline.uasset" 11718
"../../../Engine/Plugins/Interchange/Runtime/Content/Pipelines/DefaultMaterialXPipeline.uasset" 11719
"../../../Engine/Plugins/Interchange/Runtime/Content/Pipelines/DefaultSceneAssetsPipeline.uasset" 11720
"../../../Engine/Plugins/Interchange/Runtime/Content/Pipelines/DefaultGLTFPipeline.uasset" 11721
"../../../Engine/Plugins/Interchange/Runtime/Content/Pipelines/DefaultTexturePipeline.uasset" 11722
"../../../Engine/Plugins/Interchange/Runtime/Content/Pipelines/DefaultMaterialPipeline.uasset" 11723
"../../../Engine/Plugins/Interchange/Runtime/Content/Pipelines/DefaultSceneLevelPipeline.uasset" 11724
"../../../Engine/Plugins/Interchange/Runtime/Content/Pipelines/DefaultGLTFSceneAssetsPipeline.uasset" 11725
"/NNEDenoiser/NNE_oidn2-3-0_rt_hdr_calb_cnrm_large__dyn__fp16_opset11_DenoiseAlpha" 11726
"../../../Engine/Plugins/Interchange/Assets/Content/Functions/MX_UsdPreviewSurface.uasset" 11727
"../../../Engine/Plugins/Interchange/Assets/Content/Functions/MX_SurfaceUnlit.uasset" 11728
"../../../Engine/Plugins/Interchange/Assets/Content/Functions/MX_OrenNayarBSDF.uasset" 11729
"../../../Engine/Plugins/Interchange/Assets/Content/Functions/MX_TranslucentBSDF.uasset" 11730
"../../../Engine/Plugins/Interchange/Assets/Content/Functions/MX_BurleyDiffuseBSDF.uasset" 11731
"../../../Engine/Plugins/Interchange/Assets/Content/Functions/MX_DielectricBSDF.uasset" 11732
"/NNEDenoiser/NNE_oidn2-3-0_rt_hdr_alb_nrm__dyn__fp16_opset11_ForwardAlpha" 11733
"/NNEDenoiser/NNE_oidn2-3-0_rt_hdr_alb_nrm_small__dyn__fp16_opset11_ForwardAlpha" 11734
"/NNEDenoiser/NNE_oidn2-3-0_rt_hdr_alb_nrm_small__dyn__fp16_opset11_DenoiseAlpha" 11735
"../../../Engine/Plugins/Interchange/Assets/Content/Functions/MX_GeneralizedSchlickBSDF.uasset" 11736
"/InterchangeAssets/Functions/MX_SurfaceUnlit" 11737
"/Interchange/Pipelines/DefaultGLTFSceneAssetsPipeline" 11738
"../../../Engine/Plugins/Interchange/Assets/Content/Functions/MX_ConductorBSDF.uasset" 11739
"../../../Engine/Plugins/Interchange/Assets/Content/Functions/MX_SubsurfaceBSDF.uasset" 11740
"../../../Engine/Plugins/Interchange/Assets/Content/Functions/MX_ThinFilmBSDF.uasset" 11741
"/Interchange/Pipelines/DefaultSceneLevelPipeline" 11742
"/Interchange/Pipelines/DefaultSceneAssetsPipeline" 11743
"../../../Engine/Plugins/Interchange/Assets/Content/Functions/MX_SheenBSDF.uasset" 11744
"../../../Engine/Plugins/Interchange/Assets/Content/Functions/MX_UniformEDF.uasset" 11745
"../../../Engine/Plugins/Interchange/Assets/Content/Functions/MX_ConicalEDF.uasset" 11746
"../../../Engine/Plugins/Interchange/Assets/Content/Functions/MX_MeasuredEDF.uasset" 11747
"../../../Engine/Plugins/Interchange/Assets/Content/Functions/MX_AnisotropicVDF.uasset" 11748
"../../../Engine/Plugins/Interchange/Assets/Content/Functions/MX_AbsorptionVDF.uasset" 11749
"../../../Engine/Plugins/Animation/ControlRig/Content/Controls/ControlRigGizmoMaterial.uasset" 11750
"E:/Development/Projects/Squeak/Intermediate/ORTOptimizerPass_Optimized607C53F241DB8362491F5EB7820B3437.onnx" 11751
"E:/Development/Projects/Squeak/Intermediate/ORTOptimizerPass_Optimized3B4F108F471114BCEFE9BDA8565F2C8E.onnx" 11752
"E:/Development/Projects/Squeak/Intermediate/ORTOptimizerPass_Optimized2699291440CE0A82A53AC287ED21CEBD.onnx" 11753
"E:/Development/Projects/Squeak/Intermediate/ORTOptimizerPass_OptimizedE71D4A2A4FC40C68E1BE7D90E8701A03.onnx" 11754
"E:/Development/Projects/Squeak/Intermediate/ORTOptimizerPass_OptimizedF701B15543A2722BDD6AD8ADD48A9CCC.onnx" 11755
"E:/Development/Projects/Squeak/Intermediate/ORTOptimizerPass_OptimizedE689A2D64BC41FB22AFC4D989A8718AA.onnx" 11756
"E:/Development/Projects/Squeak/Intermediate/ORTOptimizerPass_OptimizedA71C6FEE40587352762D019218DD805D.onnx" 11757
"E:/Development/Projects/Squeak/Intermediate/ORTOptimizerPass_OptimizedA31D2B0140CA2DE9658E30AC10BDCF67.onnx" 11758
"E:/Development/Projects/Squeak/Intermediate/ORTOptimizerPass_OptimizedA2671178475BB858FA3094AC2B9CAD70.onnx" 11759
"E:/Development/Projects/Squeak/Intermediate/ORTOptimizerPass_Optimized09B9D6054128D4EA21AB9A8D68625A3A.onnx" 11760
"E:/Development/Projects/Squeak/Intermediate/ORTOptimizerPass_Optimized8490CB2F45F13064B96A0EBFF87AE637.onnx" 11761
"E:/Development/Projects/Squeak/Intermediate/ORTOptimizerPass_Optimized0DEAEE104A35AF961C40CE8AB4154E52.onnx" 11762
"/Interchange/Pipelines/DefaultTexturePipeline" 11763
"/Interchange/Pipelines/DefaultMaterialPipeline" 11764
"/Interchange/Pipelines/DefaultGLTFPipeline" 11765
"/Interchange/Pipelines/DefaultGLTFAssetsPipeline" 11766
"/Interchange/Pipelines/DefaultMaterialXPipeline" 11767
"/Interchange/Pipelines/DefaultAssetsPipeline" 11768
"/Engine/EngineSounds/Master" 11769
"/Engine/EngineMaterials/EnergyConservation/Diffuse_Energy" 11770
"/Engine/EngineMaterials/EnergyConservation/Sheen_Energy" 11771
"/Engine/EngineMaterials/LTC/Sheen_LTC" 11772
"/InterchangeAssets/Functions/MX_TranslucentBSDF" 11773
"/InterchangeAssets/Functions/MX_BurleyDiffuseBSDF" 11774
"/Engine/EngineMaterials/FastBlueNoise_scalar_128x128x8" 11775
"/InterchangeAssets/Functions/MX_OrenNayarBSDF" 11776
"/InterchangeAssets/Functions/MX_UsdPreviewSurface" 11777
"/Engine/EngineResources/Development/ZenLogo_64" 11778
"/InterchangeAssets/Functions/MX_DielectricBSDF" 11779
"/ControlRig/Controls/ControlRigGizmoMaterial" 11780
"/InterchangeAssets/Functions/MX_AnisotropicVDF" 11781
"/InterchangeAssets/Functions/MX_AbsorptionVDF" 11782
"/InterchangeAssets/Functions/MX_MeasuredEDF" 11783
"/InterchangeAssets/Functions/MX_ConicalEDF" 11784
"/InterchangeAssets/Functions/MX_UniformEDF" 11785
"/InterchangeAssets/Functions/MX_ThinFilmBSDF" 11786
"/InterchangeAssets/Functions/MX_SheenBSDF" 11787
"/InterchangeAssets/Functions/MX_SubsurfaceBSDF" 11788
"/InterchangeAssets/Functions/MX_GeneralizedSchlickBSDF" 11789
"/InterchangeAssets/Functions/MX_ConductorBSDF" 11790
"E:/Development/Projects/Squeak/DerivedDataCache/VT/TEXTURE_7C16439390E24F1F9468894FB4D4BC55_VTCHUNK58A58A8D4796DF81C7BE6CD9339737CB3EFFFA5C" 11791
"E:/Development/Projects/Squeak/DerivedDataCache/VT/TEXTURE_7C16439390E24F1F9468894FB4D4BC55_VTCHUNKEAD222FD8EA3A12AF66E9779C4C9196FE192F78A" 11792
"E:/Development/Projects/Squeak/DerivedDataCache/VT/TEXTURE_7C16439390E24F1F9468894FB4D4BC55_VTCHUNK8BDE0AE59ED6042A924D146C91CFD926DC748E42" 11793
"E:/Development/Projects/Squeak/DerivedDataCache/VT/TEXTURE_7C16439390E24F1F9468894FB4D4BC55_VTCHUNK19310B138CE773D81EBADC177ED9949B349CCC6A" 11794
"E:/Development/Projects/Squeak/DerivedDataCache/VT/TEXTURE_7C16439390E24F1F9468894FB4D4BC55_VTCHUNKA08C70554A160256E68E9AC5D5887FE0172DA9D9" 11795
"E:/Development/Projects/Squeak/DerivedDataCache/VT/TEXTURE_7C16439390E24F1F9468894FB4D4BC55_VTCHUNK7002B4FD77552EA6A0399F4BBCCAEA45255B9325" 11796
"E:/Development/Projects/Squeak/DerivedDataCache/VT/TEXTURE_7C16439390E24F1F9468894FB4D4BC55_VTCHUNK3E98228799DEE828D48F4E9270951E937C599816" 11797
"E:/Development/Projects/Squeak/DerivedDataCache/VT/TEXTURE_7C16439390E24F1F9468894FB4D4BC55_VTCHUNK2D4CD8566278C6C1DB6C3F957B850D616C93AD89" 11798
"E:/Development/Projects/Squeak/DerivedDataCache/VT/TEXTURE_7C16439390E24F1F9468894FB4D4BC55_VTCHUNK14E2AD1851B0DC7E49D504F21282DD964B672606" 11799
"E:/Development/Projects/Squeak/DerivedDataCache/VT/TEXTURE_7C16439390E24F1F9468894FB4D4BC55_VTCHUNKF029B400D0246868C8D11B5B914A1064DDF041F6" 11800
"E:/Development/Projects/Squeak/DerivedDataCache/VT/TEXTURE_7C16439390E24F1F9468894FB4D4BC55_VTCHUNK94A162ADA75A8EC0D3D5D5E13CA713B6BC1C3EF1" 11801
"E:/Development/Projects/Squeak/DerivedDataCache/VT/TEXTURE_7C16439390E24F1F9468894FB4D4BC55_VTCHUNKA419E69ACA2182C101E17E47E79A10BFE22F39C7" 11802
"E:/Development/Projects/Squeak/DerivedDataCache/VT/TEXTURE_7C16439390E24F1F9468894FB4D4BC55_VTCHUNKB63343783A79DE5FE88DC1D7B12C863186944D9A" 11803
"E:/Development/Projects/Squeak/DerivedDataCache/VT/TEXTURE_7C16439390E24F1F9468894FB4D4BC55_VTCHUNKF05DAD7662A9BE6ECB57A10167E2E352DC98A13E" 11804
"E:/Development/Projects/Squeak/DerivedDataCache/VT/TEXTURE_7C16439390E24F1F9468894FB4D4BC55_VTCHUNKB27BE0015D4B32D62DE3674BAE9A34A442F80359" 11805
"E:/Development/Projects/Squeak/DerivedDataCache/VT/TEXTURE_7C16439390E24F1F9468894FB4D4BC55_VTCHUNK47EBE38386D46D8AF8B928DFF1F85967EF4CFEA1" 11806
"E:/Development/Projects/Squeak/DerivedDataCache/VT/TEXTURE_7C16439390E24F1F9468894FB4D4BC55_VTCHUNKAAFAEA7BC816F8A9E5479C4C722804E614073AAF" 11807
"E:/Development/Projects/Squeak/DerivedDataCache/VT/TEXTURE_7C16439390E24F1F9468894FB4D4BC55_VTCHUNK40B16890D29640F501E959F8CE35C5E42720ABE8" 11808
"E:/Development/Projects/Squeak/DerivedDataCache/VT/TEXTURE_7C16439390E24F1F9468894FB4D4BC55_VTCHUNKFC1A2D03651E16F30F637F00147E127524882070" 11809
"E:/Development/Projects/Squeak/DerivedDataCache/VT/TEXTURE_7C16439390E24F1F9468894FB4D4BC55_VTCHUNK44B429B40BB45A070EB17C1259C28734996A2F49" 11810
"E:/Development/Projects/Squeak/DerivedDataCache/VT/TEXTURE_7C16439390E24F1F9468894FB4D4BC55_VTCHUNK967C747FFC357A828288FA05D93CD5DCECDA891B" 11811
"E:/Development/Projects/Squeak/DerivedDataCache/VT/TEXTURE_7C16439390E24F1F9468894FB4D4BC55_VTCHUNK2A5F9F60441DA258D18B46D59C64D5BAD50E8EE3" 11812
"E:/Development/Projects/Squeak/DerivedDataCache/VT/TEXTURE_7C16439390E24F1F9468894FB4D4BC55_VTCHUNKC0393DE8C5B4673D99D1BECB92AA8C1F72FEB491" 11813
"E:/Development/Projects/Squeak/DerivedDataCache/VT/TEXTURE_7C16439390E24F1F9468894FB4D4BC55_VTCHUNK02D4C3BCAD7DFA48AB32B8281FB06B8B83DB6275" 11814
"E:/Development/Projects/Squeak/DerivedDataCache/VT/TEXTURE_7C16439390E24F1F9468894FB4D4BC55_VTCHUNK4E2DE0066D650C430FA943F17882EB8BE0850C9D" 11815
"E:/Development/Projects/Squeak/DerivedDataCache/VT/TEXTURE_7C16439390E24F1F9468894FB4D4BC55_VTCHUNK48FE8643831AB480CA5399B54B0D9D4BE9F9624A" 11816
"E:/Development/Projects/Squeak/Saved/Cooked/Windows/Squeak/Metadata/CookedSettings.txt" 11817
